transaction_id,amount,failure_reason,ml_action,ml_probability,preferred_action,recoveryos_action,policy_changed,ml_recovery_probability,recoveryos_recovery_probability,ml_recovered,recoveryos_recovered,impact,policy_reasons
txn_006253,673.13,authentication_failed,payment_link,0.5824533268300958,payment_link,payment_link,False,0.5052199999999999,0.5052199999999999,0,0,no_change,
txn_004685,1169.48,gateway_error,retry,0.7388649592285369,retry,retry,False,0.7571399999999999,0.7571399999999999,1,1,no_change,
txn_001732,4028.17,authentication_failed,reminder,0.6413234598038584,reminder,reminder,False,0.65,0.65,0,0,no_change,
txn_004743,1666.27,bank_decline,retry,0.5289649922854393,retry,payment_link,True,0.39,0.29000000000000004,0,0,same_outcome,
txn_004522,1285.06,bank_decline,retry,0.6758516558750626,retry,retry,False,0.64364,0.64364,1,1,no_change,
txn_006341,2493.64,network_error,retry,0.7420231362195174,retry,retry,False,0.82142,0.82142,0,0,no_change,
txn_000577,2170.23,network_error,retry,0.7177333219367387,retry,retry,False,0.77308,0.77308,1,1,no_change,
txn_005203,643.06,gateway_error,retry,0.5175538218466775,retry,payment_link,True,0.51556,0.26556,0,0,same_outcome,
txn_006364,368.73,bank_decline,retry,0.6982219641250677,retry,retry,False,0.6799999999999999,0.6799999999999999,1,1,no_change,
txn_000440,3581.98,network_error,retry,0.6951840110122393,retry,retry,False,0.68818,0.68818,1,1,no_change,
txn_002751,2671.59,expired_card,payment_link,0.5808187512474314,payment_link,payment_link,False,0.5566599999999999,0.5566599999999999,1,1,no_change,
txn_007488,931.91,bank_decline,retry,0.5072548146247231,retry,payment_link,True,0.3400000000000001,0.24000000000000005,0,0,same_outcome,
txn_005273,1005.19,network_error,retry,0.6059075773528115,retry,payment_link,True,0.5349999999999999,0.235,0,0,same_outcome,
txn_005654,3478.31,network_error,retry,0.5828846184927293,retry,payment_link,True,0.6233399999999999,0.32333999999999996,0,0,same_outcome,
txn_004000,2086.99,gateway_error,retry,0.5095480006075724,retry,payment_link,True,0.51294,0.26294000000000006,1,0,policy_hurt,
txn_006034,412.14,authentication_failed,payment_link,0.44133036755466626,payment_link,payment_link,False,0.42666000000000004,0.42666000000000004,1,1,no_change,
txn_000583,1024.04,gateway_error,retry,0.7139278519964289,retry,retry,False,0.7263200000000001,0.7263200000000001,1,1,no_change,
txn_009931,7530.98,bank_decline,retry,0.6057281261064763,retry,retry,False,0.63,0.63,1,1,no_change,
txn_007052,504.69,network_error,retry,0.6981218781968636,retry,payment_link,True,0.6483399999999999,0.34834,0,0,same_outcome,
txn_008159,444.29,bank_decline,retry,0.4303661573553441,payment_link,payment_link,True,0.35763999999999996,0.25764000000000004,0,0,same_outcome,
txn_009897,504.07,network_error,retry,0.7609582513805945,retry,retry,False,0.77,0.77,1,1,no_change,
txn_002250,2058.84,expired_card,payment_link,0.6604385222331238,payment_link,payment_link,False,0.70684,0.70684,1,1,no_change,
txn_004641,1752.14,network_error,retry,0.6684405692055875,retry,payment_link,True,0.6733399999999999,0.37334,0,0,same_outcome,
txn_009486,675.86,expired_card,payment_link,0.5826221132039542,payment_link,payment_link,False,0.66272,0.66272,0,0,no_change,
txn_004948,712.79,insufficient_balance,retry,0.6142718352776467,retry,retry,False,0.51552,0.51552,0,0,no_change,
txn_009921,1377.62,authentication_failed,payment_link,0.6737334504350261,payment_link,payment_link,False,0.69048,0.69048,1,1,no_change,
txn_001964,1742.1,bank_decline,retry,0.6083257284614242,retry,retry,False,0.53846,0.53846,1,1,no_change,
txn_008244,1474.04,insufficient_balance,reminder,0.4834686035466406,reminder,reminder,False,0.39999999999999997,0.39999999999999997,1,1,no_change,
txn_006591,2109.11,insufficient_balance,reminder,0.494203243498339,reminder,reminder,False,0.4579399999999999,0.4579399999999999,1,1,no_change,
txn_008848,500.78,network_error,retry,0.6619383794958759,retry,retry,False,0.76428,0.76428,1,1,no_change,
txn_000322,1859.44,gateway_error,retry,0.5904965363460605,retry,reminder,True,0.59238,0.31238,0,0,same_outcome,
txn_002679,1593.71,expired_card,payment_link,0.6491538274432505,payment_link,payment_link,False,0.72384,0.72384,0,0,no_change,
txn_004626,704.45,insufficient_balance,retry,0.5555207874686555,reminder,reminder,True,0.35,0.48000000000000004,1,1,same_outcome,
txn_004950,749.52,authentication_failed,reminder,0.5865081796642767,reminder,reminder,False,0.47182,0.47182,1,1,no_change,
txn_008329,1638.77,insufficient_balance,reminder,0.3970220479301263,reminder,reminder,False,0.31999999999999995,0.31999999999999995,0,0,no_change,
txn_003338,1334.5,network_error,retry,0.7278325058025744,retry,retry,False,0.73522,0.73522,1,1,no_change,
txn_005590,1575.69,network_error,retry,0.6926833131030151,retry,retry,False,0.71546,0.71546,1,1,no_change,
txn_000252,611.76,gateway_error,retry,0.5689522590706723,retry,reminder,True,0.5917199999999999,0.31172,1,0,policy_hurt,
txn_003974,784.78,authentication_failed,payment_link,0.6090205669419992,payment_link,payment_link,False,0.56286,0.56286,1,1,no_change,
txn_006631,827.97,bank_decline,retry,0.592778611448508,retry,retry,False,0.54482,0.54482,0,0,no_change,
txn_005548,1240.13,authentication_failed,payment_link,0.6405385308725894,payment_link,payment_link,False,0.60096,0.60096,1,1,no_change,
txn_000036,1263.02,gateway_error,retry,0.6008442983148213,retry,payment_link,True,0.64,0.39,0,0,same_outcome,
txn_008363,662.48,insufficient_balance,reminder,0.6124274421525807,reminder,reminder,False,0.58824,0.58824,0,0,no_change,
txn_001514,1602.86,gateway_error,retry,0.24108900288565405,retry,reminder,True,0.38999999999999996,0.11,1,0,policy_hurt,
txn_009318,2388.5,insufficient_balance,payment_link,0.632602876358276,payment_link,reminder,True,0.55556,0.63556,0,0,same_outcome,
txn_000040,391.53,bank_decline,retry,0.4658266099572286,retry,payment_link,True,0.37636000000000003,0.27635999999999994,0,0,same_outcome,
txn_004820,526.11,gateway_error,retry,0.6330503650430547,retry,payment_link,True,0.64,0.39,1,1,same_outcome,
txn_003466,7884.76,bank_decline,retry,0.5416031019468873,retry,retry,False,0.5800000000000001,0.5800000000000001,1,1,no_change,
txn_001761,530.09,expired_card,payment_link,0.560775025913462,payment_link,payment_link,False,0.57,0.57,0,0,no_change,
txn_002305,2448.3,network_error,retry,0.7001586149738201,retry,retry,False,0.78914,0.78914,1,1,no_change,
txn_003724,613.81,expired_card,payment_link,0.7328215701986847,payment_link,payment_link,False,0.8,0.8,1,1,no_change,
txn_008285,676.81,expired_card,payment_link,0.6090684352996181,payment_link,payment_link,False,0.61,0.61,1,1,no_change,
txn_004994,5977.69,bank_decline,retry,0.6060769448319306,retry,retry,False,0.65778,0.65778,0,0,no_change,
txn_008128,649.27,gateway_error,retry,0.7910013913078213,retry,retry,False,0.7749999999999999,0.7749999999999999,1,1,no_change,
txn_003033,627.3,expired_card,payment_link,0.5865278557809251,payment_link,payment_link,False,0.56714,0.56714,0,0,no_change,
txn_007939,279.48,expired_card,payment_link,0.694891439876824,payment_link,payment_link,False,0.82648,0.82648,1,1,no_change,
txn_003040,189.26,bank_decline,reminder,0.3780400863972057,reminder,reminder,False,0.3,0.3,0,0,no_change,
txn_009656,442.64,bank_decline,retry,0.5501460786020644,retry,retry,False,0.55,0.55,0,0,no_change,
txn_002546,1504.1,bank_decline,retry,0.46366117791313105,retry,payment_link,True,0.39,0.29000000000000004,1,1,same_outcome,
txn_002593,905.79,authentication_failed,payment_link,0.6426965772375774,payment_link,payment_link,False,0.6142799999999999,0.6142799999999999,1,1,no_change,
txn_001189,1604.23,bank_decline,retry,0.6765105617473712,retry,retry,False,0.65142,0.65142,0,0,no_change,
txn_007967,1625.86,bank_decline,retry,0.4801836803669438,retry,payment_link,True,0.376,0.276,0,0,same_outcome,
txn_006078,3650.97,bank_decline,retry,0.675445826761647,retry,retry,False,0.6694800000000001,0.6694800000000001,1,1,no_change,
txn_000108,382.43,insufficient_balance,reminder,0.5988383601261074,reminder,reminder,False,0.5777800000000001,0.5777800000000001,0,0,no_change,
txn_001316,6570.59,bank_decline,retry,0.6924670767303426,retry,retry,False,0.65142,0.65142,1,1,no_change,
txn_008188,564.95,bank_decline,retry,0.5847180984745359,retry,payment_link,True,0.5199999999999999,0.41999999999999993,0,0,same_outcome,
txn_002754,1185.83,gateway_error,retry,0.7470724929684847,retry,retry,False,0.79166,0.79166,1,1,no_change,
txn_009754,100.0,gateway_error,retry,0.5802203463748002,retry,payment_link,True,0.59238,0.34238,1,1,same_outcome,
txn_006232,990.31,gateway_error,retry,0.5651629144232824,retry,payment_link,True,0.5599999999999999,0.30999999999999994,1,1,same_outcome,
txn_002877,3224.27,bank_decline,retry,0.5055040692375207,retry,payment_link,True,0.46285999999999994,0.36285999999999996,1,0,policy_hurt,
txn_005324,3996.33,insufficient_balance,reminder,0.4362966600555444,reminder,reminder,False,0.3400000000000001,0.3400000000000001,1,1,no_change,
txn_000800,865.91,authentication_failed,reminder,0.5218086772453859,reminder,reminder,False,0.43616,0.43616,1,1,no_change,
txn_003571,1009.9,gateway_error,retry,0.6410604417891121,retry,retry,False,0.6819000000000001,0.6819000000000001,0,0,no_change,
txn_002895,504.44,insufficient_balance,reminder,0.5932536507494705,reminder,reminder,False,0.6,0.6,1,1,no_change,
txn_002928,1924.14,network_error,retry,0.590438144517449,retry,payment_link,True,0.5700000000000001,0.27,1,1,same_outcome,
txn_008179,1572.41,insufficient_balance,reminder,0.5584860481066507,reminder,reminder,False,0.4999999999999999,0.4999999999999999,1,1,no_change,
txn_000972,931.24,bank_decline,retry,0.6841156141528253,retry,retry,False,0.64,0.64,1,1,no_change,
txn_006688,440.03,gateway_error,retry,0.5362825991483566,retry,reminder,True,0.52666,0.24666000000000005,0,0,same_outcome,
txn_008576,1982.06,bank_decline,reminder,0.27562547431864864,reminder,reminder,False,0.21999999999999997,0.21999999999999997,0,0,no_change,
txn_002021,710.51,insufficient_balance,reminder,0.5819652198984738,reminder,reminder,False,0.61684,0.61684,0,0,no_change,
txn_009055,2255.22,insufficient_balance,reminder,0.6237336973407239,reminder,reminder,False,0.6675,0.6675,1,1,no_change,
txn_000953,659.42,expired_card,payment_link,0.6043211624253273,payment_link,payment_link,False,0.6566599999999999,0.6566599999999999,1,1,no_change,
txn_005360,920.12,network_error,retry,0.6711779156192659,retry,payment_link,True,0.64,0.33999999999999997,0,0,same_outcome,
txn_003858,626.91,bank_decline,retry,0.6931259246605165,retry,retry,False,0.63384,0.63384,1,1,no_change,
txn_005862,679.11,network_error,retry,0.6168942443693998,retry,payment_link,True,0.56,0.26,1,1,same_outcome,
txn_003146,1737.92,authentication_failed,reminder,0.5304632516911157,reminder,reminder,False,0.42333999999999994,0.42333999999999994,1,1,no_change,
txn_003306,264.05,gateway_error,retry,0.5855860703674505,retry,reminder,True,0.64,0.36,0,0,same_outcome,
txn_003007,865.7,gateway_error,retry,0.7205206393554965,retry,retry,False,0.7263200000000001,0.7263200000000001,1,1,no_change,
txn_009002,775.37,network_error,retry,0.6859314266402717,retry,retry,False,0.70794,0.70794,1,1,no_change,
txn_007771,1249.85,authentication_failed,payment_link,0.32170930694618055,payment_link,payment_link,False,0.21000000000000002,0.21000000000000002,0,0,no_change,
txn_007439,344.12,bank_decline,retry,0.5646240554593079,retry,reminder,True,0.45333999999999997,0.32333999999999996,1,1,same_outcome,
txn_007943,1328.09,bank_decline,retry,0.5506231248485057,retry,payment_link,True,0.46399999999999986,0.3639999999999999,0,0,same_outcome,
txn_009239,158.88,authentication_failed,payment_link,0.46208920020959565,payment_link,payment_link,False,0.38728000000000007,0.38728000000000007,0,0,no_change,
txn_001057,2112.17,bank_decline,retry,0.6880978147559877,retry,retry,False,0.65648,0.65648,1,1,no_change,
txn_003155,448.49,expired_card,payment_link,0.5768231070102997,payment_link,payment_link,False,0.59,0.59,1,1,no_change,
txn_003788,1414.01,gateway_error,retry,0.5775952428371582,retry,reminder,True,0.6177799999999999,0.33777999999999997,0,0,same_outcome,
txn_009190,546.71,insufficient_balance,reminder,0.6026620142531277,reminder,reminder,False,0.53334,0.53334,1,1,no_change,
txn_007826,329.39,bank_decline,retry,0.6393513843548941,retry,retry,False,0.65778,0.65778,1,1,no_change,
txn_007540,1744.64,authentication_failed,payment_link,0.6340193396126653,payment_link,payment_link,False,0.63334,0.63334,1,1,no_change,
txn_007232,419.18,insufficient_balance,payment_link,0.3809717167502047,payment_link,reminder,True,0.31000000000000005,0.39,0,0,same_outcome,
txn_000765,485.71,network_error,retry,0.7722083458890878,retry,retry,False,0.85,0.85,0,0,no_change,
txn_005020,508.77,authentication_failed,payment_link,0.5543203378189469,payment_link,payment_link,False,0.52096,0.52096,0,0,no_change,
txn_004904,2556.05,authentication_failed,reminder,0.5391696712483595,reminder,reminder,False,0.42333999999999994,0.42333999999999994,1,1,no_change,
txn_008094,1807.64,gateway_error,retry,0.6252708024356406,retry,payment_link,True,0.64,0.39,0,0,same_outcome,
txn_006844,556.95,insufficient_balance,reminder,0.6426359225731472,reminder,reminder,False,0.6,0.6,0,0,no_change,
txn_002166,3180.35,insufficient_balance,payment_link,0.6250993145461978,payment_link,reminder,True,0.55556,0.63556,0,0,same_outcome,
txn_001863,280.76,gateway_error,retry,0.2920170825481371,reminder,reminder,True,0.38999999999999996,0.11,0,0,same_outcome,
txn_007851,378.64,expired_card,payment_link,0.4657603395640942,payment_link,payment_link,False,0.57,0.57,1,1,no_change,
txn_009124,1763.63,insufficient_balance,reminder,0.6482013816506234,reminder,reminder,False,0.65778,0.65778,1,1,no_change,
txn_002341,1352.19,network_error,retry,0.6258334033628636,retry,payment_link,True,0.69,0.39,0,0,same_outcome,
txn_005528,1109.49,expired_card,payment_link,0.6989135193817442,payment_link,payment_link,False,0.778,0.778,1,1,no_change,
txn_006744,1061.62,insufficient_balance,retry,0.6125922759790815,retry,retry,False,0.44392000000000004,0.44392000000000004,1,1,no_change,
txn_004004,1223.27,bank_decline,retry,0.6860031670899435,retry,retry,False,0.63556,0.63556,1,1,no_change,
txn_001124,2788.97,authentication_failed,payment_link,0.4318943760481719,payment_link,payment_link,False,0.385,0.385,0,0,no_change,
txn_008710,940.92,gateway_error,retry,0.5450343394346575,retry,reminder,True,0.512,0.23200000000000004,1,1,same_outcome,
txn_004050,1397.7,bank_decline,retry,0.477805295668447,retry,payment_link,True,0.39556,0.29556000000000004,0,0,same_outcome,
txn_007641,1018.81,bank_decline,retry,0.5760579883044578,retry,reminder,True,0.48,0.35,0,0,same_outcome,
txn_000766,1059.37,authentication_failed,payment_link,0.5307870810677771,payment_link,payment_link,False,0.50364,0.50364,0,0,no_change,
txn_002345,3337.83,insufficient_balance,reminder,0.5439411140030429,reminder,reminder,False,0.44499999999999995,0.44499999999999995,1,1,no_change,
txn_004072,668.9,gateway_error,retry,0.5601300556548925,retry,payment_link,True,0.54666,0.29666000000000003,0,0,same_outcome,
txn_007217,766.28,bank_decline,retry,0.5300977845656734,retry,payment_link,True,0.39,0.29000000000000004,0,0,same_outcome,
txn_004217,7391.14,authentication_failed,reminder,0.6288400663649748,reminder,reminder,False,0.44199999999999995,0.44199999999999995,0,0,no_change,
txn_007953,2070.06,network_error,retry,0.7868332057124199,retry,retry,False,0.82894,0.82894,1,1,no_change,
txn_005971,2895.34,network_error,retry,0.4830338630047935,retry,retry,False,0.57,0.57,1,1,no_change,
txn_003351,2234.44,gateway_error,retry,0.6991807474709657,retry,retry,False,0.72,0.72,1,1,no_change,
txn_004696,744.15,gateway_error,retry,0.49004703102847336,retry,payment_link,True,0.4933399999999999,0.24333999999999995,0,0,same_outcome,
txn_003400,684.87,bank_decline,retry,0.5975194732729074,retry,retry,False,0.56364,0.56364,1,1,no_change,
txn_004082,725.43,bank_decline,payment_link,0.2468593072656024,reminder,reminder,True,0.16999999999999998,0.13999999999999996,1,0,policy_hurt,
txn_009150,1077.56,authentication_failed,reminder,0.6069539531509033,reminder,reminder,False,0.5700000000000001,0.5700000000000001,1,1,no_change,
txn_001225,1272.8,insufficient_balance,reminder,0.5557967227308355,reminder,reminder,False,0.5000000000000001,0.5000000000000001,0,0,no_change,
txn_006293,891.81,bank_decline,retry,0.6571157867330765,retry,retry,False,0.62286,0.62286,1,1,no_change,
txn_003123,1325.08,gateway_error,retry,0.6726989833717149,retry,retry,False,0.67556,0.67556,0,0,no_change,
txn_000511,1984.31,bank_decline,retry,0.5532295597621567,retry,reminder,True,0.5199999999999999,0.39,0,0,same_outcome,
txn_005795,501.17,bank_decline,retry,0.6738500850041363,retry,retry,False,0.65334,0.65334,1,1,no_change,
txn_008182,884.15,gateway_error,retry,0.6737958009311321,retry,retry,False,0.7,0.7,1,1,no_change,
txn_009418,1036.02,insufficient_balance,reminder,0.4333659288762655,reminder,reminder,False,0.39556,0.39556,1,1,no_change,
txn_000097,690.88,gateway_error,retry,0.5378708310285651,retry,payment_link,True,0.5733399999999998,0.32333999999999996,0,0,same_outcome,
txn_006682,1785.1,authentication_failed,reminder,0.5923580805343074,reminder,reminder,False,0.49,0.49,1,1,no_change,
txn_001513,1189.22,bank_decline,retry,0.6162877802592309,retry,retry,False,0.53846,0.53846,0,0,no_change,
txn_008792,1267.39,bank_decline,retry,0.4675913825912686,retry,payment_link,True,0.40666,0.30666000000000004,1,1,same_outcome,
txn_000120,4619.66,insufficient_balance,reminder,0.444573206984107,reminder,reminder,False,0.3400000000000001,0.3400000000000001,0,0,no_change,
txn_007792,557.89,insufficient_balance,reminder,0.5113980798322627,reminder,reminder,False,0.48,0.48,0,0,no_change,
txn_006518,1091.19,bank_decline,retry,0.6773651059512743,retry,retry,False,0.6799999999999999,0.6799999999999999,0,0,no_change,
txn_000034,379.51,insufficient_balance,reminder,0.5826129953528809,reminder,reminder,False,0.5199999999999999,0.5199999999999999,0,0,no_change,
txn_007888,3254.57,gateway_error,retry,0.6750709625609381,retry,retry,False,0.67556,0.67556,1,1,no_change,
txn_006831,506.31,bank_decline,retry,0.5558584512928081,retry,payment_link,True,0.42572,0.32572,1,1,same_outcome,
txn_005422,1970.07,bank_decline,retry,0.18695631253359618,retry,payment_link,True,0.19,0.09000000000000001,0,0,same_outcome,
txn_001069,862.42,network_error,retry,0.30608985131541844,retry,payment_link,True,0.35999999999999993,0.059999999999999984,0,0,same_outcome,
txn_001348,1422.85,authentication_failed,reminder,0.5576176970871107,reminder,reminder,False,0.43286,0.43286,0,0,no_change,
txn_004748,675.78,network_error,retry,0.4255860090827548,retry,retry,False,0.5199999999999999,0.5199999999999999,1,1,no_change,
txn_006006,1019.81,network_error,retry,0.5607038378135303,retry,payment_link,True,0.54846,0.24845999999999996,0,0,same_outcome,
txn_006040,2228.21,network_error,retry,0.6119251390194563,retry,payment_link,True,0.60666,0.30666000000000004,0,0,same_outcome,
txn_003818,789.45,authentication_failed,payment_link,0.4463207217776617,payment_link,payment_link,False,0.39334,0.39334,1,1,no_change,
txn_008447,3400.45,expired_card,payment_link,0.5838113446922207,payment_link,payment_link,False,0.5566599999999999,0.5566599999999999,1,1,no_change,
txn_005270,487.66,insufficient_balance,reminder,0.6332287814781686,reminder,reminder,False,0.63,0.63,1,1,no_change,
txn_006898,1169.32,gateway_error,retry,0.5217849030649597,retry,payment_link,True,0.5399999999999999,0.29000000000000004,0,0,same_outcome,
txn_005310,1445.39,bank_decline,retry,0.5164353288621453,retry,reminder,True,0.45846,0.32846,1,1,same_outcome,
txn_000032,962.22,bank_decline,payment_link,0.3127652575821292,payment_link,payment_link,False,0.33,0.33,0,0,no_change,
txn_005675,287.61,gateway_error,retry,0.5332100057697761,retry,retry,False,0.664,0.664,0,0,no_change,
txn_004387,1426.16,network_error,retry,0.5895021962236937,retry,payment_link,True,0.57924,0.27924000000000004,0,0,same_outcome,
txn_000030,411.75,bank_decline,retry,0.6883270148292229,retry,retry,False,0.6799999999999999,0.6799999999999999,1,1,no_change,
txn_004203,4801.78,network_error,retry,0.6365050007418617,retry,payment_link,True,0.6525,0.35250000000000004,0,0,same_outcome,
txn_007508,1156.32,insufficient_balance,reminder,0.37902041606145553,reminder,reminder,False,0.39556,0.39556,1,1,no_change,
txn_000736,1232.0,bank_decline,reminder,0.2933844945807662,reminder,reminder,False,0.3,0.3,1,1,no_change,
txn_002068,5034.75,insufficient_balance,reminder,0.6181620656117858,reminder,reminder,False,0.64666,0.64666,1,1,no_change,
txn_000107,301.11,authentication_failed,reminder,0.5088454897018132,reminder,reminder,False,0.42333999999999994,0.42333999999999994,1,1,no_change,
txn_009645,500.2,authentication_failed,payment_link,0.4340955492913302,payment_link,payment_link,False,0.39334,0.39334,0,0,no_change,
txn_008895,574.57,expired_card,payment_link,0.533683290624255,payment_link,payment_link,False,0.5655600000000001,0.5655600000000001,0,0,no_change,
txn_008021,1031.36,network_error,retry,0.7544495661828098,retry,retry,False,0.7200000000000001,0.7200000000000001,1,1,no_change,
txn_002233,1406.09,expired_card,payment_link,0.7612543896829056,payment_link,payment_link,False,0.8,0.8,0,0,no_change,
txn_000994,1163.74,insufficient_balance,reminder,0.4399080049717812,reminder,reminder,False,0.41500000000000004,0.41500000000000004,1,1,no_change,
txn_009413,220.31,gateway_error,retry,0.4916783573829912,retry,payment_link,True,0.4933399999999999,0.24333999999999995,0,0,same_outcome,
txn_007059,2660.13,network_error,retry,0.734489483995627,retry,retry,False,0.85,0.85,1,1,no_change,
txn_006790,1538.07,authentication_failed,reminder,0.5486736643818382,reminder,reminder,False,0.44714,0.44714,0,0,no_change,
txn_000361,1567.64,expired_card,payment_link,0.6290061038675157,payment_link,payment_link,False,0.65,0.65,1,1,no_change,
txn_000305,1970.3,expired_card,payment_link,0.6580733505344237,payment_link,payment_link,False,0.6938000000000001,0.6938000000000001,1,1,no_change,
txn_002628,731.08,gateway_error,retry,0.7209799868234128,retry,retry,False,0.7200000000000001,0.7200000000000001,1,1,no_change,
txn_008966,286.73,bank_decline,retry,0.47820404845979025,retry,reminder,True,0.41272,0.2827200000000001,0,0,same_outcome,
txn_004514,4566.11,network_error,retry,0.6375207810055871,retry,payment_link,True,0.62044,0.32043999999999995,0,0,same_outcome,
txn_005911,431.59,insufficient_balance,reminder,0.6537575287950661,reminder,reminder,False,0.6799999999999999,0.6799999999999999,0,0,no_change,
txn_008314,1030.43,authentication_failed,reminder,0.47974385594482605,reminder,reminder,False,0.38272000000000006,0.38272000000000006,0,0,no_change,
txn_003101,1919.38,authentication_failed,payment_link,0.6401894996194692,payment_link,payment_link,False,0.56482,0.56482,0,0,no_change,
txn_005704,1278.03,authentication_failed,reminder,0.4586878025195813,reminder,reminder,False,0.37666,0.37666,0,0,no_change,
txn_003899,232.39,gateway_error,retry,0.5819922427209769,retry,reminder,True,0.58482,0.30482,1,0,policy_hurt,
txn_005441,2568.3,gateway_error,retry,0.7629202775954546,retry,retry,False,0.8,0.8,1,1,no_change,
txn_007931,1283.79,authentication_failed,reminder,0.472637723690837,reminder,reminder,False,0.35286000000000006,0.35286000000000006,0,0,no_change,
txn_000622,1202.48,insufficient_balance,reminder,0.62196647060529,reminder,reminder,False,0.655,0.655,1,1,no_change,
txn_007236,565.74,insufficient_balance,reminder,0.544960794519319,reminder,reminder,False,0.48666,0.48666,1,1,no_change,
txn_002499,349.0,authentication_failed,payment_link,0.5214494898404242,payment_link,payment_link,False,0.4225000000000001,0.4225000000000001,0,0,no_change,
txn_000714,1414.72,insufficient_balance,reminder,0.6407727698328414,reminder,reminder,False,0.65142,0.65142,1,1,no_change,
txn_008404,5476.61,gateway_error,retry,0.5018086439045802,retry,payment_link,True,0.47428000000000003,0.22427999999999998,0,0,same_outcome,
txn_002856,2832.47,insufficient_balance,reminder,0.6301557517016131,reminder,reminder,False,0.65038,0.65038,1,1,no_change,
txn_004270,367.26,insufficient_balance,reminder,0.5376306420000863,reminder,reminder,False,0.46285999999999994,0.46285999999999994,1,1,no_change,
txn_002909,3596.44,authentication_failed,payment_link,0.6407693320624834,payment_link,payment_link,False,0.7,0.7,0,0,no_change,
txn_008081,1184.73,bank_decline,retry,0.4868612154179245,retry,payment_link,True,0.3854599999999999,0.28545999999999994,1,1,same_outcome,
txn_004517,1213.1,authentication_failed,reminder,0.6368469687626335,reminder,reminder,False,0.54142,0.54142,1,1,no_change,
txn_001262,9186.11,gateway_error,retry,0.6434027905100101,retry,retry,False,0.7333399999999999,0.7333399999999999,1,1,no_change,
txn_003161,291.03,gateway_error,retry,0.5897690187253382,retry,retry,False,0.656,0.656,0,0,no_change,
txn_000971,210.94,bank_decline,retry,0.6328060164066287,retry,retry,False,0.55,0.55,1,1,no_change,
txn_003913,509.72,authentication_failed,payment_link,0.5359588165718607,payment_link,payment_link,False,0.5159999999999999,0.5159999999999999,1,1,no_change,
txn_005199,2492.86,network_error,retry,0.572546940269324,retry,payment_link,True,0.59,0.29000000000000004,0,0,same_outcome,
txn_008847,502.3,bank_decline,retry,0.6020462165491359,retry,retry,False,0.61334,0.61334,0,0,no_change,
txn_000260,1842.2,authentication_failed,reminder,0.5276282466313053,reminder,reminder,False,0.43286,0.43286,0,0,no_change,
txn_003791,775.79,bank_decline,retry,0.4868173881615065,retry,payment_link,True,0.3854599999999999,0.28545999999999994,1,1,same_outcome,
txn_009203,1167.74,expired_card,payment_link,0.7088190267323938,payment_link,payment_link,False,0.78684,0.78684,1,1,no_change,
txn_000488,644.16,authentication_failed,reminder,0.5654203472654586,reminder,reminder,False,0.49,0.49,1,1,no_change,
txn_007908,1213.86,expired_card,payment_link,0.5798298072126638,payment_link,payment_link,False,0.61,0.61,1,1,no_change,
txn_000519,481.64,gateway_error,retry,0.7518593972488139,retry,retry,False,0.76364,0.76364,1,1,no_change,
txn_008343,775.68,bank_decline,retry,0.5768384861788194,retry,retry,False,0.51428,0.51428,1,1,no_change,
txn_000312,2030.19,network_error,retry,0.7480694540962168,retry,retry,False,0.77,0.77,1,1,no_change,
txn_003232,481.2,network_error,retry,0.7376732046910844,retry,retry,False,0.67,0.67,0,0,no_change,
txn_007933,753.07,gateway_error,retry,0.7269319080062544,retry,retry,False,0.7124999999999999,0.7124999999999999,1,1,no_change,
txn_007458,2644.67,insufficient_balance,reminder,0.4937295699080462,reminder,reminder,False,0.44857999999999987,0.44857999999999987,1,1,no_change,
txn_009784,680.73,bank_decline,retry,0.5418221088761264,retry,payment_link,True,0.42000000000000004,0.32000000000000006,0,0,same_outcome,
txn_005184,2343.9,network_error,retry,0.5818510194801738,retry,payment_link,True,0.5700000000000001,0.27,0,0,same_outcome,
txn_008077,1620.73,bank_decline,retry,0.6131287938783249,retry,retry,False,0.5750000000000001,0.5750000000000001,0,0,no_change,
txn_006502,428.35,bank_decline,retry,0.5881139424674745,retry,retry,False,0.56364,0.56364,1,1,no_change,
txn_006791,1754.27,network_error,retry,0.6471066728230925,retry,payment_link,True,0.55782,0.25782,1,1,same_outcome,
txn_007773,695.31,bank_decline,retry,0.5100186182577534,retry,payment_link,True,0.36173999999999995,0.26174,0,0,same_outcome,
txn_002738,253.82,network_error,retry,0.3996846448645882,retry,retry,False,0.5199999999999999,0.5199999999999999,1,1,no_change,
txn_007842,981.88,bank_decline,retry,0.5233244235709331,retry,payment_link,True,0.44999999999999996,0.35,1,1,same_outcome,
txn_006262,1729.26,expired_card,payment_link,0.30522865088635576,payment_link,payment_link,False,0.5199999999999999,0.5199999999999999,1,1,no_change,
txn_008206,2750.82,bank_decline,retry,0.5894989643139045,retry,retry,False,0.61334,0.61334,0,0,no_change,
txn_001248,2157.68,gateway_error,retry,0.6944429029598467,retry,retry,False,0.7200000000000001,0.7200000000000001,0,0,no_change,
txn_009336,2409.03,insufficient_balance,reminder,0.5423144287876994,reminder,reminder,False,0.48363999999999996,0.48363999999999996,1,1,no_change,
txn_004195,1300.26,network_error,retry,0.6160040625635329,retry,payment_link,True,0.54684,0.24684,0,0,same_outcome,
txn_008001,535.96,gateway_error,retry,0.5098484861179204,retry,payment_link,True,0.51,0.26,1,1,same_outcome,
txn_007378,1548.15,insufficient_balance,reminder,0.5241165187669815,reminder,reminder,False,0.42000000000000004,0.42000000000000004,0,0,no_change,
txn_003435,874.83,expired_card,payment_link,0.267731948706866,payment_link,payment_link,False,0.35999999999999993,0.35999999999999993,0,0,no_change,
txn_005382,480.44,bank_decline,retry,0.5969448126452377,retry,retry,False,0.5230800000000001,0.5230800000000001,1,1,no_change,
txn_000959,2072.2,network_error,retry,0.7084266242729832,retry,payment_link,True,0.6649999999999999,0.365,1,1,same_outcome,
txn_000417,510.06,bank_decline,retry,0.46474233639590645,retry,payment_link,True,0.41334000000000004,0.31333999999999995,0,0,same_outcome,
txn_005742,877.63,network_error,retry,0.7566768672729182,retry,retry,False,0.8115399999999999,0.8115399999999999,0,0,no_change,
txn_006728,921.09,gateway_error,retry,0.7943394061667074,retry,retry,False,0.7692399999999999,0.7692399999999999,1,1,no_change,
txn_004382,612.92,insufficient_balance,reminder,0.5136689461671842,reminder,reminder,False,0.48,0.48,0,0,no_change,
txn_005197,443.51,expired_card,payment_link,0.644139683731561,payment_link,payment_link,False,0.63286,0.63286,0,0,no_change,
txn_001113,2752.26,bank_decline,retry,0.6646737593159195,retry,retry,False,0.63384,0.63384,1,1,no_change,
txn_002689,149.3,bank_decline,retry,0.654722430668694,payment_link,payment_link,True,0.6030800000000001,0.50308,0,0,same_outcome,
txn_006473,390.49,gateway_error,retry,0.5020467474398569,retry,reminder,True,0.5171399999999999,0.23714000000000002,1,1,same_outcome,
txn_008820,1786.68,insufficient_balance,reminder,0.4574379587372389,reminder,reminder,False,0.40364,0.40364,1,1,no_change,
txn_007808,1763.6,insufficient_balance,reminder,0.6145465713382027,reminder,reminder,False,0.6,0.6,0,0,no_change,
txn_003411,3723.39,authentication_failed,reminder,0.6510570322545619,reminder,reminder,False,0.65,0.65,0,0,no_change,
txn_000081,2244.3,gateway_error,retry,0.7853588648341181,retry,retry,False,0.76,0.76,1,1,no_change,
txn_004614,445.6,bank_decline,retry,0.5342395528336914,retry,reminder,True,0.48841999999999997,0.35841999999999996,0,0,same_outcome,
txn_001374,2869.53,network_error,retry,0.5535827874440319,retry,payment_link,True,0.56,0.26,0,0,same_outcome,
txn_001510,205.85,bank_decline,retry,0.5485741900767815,retry,payment_link,True,0.43999999999999995,0.33999999999999997,0,0,same_outcome,
txn_006443,471.24,bank_decline,retry,0.5610119867124436,retry,retry,False,0.53334,0.53334,0,0,no_change,
txn_003071,827.55,bank_decline,retry,0.649056846865463,retry,retry,False,0.61,0.61,1,1,no_change,
txn_003016,449.65,expired_card,payment_link,0.32252213065963353,payment_link,payment_link,False,0.35999999999999993,0.35999999999999993,0,0,no_change,
txn_004823,1531.38,insufficient_balance,retry,0.5761767923354153,retry,retry,False,0.43,0.43,1,1,no_change,
txn_007822,1501.22,network_error,retry,0.6400083084312699,retry,payment_link,True,0.6299999999999999,0.32999999999999996,0,0,same_outcome,
txn_000093,2976.07,gateway_error,retry,0.5156343319160289,retry,payment_link,True,0.49683999999999995,0.24684,0,0,same_outcome,
txn_009421,1742.72,insufficient_balance,payment_link,0.6203372301539587,payment_link,reminder,True,0.48154,0.56154,1,1,same_outcome,
txn_006600,1931.16,insufficient_balance,reminder,0.5803911600863734,reminder,reminder,False,0.56,0.56,1,1,no_change,
txn_004443,609.22,bank_decline,retry,0.4807850344563096,retry,payment_link,True,0.39383999999999997,0.29384,1,1,same_outcome,
txn_007602,3752.95,gateway_error,retry,0.773167309884465,retry,retry,False,0.8,0.8,1,1,no_change,
txn_003835,2747.83,insufficient_balance,retry,0.4619510724919068,retry,reminder,True,0.25286000000000003,0.38286,0,0,same_outcome,
txn_009702,1261.96,insufficient_balance,reminder,0.4309804784624584,reminder,reminder,False,0.39,0.39,1,1,no_change,
txn_004322,1633.88,gateway_error,retry,0.5187197000090783,retry,payment_link,True,0.50444,0.25443999999999994,1,1,same_outcome,
txn_003394,496.94,authentication_failed,reminder,0.6108167102804029,reminder,reminder,False,0.53,0.53,0,0,no_change,
txn_004752,3458.81,expired_card,payment_link,0.6317785400281223,payment_link,payment_link,False,0.6185799999999999,0.6185799999999999,1,1,no_change,
txn_007229,1999.85,insufficient_balance,reminder,0.5080897678219833,reminder,reminder,False,0.47651999999999994,0.47651999999999994,0,0,no_change,
txn_009191,397.22,insufficient_balance,payment_link,0.6273097118248131,payment_link,reminder,True,0.58,0.6599999999999999,1,1,same_outcome,
txn_002361,938.14,insufficient_balance,payment_link,0.4798114190290596,payment_link,reminder,True,0.35112,0.43111999999999995,1,1,same_outcome,
txn_001148,1536.01,network_error,retry,0.721105387919136,retry,payment_link,True,0.6478999999999999,0.3479,0,0,same_outcome,
txn_005666,857.53,authentication_failed,payment_link,0.6460854130333655,payment_link,payment_link,False,0.5866600000000001,0.5866600000000001,1,1,no_change,
txn_008075,2401.86,insufficient_balance,payment_link,0.5923763230435982,payment_link,reminder,True,0.48666000000000004,0.56666,1,1,same_outcome,
txn_004943,658.74,gateway_error,retry,0.6711543565496569,retry,retry,False,0.7,0.7,1,1,no_change,
txn_003663,739.0,gateway_error,retry,0.7932009475009679,retry,retry,False,0.7777799999999999,0.7777799999999999,1,1,no_change,
txn_001563,1060.99,network_error,retry,0.7087252283535147,retry,retry,False,0.69858,0.69858,1,1,no_change,
txn_004113,2641.75,gateway_error,retry,0.5155723635960028,retry,payment_link,True,0.50444,0.25443999999999994,1,1,same_outcome,
txn_009050,2492.12,gateway_error,retry,0.5593455735286263,retry,reminder,True,0.58444,0.30443999999999993,1,1,same_outcome,
txn_009276,2769.72,expired_card,payment_link,0.4895197360015391,payment_link,payment_link,False,0.55074,0.55074,1,1,no_change,
txn_008538,1001.23,bank_decline,retry,0.7001342491965427,retry,retry,False,0.6,0.6,1,1,no_change,
txn_000795,2985.84,network_error,retry,0.6844513235416503,retry,retry,False,0.7200000000000001,0.7200000000000001,1,1,no_change,
txn_005854,3065.13,gateway_error,retry,0.561763746508268,retry,payment_link,True,0.5524999999999999,0.3025,1,0,policy_hurt,
txn_007619,1033.05,network_error,retry,0.6493626855718535,retry,payment_link,True,0.61,0.31000000000000005,1,0,policy_hurt,
txn_001594,2041.9,gateway_error,retry,0.39735069784036,retry,retry,False,0.47000000000000003,0.47000000000000003,0,0,no_change,
txn_007418,2247.95,gateway_error,retry,0.7089456223586662,retry,retry,False,0.68,0.68,0,0,no_change,
txn_005267,13576.59,authentication_failed,reminder,0.6191423180242889,reminder,reminder,False,0.61364,0.61364,0,0,no_change,
txn_007147,1125.84,insufficient_balance,reminder,0.6161332400432273,reminder,reminder,False,0.605,0.605,1,1,no_change,
txn_000089,5586.22,gateway_error,retry,0.5638659606647595,retry,payment_link,True,0.51,0.26,1,1,same_outcome,
txn_008695,996.35,insufficient_balance,reminder,0.3408083103012132,reminder,reminder,False,0.43,0.43,1,1,no_change,
txn_009732,782.95,bank_decline,retry,0.4795146466554884,retry,reminder,True,0.4,0.27,1,1,same_outcome,
txn_009446,2965.9,network_error,retry,0.6707844033811146,retry,retry,False,0.71482,0.71482,1,1,no_change,
txn_006754,789.64,bank_decline,retry,0.49657049279543014,retry,payment_link,True,0.37334,0.2733399999999999,0,0,same_outcome,
txn_003502,871.01,insufficient_balance,reminder,0.599561482556518,reminder,reminder,False,0.6,0.6,1,1,no_change,
txn_002234,730.83,gateway_error,retry,0.600562428741109,retry,payment_link,True,0.56858,0.31858,1,0,policy_hurt,
txn_002803,1806.58,insufficient_balance,payment_link,0.4084557807642074,payment_link,reminder,True,0.28728,0.36728000000000005,0,0,same_outcome,
txn_004424,449.71,gateway_error,retry,0.5345074285191346,retry,reminder,True,0.512,0.23200000000000004,1,1,same_outcome,
txn_005663,964.06,authentication_failed,payment_link,0.6197624885675075,payment_link,payment_link,False,0.55334,0.55334,0,0,no_change,
txn_007170,950.43,gateway_error,retry,0.5471307582661662,retry,payment_link,True,0.56,0.31000000000000005,1,1,same_outcome,
txn_008337,3425.66,bank_decline,retry,0.6429245081499652,retry,retry,False,0.6,0.6,0,0,no_change,
txn_002148,588.18,insufficient_balance,reminder,0.6111316308985068,reminder,reminder,False,0.5357200000000001,0.5357200000000001,1,1,no_change,
txn_007969,1657.51,authentication_failed,payment_link,0.6825251255792324,payment_link,payment_link,False,0.6699999999999999,0.6699999999999999,0,0,no_change,
txn_006551,1816.67,bank_decline,retry,0.6180591421786726,retry,retry,False,0.5800000000000001,0.5800000000000001,0,0,no_change,
txn_007643,673.95,gateway_error,retry,0.5229233082723789,retry,payment_link,True,0.51,0.26,0,0,same_outcome,
txn_006164,994.35,bank_decline,retry,0.5168842308405229,retry,payment_link,True,0.43999999999999995,0.33999999999999997,0,0,same_outcome,
txn_001495,477.88,bank_decline,retry,0.5829287274463565,retry,retry,False,0.552,0.552,0,0,no_change,
txn_007696,866.18,gateway_error,retry,0.5656801663042027,retry,payment_link,True,0.50482,0.25482,0,0,same_outcome,
txn_007094,738.48,expired_card,payment_link,0.5848225557631367,payment_link,payment_link,False,0.69,0.69,0,0,no_change,
txn_001409,1095.42,gateway_error,retry,0.7389131532413006,retry,retry,False,0.75,0.75,1,1,no_change,
txn_006691,571.27,bank_decline,retry,0.4905936581177851,retry,payment_link,True,0.40364,0.30364,0,0,same_outcome,
txn_003401,1739.67,gateway_error,retry,0.6164458461227366,retry,retry,False,0.66118,0.66118,1,1,no_change,
txn_000109,1495.42,gateway_error,retry,0.6284608413780947,retry,retry,False,0.6673600000000001,0.6673600000000001,0,0,no_change,
txn_005636,2509.13,insufficient_balance,reminder,0.4719218184732293,reminder,reminder,False,0.48363999999999996,0.48363999999999996,1,1,no_change,
txn_008482,5506.27,gateway_error,retry,0.695719932434815,retry,retry,False,0.7586200000000001,0.7586200000000001,1,1,no_change,
txn_006604,700.48,expired_card,payment_link,0.6260450651156046,payment_link,payment_link,False,0.6233399999999999,0.6233399999999999,0,0,no_change,
txn_001091,467.12,gateway_error,retry,0.47646513399541895,retry,payment_link,True,0.485,0.235,1,0,policy_hurt,
txn_005560,628.15,gateway_error,retry,0.6899453718411791,retry,retry,False,0.71112,0.71112,1,1,no_change,
txn_009412,808.78,gateway_error,retry,0.6772615138795666,retry,retry,False,0.67454,0.67454,1,1,no_change,
txn_008143,580.71,bank_decline,retry,0.6249492870458843,retry,retry,False,0.57142,0.57142,1,1,no_change,
txn_008664,1620.1,network_error,retry,0.5661146598641704,retry,payment_link,True,0.55286,0.25286000000000003,1,1,same_outcome,
txn_006596,816.51,gateway_error,retry,0.7055702778297294,retry,retry,False,0.69778,0.69778,1,1,no_change,
txn_000624,1040.07,authentication_failed,payment_link,0.6007712434315152,reminder,reminder,True,0.5914200000000001,0.54142,1,1,same_outcome,
txn_006871,614.76,expired_card,payment_link,0.5960684372219226,payment_link,payment_link,False,0.6465199999999999,0.6465199999999999,1,1,no_change,
txn_004814,772.49,bank_decline,retry,0.683580919208278,retry,retry,False,0.63652,0.63652,1,1,no_change,
txn_006553,3101.4,bank_decline,retry,0.5246180908594634,retry,reminder,True,0.48363999999999996,0.35363999999999995,0,0,same_outcome,
txn_007530,266.39,bank_decline,retry,0.4339160880324665,retry,payment_link,True,0.3685799999999999,0.26857999999999993,1,0,policy_hurt,
txn_005796,901.59,expired_card,payment_link,0.7027822867465711,payment_link,payment_link,False,0.75,0.75,0,0,no_change,
txn_007437,2371.89,network_error,retry,0.5864089806682223,retry,payment_link,True,0.6275,0.3275,0,0,same_outcome,
txn_004218,403.35,network_error,retry,0.6263686680677555,retry,payment_link,True,0.6354599999999999,0.33546,1,0,policy_hurt,
txn_005941,643.19,gateway_error,retry,0.773706214358849,retry,retry,False,0.8,0.8,1,1,no_change,
txn_008501,1108.05,authentication_failed,payment_link,0.5763152685981915,payment_link,payment_link,False,0.5800000000000001,0.5800000000000001,1,1,no_change,
txn_006429,1550.38,network_error,retry,0.5771090620332647,retry,payment_link,True,0.59518,0.29518,0,0,same_outcome,
txn_006827,1609.03,authentication_failed,payment_link,0.4801275028188746,payment_link,payment_link,False,0.44000000000000006,0.44000000000000006,0,0,no_change,
txn_004131,1557.42,insufficient_balance,payment_link,0.6152479793330838,payment_link,reminder,True,0.48296,0.56296,0,0,same_outcome,
txn_007802,553.15,bank_decline,retry,0.682780838272906,retry,retry,False,0.64666,0.64666,1,1,no_change,
txn_007754,652.09,bank_decline,retry,0.5597254768041019,retry,payment_link,True,0.495,0.3949999999999999,0,0,same_outcome,
txn_004722,1241.0,network_error,retry,0.5656683208613529,retry,payment_link,True,0.54846,0.24845999999999996,1,0,policy_hurt,
txn_001651,1361.34,bank_decline,retry,0.701493689665579,retry,retry,False,0.63,0.63,0,0,no_change,
txn_004141,571.56,insufficient_balance,reminder,0.6252836159154109,reminder,reminder,False,0.5272800000000001,0.5272800000000001,1,1,no_change,
txn_001618,997.27,authentication_failed,reminder,0.5986897281155444,reminder,reminder,False,0.5700000000000001,0.5700000000000001,0,0,no_change,
txn_002030,1425.95,gateway_error,retry,0.6795269775563039,retry,retry,False,0.67834,0.67834,0,0,no_change,
txn_008518,433.96,bank_decline,reminder,0.35260277202784746,reminder,reminder,False,0.21999999999999997,0.21999999999999997,1,1,no_change,
txn_004576,1320.42,expired_card,payment_link,0.7445719611650196,payment_link,payment_link,False,0.825,0.825,1,1,no_change,
txn_003993,962.9,gateway_error,retry,0.7246799449390305,retry,retry,False,0.68666,0.68666,1,1,no_change,
txn_007377,1144.53,bank_decline,retry,0.6289008430584804,retry,retry,False,0.5818200000000001,0.5818200000000001,0,0,no_change,
txn_006150,2904.66,network_error,retry,0.6263862107337183,retry,payment_link,True,0.58778,0.28778000000000004,1,1,same_outcome,
txn_004909,2390.18,gateway_error,retry,0.7267902289604086,retry,retry,False,0.7777799999999999,0.7777799999999999,0,0,no_change,
txn_005027,641.97,bank_decline,retry,0.5550111824931562,retry,payment_link,True,0.48,0.38,1,1,same_outcome,
txn_008261,1013.93,authentication_failed,payment_link,0.6536517192303933,payment_link,payment_link,False,0.6407400000000001,0.6407400000000001,0,0,no_change,
txn_004732,4887.67,authentication_failed,reminder,0.45186792403704523,reminder,reminder,False,0.33632000000000006,0.33632000000000006,0,0,no_change,
txn_007549,1373.39,insufficient_balance,retry,0.6503045478537014,retry,retry,False,0.52242,0.52242,0,0,no_change,
txn_008135,1114.48,network_error,retry,0.3144084856615878,retry,payment_link,True,0.4399999999999999,0.13999999999999996,0,0,same_outcome,
txn_001607,766.91,bank_decline,retry,0.5919171127923477,retry,retry,False,0.57242,0.57242,0,0,no_change,
txn_004774,466.57,expired_card,payment_link,0.7050685622016579,payment_link,payment_link,False,0.75,0.75,0,0,no_change,
txn_008110,360.61,gateway_error,retry,0.7134959899733246,retry,retry,False,0.7200000000000001,0.7200000000000001,1,1,no_change,
txn_006952,2492.84,insufficient_balance,reminder,0.604287509724149,reminder,reminder,False,0.57142,0.57142,0,0,no_change,
txn_006005,3029.75,bank_decline,retry,0.5255120902336556,retry,reminder,True,0.47453999999999996,0.34453999999999996,1,1,same_outcome,
txn_007729,662.97,gateway_error,retry,0.7637907273001658,retry,retry,False,0.8,0.8,1,1,no_change,
txn_003542,1638.72,bank_decline,retry,0.658344857818401,retry,retry,False,0.5866600000000001,0.5866600000000001,1,1,no_change,
txn_000389,1862.28,gateway_error,retry,0.5319551940443953,retry,payment_link,True,0.5349999999999999,0.28500000000000003,0,0,same_outcome,
txn_001795,463.08,network_error,retry,0.7664752075460897,retry,retry,False,0.85,0.85,1,1,no_change,
txn_008732,1417.18,bank_decline,retry,0.563701323560683,retry,payment_link,True,0.49141999999999997,0.39142,1,0,policy_hurt,
txn_004920,660.37,insufficient_balance,reminder,0.6427429548581803,reminder,reminder,False,0.61334,0.61334,1,1,no_change,
txn_005538,378.9,expired_card,payment_link,0.5747025278391948,payment_link,payment_link,False,0.5700000000000001,0.5700000000000001,0,0,no_change,
txn_003873,869.81,bank_decline,retry,0.530560435760395,retry,reminder,True,0.46665999999999996,0.33665999999999996,0,0,same_outcome,
txn_008869,443.78,network_error,retry,0.5734987322667466,retry,payment_link,True,0.5655600000000001,0.26556,1,0,policy_hurt,
txn_002255,2628.39,insufficient_balance,retry,0.5503200245734946,retry,retry,False,0.4033399999999999,0.4033399999999999,0,0,no_change,
txn_003413,381.16,insufficient_balance,payment_link,0.6306470246083441,reminder,reminder,True,0.58334,0.66334,0,0,same_outcome,
txn_005460,784.78,gateway_error,retry,0.424924664642402,retry,retry,False,0.52,0.52,1,1,no_change,
txn_004956,320.96,network_error,retry,0.6649652614673517,retry,retry,False,0.69308,0.69308,1,1,no_change,
txn_007397,504.12,authentication_failed,reminder,0.6378848685144023,reminder,reminder,False,0.55,0.55,1,1,no_change,
txn_005415,1556.74,gateway_error,retry,0.7407941425537681,retry,retry,False,0.75,0.75,1,1,no_change,
txn_007400,3053.05,expired_card,payment_link,0.7004783666544645,payment_link,payment_link,False,0.7785799999999999,0.7785799999999999,1,1,no_change,
txn_007415,1098.97,expired_card,payment_link,0.6550491612524557,payment_link,payment_link,False,0.7300000000000001,0.7300000000000001,0,0,no_change,
txn_009101,1374.47,expired_card,payment_link,0.7065098791768339,payment_link,payment_link,False,0.802,0.802,1,1,no_change,
txn_004852,5016.53,authentication_failed,reminder,0.5952538330457713,reminder,reminder,False,0.50846,0.50846,1,1,no_change,
txn_002026,2106.97,insufficient_balance,reminder,0.6115924541857196,reminder,reminder,False,0.53334,0.53334,0,0,no_change,
txn_002616,1196.56,insufficient_balance,reminder,0.5544956419529247,reminder,reminder,False,0.5411800000000001,0.5411800000000001,0,0,no_change,
txn_007389,281.19,insufficient_balance,reminder,0.5632291336836852,reminder,reminder,False,0.42000000000000004,0.42000000000000004,1,1,no_change,
txn_002927,539.56,bank_decline,retry,0.5422176076868752,retry,reminder,True,0.50572,0.37571999999999994,1,1,same_outcome,
txn_001122,1485.93,bank_decline,retry,0.6546252059738734,retry,retry,False,0.61334,0.61334,1,1,no_change,
txn_002911,1799.94,network_error,retry,0.7186950955039954,retry,retry,False,0.8166599999999999,0.8166599999999999,1,1,no_change,
txn_008147,3223.47,authentication_failed,reminder,0.5840361981696945,reminder,reminder,False,0.5700000000000001,0.5700000000000001,1,1,no_change,
txn_007384,556.23,network_error,retry,0.7169209484127763,retry,payment_link,True,0.6525,0.35250000000000004,0,0,same_outcome,
txn_003483,1088.1,authentication_failed,payment_link,0.5770724570861362,payment_link,payment_link,False,0.5494200000000001,0.5494200000000001,1,1,no_change,
txn_000796,446.16,expired_card,payment_link,0.5676388488219118,payment_link,payment_link,False,0.69,0.69,1,1,no_change,
txn_001576,504.86,authentication_failed,reminder,0.34300530129842294,reminder,reminder,False,0.31999999999999995,0.31999999999999995,0,0,no_change,
txn_006177,455.96,authentication_failed,payment_link,0.606520045645972,payment_link,payment_link,False,0.56286,0.56286,1,1,no_change,
txn_006267,704.76,insufficient_balance,reminder,0.4210572068360038,reminder,reminder,False,0.39383999999999997,0.39383999999999997,0,0,no_change,
txn_002459,372.14,expired_card,payment_link,0.6064356906560902,payment_link,payment_link,False,0.72834,0.72834,0,0,no_change,
txn_003313,324.57,authentication_failed,payment_link,0.4995280571388121,payment_link,payment_link,False,0.44334000000000007,0.44334000000000007,0,0,no_change,
txn_001254,1020.66,expired_card,payment_link,0.7689849522987388,payment_link,payment_link,False,0.8,0.8,1,1,no_change,
txn_006835,584.37,gateway_error,retry,0.5316036076127095,retry,payment_link,True,0.48727999999999994,0.23728,0,0,same_outcome,
txn_008795,1261.65,network_error,retry,0.6500954487043958,retry,payment_link,True,0.6348199999999999,0.33482,0,0,same_outcome,
txn_003838,2172.4,network_error,retry,0.5786335631775579,retry,payment_link,True,0.6210399999999999,0.32104,0,0,same_outcome,
txn_004399,374.83,network_error,retry,0.7570429823084409,retry,retry,False,0.8166599999999999,0.8166599999999999,1,1,no_change,
txn_003596,2376.02,authentication_failed,payment_link,0.4445577917235303,payment_link,payment_link,False,0.4117200000000001,0.4117200000000001,0,0,no_change,
txn_006622,352.02,network_error,retry,0.6655211430947128,retry,payment_link,True,0.6677799999999999,0.36778,1,0,policy_hurt,
txn_008383,1210.18,authentication_failed,payment_link,0.5523641781606299,payment_link,payment_link,False,0.49,0.49,1,1,no_change,
txn_002125,6595.83,network_error,retry,0.5968521431666616,retry,retry,False,0.71814,0.71814,1,1,no_change,
txn_003239,1444.82,expired_card,payment_link,0.6604751822910966,payment_link,payment_link,False,0.69728,0.69728,1,1,no_change,
txn_005404,6172.6,expired_card,payment_link,0.6288886661219428,payment_link,payment_link,False,0.70334,0.70334,1,1,no_change,
txn_005999,1431.64,network_error,retry,0.6097503577625415,retry,payment_link,True,0.578,0.278,1,0,policy_hurt,
txn_005939,554.97,expired_card,payment_link,0.573053303937768,payment_link,payment_link,False,0.58778,0.58778,0,0,no_change,
txn_002046,1601.19,bank_decline,retry,0.4272218453410967,retry,retry,False,0.48,0.48,1,1,no_change,
txn_001579,1262.72,insufficient_balance,reminder,0.3971670780784262,reminder,reminder,False,0.40666,0.40666,0,0,no_change,
txn_000015,1567.48,authentication_failed,reminder,0.6408965569899149,reminder,reminder,False,0.5700000000000001,0.5700000000000001,1,1,no_change,
txn_002674,885.97,authentication_failed,payment_link,0.42518105149620294,payment_link,payment_link,False,0.4129400000000001,0.4129400000000001,1,1,no_change,
txn_007017,691.98,gateway_error,retry,0.5936528803861655,retry,retry,False,0.6533399999999999,0.6533399999999999,0,0,no_change,
txn_008721,2134.83,authentication_failed,reminder,0.5732056863653686,reminder,reminder,False,0.49,0.49,0,0,no_change,
txn_008850,2789.52,insufficient_balance,reminder,0.5455940722780762,reminder,reminder,False,0.46285999999999994,0.46285999999999994,1,1,no_change,
txn_004813,1531.66,network_error,retry,0.7367716633049585,retry,retry,False,0.7265199999999999,0.7265199999999999,0,0,no_change,
txn_001085,1165.66,bank_decline,retry,0.5703670168535617,retry,payment_link,True,0.5199999999999999,0.41999999999999993,0,0,same_outcome,
txn_004984,396.45,gateway_error,retry,0.7169727937430443,retry,retry,False,0.7384599999999999,0.7384599999999999,1,1,no_change,
txn_007156,540.83,bank_decline,retry,0.5431399288877603,retry,payment_link,True,0.47556,0.37556,0,0,same_outcome,
txn_002885,900.01,network_error,retry,0.7360048348917504,retry,retry,False,0.7557200000000001,0.7557200000000001,1,1,no_change,
txn_000334,1302.55,insufficient_balance,reminder,0.5433287570546917,reminder,reminder,False,0.48666,0.48666,0,0,no_change,
txn_007205,979.82,bank_decline,retry,0.6314398172020111,retry,retry,False,0.6,0.6,0,0,no_change,
txn_004368,1592.79,expired_card,payment_link,0.5584239340883027,payment_link,payment_link,False,0.5433399999999999,0.5433399999999999,0,0,no_change,
txn_003080,401.01,expired_card,payment_link,0.6243566016053905,payment_link,payment_link,False,0.70334,0.70334,1,1,no_change,
txn_007204,877.07,gateway_error,retry,0.5661768518389928,retry,reminder,True,0.52666,0.24666000000000005,0,0,same_outcome,
txn_009910,891.38,authentication_failed,reminder,0.6623806359234323,reminder,reminder,False,0.59286,0.59286,1,1,no_change,
txn_008865,320.48,gateway_error,retry,0.5045078539577864,retry,payment_link,True,0.50546,0.25545999999999996,1,1,same_outcome,
txn_000264,627.07,insufficient_balance,reminder,0.5484319192323975,reminder,reminder,False,0.49089999999999995,0.49089999999999995,1,1,no_change,
txn_004338,1203.15,bank_decline,retry,0.5887305641164172,retry,reminder,True,0.5199999999999999,0.39,0,0,same_outcome,
txn_008896,3110.66,network_error,retry,0.7168751114772073,retry,retry,False,0.80834,0.80834,1,1,no_change,
txn_008448,364.4,insufficient_balance,reminder,0.5352183905833499,reminder,reminder,False,0.45333999999999997,0.45333999999999997,0,0,no_change,
txn_005904,2772.53,insufficient_balance,payment_link,0.35293845912711014,payment_link,retry,True,0.35000000000000003,0.3,0,0,same_outcome,
txn_001499,4821.63,insufficient_balance,payment_link,0.31297810798707215,payment_link,retry,True,0.27,0.21999999999999997,1,1,same_outcome,
txn_004191,6300.85,bank_decline,retry,0.6333139574893638,retry,retry,False,0.64842,0.64842,1,1,no_change,
txn_007486,740.05,network_error,retry,0.7765581448724186,retry,retry,False,0.7300000000000001,0.7300000000000001,1,1,no_change,
txn_009644,1599.46,insufficient_balance,reminder,0.49077477148326676,reminder,reminder,False,0.4681399999999999,0.4681399999999999,0,0,no_change,
txn_008311,6372.77,bank_decline,retry,0.4594405188996969,retry,payment_link,True,0.365,0.265,0,0,same_outcome,
txn_007591,1477.25,bank_decline,retry,0.46517112252915893,retry,payment_link,True,0.36,0.26,1,1,same_outcome,
txn_000501,2041.51,network_error,retry,0.6596842480676814,retry,payment_link,True,0.65,0.35,0,0,same_outcome,
txn_009156,2686.67,network_error,retry,0.5740657998568873,retry,payment_link,True,0.5991,0.29910000000000003,1,1,same_outcome,
txn_009415,365.57,bank_decline,retry,0.5960097578502895,retry,retry,False,0.56364,0.56364,0,0,no_change,
txn_003096,524.31,authentication_failed,payment_link,0.4921882570733088,payment_link,payment_link,False,0.47000000000000003,0.47000000000000003,0,0,no_change,
txn_004632,1181.87,expired_card,payment_link,0.7247058767122753,payment_link,payment_link,False,0.77,0.77,0,0,no_change,
txn_000368,10036.15,authentication_failed,reminder,0.6062962352551589,reminder,reminder,False,0.65,0.65,0,0,no_change,
txn_004059,3110.53,expired_card,payment_link,0.6494633166148208,payment_link,payment_link,False,0.64,0.64,0,0,no_change,
txn_008175,1931.9,bank_decline,retry,0.1798726266213307,retry,payment_link,True,0.19,0.09000000000000001,1,1,same_outcome,
txn_004631,844.12,bank_decline,retry,0.5553243869372014,retry,reminder,True,0.4899999999999999,0.36,1,1,same_outcome,
txn_006071,2791.36,bank_decline,retry,0.5054802376987091,retry,payment_link,True,0.37846,0.27845999999999993,1,1,same_outcome,
txn_002665,2389.95,bank_decline,payment_link,0.18728507811134026,payment_link,payment_link,False,0.09000000000000001,0.09000000000000001,0,0,no_change,
txn_001027,1205.21,expired_card,payment_link,0.6683725026772782,payment_link,payment_link,False,0.71286,0.71286,0,0,no_change,
txn_005909,176.89,gateway_error,retry,0.6794735491501964,retry,retry,False,0.68924,0.68924,1,1,no_change,
txn_005051,352.63,authentication_failed,payment_link,0.5986698456006695,payment_link,payment_link,False,0.6142799999999999,0.6142799999999999,0,0,no_change,
txn_006329,662.92,authentication_failed,payment_link,0.6248473430505271,payment_link,payment_link,False,0.5800000000000001,0.5800000000000001,1,1,no_change,
txn_009734,5625.62,insufficient_balance,reminder,0.5081510346114755,reminder,reminder,False,0.45999999999999985,0.45999999999999985,0,0,no_change,
txn_001692,1039.63,insufficient_balance,reminder,0.3900594707093083,reminder,reminder,False,0.34665999999999997,0.34665999999999997,1,1,no_change,
txn_000674,578.55,bank_decline,retry,0.6212085728073825,retry,retry,False,0.5750000000000001,0.5750000000000001,1,1,no_change,
txn_005573,515.07,gateway_error,retry,0.676096686456145,retry,retry,False,0.7333399999999999,0.7333399999999999,1,1,no_change,
txn_005767,1531.33,authentication_failed,payment_link,0.5993390095012782,payment_link,payment_link,False,0.62,0.62,0,0,no_change,
txn_005157,309.1,bank_decline,retry,0.4746921686064663,retry,payment_link,True,0.39,0.29000000000000004,0,0,same_outcome,
txn_000734,671.27,gateway_error,retry,0.5654058414422366,retry,payment_link,True,0.50814,0.25814,1,1,same_outcome,
txn_003527,1964.58,network_error,retry,0.7839577901922951,retry,retry,False,0.8,0.8,1,1,no_change,
txn_000569,360.82,authentication_failed,payment_link,0.560947932002396,reminder,reminder,True,0.62,0.5700000000000001,1,1,same_outcome,
txn_009188,1146.26,gateway_error,retry,0.6372139890109076,retry,payment_link,True,0.64,0.39,0,0,same_outcome,
txn_002923,821.91,bank_decline,retry,0.5535218363498889,retry,payment_link,True,0.43999999999999995,0.33999999999999997,0,0,same_outcome,
txn_007912,4194.44,gateway_error,retry,0.6980156656108865,retry,retry,False,0.7200000000000001,0.7200000000000001,1,1,no_change,
txn_001559,742.21,insufficient_balance,payment_link,0.44159649565855497,payment_link,reminder,True,0.31714,0.39714000000000005,1,1,same_outcome,
txn_000102,855.44,bank_decline,retry,0.5008309523341677,retry,payment_link,True,0.3400000000000001,0.24000000000000005,1,1,same_outcome,
txn_003008,6235.06,authentication_failed,reminder,0.5120845565366633,reminder,reminder,False,0.35814,0.35814,0,0,no_change,
txn_007202,668.9,network_error,retry,0.5807335700759114,retry,payment_link,True,0.55074,0.25074,1,0,policy_hurt,
txn_000304,2705.91,expired_card,payment_link,0.5186020376535733,payment_link,payment_link,False,0.5700000000000001,0.5700000000000001,0,0,no_change,
txn_000077,439.86,expired_card,payment_link,0.6350827328104044,payment_link,payment_link,False,0.71666,0.71666,1,1,no_change,
txn_006755,391.39,network_error,retry,0.6327938590576878,retry,payment_link,True,0.64556,0.34556,1,0,policy_hurt,
txn_008630,470.03,gateway_error,retry,0.7437774711676998,retry,retry,False,0.8,0.8,1,1,no_change,
txn_001209,322.63,authentication_failed,reminder,0.5892456420923267,reminder,reminder,False,0.55334,0.55334,0,0,no_change,
txn_007743,1465.12,authentication_failed,payment_link,0.5895616530789619,payment_link,payment_link,False,0.6000000000000001,0.6000000000000001,1,1,no_change,
txn_008215,195.95,network_error,retry,0.6487303974162683,retry,retry,False,0.7833399999999999,0.7833399999999999,1,1,no_change,
txn_008945,923.14,insufficient_balance,reminder,0.42129400931637523,reminder,reminder,False,0.4018999999999999,0.4018999999999999,0,0,no_change,
txn_008414,575.31,bank_decline,retry,0.46183607194955595,retry,reminder,True,0.3520000000000001,0.22200000000000003,0,0,same_outcome,
txn_001776,1152.89,gateway_error,retry,0.5650275404153409,retry,reminder,True,0.52,0.24000000000000005,0,0,same_outcome,
txn_003474,3158.73,insufficient_balance,payment_link,0.5627719207692856,payment_link,reminder,True,0.47556000000000004,0.55556,1,1,same_outcome,
txn_000484,1100.26,bank_decline,retry,0.65743696002023,retry,retry,False,0.5777800000000001,0.5777800000000001,1,1,no_change,
txn_002190,880.36,insufficient_balance,reminder,0.46454427889550515,reminder,reminder,False,0.46074000000000004,0.46074000000000004,1,1,no_change,
txn_000347,712.21,authentication_failed,reminder,0.33648817647814905,reminder,reminder,False,0.31999999999999995,0.31999999999999995,0,0,no_change,
txn_005482,1168.61,expired_card,payment_link,0.5704436599772937,payment_link,payment_link,False,0.56,0.56,1,1,no_change,
txn_008362,296.33,network_error,retry,0.7355223093577362,retry,retry,False,0.79546,0.79546,1,1,no_change,
txn_001473,233.05,bank_decline,reminder,0.3547598321545122,reminder,reminder,False,0.3,0.3,1,1,no_change,
txn_005101,694.27,authentication_failed,payment_link,0.4580932219766578,payment_link,payment_link,False,0.43692,0.43692,1,1,no_change,
txn_006766,659.28,expired_card,payment_link,0.6139387050529962,payment_link,payment_link,False,0.6149999999999999,0.6149999999999999,1,1,no_change,
txn_008707,1730.73,network_error,retry,0.30786451930826086,retry,payment_link,True,0.35999999999999993,0.059999999999999984,0,0,same_outcome,
txn_004930,461.16,bank_decline,retry,0.6089855224839225,retry,retry,False,0.6,0.6,0,0,no_change,
txn_006330,1221.59,gateway_error,retry,0.6001382657355889,retry,reminder,True,0.64,0.36,1,0,policy_hurt,
txn_002610,5187.96,bank_decline,retry,0.4866244576552427,retry,payment_link,True,0.39714000000000005,0.29713999999999996,0,0,same_outcome,
txn_000004,945.87,expired_card,payment_link,0.6126742930982543,payment_link,payment_link,False,0.67,0.67,1,1,no_change,
txn_002214,6520.9,network_error,retry,0.47380266543245625,retry,retry,False,0.5999999999999999,0.5999999999999999,1,1,no_change,
txn_004828,1009.66,bank_decline,retry,0.5365580238962692,retry,payment_link,True,0.4654599999999999,0.3654599999999999,1,1,same_outcome,
txn_000857,950.81,authentication_failed,payment_link,0.6133126458331905,payment_link,payment_link,False,0.5815400000000001,0.5815400000000001,1,1,no_change,
txn_006978,2307.41,bank_decline,retry,0.6720829294910098,retry,retry,False,0.6383399999999999,0.6383399999999999,1,1,no_change,
txn_005886,1152.27,insufficient_balance,reminder,0.5971976374749329,reminder,reminder,False,0.5272800000000001,0.5272800000000001,1,1,no_change,
txn_000625,2408.1,gateway_error,retry,0.6417974148155227,retry,retry,False,0.64858,0.64858,1,1,no_change,
txn_000291,685.5,network_error,retry,0.6864378303320247,retry,retry,False,0.76666,0.76666,1,1,no_change,
txn_002019,681.87,insufficient_balance,reminder,0.6159856411686558,reminder,reminder,False,0.6,0.6,1,1,no_change,
txn_000669,1291.39,bank_decline,retry,0.5348066636096713,retry,payment_link,True,0.45043999999999995,0.35044,0,0,same_outcome,
txn_008922,1741.52,network_error,retry,0.5417092510569304,retry,payment_link,True,0.53,0.22999999999999998,0,0,same_outcome,
txn_008265,2295.39,expired_card,payment_link,0.6347443408693387,payment_link,payment_link,False,0.71616,0.71616,1,1,no_change,
txn_009697,446.94,authentication_failed,payment_link,0.4759569668765192,payment_link,payment_link,False,0.41000000000000003,0.41000000000000003,1,1,no_change,
txn_001632,893.99,expired_card,payment_link,0.638605208801191,payment_link,payment_link,False,0.6566599999999999,0.6566599999999999,0,0,no_change,
txn_005171,618.74,insufficient_balance,reminder,0.5339229924650206,reminder,reminder,False,0.45333999999999997,0.45333999999999997,0,0,no_change,
txn_007206,753.66,bank_decline,retry,0.44739635133412636,retry,payment_link,True,0.35666,0.25666000000000005,0,0,same_outcome,
txn_002523,4498.28,insufficient_balance,reminder,0.46796892532602946,reminder,reminder,False,0.4,0.4,0,0,no_change,
txn_002216,1325.56,expired_card,payment_link,0.6866745279676258,payment_link,payment_link,False,0.71482,0.71482,1,1,no_change,
txn_006969,1006.51,bank_decline,retry,0.5664418135232628,retry,reminder,True,0.47383999999999993,0.34384000000000003,0,0,same_outcome,
txn_006497,1505.19,gateway_error,retry,0.2752711957238755,retry,payment_link,True,0.31,0.059999999999999984,0,0,same_outcome,
txn_006214,1893.29,insufficient_balance,payment_link,0.6455415960902627,payment_link,reminder,True,0.54118,0.6211800000000001,0,0,same_outcome,
txn_007033,998.48,insufficient_balance,reminder,0.6047401573370051,reminder,reminder,False,0.55652,0.55652,0,0,no_change,
txn_007421,920.63,insufficient_balance,payment_link,0.45776269139349474,payment_link,reminder,True,0.36,0.43999999999999995,0,0,same_outcome,
txn_001108,674.92,network_error,retry,0.7230523942302483,retry,retry,False,0.71736,0.71736,1,1,no_change,
txn_000451,538.17,insufficient_balance,reminder,0.5616733693833785,reminder,reminder,False,0.46285999999999994,0.46285999999999994,0,0,no_change,
txn_006290,5066.56,bank_decline,retry,0.4965729129455703,retry,payment_link,True,0.45999999999999985,0.3599999999999999,1,1,same_outcome,
txn_009967,883.03,network_error,retry,0.7469788181823246,retry,retry,False,0.74038,0.74038,0,0,no_change,
txn_000136,622.78,bank_decline,retry,0.5190067266131213,retry,payment_link,True,0.44221999999999995,0.34221999999999997,0,0,same_outcome,
txn_001786,405.18,insufficient_balance,payment_link,0.4043970867528443,payment_link,reminder,True,0.29333999999999993,0.37334,1,1,same_outcome,
txn_003405,5117.28,network_error,retry,0.5717360399738297,retry,payment_link,True,0.6299999999999999,0.32999999999999996,1,1,same_outcome,
txn_002907,745.02,expired_card,payment_link,0.6113047710025813,payment_link,payment_link,False,0.64,0.64,0,0,no_change,
txn_008305,1231.24,bank_decline,retry,0.6072948008733061,retry,retry,False,0.55556,0.55556,1,1,no_change,
txn_007493,803.26,network_error,retry,0.5975659948229523,retry,payment_link,True,0.54044,0.24044,1,0,policy_hurt,
txn_006101,735.29,bank_decline,retry,0.6856493744871431,retry,retry,False,0.63,0.63,1,1,no_change,
txn_004505,698.32,insufficient_balance,reminder,0.44755874611123553,reminder,reminder,False,0.37334,0.37334,1,1,no_change,
txn_005054,456.98,insufficient_balance,payment_link,0.4438005018262739,reminder,reminder,True,0.32364000000000004,0.40364,1,1,same_outcome,
txn_005206,865.89,network_error,retry,0.7356275427308875,retry,retry,False,0.76818,0.76818,1,1,no_change,
txn_004081,4727.37,gateway_error,retry,0.6336966948467229,retry,reminder,True,0.59384,0.31384,1,1,same_outcome,
txn_006919,296.75,authentication_failed,payment_link,0.466269721483687,payment_link,payment_link,False,0.4129400000000001,0.4129400000000001,0,0,no_change,
txn_006803,2908.3,expired_card,payment_link,0.7108537265128827,payment_link,payment_link,False,0.82648,0.82648,0,0,no_change,
txn_005207,5221.47,expired_card,payment_link,0.5305374285362658,payment_link,payment_link,False,0.52112,0.52112,1,1,no_change,
txn_000533,506.74,expired_card,payment_link,0.4156310896337273,payment_link,payment_link,False,0.5999999999999999,0.5999999999999999,1,1,no_change,
txn_004831,2239.33,bank_decline,retry,0.5336809973903823,retry,payment_link,True,0.48,0.38,0,0,same_outcome,
txn_004039,922.55,insufficient_balance,reminder,0.6127100537370851,reminder,reminder,False,0.5800000000000001,0.5800000000000001,1,1,no_change,
txn_004085,302.38,network_error,retry,0.7631174008505575,retry,retry,False,0.80834,0.80834,1,1,no_change,
txn_003205,1412.59,expired_card,payment_link,0.4847605811004762,payment_link,payment_link,False,0.5747,0.5747,0,0,no_change,
txn_007111,306.3,network_error,retry,0.6472108658191584,retry,payment_link,True,0.64294,0.34294,0,0,same_outcome,
txn_000331,258.14,authentication_failed,payment_link,0.5014117398812324,payment_link,payment_link,False,0.44462,0.44462,0,0,no_change,
txn_004958,224.79,network_error,retry,0.628044742834755,retry,retry,False,0.7075,0.7075,1,1,no_change,
txn_003034,325.96,bank_decline,retry,0.5148764865824111,retry,reminder,True,0.40296,0.27296,0,0,same_outcome,
txn_007685,1178.12,insufficient_balance,reminder,0.5865103884763263,reminder,reminder,False,0.5199999999999999,0.5199999999999999,0,0,no_change,
txn_001598,1529.63,network_error,retry,0.6599766730044786,retry,retry,False,0.71,0.71,1,1,no_change,
txn_009920,360.68,insufficient_balance,reminder,0.5879002041558228,reminder,reminder,False,0.5833400000000001,0.5833400000000001,0,0,no_change,
txn_003598,1146.4,insufficient_balance,reminder,0.6789809102370483,reminder,reminder,False,0.6799999999999999,0.6799999999999999,1,1,no_change,
txn_009039,1319.94,bank_decline,retry,0.43227916539875544,retry,reminder,True,0.37334,0.24333999999999995,1,1,same_outcome,
txn_008002,1329.38,network_error,retry,0.3458410948087036,retry,payment_link,True,0.4399999999999999,0.13999999999999996,0,0,same_outcome,
txn_000591,1817.91,insufficient_balance,reminder,0.5695694694372282,reminder,reminder,False,0.5478200000000001,0.5478200000000001,1,1,no_change,
txn_000648,2039.79,expired_card,payment_link,0.7233717898152517,payment_link,payment_link,False,0.7833399999999999,0.7833399999999999,1,1,no_change,
txn_009103,372.42,bank_decline,retry,0.49009667927033274,retry,payment_link,True,0.43304,0.33304,0,0,same_outcome,
txn_008016,479.32,insufficient_balance,reminder,0.5044367327849808,reminder,reminder,False,0.48,0.48,0,0,no_change,
txn_003772,486.6,expired_card,payment_link,0.5928641205115817,payment_link,payment_link,False,0.53858,0.53858,0,0,no_change,
txn_009040,693.35,bank_decline,retry,0.653815191219894,retry,retry,False,0.5800000000000001,0.5800000000000001,0,0,no_change,
txn_005083,2804.65,bank_decline,retry,0.4191468787433429,retry,payment_link,True,0.36632,0.26632,0,0,same_outcome,
txn_007883,1508.38,expired_card,payment_link,0.6374957462170682,payment_link,payment_link,False,0.66142,0.66142,1,1,no_change,
txn_009363,1608.09,expired_card,payment_link,0.3478132903926564,payment_link,payment_link,False,0.4099999999999999,0.4099999999999999,0,0,no_change,
txn_004211,523.55,insufficient_balance,reminder,0.6252546104723414,reminder,reminder,False,0.5571400000000001,0.5571400000000001,1,1,no_change,
txn_008835,3596.88,expired_card,payment_link,0.6297207455549856,payment_link,payment_link,False,0.6471399999999999,0.6471399999999999,1,1,no_change,
txn_008700,2052.94,insufficient_balance,payment_link,0.6527194790476539,payment_link,reminder,True,0.55714,0.63714,0,0,same_outcome,
txn_001796,423.14,bank_decline,retry,0.6073831687007671,retry,retry,False,0.51852,0.51852,1,1,no_change,
txn_002587,828.54,authentication_failed,reminder,0.5872414764359509,reminder,reminder,False,0.47888,0.47888,1,1,no_change,
txn_008356,854.34,authentication_failed,payment_link,0.36120292340236165,payment_link,payment_link,False,0.45,0.45,1,1,no_change,
txn_002317,200.24,authentication_failed,payment_link,0.4466505726142778,payment_link,payment_link,False,0.39334,0.39334,1,1,no_change,
txn_004186,480.75,insufficient_balance,payment_link,0.6273743937740232,payment_link,reminder,True,0.56364,0.64364,0,0,same_outcome,
txn_008828,1023.37,insufficient_balance,payment_link,0.47181954265391557,payment_link,reminder,True,0.40154,0.48153999999999997,1,1,same_outcome,
txn_007073,427.6,bank_decline,retry,0.4758366538988078,retry,payment_link,True,0.37334,0.2733399999999999,1,1,same_outcome,
txn_005235,1804.33,bank_decline,retry,0.6688961492989559,retry,retry,False,0.6799999999999999,0.6799999999999999,1,1,no_change,
txn_008744,778.78,gateway_error,retry,0.5464616618491737,retry,payment_link,True,0.50736,0.25736,1,0,policy_hurt,
txn_008671,1204.47,gateway_error,retry,0.5305683736048747,retry,payment_link,True,0.512,0.262,0,0,same_outcome,
txn_004769,2158.46,insufficient_balance,payment_link,0.42214992410996166,payment_link,reminder,True,0.33142000000000005,0.41142,0,0,same_outcome,
txn_009973,1562.92,authentication_failed,reminder,0.6644244622536369,reminder,reminder,False,0.59166,0.59166,1,1,no_change,
txn_007145,1312.78,gateway_error,retry,0.6560908699223721,retry,retry,False,0.6342800000000001,0.6342800000000001,1,1,no_change,
txn_002914,869.76,authentication_failed,payment_link,0.42186896018372,payment_link,payment_link,False,0.38728000000000007,0.38728000000000007,0,0,no_change,
txn_009872,619.61,gateway_error,retry,0.7820225045745852,retry,retry,False,0.7875,0.7875,1,1,no_change,
txn_009894,560.12,gateway_error,retry,0.6028929769750481,retry,payment_link,True,0.6189399999999999,0.36894000000000005,0,0,same_outcome,
txn_002076,1174.61,network_error,retry,0.6873480511974378,retry,retry,False,0.71546,0.71546,1,1,no_change,
txn_004303,1857.11,insufficient_balance,payment_link,0.6417522655214557,payment_link,reminder,True,0.56666,0.64666,0,0,same_outcome,
txn_005823,767.38,authentication_failed,payment_link,0.47792962359945684,payment_link,payment_link,False,0.3894200000000001,0.3894200000000001,1,1,no_change,
txn_002150,2645.55,insufficient_balance,payment_link,0.4845698635562565,payment_link,reminder,True,0.39293999999999996,0.47294,1,1,same_outcome,
txn_000145,915.67,bank_decline,retry,0.6034604491196387,retry,retry,False,0.5272800000000001,0.5272800000000001,0,0,no_change,
txn_004964,2415.27,gateway_error,retry,0.3214222436883156,retry,payment_link,True,0.38999999999999996,0.13999999999999996,1,0,policy_hurt,
txn_008160,1024.02,authentication_failed,reminder,0.6777390416645261,reminder,reminder,False,0.65,0.65,0,0,no_change,
txn_009031,743.5,insufficient_balance,payment_link,0.44055626981066115,payment_link,reminder,True,0.31833999999999996,0.3983399999999999,0,0,same_outcome,
txn_004776,843.46,authentication_failed,payment_link,0.6402141381233125,payment_link,payment_link,False,0.59,0.59,0,0,no_change,
txn_008934,1189.41,insufficient_balance,reminder,0.631310055456269,reminder,reminder,False,0.6,0.6,0,0,no_change,
txn_007750,1942.22,insufficient_balance,reminder,0.5647101143296681,reminder,reminder,False,0.53334,0.53334,1,1,no_change,
txn_009829,768.68,insufficient_balance,reminder,0.5865349873603606,reminder,reminder,False,0.54546,0.54546,0,0,no_change,
txn_009215,894.16,authentication_failed,reminder,0.5393644365464046,reminder,reminder,False,0.49,0.49,0,0,no_change,
txn_006061,4128.31,gateway_error,retry,0.6664299369922488,retry,retry,False,0.7238,0.7238,0,0,no_change,
txn_009476,1201.82,gateway_error,retry,0.6633769658629366,retry,retry,False,0.6960000000000001,0.6960000000000001,1,1,no_change,
txn_006410,869.17,expired_card,payment_link,0.30914948939897996,payment_link,payment_link,False,0.4399999999999999,0.4399999999999999,0,0,no_change,
txn_003318,1070.0,insufficient_balance,payment_link,0.6361255165971561,payment_link,reminder,True,0.55,0.63,1,1,same_outcome,
txn_007465,3266.18,gateway_error,retry,0.6785044291059532,retry,retry,False,0.6533399999999999,0.6533399999999999,1,1,no_change,
txn_003062,977.27,authentication_failed,payment_link,0.627975715383512,payment_link,payment_link,False,0.588,0.588,1,1,no_change,
txn_001356,1927.59,bank_decline,retry,0.5494257908852278,retry,payment_link,True,0.47294,0.37293999999999994,0,0,same_outcome,
txn_004515,402.84,gateway_error,retry,0.47848252415256826,retry,payment_link,True,0.48,0.22999999999999998,0,0,same_outcome,
txn_005506,1330.64,network_error,retry,0.7671709952110123,retry,retry,False,0.8,0.8,1,1,no_change,
txn_005251,430.09,network_error,retry,0.7885754828777305,retry,retry,False,0.81,0.81,1,1,no_change,
txn_004512,1190.16,bank_decline,retry,0.5621636793205224,retry,payment_link,True,0.47651999999999994,0.37651999999999997,1,1,same_outcome,
txn_001731,1137.1,insufficient_balance,reminder,0.5420687425723536,reminder,reminder,False,0.45846,0.45846,1,1,no_change,
txn_001759,874.73,bank_decline,retry,0.498623457891912,retry,reminder,True,0.39,0.26,0,0,same_outcome,
txn_006651,1574.14,authentication_failed,payment_link,0.5675589170376314,payment_link,payment_link,False,0.62,0.62,1,1,no_change,
txn_006647,318.82,network_error,retry,0.6119530434642482,retry,payment_link,True,0.55546,0.25545999999999996,1,0,policy_hurt,
txn_009861,1323.29,insufficient_balance,reminder,0.6074635787216723,reminder,reminder,False,0.5800000000000001,0.5800000000000001,0,0,no_change,
txn_004140,212.75,bank_decline,retry,0.6437046654081658,retry,retry,False,0.6199999999999999,0.6199999999999999,1,1,no_change,
txn_009394,782.37,authentication_failed,reminder,0.6923797575985312,reminder,reminder,False,0.60556,0.60556,1,1,no_change,
txn_005124,1623.64,bank_decline,retry,0.5142307344876894,retry,payment_link,True,0.47,0.37,0,0,same_outcome,
txn_000001,1399.36,bank_decline,retry,0.4733189434934557,retry,payment_link,True,0.37334,0.2733399999999999,0,0,same_outcome,
txn_001865,865.11,bank_decline,retry,0.5517532060757159,retry,payment_link,True,0.5199999999999999,0.41999999999999993,0,0,same_outcome,
txn_000544,2656.61,bank_decline,retry,0.5276630025992197,retry,payment_link,True,0.3400000000000001,0.24000000000000005,0,0,same_outcome,
txn_000350,334.14,gateway_error,retry,0.5787066176215221,retry,retry,False,0.66444,0.66444,1,1,no_change,
txn_006907,2091.65,gateway_error,retry,0.6161078986855383,retry,retry,False,0.64,0.64,0,0,no_change,
txn_009766,2463.5,authentication_failed,payment_link,0.4889763139517228,payment_link,payment_link,False,0.45999999999999996,0.45999999999999996,0,0,no_change,
txn_002524,1091.39,authentication_failed,reminder,0.6323650842177837,reminder,reminder,False,0.53666,0.53666,0,0,no_change,
txn_003465,1848.22,authentication_failed,payment_link,0.5804332246016977,payment_link,payment_link,False,0.5666599999999999,0.5666599999999999,0,0,no_change,
txn_000458,713.6,network_error,retry,0.7611407949875802,retry,retry,False,0.73842,0.73842,0,0,no_change,
txn_003024,3624.37,bank_decline,retry,0.5343835243828264,retry,reminder,True,0.48295999999999994,0.35295999999999994,0,0,same_outcome,
txn_007262,3127.14,gateway_error,retry,0.5843069060886315,retry,payment_link,True,0.5349999999999999,0.28500000000000003,1,1,same_outcome,
txn_009516,683.53,network_error,retry,0.3187666153611696,retry,payment_link,True,0.4399999999999999,0.13999999999999996,0,0,same_outcome,
txn_007873,254.61,expired_card,payment_link,0.6491010372499239,payment_link,payment_link,False,0.7300000000000001,0.7300000000000001,1,1,no_change,
txn_006626,5899.33,bank_decline,retry,0.47773255938990333,retry,reminder,True,0.41037999999999997,0.2803800000000001,0,0,same_outcome,
txn_002535,1967.29,bank_decline,retry,0.5916825279548525,retry,retry,False,0.53044,0.53044,0,0,no_change,
txn_000132,432.83,insufficient_balance,reminder,0.5048116167645695,reminder,reminder,False,0.46285999999999994,0.46285999999999994,0,0,no_change,
txn_003705,3474.59,authentication_failed,reminder,0.4659235861478726,reminder,reminder,False,0.37295999999999996,0.37295999999999996,0,0,no_change,
txn_001373,2788.48,bank_decline,retry,0.5127480784693013,retry,payment_link,True,0.43999999999999995,0.33999999999999997,1,1,same_outcome,
txn_006201,379.5,expired_card,payment_link,0.7631271849971438,payment_link,payment_link,False,0.82142,0.82142,1,1,no_change,
txn_004857,1006.44,gateway_error,retry,0.6241726115564716,retry,reminder,True,0.5965199999999999,0.31652,0,0,same_outcome,
txn_004713,828.19,gateway_error,retry,0.544209889100779,retry,payment_link,True,0.5138400000000001,0.2638400000000001,1,0,policy_hurt,
txn_005545,1111.96,bank_decline,retry,0.5063681809904171,retry,payment_link,True,0.41647999999999996,0.31648,1,1,same_outcome,
txn_001414,949.49,gateway_error,retry,0.6834574694988901,retry,retry,False,0.7000000000000001,0.7000000000000001,1,1,no_change,
txn_004114,2301.32,authentication_failed,reminder,0.4888406216088587,reminder,reminder,False,0.37666,0.37666,0,0,no_change,
txn_000656,1464.04,network_error,retry,0.6915988793992776,retry,payment_link,True,0.586,0.28600000000000003,1,0,policy_hurt,
txn_008138,931.81,bank_decline,retry,0.6919643759676155,retry,retry,False,0.63,0.63,0,0,no_change,
txn_004099,894.36,bank_decline,retry,0.6106396279374495,retry,retry,False,0.5444399999999999,0.5444399999999999,1,1,no_change,
txn_000593,935.36,insufficient_balance,reminder,0.5394522680930667,reminder,reminder,False,0.48841999999999997,0.48841999999999997,0,0,no_change,
txn_008709,1504.12,bank_decline,retry,0.6284678009305787,retry,retry,False,0.55556,0.55556,1,1,no_change,
txn_003124,1019.96,bank_decline,retry,0.5371495278193996,retry,retry,False,0.53334,0.53334,0,0,no_change,
txn_003048,1843.44,gateway_error,retry,0.49028509800011827,retry,payment_link,True,0.48941999999999997,0.23942000000000002,1,1,same_outcome,
txn_003888,781.8,bank_decline,retry,0.48504308659175716,retry,payment_link,True,0.36,0.26,0,0,same_outcome,
txn_005736,347.63,expired_card,payment_link,0.6357403585340164,payment_link,payment_link,False,0.7300000000000001,0.7300000000000001,0,0,no_change,
txn_002185,3604.15,bank_decline,retry,0.4559344551738386,retry,payment_link,True,0.37684000000000006,0.27684,0,0,same_outcome,
txn_002146,1452.32,insufficient_balance,reminder,0.43017514090675796,reminder,reminder,False,0.39,0.39,0,0,no_change,
txn_007048,621.5,expired_card,payment_link,0.6465800366787479,payment_link,payment_link,False,0.71444,0.71444,1,1,no_change,
txn_003106,492.67,bank_decline,retry,0.45827299241582314,retry,payment_link,True,0.39294000000000007,0.29294,1,0,policy_hurt,
txn_009234,2480.12,network_error,retry,0.6027769548430719,retry,payment_link,True,0.6275,0.3275,1,1,same_outcome,
txn_009097,2885.28,bank_decline,retry,0.49585440928698005,retry,payment_link,True,0.39,0.29000000000000004,1,1,same_outcome,
txn_002770,733.06,network_error,retry,0.5667691308446506,retry,payment_link,True,0.5433399999999999,0.24333999999999995,0,0,same_outcome,
txn_005222,687.96,insufficient_balance,retry,0.47151439178982896,payment_link,reminder,True,0.31000000000000005,0.43999999999999995,0,0,same_outcome,
txn_005834,1156.01,network_error,retry,0.5946968233144397,retry,payment_link,True,0.5191,0.21910000000000002,0,0,same_outcome,
txn_001733,5188.05,gateway_error,retry,0.544214336859443,retry,payment_link,True,0.56,0.31000000000000005,0,0,same_outcome,
txn_000266,713.19,gateway_error,retry,0.675146488530207,retry,retry,False,0.70572,0.70572,0,0,no_change,
txn_005145,2187.74,bank_decline,retry,0.6752277019513314,retry,retry,False,0.61044,0.61044,0,0,no_change,
txn_008268,3552.52,bank_decline,retry,0.6339960219719751,retry,retry,False,0.6,0.6,1,1,no_change,
txn_003938,1317.93,network_error,retry,0.7552494261639614,retry,retry,False,0.85,0.85,1,1,no_change,
txn_000762,1744.98,gateway_error,retry,0.7520718307975767,retry,retry,False,0.776,0.776,1,1,no_change,
txn_007221,981.94,gateway_error,retry,0.6000539341365817,retry,reminder,True,0.5784599999999999,0.29845999999999995,0,0,same_outcome,
txn_008440,1195.25,gateway_error,retry,0.7046987154156408,retry,retry,False,0.77142,0.77142,1,1,no_change,
txn_003258,871.57,expired_card,payment_link,0.7347357780256898,payment_link,payment_link,False,0.76428,0.76428,1,1,no_change,
txn_004339,1709.05,bank_decline,retry,0.6910523514286775,retry,retry,False,0.6281399999999999,0.6281399999999999,0,0,no_change,
txn_004363,1851.85,network_error,retry,0.40765349878356366,retry,payment_link,True,0.4099999999999999,0.10999999999999999,1,1,same_outcome,
txn_000317,450.9,gateway_error,retry,0.6111026907855168,retry,retry,False,0.6666599999999999,0.6666599999999999,1,1,no_change,
txn_008070,554.53,network_error,retry,0.7514491915885371,retry,retry,False,0.81,0.81,0,0,no_change,
txn_001852,416.05,insufficient_balance,reminder,0.5006846071552725,reminder,reminder,False,0.39999999999999997,0.39999999999999997,0,0,no_change,
txn_002485,526.0,gateway_error,retry,0.6105589991226278,retry,retry,False,0.68522,0.68522,1,1,no_change,
txn_009874,612.41,authentication_failed,payment_link,0.4134151181450928,payment_link,payment_link,False,0.3600000000000001,0.3600000000000001,0,0,no_change,
txn_009575,871.05,gateway_error,retry,0.6337360938254822,retry,retry,False,0.6533399999999999,0.6533399999999999,1,1,no_change,
txn_001079,225.11,network_error,retry,0.5260962421477338,retry,payment_link,True,0.51,0.21000000000000002,0,0,same_outcome,
txn_008359,601.17,authentication_failed,payment_link,0.4832158098452326,payment_link,payment_link,False,0.40166,0.40166,1,1,no_change,
txn_007334,4995.69,gateway_error,retry,0.5331816667002397,retry,payment_link,True,0.4933399999999999,0.24333999999999995,0,0,same_outcome,
txn_001072,1069.27,network_error,retry,0.7635676395028722,retry,retry,False,0.72238,0.72238,1,1,no_change,
txn_000104,274.64,bank_decline,retry,0.6294072270674321,retry,retry,False,0.5891,0.5891,1,1,no_change,
txn_005749,1383.95,network_error,retry,0.7335062028947225,retry,retry,False,0.7355200000000001,0.7355200000000001,0,0,no_change,
txn_001419,1977.06,gateway_error,retry,0.39280913736194634,retry,retry,False,0.5499999999999999,0.5499999999999999,1,1,no_change,
txn_001659,1870.39,gateway_error,retry,0.5818812751094404,retry,reminder,True,0.592,0.31200000000000006,1,1,same_outcome,
txn_005285,189.79,gateway_error,retry,0.750731458907308,retry,retry,False,0.77242,0.77242,1,1,no_change,
txn_001150,6182.97,bank_decline,retry,0.6483008480751556,retry,retry,False,0.6273599999999999,0.6273599999999999,0,0,no_change,
txn_007151,1187.85,insufficient_balance,reminder,0.446732168670887,reminder,reminder,False,0.39714000000000005,0.39714000000000005,0,0,no_change,
txn_001569,1057.25,bank_decline,retry,0.49991088708845316,retry,reminder,True,0.40666,0.27666,0,0,same_outcome,
txn_001088,2071.82,insufficient_balance,reminder,0.41357191233320634,reminder,reminder,False,0.40666,0.40666,1,1,no_change,
txn_006086,1763.63,bank_decline,retry,0.49793747335679633,retry,reminder,True,0.43999999999999995,0.31000000000000005,1,0,policy_hurt,
txn_008675,992.42,insufficient_balance,reminder,0.5996879337413563,reminder,reminder,False,0.6,0.6,1,1,no_change,
txn_008342,927.32,bank_decline,retry,0.5987499600815731,retry,retry,False,0.57858,0.57858,1,1,no_change,
txn_007812,581.5,gateway_error,retry,0.4772560608063236,retry,payment_link,True,0.4724999999999999,0.22249999999999998,0,0,same_outcome,
txn_006085,1716.54,bank_decline,retry,0.5506333942573326,retry,reminder,True,0.47294,0.34294,0,0,same_outcome,
txn_008774,961.61,network_error,retry,0.6971592230856284,retry,retry,False,0.71118,0.71118,1,1,no_change,
txn_008758,2602.55,bank_decline,retry,0.23241517913670143,retry,payment_link,True,0.24,0.14,0,0,same_outcome,
txn_001693,1245.45,insufficient_balance,payment_link,0.6148297293927004,payment_link,reminder,True,0.46481999999999996,0.54482,0,0,same_outcome,
txn_004735,1321.65,expired_card,payment_link,0.7017287276532308,payment_link,payment_link,False,0.71666,0.71666,1,1,no_change,
txn_003388,12183.24,bank_decline,retry,0.293921416522164,retry,retry,False,0.35,0.35,1,1,no_change,
txn_003647,1173.84,gateway_error,retry,0.5846680626602043,retry,payment_link,True,0.58286,0.33286000000000004,1,0,policy_hurt,
txn_001684,1396.56,authentication_failed,payment_link,0.43117074168706837,payment_link,payment_link,False,0.37851999999999997,0.37851999999999997,1,1,no_change,
txn_000009,1382.01,network_error,retry,0.6101403087342334,retry,payment_link,True,0.6185799999999999,0.31858,1,1,same_outcome,
txn_006063,142.83,insufficient_balance,reminder,0.4699187189048729,reminder,reminder,False,0.41778000000000004,0.41778000000000004,1,1,no_change,
txn_006517,839.06,gateway_error,retry,0.551982378513964,retry,payment_link,True,0.56414,0.31414,1,0,policy_hurt,
txn_004124,338.48,gateway_error,retry,0.5506454120879429,retry,reminder,True,0.58,0.29999999999999993,0,0,same_outcome,
txn_008730,858.48,expired_card,reminder,0.2983064120467714,reminder,reminder,False,0.29,0.29,0,0,no_change,
txn_006046,2305.28,bank_decline,retry,0.5383170916383396,retry,reminder,True,0.45333999999999997,0.32333999999999996,1,0,policy_hurt,
txn_000568,778.96,bank_decline,retry,0.6820066220113715,retry,retry,False,0.63,0.63,0,0,no_change,
txn_009162,10657.22,expired_card,payment_link,0.6057940964861168,payment_link,payment_link,False,0.6900000000000001,0.6900000000000001,0,0,no_change,
txn_001804,1708.01,insufficient_balance,reminder,0.6494329689085305,reminder,reminder,False,0.61334,0.61334,1,1,no_change,
txn_008502,617.16,gateway_error,retry,0.5167786148745638,retry,payment_link,True,0.5599999999999999,0.30999999999999994,1,1,same_outcome,
txn_004901,401.23,authentication_failed,payment_link,0.488643624939928,payment_link,payment_link,False,0.4039999999999999,0.4039999999999999,0,0,no_change,
txn_001600,1675.46,bank_decline,retry,0.2747363487226121,retry,payment_link,True,0.26999999999999996,0.16999999999999998,1,0,policy_hurt,
txn_007932,1924.38,bank_decline,retry,0.5911101787249632,retry,retry,False,0.55,0.55,1,1,no_change,
txn_009548,2515.72,expired_card,payment_link,0.7011711770866611,payment_link,payment_link,False,0.72834,0.72834,0,0,no_change,
txn_002824,2376.7,insufficient_balance,reminder,0.37902217649140585,reminder,reminder,False,0.43,0.43,0,0,no_change,
txn_005468,1742.09,insufficient_balance,payment_link,0.6415324221591706,payment_link,reminder,True,0.55238,0.6323799999999999,0,0,same_outcome,
txn_003530,2528.97,network_error,retry,0.741763174081501,retry,retry,False,0.83,0.83,1,1,no_change,
txn_008684,1135.97,insufficient_balance,reminder,0.5898815294284228,reminder,reminder,False,0.53794,0.53794,0,0,no_change,
txn_001156,1113.31,expired_card,payment_link,0.7140730662845589,payment_link,payment_link,False,0.83948,0.83948,1,1,no_change,
txn_006548,531.97,bank_decline,retry,0.5602997139696462,retry,reminder,True,0.5199999999999999,0.39,1,1,same_outcome,
txn_009089,923.16,bank_decline,retry,0.5204904503922879,retry,payment_link,True,0.38286,0.28286,1,0,policy_hurt,
txn_007621,1113.93,gateway_error,retry,0.5753281745686012,retry,reminder,True,0.5475,0.26749999999999996,1,1,same_outcome,
txn_008297,993.95,bank_decline,retry,0.7085185912713543,retry,retry,False,0.64924,0.64924,0,0,no_change,
txn_004541,549.47,authentication_failed,payment_link,0.46887407035912504,payment_link,payment_link,False,0.40545999999999993,0.40545999999999993,1,1,no_change,
txn_009135,1166.77,authentication_failed,reminder,0.4771802764559163,reminder,reminder,False,0.32666000000000006,0.32666000000000006,0,0,no_change,
txn_006483,690.16,insufficient_balance,retry,0.5729609081344543,reminder,reminder,True,0.41118,0.5411800000000001,0,0,same_outcome,
txn_005827,5116.65,insufficient_balance,reminder,0.4692028871547678,reminder,reminder,False,0.40296,0.40296,0,0,no_change,
txn_001191,13271.36,authentication_failed,payment_link,0.5899090857993383,payment_link,payment_link,False,0.66296,0.66296,1,1,no_change,
txn_007445,1208.84,insufficient_balance,retry,0.5818258837867889,retry,retry,False,0.43,0.43,0,0,no_change,
txn_008521,4395.82,network_error,retry,0.5312536979970054,retry,payment_link,True,0.52304,0.22304000000000002,0,0,same_outcome,
txn_000961,365.76,network_error,retry,0.604517243720158,retry,payment_link,True,0.6233399999999999,0.32333999999999996,0,0,same_outcome,
txn_007455,1055.54,bank_decline,retry,0.4604298747071124,retry,payment_link,True,0.3400000000000001,0.24000000000000005,0,0,same_outcome,
txn_000037,554.13,bank_decline,retry,0.5694194402867235,retry,retry,False,0.53334,0.53334,0,0,no_change,
txn_007517,664.81,network_error,retry,0.6883890667528653,retry,retry,False,0.71,0.71,0,0,no_change,
txn_007645,801.54,bank_decline,retry,0.6046863344397783,retry,retry,False,0.57142,0.57142,1,1,no_change,
txn_004439,683.48,insufficient_balance,reminder,0.509149962633934,reminder,reminder,False,0.472,0.472,0,0,no_change,
txn_006162,1169.45,gateway_error,retry,0.4800695251904286,retry,reminder,True,0.49794000000000005,0.21794000000000002,1,1,same_outcome,
txn_007745,596.12,authentication_failed,reminder,0.7285926974255021,reminder,reminder,False,0.61,0.61,0,0,no_change,
txn_009588,898.84,gateway_error,retry,0.7276716826763148,retry,retry,False,0.7200000000000001,0.7200000000000001,0,0,no_change,
txn_008120,648.98,gateway_error,retry,0.7206470522698877,retry,retry,False,0.74,0.74,1,1,no_change,
txn_006968,1796.17,bank_decline,retry,0.5269017989385952,retry,payment_link,True,0.4574999999999999,0.35749999999999993,1,0,policy_hurt,
txn_005719,6212.04,bank_decline,retry,0.42888176673797507,retry,payment_link,True,0.36632,0.26632,1,1,same_outcome,
txn_000578,1100.42,bank_decline,retry,0.5542410066928308,retry,reminder,True,0.48153999999999997,0.35153999999999996,0,0,same_outcome,
txn_009834,3382.78,authentication_failed,payment_link,0.6026417184475582,payment_link,payment_link,False,0.6018200000000001,0.6018200000000001,1,1,no_change,
txn_004103,957.6,bank_decline,retry,0.4728944879680297,retry,payment_link,True,0.39237999999999995,0.29238,1,1,same_outcome,
txn_007647,590.94,network_error,retry,0.7172561812355366,retry,retry,False,0.71782,0.71782,1,1,no_change,
txn_004152,7183.43,gateway_error,retry,0.5798970537100653,retry,reminder,True,0.53392,0.25392000000000003,1,1,same_outcome,
txn_003131,1353.59,gateway_error,retry,0.5891678478034132,retry,payment_link,True,0.5866599999999998,0.33665999999999996,1,0,policy_hurt,
txn_004891,748.18,insufficient_balance,reminder,0.5681707845918758,reminder,reminder,False,0.54666,0.54666,1,1,no_change,
txn_009976,1735.96,network_error,retry,0.6201317729869956,retry,payment_link,True,0.58142,0.28142,1,0,policy_hurt,
txn_007472,641.12,gateway_error,retry,0.6447365002314362,retry,retry,False,0.6266600000000001,0.6266600000000001,1,1,no_change,
txn_001834,389.59,expired_card,payment_link,0.5509308422434863,payment_link,payment_link,False,0.5009,0.5009,1,1,no_change,
txn_009149,1120.25,bank_decline,retry,0.49457897730856776,retry,payment_link,True,0.365,0.265,0,0,same_outcome,
txn_004892,424.93,bank_decline,retry,0.6708495837204302,retry,retry,False,0.64,0.64,1,1,no_change,
txn_002288,2907.11,insufficient_balance,payment_link,0.5852684049512041,payment_link,reminder,True,0.48154,0.56154,0,0,same_outcome,
txn_001331,1138.07,insufficient_balance,payment_link,0.6338242583045858,payment_link,reminder,True,0.55384,0.63384,1,1,same_outcome,
txn_002772,2267.82,gateway_error,retry,0.5592845734712296,retry,payment_link,True,0.5710399999999999,0.32104,1,1,same_outcome,
txn_003687,1566.06,gateway_error,retry,0.524051753985439,retry,payment_link,True,0.5309,0.28090000000000004,1,0,policy_hurt,
txn_008284,2476.38,expired_card,payment_link,0.6969513122937474,payment_link,payment_link,False,0.7300000000000001,0.7300000000000001,1,1,no_change,
txn_005929,1887.05,bank_decline,retry,0.5564651305333045,retry,payment_link,True,0.495,0.3949999999999999,1,1,same_outcome,
txn_000638,1069.47,insufficient_balance,reminder,0.6095715685699767,reminder,reminder,False,0.6239999999999999,0.6239999999999999,1,1,no_change,
txn_000048,907.34,network_error,retry,0.7761845372388838,retry,retry,False,0.8079,0.8079,0,0,no_change,
txn_002603,4459.01,insufficient_balance,reminder,0.617837001761942,reminder,reminder,False,0.62616,0.62616,1,1,no_change,
txn_001966,1244.3,gateway_error,retry,0.6108620916248078,retry,payment_link,True,0.64,0.39,1,0,policy_hurt,
txn_002169,1302.97,bank_decline,retry,0.5701034066315088,retry,payment_link,True,0.47861999999999993,0.37861999999999996,0,0,same_outcome,
txn_005050,420.16,gateway_error,retry,0.6899630131501455,retry,retry,False,0.7333399999999999,0.7333399999999999,1,1,no_change,
txn_003335,469.69,gateway_error,retry,0.772597922565419,retry,retry,False,0.8,0.8,1,1,no_change,
txn_003020,439.18,insufficient_balance,reminder,0.529269021692594,reminder,reminder,False,0.48666,0.48666,0,0,no_change,
txn_008765,1440.45,gateway_error,retry,0.7585664666223272,retry,retry,False,0.74546,0.74546,0,0,no_change,
txn_009177,2796.93,gateway_error,retry,0.5645892250522887,retry,payment_link,True,0.58,0.32999999999999996,1,1,same_outcome,
txn_001361,2517.08,bank_decline,retry,0.6426221006158841,retry,retry,False,0.58666,0.58666,1,1,no_change,
txn_005799,1497.46,gateway_error,retry,0.7225890291696236,retry,retry,False,0.7259199999999999,0.7259199999999999,1,1,no_change,
txn_009401,1713.88,network_error,retry,0.6683195689332637,retry,payment_link,True,0.65552,0.35551999999999995,1,0,policy_hurt,
txn_003252,2967.82,insufficient_balance,reminder,0.4448806652806727,reminder,reminder,False,0.3978999999999999,0.3978999999999999,0,0,no_change,
txn_006301,646.44,gateway_error,retry,0.5000775554719042,retry,payment_link,True,0.4933399999999999,0.24333999999999995,1,1,same_outcome,
txn_002252,1577.45,expired_card,payment_link,0.6353420637219052,payment_link,payment_link,False,0.65,0.65,1,1,no_change,
txn_006028,326.0,gateway_error,reminder,0.30010108499254984,reminder,reminder,False,0.19,0.19,0,0,no_change,
txn_001176,781.08,authentication_failed,reminder,0.4185445161674227,reminder,reminder,False,0.36999999999999994,0.36999999999999994,1,1,no_change,
txn_008800,630.62,insufficient_balance,retry,0.6169766341622017,retry,retry,False,0.422,0.422,0,0,no_change,
txn_003280,462.0,insufficient_balance,payment_link,0.4475472230584583,payment_link,reminder,True,0.31714,0.39714000000000005,0,0,same_outcome,
txn_002974,1122.72,authentication_failed,reminder,0.5015431057364673,reminder,reminder,False,0.385,0.385,1,1,no_change,
txn_003397,10106.11,gateway_error,retry,0.5968196793037676,retry,retry,False,0.7091000000000001,0.7091000000000001,1,1,no_change,
txn_006940,1184.5,expired_card,payment_link,0.771697612902079,payment_link,payment_link,False,0.85,0.85,1,1,no_change,
txn_000966,745.07,bank_decline,retry,0.1814133597463935,payment_link,payment_link,True,0.19,0.09000000000000001,0,0,same_outcome,
txn_008575,1115.57,gateway_error,retry,0.597944124509755,retry,payment_link,True,0.64,0.39,1,1,same_outcome,
txn_000743,1017.28,network_error,retry,0.7189772813101935,retry,payment_link,True,0.64238,0.34238,1,1,same_outcome,
txn_007515,873.96,insufficient_balance,retry,0.4449247335982152,retry,reminder,True,0.31000000000000005,0.43999999999999995,1,1,same_outcome,
txn_003315,639.01,gateway_error,retry,0.5517142714175575,retry,payment_link,True,0.568,0.31799999999999995,1,1,same_outcome,
txn_004899,405.64,authentication_failed,payment_link,0.5842428509227022,reminder,reminder,True,0.6,0.55,0,0,same_outcome,
txn_009341,727.81,authentication_failed,reminder,0.5288133082936443,reminder,reminder,False,0.45924,0.45924,1,1,no_change,
txn_004673,661.53,insufficient_balance,reminder,0.6335430333991118,reminder,reminder,False,0.63,0.63,1,1,no_change,
txn_008619,216.22,insufficient_balance,reminder,0.5861139794199773,reminder,reminder,False,0.48572,0.48572,0,0,no_change,
txn_001218,698.64,gateway_error,retry,0.6283587064127979,retry,payment_link,True,0.59556,0.34556,0,0,same_outcome,
txn_004398,132.81,network_error,retry,0.6058141456438845,retry,payment_link,True,0.61,0.31000000000000005,1,1,same_outcome,
txn_006081,3480.8,insufficient_balance,payment_link,0.6211228036440032,payment_link,reminder,True,0.552,0.632,0,0,same_outcome,
txn_002615,4844.91,gateway_error,retry,0.3455488486270939,retry,retry,False,0.5499999999999999,0.5499999999999999,0,0,no_change,
txn_002621,1159.23,network_error,retry,0.6217845519619533,retry,payment_link,True,0.578,0.278,1,1,same_outcome,
txn_008715,1016.03,gateway_error,retry,0.5960111852261529,retry,reminder,True,0.6092399999999999,0.32924,0,0,same_outcome,
txn_007283,256.49,network_error,retry,0.7408452282918873,retry,retry,False,0.75334,0.75334,0,0,no_change,
txn_003380,966.87,bank_decline,retry,0.6332860007365819,retry,retry,False,0.6030800000000001,0.6030800000000001,1,1,no_change,
txn_007302,566.88,network_error,retry,0.7406000013987184,retry,retry,False,0.85,0.85,0,0,no_change,
txn_009858,309.97,gateway_error,retry,0.5254685106015515,retry,payment_link,True,0.48727999999999994,0.23728,1,0,policy_hurt,
txn_005606,343.15,authentication_failed,payment_link,0.6432292249129079,payment_link,payment_link,False,0.66666,0.66666,1,1,no_change,
txn_009814,409.72,network_error,retry,0.6841679545997574,retry,payment_link,True,0.65,0.35,0,0,same_outcome,
txn_005787,1970.04,authentication_failed,reminder,0.49640145113491757,reminder,reminder,False,0.36,0.36,0,0,no_change,
txn_008519,1596.87,gateway_error,retry,0.7225907978133657,retry,retry,False,0.7200000000000001,0.7200000000000001,0,0,no_change,
txn_006851,920.58,bank_decline,retry,0.5214308770586954,retry,reminder,True,0.4993199999999999,0.36932,1,1,same_outcome,
txn_001517,3850.59,gateway_error,retry,0.6620266853680319,retry,retry,False,0.7529399999999999,0.7529399999999999,0,0,no_change,
txn_005099,390.46,expired_card,payment_link,0.6332028269625324,payment_link,payment_link,False,0.77,0.77,1,1,no_change,
txn_007637,949.5,network_error,retry,0.612716515285141,retry,payment_link,True,0.56,0.26,1,1,same_outcome,
txn_009086,1439.74,authentication_failed,reminder,0.6862894742106997,reminder,reminder,False,0.61,0.61,1,1,no_change,
txn_008024,787.65,gateway_error,retry,0.7488897240871734,retry,retry,False,0.7200000000000001,0.7200000000000001,1,1,no_change,
txn_002393,600.96,bank_decline,retry,0.6319386193416425,retry,retry,False,0.61334,0.61334,1,1,no_change,
txn_000587,1565.49,gateway_error,retry,0.570050269676436,retry,payment_link,True,0.5784599999999999,0.32846,1,1,same_outcome,
txn_003520,1007.46,network_error,retry,0.6364887893002258,retry,payment_link,True,0.65,0.35,1,1,same_outcome,
txn_007654,3789.1,network_error,retry,0.7036127016754712,retry,retry,False,0.71286,0.71286,1,1,no_change,
txn_008947,3700.59,insufficient_balance,reminder,0.597290759229148,reminder,reminder,False,0.64666,0.64666,1,1,no_change,
txn_000851,402.83,network_error,retry,0.7601852655105744,retry,retry,False,0.82142,0.82142,1,1,no_change,
txn_000336,7117.25,bank_decline,retry,0.4962667797914717,retry,payment_link,True,0.43304,0.33304,0,0,same_outcome,
txn_006635,1235.47,bank_decline,retry,0.6221557350070397,retry,retry,False,0.56,0.56,0,0,no_change,
txn_008973,699.18,authentication_failed,payment_link,0.5064524353298882,payment_link,payment_link,False,0.47334,0.47334,1,1,no_change,
txn_007494,1397.22,insufficient_balance,reminder,0.5916201968945874,reminder,reminder,False,0.55,0.55,0,0,no_change,
txn_002869,597.62,gateway_error,retry,0.5444147762706617,retry,payment_link,True,0.5399999999999999,0.29000000000000004,0,0,same_outcome,
txn_004873,1513.0,bank_decline,retry,0.5550873911194446,retry,reminder,True,0.48153999999999997,0.35153999999999996,1,1,same_outcome,
txn_003551,438.89,network_error,retry,0.6795293513852526,retry,retry,False,0.67,0.67,1,1,no_change,
txn_003843,2700.53,bank_decline,retry,0.5335465371770653,retry,payment_link,True,0.48666,0.38666,0,0,same_outcome,
txn_007263,493.87,insufficient_balance,payment_link,0.6324226313854818,payment_link,reminder,True,0.552,0.632,1,1,same_outcome,
txn_005825,368.69,bank_decline,retry,0.6371947238154251,retry,retry,False,0.59578,0.59578,1,1,no_change,
txn_000024,2572.89,bank_decline,retry,0.6307270720022357,retry,retry,False,0.5692400000000001,0.5692400000000001,0,0,no_change,
txn_001454,2188.2,authentication_failed,reminder,0.5990854549657294,reminder,reminder,False,0.44199999999999995,0.44199999999999995,1,1,no_change,
txn_001685,1116.94,insufficient_balance,reminder,0.4957947203464497,reminder,reminder,False,0.46399999999999986,0.46399999999999986,1,1,no_change,
txn_002311,864.24,gateway_error,retry,0.5194224889156307,retry,payment_link,True,0.4933399999999999,0.24333999999999995,0,0,same_outcome,
txn_009064,1013.8,network_error,retry,0.764087011336158,retry,retry,False,0.73666,0.73666,1,1,no_change,
txn_009407,1088.27,insufficient_balance,payment_link,0.6170584862875693,payment_link,reminder,True,0.54286,0.62286,1,1,same_outcome,
txn_000382,2716.31,bank_decline,retry,0.5907665822120614,retry,retry,False,0.5091,0.5091,0,0,no_change,
txn_005815,917.09,bank_decline,retry,0.48131444268087603,retry,payment_link,True,0.3811800000000001,0.28118,0,0,same_outcome,
txn_005551,857.16,insufficient_balance,payment_link,0.48928033628332873,payment_link,reminder,True,0.35427999999999993,0.4342799999999999,0,0,same_outcome,
txn_009309,550.99,expired_card,payment_link,0.520027268641675,payment_link,payment_link,False,0.49,0.49,0,0,no_change,
txn_001619,366.06,gateway_error,retry,0.6083743487963041,retry,retry,False,0.6463200000000001,0.6463200000000001,1,1,no_change,
txn_000790,892.15,bank_decline,retry,0.47810888983162037,retry,payment_link,True,0.39,0.29000000000000004,1,1,same_outcome,
txn_005984,2083.0,bank_decline,retry,0.5145311057546611,retry,payment_link,True,0.44631999999999994,0.34631999999999996,0,0,same_outcome,
txn_008673,1352.22,gateway_error,retry,0.6564027106347385,retry,retry,False,0.6628600000000001,0.6628600000000001,1,1,no_change,
txn_004476,707.27,network_error,retry,0.6910295231474614,retry,retry,False,0.7833399999999999,0.7833399999999999,1,1,no_change,
txn_005607,2334.17,gateway_error,retry,0.7244914590426285,retry,retry,False,0.72308,0.72308,0,0,no_change,
txn_009313,1111.31,expired_card,payment_link,0.658007931945614,payment_link,payment_link,False,0.7200000000000001,0.7200000000000001,1,1,no_change,
txn_005649,3717.32,gateway_error,retry,0.6243239215634556,retry,payment_link,True,0.61142,0.36141999999999996,1,0,policy_hurt,
txn_006217,148.15,insufficient_balance,reminder,0.4265193518084595,reminder,reminder,False,0.40842,0.40842,1,1,no_change,
txn_002287,4336.02,network_error,retry,0.6202703141563373,retry,payment_link,True,0.585,0.28500000000000003,0,0,same_outcome,
txn_009994,1371.45,expired_card,payment_link,0.7165941775277401,payment_link,payment_link,False,0.80834,0.80834,1,1,no_change,
txn_007579,1410.03,insufficient_balance,reminder,0.5806942942723563,reminder,reminder,False,0.5461600000000001,0.5461600000000001,0,0,no_change,
txn_001184,399.71,gateway_error,retry,0.5559840027300312,retry,reminder,True,0.58482,0.30482,1,0,policy_hurt,
txn_006002,1777.93,network_error,retry,0.7797772244947119,retry,retry,False,0.8,0.8,1,1,no_change,
txn_005091,238.83,authentication_failed,payment_link,0.6949371522318143,payment_link,payment_link,False,0.6571400000000001,0.6571400000000001,0,0,no_change,
txn_002517,780.23,network_error,retry,0.6894757717133974,retry,payment_link,True,0.65428,0.35428000000000004,0,0,same_outcome,
txn_004123,1069.67,bank_decline,retry,0.5126678775228001,retry,payment_link,True,0.35427999999999993,0.25428,0,0,same_outcome,
txn_005522,1053.92,gateway_error,retry,0.7917383465933496,retry,retry,False,0.76666,0.76666,1,1,no_change,
txn_005628,1468.71,authentication_failed,payment_link,0.4450244603797636,payment_link,payment_link,False,0.37112,0.37112,0,0,no_change,
txn_008361,392.77,insufficient_balance,reminder,0.4439290609304415,reminder,reminder,False,0.40924000000000005,0.40924000000000005,0,0,no_change,
txn_005873,451.87,insufficient_balance,payment_link,0.609781635373917,reminder,reminder,True,0.6,0.6799999999999999,1,1,same_outcome,
txn_008613,620.73,bank_decline,retry,0.4938967440897712,retry,payment_link,True,0.44631999999999994,0.34631999999999996,1,1,same_outcome,
txn_007728,3034.71,insufficient_balance,reminder,0.5782925468082927,reminder,reminder,False,0.51428,0.51428,0,0,no_change,
txn_005969,1962.27,bank_decline,reminder,0.3098797623066101,reminder,reminder,False,0.21999999999999997,0.21999999999999997,0,0,no_change,
txn_001181,661.22,gateway_error,retry,0.4667453049595278,retry,payment_link,True,0.48,0.22999999999999998,1,0,policy_hurt,
txn_008763,4897.95,bank_decline,retry,0.4736491862452702,retry,payment_link,True,0.35817999999999994,0.25818,1,1,same_outcome,
txn_008236,1097.91,authentication_failed,payment_link,0.6273101725758309,payment_link,payment_link,False,0.55334,0.55334,0,0,no_change,
txn_002819,471.88,network_error,retry,0.5993125500865086,retry,payment_link,True,0.56,0.26,1,0,policy_hurt,
txn_009965,279.6,authentication_failed,payment_link,0.5484540998679864,payment_link,payment_link,False,0.4685799999999999,0.4685799999999999,0,0,no_change,
txn_008704,4266.47,expired_card,payment_link,0.4769406136740239,payment_link,payment_link,False,0.53728,0.53728,1,1,no_change,
txn_006609,365.78,expired_card,payment_link,0.5596139774413716,payment_link,payment_link,False,0.56,0.56,0,0,no_change,
txn_002821,787.14,bank_decline,retry,0.5851000484887756,retry,retry,False,0.5294200000000001,0.5294200000000001,1,1,no_change,
txn_007536,241.57,bank_decline,retry,0.5866042902039916,retry,retry,False,0.568,0.568,1,1,no_change,
txn_002261,261.33,insufficient_balance,reminder,0.5413262195375858,reminder,reminder,False,0.48,0.48,0,0,no_change,
txn_002240,764.89,insufficient_balance,reminder,0.43707124427851785,reminder,reminder,False,0.3400000000000001,0.3400000000000001,0,0,no_change,
txn_006022,1354.54,expired_card,payment_link,0.6768922038152241,payment_link,payment_link,False,0.8,0.8,1,1,no_change,
txn_000783,2693.19,authentication_failed,payment_link,0.6778322294656286,payment_link,payment_link,False,0.6571400000000001,0.6571400000000001,1,1,no_change,
txn_000933,548.78,bank_decline,retry,0.524075925990421,retry,payment_link,True,0.43999999999999995,0.33999999999999997,0,0,same_outcome,
txn_006203,3236.97,bank_decline,retry,0.5685244526415394,retry,retry,False,0.49600000000000005,0.49600000000000005,0,0,no_change,
txn_002413,1532.64,expired_card,payment_link,0.7483767278952469,payment_link,payment_link,False,0.8,0.8,1,1,no_change,
txn_006998,596.05,bank_decline,retry,0.5619537692844797,retry,reminder,True,0.48250000000000004,0.35250000000000004,0,0,same_outcome,
txn_009116,1893.75,expired_card,payment_link,0.6153463828277611,payment_link,payment_link,False,0.695,0.695,0,0,no_change,
txn_001157,518.22,gateway_error,retry,0.5472593095933503,retry,payment_link,True,0.5557799999999999,0.30577999999999994,0,0,same_outcome,
txn_008108,306.95,network_error,retry,0.6606029207175056,retry,retry,False,0.7899999999999999,0.7899999999999999,1,1,no_change,
txn_005806,409.18,authentication_failed,payment_link,0.4750243586428726,payment_link,payment_link,False,0.385,0.385,0,0,no_change,
txn_004880,330.0,bank_decline,reminder,0.5052365111367731,reminder,reminder,False,0.26999999999999996,0.26999999999999996,1,1,no_change,
txn_003310,2062.34,expired_card,payment_link,0.5955124570509798,payment_link,payment_link,False,0.58,0.58,0,0,no_change,
txn_008962,734.1,network_error,retry,0.7096907485583176,retry,retry,False,0.8,0.8,0,0,no_change,
txn_001703,930.0,gateway_error,retry,0.5283187434541464,retry,payment_link,True,0.5399999999999999,0.29000000000000004,0,0,same_outcome,
txn_002493,550.47,gateway_error,retry,0.5521763787410872,retry,reminder,True,0.52364,0.24364000000000002,1,1,same_outcome,
txn_003707,377.82,authentication_failed,payment_link,0.6427625141625268,payment_link,payment_link,False,0.57384,0.57384,1,1,no_change,
txn_008277,1941.38,expired_card,payment_link,0.6668296376496458,payment_link,payment_link,False,0.70334,0.70334,0,0,no_change,
txn_000287,1256.57,network_error,retry,0.5813143661556868,retry,payment_link,True,0.51,0.21000000000000002,1,1,same_outcome,
txn_001609,742.5,authentication_failed,payment_link,0.5166211977698971,payment_link,payment_link,False,0.5326,0.5326,0,0,no_change,
txn_006632,955.79,gateway_error,retry,0.5199891821599656,retry,payment_link,True,0.47034,0.22033999999999998,1,0,policy_hurt,
txn_008279,877.66,gateway_error,retry,0.6186139940218436,retry,reminder,True,0.5979,0.31789999999999996,0,0,same_outcome,
txn_007316,1060.71,gateway_error,retry,0.7895524005201164,retry,retry,False,0.76666,0.76666,0,0,no_change,
txn_002253,3528.58,gateway_error,retry,0.5152043713658503,retry,payment_link,True,0.48,0.22999999999999998,1,0,policy_hurt,
txn_007416,1470.43,expired_card,payment_link,0.6832689000217885,payment_link,payment_link,False,0.7200000000000001,0.7200000000000001,1,1,no_change,
txn_008366,1200.03,authentication_failed,payment_link,0.5559077215863988,payment_link,payment_link,False,0.5,0.5,0,0,no_change,
txn_001892,977.08,bank_decline,retry,0.5415705407845375,retry,reminder,True,0.47,0.33999999999999997,0,0,same_outcome,
txn_005063,3055.18,insufficient_balance,reminder,0.6131789538476188,reminder,reminder,False,0.6281399999999999,0.6281399999999999,1,1,no_change,
txn_006121,2742.82,expired_card,payment_link,0.6366978355479371,payment_link,payment_link,False,0.71286,0.71286,1,1,no_change,
txn_000564,2054.86,bank_decline,retry,0.5394521222158769,retry,reminder,True,0.47,0.33999999999999997,0,0,same_outcome,
txn_000292,448.25,bank_decline,retry,0.2153198331912832,reminder,reminder,True,0.19,0.059999999999999984,0,0,same_outcome,
txn_004717,907.33,authentication_failed,payment_link,0.6899835118164642,reminder,reminder,True,0.65652,0.60652,1,1,same_outcome,
txn_007709,2465.74,expired_card,payment_link,0.6773329525601125,payment_link,payment_link,False,0.7300000000000001,0.7300000000000001,1,1,no_change,
txn_006350,681.53,expired_card,payment_link,0.569176635264669,payment_link,payment_link,False,0.52428,0.52428,1,1,no_change,
txn_000170,465.18,expired_card,payment_link,0.7204246640104646,payment_link,payment_link,False,0.78044,0.78044,1,1,no_change,
txn_000268,1264.89,bank_decline,retry,0.664511862269627,retry,retry,False,0.56666,0.56666,1,1,no_change,
txn_004639,1343.32,bank_decline,retry,0.5836006702453048,retry,retry,False,0.5000000000000001,0.5000000000000001,0,0,no_change,
txn_007078,1436.32,gateway_error,retry,0.5097631970162297,retry,payment_link,True,0.45999999999999996,0.21000000000000002,1,0,policy_hurt,
txn_003356,907.55,insufficient_balance,reminder,0.5297544692281176,reminder,reminder,False,0.47714,0.47714,0,0,no_change,
txn_008280,2137.31,bank_decline,retry,0.699335399846342,retry,retry,False,0.6323799999999999,0.6323799999999999,1,1,no_change,
txn_000316,643.74,gateway_error,retry,0.5687435942464238,retry,payment_link,True,0.5349999999999999,0.28500000000000003,1,1,same_outcome,
txn_006729,1137.47,bank_decline,retry,0.5010787553459427,retry,payment_link,True,0.41500000000000004,0.31499999999999995,0,0,same_outcome,
txn_009496,714.18,authentication_failed,payment_link,0.49997258596480426,payment_link,payment_link,False,0.41789999999999994,0.41789999999999994,0,0,no_change,
txn_004068,563.73,insufficient_balance,reminder,0.6217063245771705,reminder,reminder,False,0.63556,0.63556,1,1,no_change,
txn_000246,364.77,expired_card,payment_link,0.5927083938322696,payment_link,payment_link,False,0.6599999999999999,0.6599999999999999,1,1,no_change,
txn_000253,466.81,bank_decline,retry,0.7025455244505264,retry,retry,False,0.6317200000000001,0.6317200000000001,1,1,no_change,
txn_001112,415.54,authentication_failed,payment_link,0.4757079534413792,payment_link,payment_link,False,0.43500000000000005,0.43500000000000005,0,0,no_change,
txn_004802,2104.5,bank_decline,retry,0.557054602884169,retry,payment_link,True,0.48551999999999995,0.38552,1,0,policy_hurt,
txn_001714,2522.81,bank_decline,retry,0.5199104103937746,retry,payment_link,True,0.48,0.38,1,1,same_outcome,
txn_000051,1558.06,insufficient_balance,reminder,0.5160109367169732,reminder,reminder,False,0.4574999999999999,0.4574999999999999,1,1,no_change,
txn_001836,1170.39,insufficient_balance,reminder,0.48683487665004804,reminder,reminder,False,0.4290999999999999,0.4290999999999999,0,0,no_change,
txn_007897,293.33,insufficient_balance,payment_link,0.5580864473380995,reminder,reminder,True,0.47293999999999997,0.5529400000000001,0,0,same_outcome,
txn_003384,1827.72,authentication_failed,reminder,0.5432998489729376,reminder,reminder,False,0.49,0.49,0,0,no_change,
txn_006411,6721.84,authentication_failed,payment_link,0.3386426082149389,payment_link,payment_link,False,0.37,0.37,0,0,no_change,
txn_004314,207.87,insufficient_balance,reminder,0.6081600068573372,reminder,reminder,False,0.57142,0.57142,1,1,no_change,
txn_000873,964.59,network_error,retry,0.718063747973532,retry,retry,False,0.75182,0.75182,1,1,no_change,
txn_001255,1771.07,authentication_failed,payment_link,0.6297283413246072,payment_link,payment_link,False,0.5800000000000001,0.5800000000000001,1,1,no_change,
txn_008882,674.91,authentication_failed,payment_link,0.5481861859849567,payment_link,payment_link,False,0.50666,0.50666,0,0,no_change,
txn_005852,325.5,network_error,retry,0.7354375889867814,retry,retry,False,0.7220000000000001,0.7220000000000001,0,0,no_change,
txn_005703,697.92,expired_card,payment_link,0.586655508821239,payment_link,payment_link,False,0.6122199999999999,0.6122199999999999,0,0,no_change,
txn_008104,100.0,network_error,retry,0.5819281694852404,retry,payment_link,True,0.5719,0.27190000000000003,0,0,same_outcome,
txn_002099,2578.48,bank_decline,retry,0.6466828792527815,retry,retry,False,0.56552,0.56552,0,0,no_change,
txn_005129,3386.84,bank_decline,retry,0.5059055367086298,retry,payment_link,True,0.4438,0.3438,0,0,same_outcome,
txn_000249,1085.34,network_error,retry,0.7644339851940001,retry,retry,False,0.842,0.842,1,1,no_change,
txn_006562,1522.43,network_error,retry,0.6105213009731596,retry,payment_link,True,0.5991,0.29910000000000003,1,1,same_outcome,
txn_001340,3046.68,expired_card,payment_link,0.297666797544456,payment_link,payment_link,False,0.4399999999999999,0.4399999999999999,1,1,no_change,
txn_007018,2658.97,gateway_error,retry,0.5139342454154575,retry,payment_link,True,0.4933399999999999,0.24333999999999995,0,0,same_outcome,
txn_002111,508.28,bank_decline,retry,0.6797649123347027,retry,retry,False,0.6799999999999999,0.6799999999999999,1,1,no_change,
txn_001570,484.06,authentication_failed,payment_link,0.5432101328827449,payment_link,payment_link,False,0.49,0.49,0,0,no_change,
txn_001727,1973.32,authentication_failed,reminder,0.5407269839251169,reminder,reminder,False,0.42333999999999994,0.42333999999999994,0,0,no_change,
txn_008385,392.32,network_error,retry,0.7217513071286645,retry,retry,False,0.81,0.81,1,1,no_change,
txn_006941,2404.95,bank_decline,retry,0.6168266703394889,retry,retry,False,0.55,0.55,1,1,no_change,
txn_004396,928.36,bank_decline,retry,0.6635319359219204,retry,retry,False,0.58,0.58,1,1,no_change,
txn_002421,196.23,gateway_error,retry,0.5175625892597986,retry,reminder,True,0.51556,0.23556000000000005,1,1,same_outcome,
txn_003046,1838.85,bank_decline,retry,0.5286444365526307,retry,payment_link,True,0.4218200000000001,0.32182,0,0,same_outcome,
txn_005504,613.4,bank_decline,retry,0.5734800297531069,retry,retry,False,0.5368400000000001,0.5368400000000001,0,0,no_change,
txn_003704,1794.25,insufficient_balance,reminder,0.6160498761148752,reminder,reminder,False,0.5777800000000001,0.5777800000000001,0,0,no_change,
txn_008192,1554.85,insufficient_balance,reminder,0.40199308525525246,reminder,reminder,False,0.3844399999999999,0.3844399999999999,1,1,no_change,
txn_005332,28863.65,expired_card,payment_link,0.5327618595129467,payment_link,payment_link,False,0.5909599999999999,0.5909599999999999,1,1,no_change,
txn_009809,2860.18,expired_card,payment_link,0.33071485820485025,payment_link,payment_link,False,0.5999999999999999,0.5999999999999999,1,1,no_change,
txn_000448,958.82,network_error,retry,0.7159713514082584,retry,retry,False,0.74242,0.74242,0,0,no_change,
txn_007895,374.01,bank_decline,retry,0.44501559930030965,retry,payment_link,True,0.3978999999999999,0.29789999999999994,0,0,same_outcome,
txn_008729,2492.26,insufficient_balance,reminder,0.5055786948933629,reminder,reminder,False,0.47,0.47,1,1,no_change,
txn_007829,1063.73,bank_decline,retry,0.588438369170835,retry,retry,False,0.55,0.55,0,0,no_change,
txn_001769,1185.23,network_error,retry,0.6181078775216376,retry,payment_link,True,0.5499999999999999,0.24999999999999994,1,1,same_outcome,
txn_006809,886.73,insufficient_balance,reminder,0.6304363039066637,reminder,reminder,False,0.66334,0.66334,0,0,no_change,
txn_004705,760.47,authentication_failed,reminder,0.5562247842031104,reminder,reminder,False,0.49,0.49,1,1,no_change,
txn_003870,2375.67,expired_card,payment_link,0.31751317855733713,payment_link,payment_link,False,0.5199999999999999,0.5199999999999999,1,1,no_change,
txn_001656,4371.11,insufficient_balance,reminder,0.5749616255647264,reminder,reminder,False,0.54286,0.54286,0,0,no_change,
txn_003188,8721.6,authentication_failed,payment_link,0.5889491235702853,payment_link,payment_link,False,0.5771400000000001,0.5771400000000001,1,1,no_change,
txn_000684,4767.21,insufficient_balance,payment_link,0.5589929834321968,payment_link,retry,True,0.44942,0.39942,1,0,policy_hurt,
txn_004171,805.1,network_error,retry,0.5858631494032268,retry,payment_link,True,0.56,0.26,1,0,policy_hurt,
txn_004478,10653.92,insufficient_balance,reminder,0.46485904087665736,reminder,reminder,False,0.43999999999999995,0.43999999999999995,1,1,no_change,
txn_000462,854.65,gateway_error,retry,0.4448678489512712,retry,payment_link,True,0.42666000000000004,0.17665999999999998,0,0,same_outcome,
txn_005765,9416.32,insufficient_balance,reminder,0.4772029458088814,reminder,reminder,False,0.43999999999999995,0.43999999999999995,0,0,no_change,
txn_007523,4527.87,expired_card,payment_link,0.6966491116804774,payment_link,payment_link,False,0.8119,0.8119,0,0,no_change,
txn_004503,687.52,insufficient_balance,payment_link,0.5938399137867146,payment_link,reminder,True,0.4584599999999999,0.53846,1,1,same_outcome,
txn_009710,1725.39,authentication_failed,reminder,0.4387727373774522,reminder,reminder,False,0.34334,0.34334,0,0,no_change,
txn_000319,582.9,network_error,retry,0.6175348735387456,retry,payment_link,True,0.62076,0.32076000000000005,1,1,same_outcome,
txn_001146,1011.34,bank_decline,retry,0.26231898661759245,reminder,reminder,True,0.35,0.21999999999999997,1,0,policy_hurt,
txn_005095,3414.71,gateway_error,retry,0.5427669341476524,retry,payment_link,True,0.5,0.24999999999999994,1,1,same_outcome,
txn_001394,998.17,bank_decline,retry,0.6186794469440019,retry,retry,False,0.6199999999999999,0.6199999999999999,0,0,no_change,
txn_006624,1500.17,bank_decline,retry,0.43613602129127127,retry,payment_link,True,0.31499999999999995,0.21500000000000002,0,0,same_outcome,
txn_001502,114.02,network_error,retry,0.6901731130241329,retry,retry,False,0.71736,0.71736,0,0,no_change,
txn_006409,299.41,gateway_error,retry,0.5051758408635287,retry,payment_link,True,0.5,0.24999999999999994,0,0,same_outcome,
txn_000377,539.17,authentication_failed,reminder,0.6777871331377043,reminder,reminder,False,0.65,0.65,1,1,no_change,
txn_000411,495.58,network_error,retry,0.7184963597997196,retry,retry,False,0.7944399999999999,0.7944399999999999,1,1,no_change,
txn_001661,1391.91,expired_card,payment_link,0.6524598133287193,payment_link,payment_link,False,0.70334,0.70334,1,1,no_change,
txn_003152,1061.59,bank_decline,retry,0.6444305589355055,retry,retry,False,0.616,0.616,1,1,no_change,
txn_001624,834.16,bank_decline,retry,0.4625394631550532,retry,reminder,True,0.3477,0.2177,1,1,same_outcome,
txn_005610,745.95,gateway_error,retry,0.5932506978773597,retry,payment_link,True,0.5672799999999999,0.31728,1,1,same_outcome,
txn_008533,2620.81,expired_card,payment_link,0.5493576342668645,payment_link,payment_link,False,0.57666,0.57666,0,0,no_change,
txn_005803,884.9,authentication_failed,payment_link,0.4392214922872401,payment_link,payment_link,False,0.39334,0.39334,0,0,no_change,
txn_005307,725.25,insufficient_balance,reminder,0.5517061223909641,reminder,reminder,False,0.49778,0.49778,0,0,no_change,
txn_007087,1675.63,gateway_error,retry,0.7121173724160742,retry,retry,False,0.7368399999999999,0.7368399999999999,1,1,no_change,
txn_008898,919.42,gateway_error,retry,0.6376924090558901,retry,retry,False,0.68296,0.68296,1,1,no_change,
txn_007489,184.93,expired_card,payment_link,0.6254890152105955,payment_link,payment_link,False,0.6566599999999999,0.6566599999999999,1,1,no_change,
txn_009616,677.72,bank_decline,retry,0.42767844130263616,retry,payment_link,True,0.37044,0.27044,1,1,same_outcome,
txn_009218,496.94,network_error,retry,0.6918456590193809,retry,retry,False,0.68304,0.68304,1,1,no_change,
txn_001673,266.46,gateway_error,retry,0.45024335436904334,retry,retry,False,0.5499999999999999,0.5499999999999999,1,1,no_change,
txn_002359,2831.73,gateway_error,retry,0.6967954343844951,retry,retry,False,0.7749999999999999,0.7749999999999999,0,0,no_change,
txn_008468,651.92,bank_decline,reminder,0.423077038309262,reminder,reminder,False,0.18999999999999997,0.18999999999999997,0,0,no_change,
txn_000275,569.18,gateway_error,retry,0.7920233494564668,retry,retry,False,0.76666,0.76666,1,1,no_change,
txn_002474,805.99,insufficient_balance,payment_link,0.3755366464160847,payment_link,reminder,True,0.30782,0.38782000000000005,0,0,same_outcome,
txn_005490,699.77,expired_card,payment_link,0.5913753746555392,payment_link,payment_link,False,0.69,0.69,1,1,no_change,
txn_004772,1152.25,insufficient_balance,payment_link,0.6209594068478201,payment_link,retry,True,0.54482,0.49482,1,0,policy_hurt,
txn_002108,422.04,insufficient_balance,payment_link,0.44344401625100865,reminder,reminder,True,0.30443999999999993,0.3844399999999999,1,1,same_outcome,
txn_007501,699.38,network_error,retry,0.8005392570722972,retry,retry,False,0.80238,0.80238,0,0,no_change,
txn_004415,616.51,bank_decline,retry,0.5099483973143167,retry,payment_link,True,0.40924000000000005,0.30923999999999996,0,0,same_outcome,
txn_008139,1491.58,network_error,retry,0.6818440948652414,retry,payment_link,True,0.6592399999999999,0.35924,0,0,same_outcome,
txn_008661,1878.06,gateway_error,retry,0.4810754591787178,retry,payment_link,True,0.47852000000000006,0.22852,1,0,policy_hurt,
txn_008240,1035.82,bank_decline,retry,0.6040696758289406,retry,retry,False,0.5777800000000001,0.5777800000000001,1,1,no_change,
txn_002418,952.54,bank_decline,retry,0.6828855261154179,retry,retry,False,0.6799999999999999,0.6799999999999999,0,0,no_change,
txn_008772,793.47,expired_card,payment_link,0.6909470782948947,payment_link,payment_link,False,0.81924,0.81924,1,1,no_change,
txn_002237,113.88,gateway_error,retry,0.536702206319344,retry,payment_link,True,0.56,0.31000000000000005,1,1,same_outcome,
txn_003768,6662.65,insufficient_balance,reminder,0.532284594837221,reminder,reminder,False,0.44499999999999995,0.44499999999999995,1,1,no_change,
txn_009792,696.25,insufficient_balance,reminder,0.6140009258983626,reminder,reminder,False,0.5478200000000001,0.5478200000000001,0,0,no_change,
txn_009990,704.34,authentication_failed,payment_link,0.5751464866836642,payment_link,payment_link,False,0.5,0.5,0,0,no_change,
txn_009966,632.71,expired_card,payment_link,0.5937617410924689,payment_link,payment_link,False,0.5700000000000001,0.5700000000000001,0,0,no_change,
txn_007324,1680.72,bank_decline,retry,0.5688451835590277,retry,reminder,True,0.47,0.33999999999999997,0,0,same_outcome,
txn_001384,1218.41,network_error,retry,0.6507938850877385,retry,payment_link,True,0.55286,0.25286000000000003,1,1,same_outcome,
txn_003102,313.23,insufficient_balance,reminder,0.6030299075011201,reminder,reminder,False,0.56,0.56,0,0,no_change,
txn_003922,372.74,authentication_failed,reminder,0.6604987315573299,reminder,reminder,False,0.59666,0.59666,1,1,no_change,
txn_006686,500.38,network_error,retry,0.7350971305181829,retry,retry,False,0.74,0.74,1,1,no_change,
txn_003195,715.65,bank_decline,retry,0.5179455991659455,retry,payment_link,True,0.44942000000000004,0.34941999999999995,1,1,same_outcome,
txn_001942,1207.57,network_error,retry,0.7770928201934502,retry,retry,False,0.77,0.77,0,0,no_change,
txn_007714,232.41,gateway_error,reminder,0.31484264183778393,reminder,reminder,False,0.19,0.19,0,0,no_change,
txn_004897,1320.57,bank_decline,retry,0.48759209584531665,retry,payment_link,True,0.3799999999999999,0.2799999999999999,1,1,same_outcome,
txn_004783,592.01,expired_card,payment_link,0.5710781234289093,payment_link,payment_link,False,0.5433399999999999,0.5433399999999999,1,1,no_change,
txn_001497,784.26,insufficient_balance,reminder,0.5084042105697842,reminder,reminder,False,0.45333999999999997,0.45333999999999997,1,1,no_change,
txn_001958,799.8,gateway_error,retry,0.5392999745814119,retry,reminder,True,0.5179,0.2379,1,1,same_outcome,
txn_009172,927.6,insufficient_balance,reminder,0.6334127072751891,reminder,reminder,False,0.61334,0.61334,0,0,no_change,
txn_009746,1011.78,gateway_error,retry,0.6095110740185722,retry,reminder,True,0.6257199999999999,0.3457199999999999,1,0,policy_hurt,
txn_007333,225.25,network_error,retry,0.7242432790552866,retry,retry,False,0.74242,0.74242,0,0,no_change,
txn_007950,1288.59,authentication_failed,reminder,0.5088543165978688,reminder,reminder,False,0.36714,0.36714,1,1,no_change,
txn_003018,1396.79,expired_card,payment_link,0.4827821954945974,payment_link,payment_link,False,0.53858,0.53858,0,0,no_change,
txn_006747,224.91,bank_decline,retry,0.6612474094310126,retry,retry,False,0.6,0.6,1,1,no_change,
txn_000514,4086.49,insufficient_balance,reminder,0.5041231457485641,reminder,reminder,False,0.48,0.48,0,0,no_change,
txn_003935,489.49,insufficient_balance,reminder,0.43279779427113463,reminder,reminder,False,0.37,0.37,0,0,no_change,
txn_003026,2473.5,bank_decline,retry,0.49411003174598134,retry,reminder,True,0.45684,0.32684,0,0,same_outcome,
txn_001200,387.27,gateway_error,retry,0.5996988193901709,retry,retry,False,0.6291000000000001,0.6291000000000001,0,0,no_change,
txn_005029,1347.48,bank_decline,retry,0.46062115116838515,retry,payment_link,True,0.3873599999999999,0.28735999999999995,1,0,policy_hurt,
txn_009785,287.48,insufficient_balance,retry,0.4532113238279093,reminder,reminder,True,0.31000000000000005,0.43999999999999995,1,1,same_outcome,
txn_000922,876.84,insufficient_balance,reminder,0.6129572723299336,reminder,reminder,False,0.54666,0.54666,0,0,no_change,
txn_004650,2535.86,network_error,retry,0.6143992701533465,retry,payment_link,True,0.6284599999999999,0.32846,0,0,same_outcome,
txn_005333,2008.57,insufficient_balance,payment_link,0.6104063836687444,payment_link,reminder,True,0.54736,0.6273599999999999,1,1,same_outcome,
txn_001077,464.17,bank_decline,retry,0.6898412238915138,retry,retry,False,0.6799999999999999,0.6799999999999999,1,1,no_change,
txn_006769,1156.94,insufficient_balance,reminder,0.5119046237726352,reminder,reminder,False,0.46782,0.46782,0,0,no_change,
txn_009411,1170.01,gateway_error,retry,0.6405068738998126,retry,retry,False,0.64,0.64,0,0,no_change,
txn_001672,3143.46,expired_card,payment_link,0.6168634876227413,payment_link,payment_link,False,0.58142,0.58142,0,0,no_change,
txn_000475,1981.69,expired_card,payment_link,0.5750763515018004,payment_link,payment_link,False,0.6042799999999999,0.6042799999999999,1,1,no_change,
txn_009187,2209.89,expired_card,payment_link,0.7220301322579024,payment_link,payment_link,False,0.8079,0.8079,1,1,no_change,
txn_008840,1404.28,bank_decline,retry,0.4549248391097814,retry,reminder,True,0.3799999999999999,0.24999999999999994,1,0,policy_hurt,
txn_005759,2725.99,bank_decline,reminder,0.24089895607231568,reminder,reminder,False,0.21999999999999997,0.21999999999999997,0,0,no_change,
txn_006298,539.35,bank_decline,retry,0.637919646320757,retry,retry,False,0.54286,0.54286,1,1,no_change,
txn_002479,495.27,bank_decline,retry,0.6169728841649844,retry,retry,False,0.5750000000000001,0.5750000000000001,0,0,no_change,
txn_005494,1159.17,bank_decline,retry,0.6446822749935075,retry,retry,False,0.6,0.6,1,1,no_change,
txn_003915,3404.3,bank_decline,retry,0.65584738299441,retry,retry,False,0.65142,0.65142,1,1,no_change,
txn_002139,8965.26,network_error,retry,0.5707882999335481,retry,payment_link,True,0.5700000000000001,0.27,0,0,same_outcome,
txn_005455,217.67,insufficient_balance,reminder,0.4932179671764489,reminder,reminder,False,0.47,0.47,0,0,no_change,
txn_005380,1456.58,authentication_failed,reminder,0.5379871895708396,reminder,reminder,False,0.4525,0.4525,0,0,no_change,
txn_008986,2034.15,gateway_error,retry,0.572990962675118,retry,payment_link,True,0.59,0.33999999999999997,1,0,policy_hurt,
txn_004024,578.2,bank_decline,retry,0.5858195959947211,retry,payment_link,True,0.495,0.3949999999999999,0,0,same_outcome,
txn_003486,878.15,bank_decline,retry,0.533733150153612,retry,payment_link,True,0.4778999999999999,0.3778999999999999,1,1,same_outcome,
txn_002456,2176.03,authentication_failed,payment_link,0.6314051701522357,payment_link,payment_link,False,0.5800000000000001,0.5800000000000001,1,1,no_change,
txn_002465,988.38,bank_decline,retry,0.5506159779992524,retry,reminder,True,0.4681399999999999,0.33814,1,0,policy_hurt,
txn_008697,317.93,network_error,retry,0.7609211482279615,retry,retry,False,0.85,0.85,1,1,no_change,
txn_001370,844.55,expired_card,payment_link,0.6137098754134842,payment_link,payment_link,False,0.61942,0.61942,1,1,no_change,
txn_006689,1664.02,bank_decline,retry,0.6849078209436487,retry,retry,False,0.63,0.63,0,0,no_change,
txn_007457,1183.73,bank_decline,retry,0.5602517924203201,retry,payment_link,True,0.5199999999999999,0.41999999999999993,0,0,same_outcome,
txn_009975,114.8,expired_card,payment_link,0.6304362841658472,payment_link,payment_link,False,0.70334,0.70334,1,1,no_change,
txn_001902,698.68,network_error,retry,0.7202329273851781,retry,payment_link,True,0.66648,0.36648000000000003,1,1,same_outcome,
txn_004872,597.92,bank_decline,retry,0.22649296706767003,payment_link,payment_link,True,0.19,0.09000000000000001,0,0,same_outcome,
txn_004711,2592.46,network_error,retry,0.521077879363056,retry,payment_link,True,0.5475,0.2475,1,1,same_outcome,
txn_007887,175.68,authentication_failed,payment_link,0.6560527832525797,payment_link,payment_link,False,0.6407400000000001,0.6407400000000001,0,0,no_change,
txn_001794,1932.41,insufficient_balance,reminder,0.4411511034604365,reminder,reminder,False,0.41778000000000004,0.41778000000000004,0,0,no_change,
txn_002875,134.64,bank_decline,retry,0.5913609833887564,retry,retry,False,0.52,0.52,1,1,no_change,
txn_006218,3306.95,authentication_failed,payment_link,0.639047826830465,payment_link,payment_link,False,0.5591400000000001,0.5591400000000001,0,0,no_change,
txn_005214,601.6,network_error,retry,0.7514760492204899,retry,retry,False,0.74932,0.74932,1,1,no_change,
txn_002246,1446.82,network_error,retry,0.663437139143301,retry,payment_link,True,0.6579999999999999,0.358,1,1,same_outcome,
txn_001742,714.45,bank_decline,retry,0.6190282068912026,retry,retry,False,0.5000000000000001,0.5000000000000001,1,1,no_change,
txn_001021,644.54,authentication_failed,payment_link,0.44335742527736877,payment_link,payment_link,False,0.39334,0.39334,1,1,no_change,
txn_000706,601.74,authentication_failed,reminder,0.5155758113211844,reminder,reminder,False,0.49,0.49,0,0,no_change,
txn_004295,480.91,authentication_failed,reminder,0.6500027678195025,reminder,reminder,False,0.5577,0.5577,0,0,no_change,
txn_005577,911.83,network_error,retry,0.6947284559456629,retry,payment_link,True,0.6592399999999999,0.35924,1,1,same_outcome,
txn_007167,1933.69,authentication_failed,payment_link,0.625612003238875,payment_link,payment_link,False,0.55076,0.55076,1,1,no_change,
txn_008178,1143.39,network_error,retry,0.6050832423457514,retry,payment_link,True,0.56,0.26,0,0,same_outcome,
txn_000909,943.32,network_error,retry,0.7105125488110758,retry,retry,False,0.7749999999999999,0.7749999999999999,0,0,no_change,
txn_005194,949.61,authentication_failed,reminder,0.6107686726572016,reminder,reminder,False,0.59,0.59,0,0,no_change,
txn_003078,551.18,authentication_failed,reminder,0.6197079703565266,reminder,reminder,False,0.49,0.49,1,1,no_change,
txn_009367,1310.12,gateway_error,retry,0.7297704148625871,retry,retry,False,0.7259199999999999,0.7259199999999999,1,1,no_change,
txn_000595,1998.87,bank_decline,reminder,0.23161838567016976,reminder,reminder,False,0.21999999999999997,0.21999999999999997,0,0,no_change,
txn_005305,712.31,authentication_failed,payment_link,0.6484711765887177,payment_link,payment_link,False,0.6799999999999999,0.6799999999999999,0,0,no_change,
txn_000441,693.48,bank_decline,retry,0.5582088448481856,retry,payment_link,True,0.48,0.38,1,0,policy_hurt,
txn_007607,1834.04,insufficient_balance,reminder,0.43053995969740766,reminder,reminder,False,0.43999999999999995,0.43999999999999995,0,0,no_change,
txn_004093,1536.31,bank_decline,retry,0.6745169220967658,retry,retry,False,0.64,0.64,1,1,no_change,
txn_006135,1050.71,expired_card,payment_link,0.7199289771363685,payment_link,payment_link,False,0.79546,0.79546,1,1,no_change,
txn_000011,1752.81,network_error,retry,0.7565635878019611,retry,retry,False,0.7526,0.7526,0,0,no_change,
txn_003777,497.65,gateway_error,retry,0.5335897709747908,retry,payment_link,True,0.52364,0.27364,0,0,same_outcome,
txn_009000,2399.46,network_error,retry,0.6719368624743257,retry,retry,False,0.70334,0.70334,1,1,no_change,
txn_003709,1641.72,insufficient_balance,payment_link,0.43091176546111787,reminder,reminder,True,0.36,0.43999999999999995,0,0,same_outcome,
txn_003781,411.6,expired_card,payment_link,0.6164500423953551,payment_link,payment_link,False,0.68428,0.68428,0,0,no_change,
txn_000094,1942.08,authentication_failed,reminder,0.5903560656032397,reminder,reminder,False,0.44238,0.44238,1,1,no_change,
txn_009240,653.62,insufficient_balance,reminder,0.5678188162140992,reminder,reminder,False,0.49141999999999997,0.49141999999999997,0,0,no_change,
txn_003950,1789.64,gateway_error,retry,0.5202992833406487,retry,payment_link,True,0.4984599999999999,0.24845999999999996,1,0,policy_hurt,
txn_005786,335.05,gateway_error,retry,0.5083829564541434,retry,reminder,True,0.5630799999999999,0.28308,0,0,same_outcome,
txn_004871,656.34,network_error,retry,0.7470894070993552,retry,retry,False,0.81,0.81,1,1,no_change,
txn_004803,1532.9,bank_decline,retry,0.5410203159087013,retry,reminder,True,0.47714,0.34714,1,1,same_outcome,
txn_004868,1985.38,network_error,retry,0.7133495835983469,retry,retry,False,0.75,0.75,0,0,no_change,
txn_000293,863.1,authentication_failed,payment_link,0.3528374003209089,payment_link,payment_link,False,0.45,0.45,0,0,no_change,
txn_007889,1225.33,gateway_error,retry,0.5231836446692134,retry,payment_link,True,0.4933399999999999,0.24333999999999995,0,0,same_outcome,
txn_007406,635.88,bank_decline,retry,0.46197577771205434,retry,reminder,True,0.40470000000000006,0.27470000000000006,0,0,same_outcome,
txn_005596,441.08,expired_card,payment_link,0.6997583911329461,payment_link,payment_link,False,0.71814,0.71814,0,0,no_change,
txn_002887,1709.43,authentication_failed,reminder,0.604443648994776,reminder,reminder,False,0.575,0.575,0,0,no_change,
txn_006455,6130.98,expired_card,payment_link,0.5044952282291558,payment_link,payment_link,False,0.56,0.56,0,0,no_change,
txn_002543,214.87,bank_decline,retry,0.5113896049660992,retry,reminder,True,0.46665999999999996,0.33665999999999996,0,0,same_outcome,
txn_001766,1427.94,insufficient_balance,reminder,0.35394601333040027,reminder,reminder,False,0.35,0.35,0,0,no_change,
txn_006801,468.72,authentication_failed,payment_link,0.6888579962856711,payment_link,payment_link,False,0.6578999999999999,0.6578999999999999,1,1,no_change,
txn_001878,1314.08,insufficient_balance,reminder,0.38443413279180405,reminder,reminder,False,0.39556,0.39556,0,0,no_change,
txn_001982,446.18,expired_card,payment_link,0.6080985845796475,payment_link,payment_link,False,0.65,0.65,1,1,no_change,
txn_009730,1261.42,gateway_error,retry,0.7204004686281956,retry,retry,False,0.7619,0.7619,1,1,no_change,
txn_009609,1840.74,bank_decline,retry,0.5810173040161785,retry,retry,False,0.5285799999999999,0.5285799999999999,0,0,no_change,
txn_002686,900.28,authentication_failed,reminder,0.6641395167677937,reminder,reminder,False,0.65,0.65,1,1,no_change,
txn_008931,1826.89,bank_decline,retry,0.6798188389827224,retry,retry,False,0.6239999999999999,0.6239999999999999,1,1,no_change,
txn_003459,1393.04,insufficient_balance,reminder,0.6650171470873133,reminder,reminder,False,0.6799999999999999,0.6799999999999999,0,0,no_change,
txn_004542,872.79,bank_decline,retry,0.5591858216451835,retry,reminder,True,0.47,0.33999999999999997,0,0,same_outcome,
txn_002179,858.66,gateway_error,retry,0.5857796172040924,retry,payment_link,True,0.58,0.32999999999999996,1,1,same_outcome,
txn_004451,451.25,gateway_error,retry,0.5427504342313747,retry,payment_link,True,0.5513,0.3013,1,1,same_outcome,
txn_003860,1092.38,expired_card,payment_link,0.63640992839968,payment_link,payment_link,False,0.66142,0.66142,1,1,no_change,
txn_007624,2169.43,gateway_error,retry,0.6310623136838175,retry,retry,False,0.68552,0.68552,0,0,no_change,
txn_007655,229.82,authentication_failed,reminder,0.5464032232887939,reminder,reminder,False,0.45799999999999996,0.45799999999999996,0,0,no_change,
txn_004520,689.7,authentication_failed,reminder,0.36141470337970755,reminder,reminder,False,0.31999999999999995,0.31999999999999995,1,1,no_change,
txn_002518,953.18,gateway_error,retry,0.5158577581468714,retry,payment_link,True,0.56,0.31000000000000005,0,0,same_outcome,
txn_004837,1620.93,gateway_error,retry,0.5731862514340095,retry,retry,False,0.62,0.62,1,1,no_change,
txn_002886,1118.35,gateway_error,retry,0.7374720926108711,retry,retry,False,0.7200000000000001,0.7200000000000001,1,1,no_change,
txn_007282,752.21,bank_decline,retry,0.6653043173495424,retry,retry,False,0.63714,0.63714,0,0,no_change,
txn_006256,5089.9,bank_decline,retry,0.6426400503297903,retry,retry,False,0.54546,0.54546,1,1,no_change,
txn_004540,1076.64,network_error,retry,0.641980080606143,retry,payment_link,True,0.6471399999999999,0.34714,1,1,same_outcome,
txn_005640,286.43,network_error,retry,0.7045164732776545,retry,retry,False,0.73842,0.73842,1,1,no_change,
txn_009460,346.16,gateway_error,retry,0.7708780095494137,retry,retry,False,0.75556,0.75556,1,1,no_change,
txn_003482,739.5,insufficient_balance,reminder,0.4520371637438338,reminder,reminder,False,0.40666,0.40666,0,0,no_change,
txn_001278,1890.05,insufficient_balance,reminder,0.6263300254761293,reminder,reminder,False,0.6,0.6,0,0,no_change,
txn_003147,238.48,authentication_failed,payment_link,0.261788154551367,payment_link,payment_link,False,0.21000000000000002,0.21000000000000002,1,1,no_change,
txn_008263,1155.86,expired_card,payment_link,0.5605842830944968,payment_link,payment_link,False,0.5700000000000001,0.5700000000000001,1,1,no_change,
txn_003206,360.64,insufficient_balance,reminder,0.6234465152025199,reminder,reminder,False,0.62286,0.62286,0,0,no_change,
txn_009893,2103.31,bank_decline,retry,0.488271992508532,retry,payment_link,True,0.43999999999999995,0.33999999999999997,1,1,same_outcome,
txn_002743,2991.76,bank_decline,retry,0.6390276789430306,retry,retry,False,0.64666,0.64666,0,0,no_change,
txn_006077,524.36,bank_decline,retry,0.5556128734962241,retry,reminder,True,0.4783399999999999,0.34834,0,0,same_outcome,
txn_004048,813.54,bank_decline,retry,0.5527857735959082,retry,payment_link,True,0.47861999999999993,0.37861999999999996,1,1,same_outcome,
txn_005732,1688.63,authentication_failed,payment_link,0.6886356383173997,payment_link,payment_link,False,0.65556,0.65556,0,0,no_change,
txn_002946,523.17,bank_decline,retry,0.5205122308848781,retry,payment_link,True,0.46443999999999985,0.3644399999999999,1,1,same_outcome,
txn_005791,969.37,network_error,retry,0.686016088798291,retry,retry,False,0.78572,0.78572,1,1,no_change,
txn_006795,4179.48,gateway_error,retry,0.732114453640142,retry,retry,False,0.7619,0.7619,1,1,no_change,
txn_006544,1139.85,insufficient_balance,reminder,0.6265602882324153,reminder,reminder,False,0.66334,0.66334,1,1,no_change,
txn_000701,507.77,expired_card,payment_link,0.602318292106009,payment_link,payment_link,False,0.5719,0.5719,0,0,no_change,
txn_003575,1288.73,gateway_error,retry,0.2569125253370565,retry,payment_link,True,0.38999999999999996,0.13999999999999996,0,0,same_outcome,
txn_007700,646.93,bank_decline,retry,0.6205126778505294,retry,retry,False,0.56888,0.56888,0,0,no_change,
txn_002516,151.26,insufficient_balance,reminder,0.6569392274836885,reminder,reminder,False,0.62286,0.62286,0,0,no_change,
txn_003001,927.07,expired_card,payment_link,0.6325413179672983,payment_link,payment_link,False,0.77,0.77,1,1,no_change,
txn_005821,946.99,expired_card,payment_link,0.5555251448318123,payment_link,payment_link,False,0.5433399999999999,0.5433399999999999,1,1,no_change,
txn_008582,4953.91,gateway_error,retry,0.6403298880238544,retry,retry,False,0.64858,0.64858,0,0,no_change,
txn_003685,1413.7,expired_card,payment_link,0.753604436811599,payment_link,payment_link,False,0.80556,0.80556,0,0,no_change,
txn_002996,1785.88,insufficient_balance,reminder,0.524563816379498,reminder,reminder,False,0.4778999999999999,0.4778999999999999,1,1,no_change,
txn_004253,2076.38,authentication_failed,reminder,0.5544631102537242,reminder,reminder,False,0.49,0.49,1,1,no_change,
txn_003412,1709.5,gateway_error,retry,0.7618290495638398,retry,retry,False,0.75,0.75,1,1,no_change,
txn_007963,4645.8,expired_card,payment_link,0.2676483314376739,payment_link,payment_link,False,0.4399999999999999,0.4399999999999999,1,1,no_change,
txn_006310,438.35,gateway_error,retry,0.7091733723821797,retry,retry,False,0.76666,0.76666,1,1,no_change,
txn_008612,2648.37,bank_decline,retry,0.4681739403342859,retry,payment_link,True,0.3854599999999999,0.28545999999999994,1,0,policy_hurt,
txn_005013,1233.3,bank_decline,retry,0.5435423485674713,retry,reminder,True,0.45333999999999997,0.32333999999999996,0,0,same_outcome,
txn_007751,1011.48,gateway_error,retry,0.5992345833454181,retry,retry,False,0.6381800000000001,0.6381800000000001,0,0,no_change,
txn_005980,829.26,bank_decline,retry,0.6796546279294972,retry,retry,False,0.65142,0.65142,0,0,no_change,
txn_004049,689.8,authentication_failed,payment_link,0.5786499182473053,payment_link,payment_link,False,0.5277000000000001,0.5277000000000001,1,1,no_change,
txn_004900,2039.53,authentication_failed,reminder,0.609872681013942,reminder,reminder,False,0.58334,0.58334,1,1,no_change,
txn_001319,839.63,gateway_error,retry,0.6257645833589791,retry,reminder,True,0.60154,0.32154000000000005,0,0,same_outcome,
txn_009773,2466.84,network_error,retry,0.7281960185043966,retry,retry,False,0.7966599999999999,0.7966599999999999,0,0,no_change,
txn_009138,657.45,authentication_failed,payment_link,0.5377774032523596,payment_link,payment_link,False,0.47334,0.47334,0,0,no_change,
txn_007143,504.65,expired_card,payment_link,0.6627819474899547,payment_link,payment_link,False,0.6299999999999999,0.6299999999999999,0,0,no_change,
txn_001898,441.67,gateway_error,retry,0.5908028203873749,retry,reminder,True,0.64,0.36,1,1,same_outcome,
txn_007466,2106.05,network_error,retry,0.6604955874435322,retry,retry,False,0.67,0.67,0,0,no_change,
txn_000604,842.82,network_error,retry,0.721569835293268,retry,retry,False,0.71666,0.71666,1,1,no_change,
txn_002847,1506.41,gateway_error,retry,0.7119434925951019,retry,retry,False,0.6960000000000001,0.6960000000000001,1,1,no_change,
txn_008208,1448.81,expired_card,payment_link,0.6392988748259759,payment_link,payment_link,False,0.64384,0.64384,1,1,no_change,
txn_000394,2938.05,network_error,retry,0.4060448678039946,retry,retry,False,0.5999999999999999,0.5999999999999999,1,1,no_change,
txn_004437,419.97,expired_card,payment_link,0.6149615646745153,payment_link,payment_link,False,0.6233399999999999,0.6233399999999999,1,1,no_change,
txn_009448,1859.72,gateway_error,retry,0.5979403673747279,retry,reminder,True,0.5979,0.31789999999999996,1,1,same_outcome,
txn_007235,1434.02,gateway_error,retry,0.6479751396840998,retry,retry,False,0.67834,0.67834,1,1,no_change,
txn_005399,4088.52,bank_decline,retry,0.636631342327198,retry,retry,False,0.56296,0.56296,0,0,no_change,
txn_000096,781.42,gateway_error,retry,0.5414860724358215,retry,payment_link,True,0.45999999999999996,0.21000000000000002,1,1,same_outcome,
txn_001663,2688.42,insufficient_balance,payment_link,0.5984941560563504,payment_link,reminder,True,0.4639999999999999,0.5439999999999999,0,0,same_outcome,
txn_008971,2802.84,bank_decline,retry,0.5047480343770386,retry,payment_link,True,0.43999999999999995,0.33999999999999997,0,0,same_outcome,
txn_005131,1964.02,expired_card,payment_link,0.6454275274734791,payment_link,payment_link,False,0.70334,0.70334,1,1,no_change,
txn_001489,426.54,gateway_error,retry,0.6975341804765363,retry,retry,False,0.7200000000000001,0.7200000000000001,1,1,no_change,
txn_008317,1627.04,bank_decline,retry,0.4791378795254591,retry,reminder,True,0.41334000000000004,0.28334000000000004,0,0,same_outcome,
txn_002708,738.51,insufficient_balance,reminder,0.6187110832028375,reminder,reminder,False,0.62616,0.62616,0,0,no_change,
txn_001596,1248.05,insufficient_balance,payment_link,0.65906862725479,payment_link,reminder,True,0.552,0.632,1,1,same_outcome,
txn_009278,1089.54,bank_decline,retry,0.5812941123055189,retry,retry,False,0.48888000000000004,0.48888000000000004,0,0,no_change,
txn_002378,1122.1,bank_decline,retry,0.5733591063675038,retry,payment_link,True,0.48841999999999997,0.38842,1,1,same_outcome,
txn_005141,184.12,insufficient_balance,reminder,0.6210680646152908,reminder,reminder,False,0.58462,0.58462,1,1,no_change,
txn_006148,192.9,bank_decline,retry,0.6091518240847565,retry,retry,False,0.5818200000000001,0.5818200000000001,0,0,no_change,
txn_008242,308.07,authentication_failed,reminder,0.5602306459875628,reminder,reminder,False,0.50334,0.50334,1,1,no_change,
txn_003949,832.74,network_error,retry,0.6884326641492364,retry,payment_link,True,0.6536399999999999,0.35363999999999995,0,0,same_outcome,
txn_003934,947.4,bank_decline,retry,0.17748880707503734,retry,payment_link,True,0.19,0.09000000000000001,0,0,same_outcome,
txn_004798,191.4,gateway_error,retry,0.7677223553397668,retry,retry,False,0.7749999999999999,0.7749999999999999,1,1,no_change,
txn_004373,1087.81,bank_decline,reminder,0.1944244057145023,reminder,reminder,False,0.13999999999999996,0.13999999999999996,0,0,no_change,
txn_009863,1132.93,gateway_error,retry,0.6929583887564251,retry,retry,False,0.68,0.68,1,1,no_change,
txn_008243,205.17,insufficient_balance,reminder,0.4381405040608265,reminder,reminder,False,0.40364,0.40364,1,1,no_change,
txn_003449,1251.13,insufficient_balance,reminder,0.6175670749745207,reminder,reminder,False,0.5391400000000001,0.5391400000000001,1,1,no_change,
txn_002944,1710.18,bank_decline,retry,0.536831241611987,retry,payment_link,True,0.44308000000000003,0.34307999999999994,0,0,same_outcome,
txn_002466,629.2,network_error,retry,0.6396805552878254,retry,payment_link,True,0.6233399999999999,0.32333999999999996,1,1,same_outcome,
txn_008583,2171.39,network_error,retry,0.7186963508885008,retry,retry,False,0.85,0.85,1,1,no_change,
txn_005507,578.12,network_error,retry,0.6806671955821361,retry,retry,False,0.69942,0.69942,1,1,no_change,
txn_002699,584.54,authentication_failed,payment_link,0.5119333411442585,payment_link,payment_link,False,0.49556,0.49556,1,1,no_change,
txn_002448,714.82,authentication_failed,payment_link,0.42939331725447755,payment_link,payment_link,False,0.38632,0.38632,0,0,no_change,
txn_000020,1307.66,bank_decline,retry,0.5571272158441268,retry,reminder,True,0.47714,0.34714,1,0,policy_hurt,
txn_002749,1091.28,network_error,retry,0.72662648075731,retry,payment_link,True,0.6566599999999999,0.35666,0,0,same_outcome,
txn_005400,1283.36,bank_decline,retry,0.5413380043827248,retry,payment_link,True,0.43665999999999994,0.33666000000000007,1,1,same_outcome,
txn_008079,1123.63,expired_card,payment_link,0.6838728601580388,payment_link,payment_link,False,0.6938000000000001,0.6938000000000001,1,1,no_change,
txn_006872,733.71,bank_decline,retry,0.6681278803967549,retry,retry,False,0.655,0.655,1,1,no_change,
txn_004709,1127.36,gateway_error,retry,0.5720136502810164,retry,payment_link,True,0.57044,0.32043999999999995,1,0,policy_hurt,
txn_009477,1448.74,insufficient_balance,reminder,0.30300664522263027,reminder,reminder,False,0.26999999999999996,0.26999999999999996,0,0,no_change,
txn_000810,1353.89,gateway_error,retry,0.6553701363825041,retry,retry,False,0.6342800000000001,0.6342800000000001,0,0,no_change,
txn_007478,344.12,expired_card,payment_link,0.6106520280399664,payment_link,payment_link,False,0.77,0.77,0,0,no_change,
txn_002274,2745.93,expired_card,payment_link,0.694399220598432,payment_link,payment_link,False,0.79782,0.79782,1,1,no_change,
txn_001924,414.29,bank_decline,retry,0.6606603182136791,retry,retry,False,0.65142,0.65142,1,1,no_change,
txn_001471,353.43,network_error,retry,0.5066512775329605,retry,payment_link,True,0.45999999999999996,0.15999999999999998,0,0,same_outcome,
txn_007935,1175.76,insufficient_balance,payment_link,0.42048113777755963,payment_link,reminder,True,0.26,0.3400000000000001,0,1,policy_helped,
txn_007408,1545.75,insufficient_balance,reminder,0.5056709770238119,reminder,reminder,False,0.45075999999999994,0.45075999999999994,0,0,no_change,
txn_002407,1257.0,insufficient_balance,reminder,0.5802372329335312,reminder,reminder,False,0.49141999999999997,0.49141999999999997,0,0,no_change,
txn_001143,637.65,gateway_error,retry,0.5238037502183217,retry,payment_link,True,0.52364,0.27364,0,0,same_outcome,
txn_001748,725.12,gateway_error,retry,0.5317005961753563,retry,payment_link,True,0.4766600000000001,0.22666000000000003,0,0,same_outcome,
txn_005710,886.72,bank_decline,retry,0.6069270044949341,retry,retry,False,0.56428,0.56428,0,0,no_change,
txn_004976,334.44,authentication_failed,payment_link,0.42170115871563835,payment_link,payment_link,False,0.42666000000000004,0.42666000000000004,1,1,no_change,
txn_007301,293.24,authentication_failed,payment_link,0.44121969018019513,reminder,reminder,True,0.42666000000000004,0.37666,1,1,same_outcome,
txn_008149,1574.35,network_error,retry,0.6220227411952893,retry,payment_link,True,0.6299999999999999,0.32999999999999996,1,0,policy_hurt,
txn_002834,1470.68,authentication_failed,reminder,0.671397368957977,reminder,reminder,False,0.65,0.65,1,1,no_change,
txn_003132,1543.69,bank_decline,retry,0.5474204541159152,retry,payment_link,True,0.4342799999999999,0.33428,1,1,same_outcome,
txn_001311,2669.41,bank_decline,retry,0.5610941060720481,retry,retry,False,0.5399999999999999,0.5399999999999999,1,1,no_change,
txn_008651,380.22,network_error,retry,0.6786074205025842,retry,retry,False,0.7749999999999999,0.7749999999999999,1,1,no_change,
txn_006775,2712.3,gateway_error,retry,0.7324485297555875,retry,retry,False,0.7200000000000001,0.7200000000000001,0,0,no_change,
txn_006757,3465.37,bank_decline,retry,0.6487189000026851,retry,retry,False,0.6254599999999999,0.6254599999999999,1,1,no_change,
txn_000621,2642.15,gateway_error,retry,0.5777240333915992,retry,reminder,True,0.59,0.31000000000000005,1,0,policy_hurt,
txn_002702,2699.9,gateway_error,retry,0.559333581331066,retry,payment_link,True,0.5630799999999999,0.31308,1,1,same_outcome,
txn_002200,516.82,bank_decline,retry,0.5715897425666389,payment_link,payment_link,True,0.552,0.452,1,0,policy_hurt,
txn_006197,516.67,expired_card,payment_link,0.5699640476555666,payment_link,payment_link,False,0.61,0.61,1,1,no_change,
txn_008825,480.12,bank_decline,retry,0.5494483718233523,retry,reminder,True,0.4903799999999999,0.36038000000000003,0,0,same_outcome,
txn_001047,1501.17,expired_card,payment_link,0.6416488978867836,payment_link,payment_link,False,0.64,0.64,0,0,no_change,
txn_005769,4169.61,insufficient_balance,reminder,0.5657508201786884,reminder,reminder,False,0.6199999999999999,0.6199999999999999,1,1,no_change,
txn_009948,2506.09,bank_decline,retry,0.47292369087027275,retry,payment_link,True,0.44857999999999987,0.3485799999999999,1,1,same_outcome,
txn_009020,2124.98,expired_card,payment_link,0.7733737605614404,payment_link,payment_link,False,0.8,0.8,1,1,no_change,
txn_000744,1959.14,bank_decline,retry,0.6009710628230819,retry,retry,False,0.55238,0.55238,0,0,no_change,
txn_000223,1911.68,bank_decline,retry,0.5481167459417234,retry,payment_link,True,0.46285999999999994,0.36285999999999996,0,0,same_outcome,
txn_003150,902.28,expired_card,payment_link,0.7183698577335185,payment_link,payment_link,False,0.76428,0.76428,1,1,no_change,
txn_000626,905.44,bank_decline,retry,0.5202158339730291,retry,payment_link,True,0.43665999999999994,0.33666000000000007,0,0,same_outcome,
txn_009335,1862.93,gateway_error,retry,0.5707353756305632,retry,reminder,True,0.52522,0.24522,1,0,policy_hurt,
txn_007567,630.94,insufficient_balance,payment_link,0.6198975018907136,reminder,reminder,True,0.49692,0.57692,1,1,same_outcome,
txn_004583,520.49,gateway_error,retry,0.6666721688427475,retry,retry,False,0.67454,0.67454,0,0,no_change,
txn_005712,3582.96,insufficient_balance,payment_link,0.3296972860575118,payment_link,retry,True,0.35000000000000003,0.3,1,1,same_outcome,
txn_003285,2348.01,insufficient_balance,payment_link,0.6101139301521976,payment_link,reminder,True,0.5384599999999999,0.61846,1,1,same_outcome,
txn_007586,313.07,insufficient_balance,reminder,0.5394931336814784,reminder,reminder,False,0.4342799999999999,0.4342799999999999,0,0,no_change,
txn_009647,2793.1,authentication_failed,payment_link,0.580068339697507,payment_link,payment_link,False,0.6018200000000001,0.6018200000000001,1,1,no_change,
txn_001531,7542.19,expired_card,payment_link,0.6263647487708416,payment_link,payment_link,False,0.6709599999999999,0.6709599999999999,0,0,no_change,
txn_009686,1978.63,gateway_error,retry,0.7149978048212794,retry,retry,False,0.7466599999999999,0.7466599999999999,1,1,no_change,
txn_000354,667.53,expired_card,payment_link,0.5519176125497807,payment_link,payment_link,False,0.5909599999999999,0.5909599999999999,1,1,no_change,
txn_002475,920.66,authentication_failed,payment_link,0.5925158315298829,payment_link,payment_link,False,0.5088800000000001,0.5088800000000001,1,1,no_change,
txn_008014,614.94,authentication_failed,payment_link,0.6282035033196408,payment_link,payment_link,False,0.64286,0.64286,1,1,no_change,
txn_006476,2869.2,authentication_failed,payment_link,0.608648913308912,payment_link,payment_link,False,0.55334,0.55334,1,1,no_change,
txn_006450,1041.47,bank_decline,retry,0.4869794052054298,retry,payment_link,True,0.4,0.30000000000000004,1,1,same_outcome,
txn_000240,1297.55,gateway_error,retry,0.5601654463718345,retry,reminder,True,0.58814,0.30813999999999997,0,0,same_outcome,
txn_002626,3324.41,network_error,retry,0.6580839088961907,retry,retry,False,0.7060000000000001,0.7060000000000001,1,1,no_change,
txn_009787,2820.48,bank_decline,retry,0.6368474885906157,retry,retry,False,0.6199999999999999,0.6199999999999999,1,1,no_change,
txn_007199,5105.26,bank_decline,retry,0.6459611196650283,retry,retry,False,0.57142,0.57142,1,1,no_change,
txn_007693,486.21,insufficient_balance,payment_link,0.6388714552811282,payment_link,reminder,True,0.56296,0.64296,1,1,same_outcome,
txn_002998,629.05,insufficient_balance,payment_link,0.2280014121646408,payment_link,reminder,True,0.11000000000000003,0.19,0,0,same_outcome,
txn_006441,703.37,authentication_failed,payment_link,0.5638234648452116,payment_link,payment_link,False,0.49,0.49,0,0,no_change,
txn_004563,215.32,network_error,retry,0.599129876539759,retry,payment_link,True,0.61,0.31000000000000005,1,1,same_outcome,
txn_008615,425.29,network_error,retry,0.6158587569925633,retry,payment_link,True,0.59,0.29000000000000004,0,0,same_outcome,
txn_001480,420.66,network_error,retry,0.64563712990087,retry,payment_link,True,0.6299999999999999,0.32999999999999996,0,0,same_outcome,
txn_001019,2955.25,gateway_error,retry,0.6185720247127325,retry,reminder,True,0.6233399999999999,0.34334,1,1,same_outcome,
txn_003095,376.38,bank_decline,retry,0.5735310019384228,retry,retry,False,0.58096,0.58096,1,1,no_change,
txn_006183,843.15,bank_decline,retry,0.5180061873985279,retry,payment_link,True,0.39,0.29000000000000004,1,1,same_outcome,
txn_004961,474.38,gateway_error,retry,0.5454784917734808,retry,payment_link,True,0.52666,0.27666,0,0,same_outcome,
txn_008493,2102.9,authentication_failed,reminder,0.4678293235558803,reminder,reminder,False,0.37666,0.37666,1,1,no_change,
txn_001104,1514.47,authentication_failed,payment_link,0.6652026527925633,payment_link,payment_link,False,0.62174,0.62174,0,0,no_change,
txn_006082,221.7,insufficient_balance,reminder,0.4789048587202788,reminder,reminder,False,0.42334000000000005,0.42334000000000005,0,0,no_change,
txn_009526,2655.24,network_error,retry,0.5670835396280254,retry,payment_link,True,0.5433399999999999,0.24333999999999995,0,0,same_outcome,
txn_005191,483.95,network_error,retry,0.5447098672866058,retry,payment_link,True,0.5475,0.2475,1,0,policy_hurt,
txn_004182,270.63,gateway_error,retry,0.7714072203983421,retry,retry,False,0.8,0.8,0,0,no_change,
txn_004468,1058.55,authentication_failed,payment_link,0.5752887892231131,payment_link,payment_link,False,0.5,0.5,1,1,no_change,
txn_001627,904.31,insufficient_balance,reminder,0.40074760630836626,reminder,reminder,False,0.39,0.39,0,0,no_change,
txn_006718,679.72,insufficient_balance,payment_link,0.423187419328726,payment_link,reminder,True,0.30118,0.3811800000000001,0,1,policy_helped,
txn_003799,851.84,bank_decline,retry,0.6096788784936137,retry,retry,False,0.5800000000000001,0.5800000000000001,0,0,no_change,
txn_003054,856.13,bank_decline,retry,0.4539480471637351,retry,payment_link,True,0.3844399999999999,0.2844399999999999,0,0,same_outcome,
txn_002868,543.17,authentication_failed,payment_link,0.7031401546604097,payment_link,payment_link,False,0.66296,0.66296,0,0,no_change,
txn_001433,635.06,bank_decline,retry,0.646428039683673,retry,retry,False,0.64666,0.64666,1,1,no_change,
txn_007984,423.07,network_error,retry,0.6034095423963177,retry,payment_link,True,0.5499999999999999,0.24999999999999994,0,0,same_outcome,
txn_009347,2043.62,network_error,retry,0.5445482940523974,retry,payment_link,True,0.51476,0.21476,1,0,policy_hurt,
txn_009420,698.94,bank_decline,retry,0.6023122568063826,retry,retry,False,0.54546,0.54546,1,1,no_change,
txn_004077,677.76,insufficient_balance,payment_link,0.36594605684966564,reminder,reminder,True,0.31294,0.39294000000000007,0,0,same_outcome,
txn_000218,303.62,network_error,retry,0.6572113103493777,retry,retry,False,0.70334,0.70334,1,1,no_change,
txn_003556,1047.65,insufficient_balance,reminder,0.52433126627351,reminder,reminder,False,0.4579399999999999,0.4579399999999999,1,1,no_change,
txn_007937,358.12,authentication_failed,reminder,0.6719416564488474,reminder,reminder,False,0.54142,0.54142,0,0,no_change,
txn_008422,747.09,insufficient_balance,reminder,0.5965664933735998,reminder,reminder,False,0.5285799999999999,0.5285799999999999,1,1,no_change,
txn_001035,1070.26,authentication_failed,payment_link,0.5420775230703522,payment_link,payment_link,False,0.47334,0.47334,1,1,no_change,
txn_003774,1301.11,bank_decline,retry,0.6661869646725364,retry,retry,False,0.62166,0.62166,1,1,no_change,
txn_004133,1643.18,bank_decline,retry,0.6043910651541863,retry,retry,False,0.54286,0.54286,1,1,no_change,
txn_002336,2361.08,gateway_error,retry,0.7782640517113829,retry,retry,False,0.7538400000000001,0.7538400000000001,0,0,no_change,
txn_006493,461.05,insufficient_balance,reminder,0.4409903701172155,reminder,reminder,False,0.37846,0.37846,0,0,no_change,
txn_001483,614.56,expired_card,payment_link,0.7024298030347068,payment_link,payment_link,False,0.8,0.8,1,1,no_change,
txn_000907,1663.33,bank_decline,retry,0.5004129351976538,retry,payment_link,True,0.39237999999999995,0.29238,0,0,same_outcome,
txn_006089,372.15,expired_card,payment_link,0.5565514933235133,payment_link,payment_link,False,0.53858,0.53858,1,1,no_change,
txn_006467,1315.77,insufficient_balance,reminder,0.5965814651050027,reminder,reminder,False,0.5199999999999999,0.5199999999999999,0,0,no_change,
txn_005677,702.31,bank_decline,retry,0.5264705805786731,retry,payment_link,True,0.44728,0.3472799999999999,0,0,same_outcome,
txn_002771,1713.48,gateway_error,retry,0.6122206598502855,retry,payment_link,True,0.64,0.39,0,0,same_outcome,
txn_001806,2751.12,network_error,retry,0.6383250887620227,retry,payment_link,True,0.6633399999999999,0.36334,1,0,policy_hurt,
txn_007375,2091.47,gateway_error,retry,0.6173937725484396,retry,retry,False,0.6533399999999999,0.6533399999999999,1,1,no_change,
txn_002115,189.76,gateway_error,retry,0.7393112033663871,retry,retry,False,0.74546,0.74546,1,1,no_change,
txn_004535,978.69,gateway_error,retry,0.47812835881461124,retry,payment_link,True,0.45999999999999996,0.21000000000000002,0,0,same_outcome,
txn_002532,1161.71,network_error,retry,0.5463648305776788,retry,payment_link,True,0.54794,0.24794,1,0,policy_hurt,
txn_008526,1028.54,authentication_failed,reminder,0.6625025824960412,reminder,reminder,False,0.60714,0.60714,0,0,no_change,
txn_003471,1471.27,insufficient_balance,reminder,0.5056371647946091,reminder,reminder,False,0.46165999999999996,0.46165999999999996,0,0,no_change,
txn_001403,706.96,network_error,retry,0.6831595846823637,retry,retry,False,0.71546,0.71546,1,1,no_change,
txn_000853,1750.99,network_error,retry,0.7093938559685391,retry,retry,False,0.70334,0.70334,1,1,no_change,
txn_003083,462.76,authentication_failed,reminder,0.5631488829678363,reminder,reminder,False,0.49,0.49,1,1,no_change,
txn_008025,997.3,gateway_error,retry,0.8011325845626555,retry,retry,False,0.77142,0.77142,1,1,no_change,
txn_007566,976.95,bank_decline,retry,0.6796562903654656,retry,retry,False,0.6618200000000001,0.6618200000000001,1,1,no_change,
txn_005530,3642.96,gateway_error,retry,0.5958371622649499,retry,payment_link,True,0.6,0.35,0,0,same_outcome,
txn_007855,4297.54,bank_decline,retry,0.6080783883663521,retry,retry,False,0.64,0.64,1,1,no_change,
txn_004933,634.65,expired_card,payment_link,0.7022752087044494,payment_link,payment_link,False,0.82,0.82,1,1,no_change,
txn_005160,851.14,network_error,retry,0.6023505194021539,retry,payment_link,True,0.56,0.26,0,0,same_outcome,
txn_009716,1460.14,expired_card,payment_link,0.34351205194535567,payment_link,payment_link,False,0.5999999999999999,0.5999999999999999,0,0,no_change,
txn_003847,229.86,gateway_error,retry,0.7197001668379267,retry,retry,False,0.7272799999999999,0.7272799999999999,1,1,no_change,
txn_006484,959.72,network_error,retry,0.7526896593039791,retry,retry,False,0.74692,0.74692,0,0,no_change,
txn_000748,967.92,expired_card,payment_link,0.6177607379397232,payment_link,payment_link,False,0.73522,0.73522,0,0,no_change,
txn_003035,2882.6,gateway_error,retry,0.7169856240667735,retry,retry,False,0.7200000000000001,0.7200000000000001,1,1,no_change,
txn_000348,761.34,authentication_failed,payment_link,0.5316415149585181,payment_link,payment_link,False,0.51392,0.51392,0,0,no_change,
txn_003352,611.91,gateway_error,retry,0.5595232919713268,retry,retry,False,0.645,0.645,1,1,no_change,
txn_002865,1934.99,gateway_error,retry,0.5469019366949399,retry,payment_link,True,0.52364,0.27364,0,0,same_outcome,
txn_002168,738.86,gateway_error,retry,0.7260525875858119,retry,retry,False,0.7200000000000001,0.7200000000000001,1,1,no_change,
txn_006955,1081.21,authentication_failed,payment_link,0.628731565625835,payment_link,payment_link,False,0.5892400000000001,0.5892400000000001,0,0,no_change,
txn_006210,745.98,expired_card,payment_link,0.7286221632218802,payment_link,payment_link,False,0.8065199999999999,0.8065199999999999,1,1,no_change,
txn_002778,704.95,authentication_failed,payment_link,0.5690714328627148,payment_link,payment_link,False,0.53764,0.53764,1,1,no_change,
txn_001442,951.03,expired_card,payment_link,0.6238307788722648,payment_link,payment_link,False,0.6378199999999999,0.6378199999999999,1,1,no_change,
txn_005658,4286.33,authentication_failed,payment_link,0.6382930230064722,payment_link,payment_link,False,0.62,0.62,0,0,no_change,
txn_009658,1128.11,insufficient_balance,reminder,0.4260703769353895,reminder,reminder,False,0.37846,0.37846,0,0,no_change,
txn_003028,2186.57,authentication_failed,payment_link,0.5884202081613301,payment_link,payment_link,False,0.5200000000000001,0.5200000000000001,1,1,no_change,
txn_006118,4893.93,network_error,retry,0.6615221360371216,retry,retry,False,0.7833399999999999,0.7833399999999999,1,1,no_change,
txn_002484,2108.94,network_error,retry,0.6059200785257018,retry,payment_link,True,0.62076,0.32076000000000005,0,0,same_outcome,
txn_002883,1236.68,network_error,retry,0.7589918757219515,retry,retry,False,0.7279,0.7279,1,1,no_change,
txn_005562,2311.9,bank_decline,retry,0.6859152256918867,retry,retry,False,0.64666,0.64666,1,1,no_change,
txn_000764,230.94,gateway_error,retry,0.5862141813635979,retry,reminder,True,0.52552,0.24552000000000002,1,1,same_outcome,
txn_006482,2153.62,bank_decline,retry,0.48117786024587444,retry,payment_link,True,0.4,0.30000000000000004,0,0,same_outcome,
txn_001617,571.58,expired_card,payment_link,0.5539893938136764,payment_link,payment_link,False,0.61,0.61,1,1,no_change,
txn_001223,679.36,authentication_failed,payment_link,0.7301903749001576,payment_link,payment_link,False,0.6652199999999999,0.6652199999999999,0,0,no_change,
txn_008665,767.39,bank_decline,retry,0.518321577468503,retry,payment_link,True,0.5026,0.40259999999999996,1,1,same_outcome,
txn_006222,1692.84,insufficient_balance,reminder,0.4323076597852031,reminder,reminder,False,0.41392000000000007,0.41392000000000007,0,0,no_change,
txn_001577,1397.29,expired_card,payment_link,0.6142064122291244,payment_link,payment_link,False,0.63166,0.63166,1,1,no_change,
txn_009392,899.24,network_error,retry,0.6259061335486792,retry,payment_link,True,0.54636,0.24635999999999997,1,1,same_outcome,
txn_006351,1052.71,bank_decline,retry,0.6173883395156089,retry,retry,False,0.5739200000000001,0.5739200000000001,0,0,no_change,
txn_003783,554.76,gateway_error,retry,0.5495686304704512,retry,payment_link,True,0.5599999999999999,0.30999999999999994,1,0,policy_hurt,
txn_004375,1124.34,bank_decline,retry,0.6592811862824834,retry,retry,False,0.6,0.6,1,1,no_change,
txn_000709,4481.16,insufficient_balance,payment_link,0.6019400674347501,payment_link,reminder,True,0.56666,0.64666,0,0,same_outcome,
txn_000510,3669.82,network_error,retry,0.5555102591330566,retry,payment_link,True,0.51,0.21000000000000002,0,0,same_outcome,
txn_002955,410.81,bank_decline,retry,0.4755145966598385,retry,payment_link,True,0.41778000000000004,0.31777999999999995,0,0,same_outcome,
txn_007538,2113.57,network_error,retry,0.7809767407708521,retry,retry,False,0.745,0.745,1,1,no_change,
txn_006339,2411.15,bank_decline,retry,0.6287912235621959,retry,retry,False,0.61334,0.61334,1,1,no_change,
txn_008923,6428.84,authentication_failed,payment_link,0.4431107164770442,payment_link,payment_link,False,0.4066599999999999,0.4066599999999999,0,0,no_change,
txn_007064,763.0,insufficient_balance,reminder,0.6295845315144494,reminder,reminder,False,0.62666,0.62666,1,1,no_change,
txn_007163,2624.93,network_error,retry,0.5765886731198752,retry,payment_link,True,0.57666,0.27666,1,1,same_outcome,
txn_007372,910.68,expired_card,payment_link,0.680650859475242,payment_link,payment_link,False,0.79482,0.79482,0,0,no_change,
txn_006829,3600.33,insufficient_balance,reminder,0.559576246611817,reminder,reminder,False,0.5375,0.5375,1,1,no_change,
txn_003616,566.59,insufficient_balance,reminder,0.4379800014704995,reminder,reminder,False,0.38666,0.38666,0,0,no_change,
txn_004657,4516.47,gateway_error,retry,0.6600669320574504,retry,retry,False,0.7259199999999999,0.7259199999999999,0,0,no_change,
txn_006976,2223.24,expired_card,payment_link,0.6115211551259508,payment_link,payment_link,False,0.66142,0.66142,1,1,no_change,
txn_004351,427.31,authentication_failed,payment_link,0.6132028444205734,payment_link,payment_link,False,0.58842,0.58842,1,1,no_change,
txn_000712,889.0,network_error,retry,0.6587735661305809,retry,payment_link,True,0.64,0.33999999999999997,1,0,policy_hurt,
txn_006479,442.96,gateway_error,retry,0.7226711766534459,retry,retry,False,0.7066600000000001,0.7066600000000001,1,1,no_change,
txn_009130,6261.79,authentication_failed,reminder,0.6162191668134436,reminder,reminder,False,0.43999999999999995,0.43999999999999995,1,1,no_change,
txn_008205,878.82,gateway_error,retry,0.6819686150901149,retry,retry,False,0.672,0.672,0,0,no_change,
txn_009204,688.91,insufficient_balance,reminder,0.625245813592352,reminder,reminder,False,0.5800000000000001,0.5800000000000001,0,0,no_change,
txn_000713,2094.97,authentication_failed,reminder,0.42165917384076695,reminder,reminder,False,0.38038000000000005,0.38038000000000005,1,1,no_change,
txn_009113,1385.44,insufficient_balance,reminder,0.5769359503038062,reminder,reminder,False,0.5199999999999999,0.5199999999999999,1,1,no_change,
txn_001246,362.79,gateway_error,retry,0.5810185601592125,retry,reminder,True,0.61648,0.33648,0,0,same_outcome,
txn_009786,812.24,insufficient_balance,payment_link,0.4654627578537534,reminder,reminder,True,0.3733399999999999,0.45333999999999997,1,1,same_outcome,
txn_006849,864.05,gateway_error,retry,0.691526016832586,retry,retry,False,0.7749999999999999,0.7749999999999999,1,1,no_change,
txn_005134,724.75,insufficient_balance,reminder,0.43121810470386446,reminder,reminder,False,0.38782000000000005,0.38782000000000005,0,0,no_change,
txn_000716,1089.88,gateway_error,retry,0.6855052849369926,retry,retry,False,0.70572,0.70572,1,1,no_change,
txn_003464,5038.4,bank_decline,retry,0.6532234209613302,retry,retry,False,0.6799999999999999,0.6799999999999999,1,1,no_change,
txn_004395,657.43,expired_card,payment_link,0.6644199192009118,payment_link,payment_link,False,0.7200000000000001,0.7200000000000001,1,1,no_change,
txn_004569,3269.0,gateway_error,retry,0.716318222047087,retry,retry,False,0.768,0.768,1,1,no_change,
txn_008804,745.74,bank_decline,retry,0.46060341883379674,retry,payment_link,True,0.3400000000000001,0.24000000000000005,0,0,same_outcome,
txn_008490,659.05,bank_decline,retry,0.662470937348319,retry,retry,False,0.65142,0.65142,1,1,no_change,
txn_007702,2506.67,insufficient_balance,reminder,0.6737681069129712,reminder,reminder,False,0.6,0.6,1,1,no_change,
txn_000213,1544.16,gateway_error,retry,0.44138035311077306,retry,payment_link,True,0.50666,0.25666,0,0,same_outcome,
txn_009768,247.87,bank_decline,retry,0.5276761564194062,retry,reminder,True,0.47556,0.34556,1,1,same_outcome,
txn_006839,1327.76,bank_decline,retry,0.5563942101299758,retry,payment_link,True,0.45914,0.3591399999999999,1,1,same_outcome,
txn_001011,5071.85,gateway_error,retry,0.727622905955082,retry,retry,False,0.69142,0.69142,1,1,no_change,
txn_000324,1470.21,authentication_failed,payment_link,0.666096984867637,payment_link,payment_link,False,0.625,0.625,1,1,no_change,
txn_005397,5338.52,bank_decline,retry,0.4772503889824377,retry,reminder,True,0.46118000000000003,0.33118000000000003,1,1,same_outcome,
txn_005991,722.77,expired_card,payment_link,0.5123530513545975,payment_link,payment_link,False,0.6499999999999999,0.6499999999999999,0,0,no_change,
txn_003173,739.45,expired_card,payment_link,0.7328149217820715,payment_link,payment_link,False,0.802,0.802,1,1,no_change,
txn_000335,1072.33,insufficient_balance,reminder,0.5982730789136917,reminder,reminder,False,0.5478200000000001,0.5478200000000001,0,0,no_change,
txn_008306,782.45,insufficient_balance,reminder,0.2735283210622221,reminder,reminder,False,0.26999999999999996,0.26999999999999996,0,0,no_change,
txn_002211,1348.71,bank_decline,retry,0.5564089285032949,retry,payment_link,True,0.5199999999999999,0.41999999999999993,1,1,same_outcome,
txn_004272,1763.8,gateway_error,retry,0.6236435265208129,retry,retry,False,0.65914,0.65914,1,1,no_change,
txn_006741,1172.62,insufficient_balance,reminder,0.43469322645925323,reminder,reminder,False,0.4218200000000001,0.4218200000000001,0,0,no_change,
txn_000234,341.82,network_error,retry,0.725932532349147,retry,retry,False,0.77,0.77,1,1,no_change,
txn_005951,231.1,bank_decline,payment_link,0.36872450987121635,payment_link,payment_link,False,0.33,0.33,0,0,no_change,
txn_005738,825.7,network_error,retry,0.6986493573558347,retry,retry,False,0.6980000000000001,0.6980000000000001,1,1,no_change,
txn_007922,1206.21,bank_decline,retry,0.5464516381473118,retry,reminder,True,0.47,0.33999999999999997,1,1,same_outcome,
txn_002349,943.57,bank_decline,retry,0.6499949176699055,retry,retry,False,0.56666,0.56666,1,1,no_change,
txn_002037,884.86,insufficient_balance,reminder,0.6638728837955958,reminder,reminder,False,0.63,0.63,0,0,no_change,
txn_007485,1447.26,bank_decline,retry,0.48308591289572766,retry,payment_link,True,0.41857999999999995,0.31858,0,0,same_outcome,
txn_006007,641.93,insufficient_balance,reminder,0.6127553396493456,reminder,reminder,False,0.6,0.6,1,1,no_change,
txn_004554,1252.24,expired_card,payment_link,0.7063482752781461,payment_link,payment_link,False,0.75,0.75,1,1,no_change,
txn_008073,775.15,bank_decline,retry,0.30107229918973516,retry,payment_link,True,0.24,0.14,0,0,same_outcome,
txn_001459,1076.49,gateway_error,retry,0.6950192107765099,retry,retry,False,0.7200000000000001,0.7200000000000001,0,0,no_change,
txn_003289,2560.21,expired_card,payment_link,0.7551728826693773,payment_link,payment_link,False,0.80556,0.80556,1,1,no_change,
txn_003065,338.91,expired_card,payment_link,0.7179549408168838,payment_link,payment_link,False,0.83182,0.83182,0,0,no_change,
txn_009437,908.13,authentication_failed,payment_link,0.6192818670279426,payment_link,payment_link,False,0.564,0.564,0,0,no_change,
txn_000775,1119.48,insufficient_balance,reminder,0.5453769551472809,reminder,reminder,False,0.47556,0.47556,1,1,no_change,
txn_006833,2453.91,gateway_error,retry,0.6594644890551533,retry,retry,False,0.67652,0.67652,1,1,no_change,
txn_000872,2099.97,gateway_error,retry,0.522033229267654,retry,payment_link,True,0.52,0.27,0,0,same_outcome,
txn_008750,1541.08,expired_card,payment_link,0.7307485651520579,payment_link,payment_link,False,0.7749999999999999,0.7749999999999999,1,1,no_change,
txn_001264,1280.77,insufficient_balance,payment_link,0.5176673013185986,payment_link,reminder,True,0.39862,0.47861999999999993,0,0,same_outcome,
txn_004834,506.08,network_error,retry,0.6667726451114901,retry,retry,False,0.714,0.714,0,0,no_change,
txn_003895,2565.55,bank_decline,retry,0.6364862838060703,retry,retry,False,0.64364,0.64364,1,1,no_change,
txn_006324,2371.92,bank_decline,retry,0.7036909576085454,retry,retry,False,0.6383399999999999,0.6383399999999999,1,1,no_change,
txn_009213,543.34,bank_decline,retry,0.5439278737125461,retry,reminder,True,0.47172000000000003,0.34172,1,0,policy_hurt,
txn_007020,1342.82,expired_card,payment_link,0.7951763071243574,payment_link,payment_link,False,0.81,0.81,1,1,no_change,
txn_001221,3610.89,insufficient_balance,reminder,0.6416317863254836,reminder,reminder,False,0.53334,0.53334,0,0,no_change,
txn_001447,812.95,network_error,retry,0.5874059024253857,retry,payment_link,True,0.56714,0.26714000000000004,1,0,policy_hurt,
txn_003185,1253.54,insufficient_balance,reminder,0.6912083730347085,reminder,reminder,False,0.6799999999999999,0.6799999999999999,1,1,no_change,
txn_000409,1939.91,insufficient_balance,reminder,0.5836307546531292,reminder,reminder,False,0.5000000000000001,0.5000000000000001,1,1,no_change,
txn_004345,1876.55,gateway_error,retry,0.5281355384357385,retry,retry,False,0.6,0.6,0,0,no_change,
txn_003022,770.89,bank_decline,retry,0.6095593838301897,retry,retry,False,0.525,0.525,1,1,no_change,
txn_002304,681.65,bank_decline,retry,0.5423021877866855,retry,payment_link,True,0.42666000000000004,0.32665999999999995,0,0,same_outcome,
txn_006272,1775.18,bank_decline,retry,0.4675731418961912,retry,payment_link,True,0.39714000000000005,0.29713999999999996,0,0,same_outcome,
txn_008281,537.16,bank_decline,retry,0.4278648928744702,retry,payment_link,True,0.3866599999999999,0.28666,0,0,same_outcome,
txn_006642,246.14,insufficient_balance,reminder,0.5927674478926827,reminder,reminder,False,0.64,0.64,0,0,no_change,
txn_006956,2105.51,bank_decline,retry,0.619308275292744,retry,retry,False,0.56,0.56,0,0,no_change,
txn_002110,196.65,network_error,retry,0.5332686311814703,retry,payment_link,True,0.5700000000000001,0.27,0,0,same_outcome,
txn_005352,1361.6,expired_card,payment_link,0.5767773023309574,payment_link,payment_link,False,0.69,0.69,1,1,no_change,
txn_009684,478.31,bank_decline,retry,0.6005813495081598,retry,retry,False,0.5647000000000001,0.5647000000000001,0,0,no_change,
txn_008344,4454.51,network_error,retry,0.6908437880392303,retry,retry,False,0.76428,0.76428,1,1,no_change,
txn_004550,1758.04,bank_decline,retry,0.48829888645823794,retry,reminder,True,0.4648199999999999,0.33482,0,0,same_outcome,
txn_001881,1736.75,bank_decline,retry,0.6646662879786231,retry,retry,False,0.63,0.63,0,0,no_change,
txn_005946,3488.84,insufficient_balance,reminder,0.5997729979854562,reminder,reminder,False,0.5733400000000001,0.5733400000000001,0,0,no_change,
txn_001738,661.37,network_error,retry,0.7720351951540741,retry,retry,False,0.77,0.77,1,1,no_change,
txn_007794,1729.77,authentication_failed,reminder,0.4611038637554389,reminder,reminder,False,0.37,0.37,0,0,no_change,
txn_005213,2445.35,bank_decline,reminder,0.2981124010095824,reminder,reminder,False,0.18999999999999997,0.18999999999999997,0,0,no_change,
txn_003209,257.41,gateway_error,retry,0.6056538677280281,retry,payment_link,True,0.60842,0.35841999999999996,1,0,policy_hurt,
txn_007083,482.42,expired_card,payment_link,0.27014780575058167,payment_link,payment_link,False,0.35999999999999993,0.35999999999999993,0,0,no_change,
txn_002056,1285.23,authentication_failed,reminder,0.6592990838401495,reminder,reminder,False,0.56304,0.56304,1,1,no_change,
txn_001689,675.88,bank_decline,retry,0.506942573948093,retry,payment_link,True,0.39556,0.29556000000000004,1,1,same_outcome,
txn_004780,2376.34,network_error,retry,0.7027538240904749,retry,retry,False,0.85,0.85,1,1,no_change,
txn_007476,2486.73,authentication_failed,payment_link,0.6147356978873667,payment_link,payment_link,False,0.5977800000000001,0.5977800000000001,0,0,no_change,
txn_007877,742.92,bank_decline,retry,0.54971084061268,retry,payment_link,True,0.50334,0.4033399999999999,1,0,policy_hurt,
txn_006750,2075.89,gateway_error,retry,0.6490924566285666,retry,retry,False,0.6342800000000001,0.6342800000000001,0,0,no_change,
txn_008556,502.07,insufficient_balance,reminder,0.5303284900451319,reminder,reminder,False,0.47,0.47,0,0,no_change,
txn_008123,1116.62,gateway_error,retry,0.7586091312817657,retry,retry,False,0.74546,0.74546,1,1,no_change,
txn_006991,648.02,authentication_failed,payment_link,0.39480728893804024,payment_link,payment_link,False,0.41556000000000004,0.41556000000000004,1,1,no_change,
txn_008267,2103.61,expired_card,payment_link,0.6730457368840431,payment_link,payment_link,False,0.7255600000000001,0.7255600000000001,1,1,no_change,
txn_008540,296.06,authentication_failed,payment_link,0.5561371904768919,reminder,reminder,True,0.49,0.43999999999999995,0,0,same_outcome,
txn_003393,1278.56,network_error,retry,0.7697776986919638,retry,retry,False,0.7325,0.7325,1,1,no_change,
txn_006326,1821.58,expired_card,payment_link,0.5827319463143558,payment_link,payment_link,False,0.5655600000000001,0.5655600000000001,1,1,no_change,
txn_003529,326.0,gateway_error,retry,0.7579036263989485,retry,retry,False,0.7692399999999999,0.7692399999999999,0,0,no_change,
txn_004605,994.32,insufficient_balance,reminder,0.6249598060066908,reminder,reminder,False,0.64924,0.64924,0,0,no_change,
txn_007024,4212.69,gateway_error,retry,0.6073812569639078,retry,payment_link,True,0.568,0.31799999999999995,1,1,same_outcome,
txn_006322,1619.31,authentication_failed,payment_link,0.43250618906847477,payment_link,payment_link,False,0.41652,0.41652,1,1,no_change,
txn_000746,823.52,bank_decline,retry,0.5020471273173032,retry,reminder,True,0.43999999999999995,0.31000000000000005,1,1,same_outcome,
txn_000711,2074.66,authentication_failed,payment_link,0.45081442375390024,payment_link,payment_link,False,0.45999999999999996,0.45999999999999996,1,1,no_change,
txn_000380,280.84,authentication_failed,payment_link,0.6266878781977765,payment_link,payment_link,False,0.5563600000000001,0.5563600000000001,1,1,no_change,
txn_008783,477.29,insufficient_balance,payment_link,0.6221365722042745,payment_link,reminder,True,0.54166,0.62166,0,1,policy_helped,
txn_003012,952.62,expired_card,payment_link,0.7215940191647494,payment_link,payment_link,False,0.76428,0.76428,0,0,no_change,
txn_008859,2355.79,authentication_failed,reminder,0.4566751557723645,reminder,reminder,False,0.41000000000000003,0.41000000000000003,0,0,no_change,
txn_007153,1925.42,insufficient_balance,reminder,0.43002859737253657,reminder,reminder,False,0.43999999999999995,0.43999999999999995,0,0,no_change,
txn_008567,3247.29,network_error,retry,0.6905242858199266,retry,retry,False,0.695,0.695,1,1,no_change,
txn_003498,453.2,insufficient_balance,reminder,0.574076114292168,reminder,reminder,False,0.5833400000000001,0.5833400000000001,0,0,no_change,
txn_003890,1626.49,insufficient_balance,reminder,0.6476268331488166,reminder,reminder,False,0.5733400000000001,0.5733400000000001,0,0,no_change,
txn_004485,512.45,gateway_error,retry,0.49437189557616,retry,payment_link,True,0.48307999999999995,0.23308,0,0,same_outcome,
txn_004012,2432.81,gateway_error,retry,0.7550188843302184,retry,retry,False,0.77142,0.77142,0,0,no_change,
txn_002620,2457.03,authentication_failed,reminder,0.5480834879391006,reminder,reminder,False,0.45665999999999995,0.45665999999999995,1,1,no_change,
txn_006671,984.72,insufficient_balance,payment_link,0.6361218040222103,payment_link,reminder,True,0.552,0.632,1,1,same_outcome,
txn_006513,1479.08,insufficient_balance,payment_link,0.5436542519733556,reminder,reminder,True,0.4644399999999999,0.5444399999999999,1,1,same_outcome,
txn_003468,3795.81,insufficient_balance,reminder,0.48293762331504825,reminder,reminder,False,0.39,0.39,0,0,no_change,
txn_001314,1915.12,authentication_failed,reminder,0.5750703903232028,reminder,reminder,False,0.55,0.55,0,0,no_change,
txn_008606,727.55,bank_decline,retry,0.6193659619415234,retry,retry,False,0.55834,0.55834,1,1,no_change,
txn_002070,3252.91,insufficient_balance,reminder,0.4942338281511904,reminder,reminder,False,0.48363999999999996,0.48363999999999996,0,0,no_change,
txn_002983,1326.13,authentication_failed,payment_link,0.5942215195381485,payment_link,payment_link,False,0.5200000000000001,0.5200000000000001,0,0,no_change,
txn_005915,2314.25,expired_card,payment_link,0.3701117962790786,payment_link,payment_link,False,0.4899999999999999,0.4899999999999999,1,1,no_change,
txn_009171,1153.36,bank_decline,retry,0.6539997610770601,retry,retry,False,0.6618200000000001,0.6618200000000001,1,1,no_change,
txn_001286,2401.73,bank_decline,retry,0.592530962699973,retry,retry,False,0.55,0.55,0,0,no_change,
txn_008991,2348.38,gateway_error,retry,0.5284841198043538,retry,payment_link,True,0.54,0.29000000000000004,0,0,same_outcome,
txn_008430,455.59,expired_card,payment_link,0.6302866594522233,payment_link,payment_link,False,0.75,0.75,1,1,no_change,
txn_001350,4715.87,bank_decline,retry,0.6249916660499839,retry,retry,False,0.655,0.655,1,1,no_change,
txn_002612,3694.55,bank_decline,retry,0.5882692348025601,retry,retry,False,0.5800000000000001,0.5800000000000001,0,0,no_change,
txn_009495,697.06,gateway_error,retry,0.7705737047277961,retry,retry,False,0.76364,0.76364,1,1,no_change,
txn_003669,970.99,insufficient_balance,payment_link,0.47217016289644487,reminder,reminder,True,0.4018999999999999,0.4818999999999999,0,0,same_outcome,
txn_002222,1107.89,gateway_error,retry,0.6269978065784376,retry,retry,False,0.62,0.62,1,1,no_change,
txn_000428,979.34,bank_decline,retry,0.5383931808116776,retry,reminder,True,0.48,0.35,1,1,same_outcome,
txn_000654,808.76,authentication_failed,payment_link,0.5986765673681572,payment_link,payment_link,False,0.5700000000000001,0.5700000000000001,1,1,no_change,
txn_009914,1713.62,bank_decline,retry,0.601504011082974,retry,retry,False,0.55454,0.55454,1,1,no_change,
txn_003536,1353.87,network_error,retry,0.6977153093331947,retry,retry,False,0.70334,0.70334,1,1,no_change,
txn_007737,1573.19,network_error,retry,0.6164910647389142,retry,payment_link,True,0.586,0.28600000000000003,1,0,policy_hurt,
txn_003246,1182.94,bank_decline,retry,0.695480065842815,retry,retry,False,0.63652,0.63652,0,0,no_change,
txn_004741,748.02,authentication_failed,payment_link,0.5448803009163652,payment_link,payment_link,False,0.49,0.49,1,1,no_change,
txn_009069,2504.49,authentication_failed,reminder,0.5741431770940079,reminder,reminder,False,0.49,0.49,1,1,no_change,
txn_004100,642.32,bank_decline,retry,0.6676555223170207,retry,retry,False,0.56666,0.56666,1,1,no_change,
txn_004101,3620.57,expired_card,payment_link,0.6825448369580814,payment_link,payment_link,False,0.7200000000000001,0.7200000000000001,1,1,no_change,
txn_006960,1474.86,insufficient_balance,reminder,0.48344623442507306,reminder,reminder,False,0.4,0.4,0,0,no_change,
txn_000612,793.9,bank_decline,retry,0.5549404496409306,retry,reminder,True,0.50334,0.37334,1,1,same_outcome,
txn_004289,203.89,authentication_failed,payment_link,0.5654285158065181,payment_link,payment_link,False,0.44334000000000007,0.44334000000000007,0,0,no_change,
txn_008571,3546.44,network_error,retry,0.5712515585369625,retry,payment_link,True,0.59334,0.29334000000000005,1,1,same_outcome,
txn_009713,3232.18,insufficient_balance,reminder,0.4998253268575427,reminder,reminder,False,0.41500000000000004,0.41500000000000004,0,0,no_change,
txn_001544,295.02,bank_decline,retry,0.697483101948317,retry,retry,False,0.6323799999999999,0.6323799999999999,1,1,no_change,
txn_009536,3199.6,network_error,retry,0.6321654687670775,retry,payment_link,True,0.59,0.29000000000000004,0,0,same_outcome,
txn_003854,5469.63,insufficient_balance,reminder,0.6355039614520042,reminder,reminder,False,0.63,0.63,1,1,no_change,
txn_000555,989.61,bank_decline,retry,0.6506189972782095,retry,retry,False,0.57142,0.57142,1,1,no_change,
txn_006366,1118.64,network_error,retry,0.6416986748960145,retry,payment_link,True,0.56834,0.26834,0,0,same_outcome,
txn_000512,1616.63,gateway_error,retry,0.5620261831185979,retry,reminder,True,0.5733399999999998,0.29333999999999993,0,0,same_outcome,
txn_003207,265.66,gateway_error,retry,0.5576866461876662,retry,payment_link,True,0.58,0.32999999999999996,0,0,same_outcome,
txn_008085,1666.47,network_error,retry,0.6115526585782185,retry,payment_link,True,0.6233399999999999,0.32333999999999996,1,0,policy_hurt,
txn_000968,926.43,gateway_error,retry,0.6555930072360495,retry,retry,False,0.67,0.67,1,1,no_change,
txn_006044,275.86,gateway_error,retry,0.6401915632627961,retry,retry,False,0.68,0.68,0,0,no_change,
txn_006880,207.41,bank_decline,retry,0.4507547066878086,retry,payment_link,True,0.38666,0.2866599999999999,0,0,same_outcome,
txn_006776,1227.99,network_error,retry,0.6208792306249632,retry,payment_link,True,0.54914,0.24913999999999997,1,0,policy_hurt,
txn_003296,155.74,network_error,retry,0.6213588277977832,retry,payment_link,True,0.64556,0.34556,0,0,same_outcome,
txn_008702,982.6,bank_decline,retry,0.5536883287646741,retry,payment_link,True,0.46165999999999996,0.36166,0,0,same_outcome,
txn_003430,1358.6,insufficient_balance,reminder,0.6347551855840686,reminder,reminder,False,0.5439999999999999,0.5439999999999999,0,0,no_change,
txn_008871,2332.03,bank_decline,retry,0.5826860809481683,retry,retry,False,0.5466599999999999,0.5466599999999999,1,1,no_change,
txn_006963,1769.8,insufficient_balance,reminder,0.5053142026821912,reminder,reminder,False,0.49271999999999994,0.49271999999999994,1,1,no_change,
txn_002089,2525.45,gateway_error,retry,0.5519363503390458,retry,payment_link,True,0.56,0.31000000000000005,0,0,same_outcome,
txn_008500,1982.14,bank_decline,retry,0.4915069427929451,retry,payment_link,True,0.36,0.26,0,0,same_outcome,
txn_006163,1294.52,expired_card,payment_link,0.7340883912942512,payment_link,payment_link,False,0.80294,0.80294,1,1,no_change,
txn_003211,383.45,authentication_failed,payment_link,0.4503646949943057,payment_link,payment_link,False,0.37427999999999995,0.37427999999999995,0,0,no_change,
txn_009201,1042.4,bank_decline,retry,0.5229290799542333,retry,payment_link,True,0.37334,0.2733399999999999,1,1,same_outcome,
txn_006606,1667.42,authentication_failed,reminder,0.6127334552952125,reminder,reminder,False,0.43999999999999995,0.43999999999999995,0,0,no_change,
txn_001110,330.0,authentication_failed,reminder,0.2812937152825811,reminder,reminder,False,0.23999999999999994,0.23999999999999994,1,1,no_change,
txn_005729,1966.37,gateway_error,retry,0.7140033654834436,retry,retry,False,0.79166,0.79166,1,1,no_change,
txn_007830,995.14,insufficient_balance,payment_link,0.6191666687130379,payment_link,reminder,True,0.56364,0.64364,0,1,policy_helped,
txn_001039,3604.7,bank_decline,retry,0.6463638759424132,retry,retry,False,0.6799999999999999,0.6799999999999999,0,0,no_change,
txn_001195,574.64,insufficient_balance,payment_link,0.40101284938230136,payment_link,reminder,True,0.28,0.36,0,0,same_outcome,
txn_004475,1253.9,gateway_error,retry,0.47626503881772,retry,payment_link,True,0.45999999999999996,0.21000000000000002,1,0,policy_hurt,
txn_009875,1468.32,bank_decline,retry,0.6185189818070831,retry,retry,False,0.5478200000000001,0.5478200000000001,1,1,no_change,
txn_002123,1577.91,network_error,retry,0.7643803461342467,retry,retry,False,0.8065199999999999,0.8065199999999999,0,0,no_change,
txn_004983,1162.86,network_error,retry,0.7081655769148628,retry,retry,False,0.7833399999999999,0.7833399999999999,1,1,no_change,
txn_008974,172.02,expired_card,payment_link,0.58654598623354,payment_link,payment_link,False,0.6529599999999999,0.6529599999999999,1,1,no_change,
txn_005701,154.39,network_error,retry,0.7245636039414862,retry,retry,False,0.72294,0.72294,1,1,no_change,
txn_000935,903.25,bank_decline,retry,0.4885428473569568,retry,payment_link,True,0.39,0.29000000000000004,0,0,same_outcome,
txn_006102,471.99,authentication_failed,payment_link,0.6435613033147651,payment_link,payment_link,False,0.62,0.62,0,0,no_change,
txn_004690,1299.48,bank_decline,retry,0.5445212457110532,retry,payment_link,True,0.46285999999999994,0.36285999999999996,0,0,same_outcome,
txn_000395,2904.98,authentication_failed,payment_link,0.5428985009324688,payment_link,payment_link,False,0.47334,0.47334,0,0,no_change,
txn_004686,1506.31,bank_decline,retry,0.6692656163441556,retry,retry,False,0.65778,0.65778,1,1,no_change,
txn_008777,918.44,authentication_failed,payment_link,0.5469387466640447,payment_link,payment_link,False,0.49,0.49,1,1,no_change,
txn_009166,941.7,insufficient_balance,payment_link,0.5045205007151574,reminder,reminder,True,0.36632,0.44631999999999994,0,0,same_outcome,
txn_005981,310.43,gateway_error,retry,0.6057379954338293,retry,retry,False,0.64308,0.64308,1,1,no_change,
txn_009943,1544.31,insufficient_balance,reminder,0.4165249288979005,reminder,reminder,False,0.37334,0.37334,1,1,no_change,
txn_002192,1155.4,expired_card,payment_link,0.5548227022680883,payment_link,payment_link,False,0.58858,0.58858,1,1,no_change,
txn_001298,402.19,network_error,retry,0.6911478047772118,retry,retry,False,0.7657799999999999,0.7657799999999999,1,1,no_change,
txn_005045,1070.75,authentication_failed,payment_link,0.5295088439696273,payment_link,payment_link,False,0.47334,0.47334,0,0,no_change,
txn_001163,821.54,network_error,retry,0.6703517449963873,retry,payment_link,True,0.6471399999999999,0.34714,0,0,same_outcome,
txn_004255,876.83,authentication_failed,payment_link,0.590453608580323,payment_link,payment_link,False,0.5866600000000001,0.5866600000000001,1,1,no_change,
txn_006373,1583.22,insufficient_balance,retry,0.3513611902538248,retry,retry,False,0.3,0.3,0,0,no_change,
txn_001528,3019.86,gateway_error,retry,0.558943253045952,retry,reminder,True,0.5775,0.2975,0,0,same_outcome,
txn_004343,1690.81,network_error,retry,0.8031646785330995,retry,retry,False,0.80238,0.80238,1,1,no_change,
txn_002031,1514.59,insufficient_balance,reminder,0.4156028434462113,reminder,reminder,False,0.4218200000000001,0.4218200000000001,0,0,no_change,
txn_003061,5473.15,authentication_failed,payment_link,0.5595526371995835,payment_link,payment_link,False,0.47334,0.47334,1,1,no_change,
txn_000059,2440.26,network_error,retry,0.6962820851299304,retry,retry,False,0.70636,0.70636,0,0,no_change,
txn_002406,351.17,insufficient_balance,reminder,0.5623617328514866,reminder,reminder,False,0.4999999999999999,0.4999999999999999,1,1,no_change,
txn_005007,1037.9,network_error,retry,0.7028185216743192,retry,retry,False,0.70334,0.70334,1,1,no_change,
txn_006158,575.69,bank_decline,retry,0.6669345026658302,retry,retry,False,0.61044,0.61044,1,1,no_change,
txn_007376,1856.1,bank_decline,retry,0.5222905923523615,retry,payment_link,True,0.43111999999999995,0.33111999999999997,0,0,same_outcome,
txn_004507,1898.92,gateway_error,retry,0.730171541915195,retry,retry,False,0.7333399999999999,0.7333399999999999,1,1,no_change,
txn_005215,1056.16,insufficient_balance,reminder,0.6619399795579026,reminder,reminder,False,0.65778,0.65778,1,1,no_change,
txn_006030,969.28,authentication_failed,payment_link,0.6666415970662275,payment_link,payment_link,False,0.66364,0.66364,0,0,no_change,
txn_001781,2247.25,gateway_error,retry,0.7691050505420228,retry,retry,False,0.7579,0.7579,1,1,no_change,
txn_005448,3153.66,network_error,retry,0.7486499688496457,retry,retry,False,0.82334,0.82334,1,1,no_change,
txn_004607,373.29,expired_card,payment_link,0.5643436985470572,payment_link,payment_link,False,0.68666,0.68666,1,1,no_change,
txn_006915,1026.35,expired_card,payment_link,0.6395022504796669,payment_link,payment_link,False,0.75334,0.75334,1,1,no_change,
txn_000677,4246.51,network_error,retry,0.6567234079317901,retry,retry,False,0.7875,0.7875,1,1,no_change,
txn_003583,880.63,insufficient_balance,reminder,0.33678507673923785,reminder,reminder,False,0.43,0.43,1,1,no_change,
txn_003654,1985.64,insufficient_balance,reminder,0.2881420560615449,reminder,reminder,False,0.26999999999999996,0.26999999999999996,1,1,no_change,
txn_007921,588.82,bank_decline,retry,0.5789136267837636,retry,retry,False,0.5411800000000001,0.5411800000000001,0,0,no_change,
txn_009500,523.45,network_error,retry,0.6188571954490153,retry,payment_link,True,0.5719,0.27190000000000003,0,0,same_outcome,
txn_002733,388.7,network_error,retry,0.5130944117842655,retry,payment_link,True,0.46714,0.16714,0,0,same_outcome,
txn_004788,618.25,network_error,retry,0.6354995981258511,retry,payment_link,True,0.61,0.31000000000000005,0,0,same_outcome,
txn_002755,1758.78,gateway_error,retry,0.30050792136551596,retry,payment_link,True,0.43999999999999995,0.18999999999999997,0,0,same_outcome,
txn_002338,910.68,bank_decline,retry,0.6737777665764927,retry,retry,False,0.63556,0.63556,0,0,no_change,
txn_003644,1336.87,bank_decline,retry,0.6694840254951373,retry,retry,False,0.62616,0.62616,1,1,no_change,
txn_007738,1673.59,bank_decline,retry,0.7117219135556628,retry,retry,False,0.6,0.6,0,0,no_change,
txn_005517,731.72,bank_decline,retry,0.4833962357763617,retry,payment_link,True,0.40470000000000006,0.30469999999999997,0,0,same_outcome,
txn_005247,638.25,bank_decline,retry,0.6256170264657439,retry,retry,False,0.54736,0.54736,0,0,no_change,
txn_000867,624.47,authentication_failed,payment_link,0.6249354246941595,payment_link,payment_link,False,0.5700000000000001,0.5700000000000001,1,1,no_change,
txn_004448,2326.67,gateway_error,retry,0.5535057888547456,retry,reminder,True,0.536,0.256,1,1,same_outcome,
txn_005072,943.95,network_error,retry,0.6187997780785385,retry,payment_link,True,0.54636,0.24635999999999997,1,1,same_outcome,
txn_004882,1110.35,network_error,retry,0.7255247627488319,retry,retry,False,0.7722199999999999,0.7722199999999999,1,1,no_change,
txn_009511,763.52,expired_card,payment_link,0.5931537449773236,payment_link,payment_link,False,0.5700000000000001,0.5700000000000001,1,1,no_change,
txn_003003,951.09,bank_decline,retry,0.5903143120292625,retry,retry,False,0.58,0.58,1,1,no_change,
txn_002226,305.48,insufficient_balance,reminder,0.6383013480388219,reminder,reminder,False,0.6,0.6,1,1,no_change,
txn_009057,1462.88,gateway_error,retry,0.5075315867644404,retry,payment_link,True,0.46588000000000007,0.21588000000000002,0,0,same_outcome,
txn_004827,467.72,gateway_error,retry,0.5870524298027608,retry,retry,False,0.66166,0.66166,0,0,no_change,
txn_007622,1579.18,bank_decline,retry,0.6813021226312401,retry,retry,False,0.6378999999999999,0.6378999999999999,1,1,no_change,
txn_009690,2135.67,gateway_error,retry,0.7446635758692126,retry,retry,False,0.8,0.8,1,1,no_change,
txn_005501,835.6,network_error,retry,0.5948863020442559,retry,payment_link,True,0.55782,0.25782,0,0,same_outcome,
txn_009701,881.5,insufficient_balance,reminder,0.317558586737422,reminder,reminder,False,0.26999999999999996,0.26999999999999996,0,0,no_change,
txn_008479,2468.5,bank_decline,retry,0.4581152790499359,retry,payment_link,True,0.36,0.26,0,0,same_outcome,
txn_005503,743.47,bank_decline,retry,0.5895606651070177,retry,retry,False,0.56,0.56,0,0,no_change,
txn_001211,710.58,bank_decline,reminder,0.4594374557084717,reminder,reminder,False,0.26999999999999996,0.26999999999999996,0,0,no_change,
txn_009084,1005.37,bank_decline,retry,0.6247857741542621,retry,retry,False,0.61846,0.61846,1,1,no_change,
txn_002289,3218.69,insufficient_balance,reminder,0.6965021325355005,reminder,reminder,False,0.6799999999999999,0.6799999999999999,1,1,no_change,
txn_002184,1399.27,expired_card,payment_link,0.6321973629495562,payment_link,payment_link,False,0.6291399999999999,0.6291399999999999,1,1,no_change,
txn_002863,1068.13,expired_card,payment_link,0.48903143950939354,payment_link,payment_link,False,0.5655600000000001,0.5655600000000001,0,0,no_change,
txn_006862,418.64,gateway_error,retry,0.5676992696461266,retry,payment_link,True,0.58,0.32999999999999996,0,0,same_outcome,
txn_002363,449.2,insufficient_balance,reminder,0.5921174153735447,reminder,reminder,False,0.59112,0.59112,1,1,no_change,
txn_008464,942.18,bank_decline,retry,0.4661636915782959,retry,payment_link,True,0.41089999999999993,0.31090000000000007,0,0,same_outcome,
txn_006333,1704.89,authentication_failed,reminder,0.5802476145850105,reminder,reminder,False,0.43814,0.43814,1,1,no_change,
txn_004065,790.01,gateway_error,retry,0.558501954937627,retry,reminder,True,0.5861599999999999,0.30616,1,1,same_outcome,
txn_009547,458.02,gateway_error,retry,0.48868188126478374,retry,reminder,True,0.4933399999999999,0.21333999999999997,1,1,same_outcome,
txn_000618,183.18,insufficient_balance,reminder,0.6665599958504632,reminder,reminder,False,0.6799999999999999,0.6799999999999999,1,1,no_change,
txn_003282,2545.8,network_error,retry,0.7315433484071323,retry,retry,False,0.7200000000000001,0.7200000000000001,0,0,no_change,
txn_005227,3161.58,network_error,retry,0.6712096920248796,retry,payment_link,True,0.64,0.33999999999999997,1,0,policy_hurt,
txn_003398,7421.29,expired_card,payment_link,0.6274117867164438,payment_link,payment_link,False,0.6233399999999999,0.6233399999999999,0,0,no_change,
txn_003066,1018.04,bank_decline,retry,0.5607092266068593,retry,reminder,True,0.48841999999999997,0.35841999999999996,0,0,same_outcome,
txn_000767,848.04,insufficient_balance,retry,0.3732274510465275,payment_link,reminder,True,0.26,0.39,1,1,same_outcome,
txn_007079,3763.43,authentication_failed,payment_link,0.4112865962269146,payment_link,payment_link,False,0.5,0.5,1,1,no_change,
txn_005280,1561.66,expired_card,payment_link,0.6791257286341156,payment_link,payment_link,False,0.67,0.67,0,0,no_change,
txn_004150,1128.68,expired_card,payment_link,0.7331350080473261,payment_link,payment_link,False,0.77,0.77,1,1,no_change,
txn_001145,383.77,gateway_error,retry,0.5232792193200727,retry,payment_link,True,0.5511199999999999,0.30111999999999994,0,0,same_outcome,
txn_004249,2127.63,bank_decline,retry,0.5794751404760653,retry,payment_link,True,0.5199999999999999,0.41999999999999993,1,1,same_outcome,
txn_004111,3249.8,network_error,retry,0.6485355240057206,retry,payment_link,True,0.58648,0.28648000000000007,0,0,same_outcome,
txn_000463,122.53,authentication_failed,reminder,0.6147382910360428,reminder,reminder,False,0.55,0.55,0,0,no_change,
txn_002933,1862.52,network_error,retry,0.6975245993961262,retry,retry,False,0.78572,0.78572,1,1,no_change,
txn_004624,712.87,bank_decline,retry,0.47385338297004465,retry,payment_link,True,0.41500000000000004,0.31499999999999995,1,1,same_outcome,
txn_003814,575.68,bank_decline,retry,0.5657771373084622,retry,reminder,True,0.48250000000000004,0.35250000000000004,0,0,same_outcome,
txn_006309,795.73,gateway_error,retry,0.6010025093638003,retry,retry,False,0.6417400000000001,0.6417400000000001,1,1,no_change,
txn_004342,967.95,bank_decline,retry,0.6368296013699761,retry,retry,False,0.61334,0.61334,1,1,no_change,
txn_005301,456.43,gateway_error,retry,0.5491476827649627,retry,payment_link,True,0.56,0.31000000000000005,1,0,policy_hurt,
txn_006805,357.76,insufficient_balance,reminder,0.5544164410719973,reminder,reminder,False,0.47,0.47,1,1,no_change,
txn_003283,2734.24,expired_card,payment_link,0.4959072749507766,payment_link,payment_link,False,0.58334,0.58334,0,0,no_change,
txn_002575,787.97,bank_decline,retry,0.5957284519438834,retry,retry,False,0.5739200000000001,0.5739200000000001,0,0,no_change,
txn_007962,1119.62,insufficient_balance,reminder,0.5922014323503627,reminder,reminder,False,0.54286,0.54286,1,1,no_change,
txn_007880,1380.39,insufficient_balance,reminder,0.5485431246657416,reminder,reminder,False,0.5199999999999999,0.5199999999999999,0,0,no_change,
txn_000829,2549.43,expired_card,payment_link,0.6202975334581541,payment_link,payment_link,False,0.65,0.65,1,1,no_change,
txn_006487,770.81,bank_decline,retry,0.6667741416708091,retry,retry,False,0.6,0.6,1,1,no_change,
txn_007600,252.0,bank_decline,retry,0.5178684166696658,retry,reminder,True,0.48,0.35,0,0,same_outcome,
txn_002541,3139.56,gateway_error,retry,0.6690589000237296,retry,retry,False,0.64,0.64,0,0,no_change,
txn_005747,1690.62,gateway_error,retry,0.6037786535768997,retry,reminder,True,0.6,0.32000000000000006,1,1,same_outcome,
txn_008527,903.01,gateway_error,retry,0.7958800635656703,retry,retry,False,0.7733399999999999,0.7733399999999999,1,1,no_change,
txn_009567,1365.76,gateway_error,retry,0.6375087311594114,retry,retry,False,0.67,0.67,1,1,no_change,
txn_003743,619.22,expired_card,payment_link,0.7484247001390734,payment_link,payment_link,False,0.83334,0.83334,1,1,no_change,
txn_007499,698.88,gateway_error,retry,0.6373146535092428,retry,retry,False,0.68,0.68,1,1,no_change,
txn_003525,706.83,network_error,retry,0.7790329117566858,retry,retry,False,0.72294,0.72294,1,1,no_change,
txn_000021,657.34,authentication_failed,payment_link,0.5485761004067979,payment_link,payment_link,False,0.49861999999999995,0.49861999999999995,0,0,no_change,
txn_001916,1228.59,bank_decline,retry,0.22315816357852236,retry,payment_link,True,0.19,0.09000000000000001,0,0,same_outcome,
txn_006572,1032.59,insufficient_balance,reminder,0.4907862082192447,reminder,reminder,False,0.4376399999999999,0.4376399999999999,1,1,no_change,
txn_009019,2162.08,authentication_failed,payment_link,0.6382052914197043,payment_link,payment_link,False,0.57238,0.57238,1,1,no_change,
txn_002013,4402.29,gateway_error,retry,0.5822227352040034,retry,reminder,True,0.5784599999999999,0.29845999999999995,1,0,policy_hurt,
txn_005406,2557.67,insufficient_balance,reminder,0.5612487126614033,reminder,reminder,False,0.45333999999999997,0.45333999999999997,0,0,no_change,
txn_001296,1165.19,authentication_failed,reminder,0.5955459871419431,reminder,reminder,False,0.59,0.59,0,0,no_change,
txn_003746,3100.79,bank_decline,retry,0.5074174883506052,retry,payment_link,True,0.42000000000000004,0.32000000000000006,0,0,same_outcome,
txn_000592,875.13,authentication_failed,payment_link,0.6233227965161576,payment_link,payment_link,False,0.58522,0.58522,0,0,no_change,
txn_001407,1654.44,insufficient_balance,reminder,0.5882217211482771,reminder,reminder,False,0.55,0.55,0,0,no_change,
txn_000222,355.01,bank_decline,retry,0.6478132031430595,retry,retry,False,0.6,0.6,1,1,no_change,
txn_005618,792.86,bank_decline,retry,0.695832840970992,retry,retry,False,0.64428,0.64428,1,1,no_change,
txn_006249,1234.34,authentication_failed,payment_link,0.555843327893804,payment_link,payment_link,False,0.49294000000000004,0.49294000000000004,0,0,no_change,
txn_004419,2179.33,gateway_error,retry,0.6750730149926142,retry,retry,False,0.7333399999999999,0.7333399999999999,1,1,no_change,
txn_000859,639.24,bank_decline,retry,0.48776510693682423,retry,payment_link,True,0.41647999999999996,0.31648,0,0,same_outcome,
txn_001784,311.69,bank_decline,retry,0.6853738773396024,retry,retry,False,0.632,0.632,0,0,no_change,
txn_007260,1139.31,bank_decline,retry,0.566890674679676,retry,retry,False,0.51428,0.51428,1,1,no_change,
txn_006857,2043.74,insufficient_balance,reminder,0.4502578215199036,reminder,reminder,False,0.38286,0.38286,0,0,no_change,
txn_001955,2162.39,bank_decline,retry,0.6008194924476009,retry,retry,False,0.52174,0.52174,1,1,no_change,
txn_001747,1546.74,bank_decline,retry,0.5243973334858977,retry,payment_link,True,0.45075999999999994,0.35075999999999996,1,1,same_outcome,
txn_003133,212.86,gateway_error,retry,0.5082091834685907,retry,payment_link,True,0.52,0.27,1,0,policy_hurt,
txn_008037,1530.38,gateway_error,retry,0.6307170558123822,retry,retry,False,0.64728,0.64728,1,1,no_change,
txn_008851,1220.58,bank_decline,retry,0.49345682284689807,retry,payment_link,True,0.41778000000000004,0.31777999999999995,0,0,same_outcome,
txn_000995,438.7,authentication_failed,reminder,0.556991931706937,reminder,reminder,False,0.49,0.49,0,0,no_change,
txn_006109,1083.44,authentication_failed,payment_link,0.3645398245903341,payment_link,payment_link,False,0.45,0.45,0,0,no_change,
txn_000731,1060.47,expired_card,payment_link,0.7202392656870497,payment_link,payment_link,False,0.8147,0.8147,1,1,no_change,
txn_006975,492.58,bank_decline,retry,0.5451175946960114,retry,retry,False,0.53076,0.53076,1,1,no_change,
txn_006274,689.56,insufficient_balance,reminder,0.5967809438439446,reminder,reminder,False,0.56154,0.56154,1,1,no_change,
txn_006752,3758.27,network_error,retry,0.6206910576757085,retry,payment_link,True,0.62044,0.32043999999999995,1,1,same_outcome,
txn_003510,515.52,bank_decline,retry,0.4359572980861142,retry,payment_link,True,0.4,0.30000000000000004,0,0,same_outcome,
txn_003534,1600.18,insufficient_balance,reminder,0.6714805340603581,reminder,reminder,False,0.63,0.63,1,1,no_change,
txn_002514,3072.17,network_error,retry,0.5522830829221356,retry,payment_link,True,0.52666,0.22666000000000003,1,1,same_outcome,
txn_005437,802.59,insufficient_balance,payment_link,0.6026852146805983,payment_link,reminder,True,0.55,0.63,0,0,same_outcome,
txn_003626,1169.59,expired_card,payment_link,0.7092837350692953,payment_link,payment_link,False,0.7591,0.7591,1,1,no_change,
txn_000466,199.83,insufficient_balance,reminder,0.6362013819044312,reminder,reminder,False,0.5647000000000001,0.5647000000000001,1,1,no_change,
txn_006756,683.74,gateway_error,retry,0.5018726246688116,retry,payment_link,True,0.52,0.27,1,1,same_outcome,
txn_006760,1157.6,bank_decline,retry,0.47015775046549435,retry,payment_link,True,0.39,0.29000000000000004,0,0,same_outcome,
txn_007992,2344.53,bank_decline,retry,0.48571171868821184,retry,payment_link,True,0.38481999999999994,0.28481999999999996,0,0,same_outcome,
txn_000158,860.84,insufficient_balance,reminder,0.608408367707306,reminder,reminder,False,0.5579,0.5579,1,1,no_change,
txn_003961,439.59,bank_decline,retry,0.5380995635483478,retry,payment_link,True,0.43999999999999995,0.33999999999999997,0,0,same_outcome,
txn_008833,1530.62,network_error,retry,0.7326531026572567,retry,retry,False,0.738,0.738,0,0,no_change,
txn_005471,1007.05,bank_decline,retry,0.19142659165587428,reminder,reminder,True,0.26999999999999996,0.13999999999999996,0,0,same_outcome,
txn_000186,788.87,insufficient_balance,reminder,0.6339446881905286,reminder,reminder,False,0.6,0.6,1,1,no_change,
txn_001003,576.17,bank_decline,retry,0.5398729168640579,retry,reminder,True,0.45846,0.32846,1,1,same_outcome,
txn_009509,1285.92,bank_decline,retry,0.6466928405720669,retry,retry,False,0.608,0.608,0,0,no_change,
txn_005624,900.48,bank_decline,retry,0.36946758546269015,retry,payment_link,True,0.31999999999999995,0.22,1,0,policy_hurt,
txn_000401,1519.57,bank_decline,retry,0.5968296899625778,retry,retry,False,0.53334,0.53334,0,0,no_change,
txn_006241,520.26,authentication_failed,payment_link,0.559269315170257,payment_link,payment_link,False,0.49454,0.49454,0,0,no_change,
txn_008941,520.48,insufficient_balance,payment_link,0.44562544408279176,reminder,reminder,True,0.36,0.43999999999999995,1,1,same_outcome,
txn_009933,2893.68,authentication_failed,payment_link,0.5401113780441286,payment_link,payment_link,False,0.5800000000000001,0.5800000000000001,0,0,no_change,
txn_007343,1636.63,network_error,retry,0.5322872983215662,retry,payment_link,True,0.5433399999999999,0.24333999999999995,0,0,same_outcome,
txn_009833,276.05,network_error,retry,0.708302281122497,retry,retry,False,0.7200000000000001,0.7200000000000001,0,0,no_change,
txn_008467,155.21,bank_decline,retry,0.5608551686858241,retry,payment_link,True,0.5199999999999999,0.41999999999999993,1,0,policy_hurt,
txn_008757,4954.64,gateway_error,retry,0.528852560405401,retry,reminder,True,0.58814,0.30813999999999997,0,0,same_outcome,
txn_007959,195.15,network_error,retry,0.7461389072156015,retry,retry,False,0.85,0.85,1,1,no_change,
txn_001251,1079.21,insufficient_balance,reminder,0.5424664851082711,reminder,reminder,False,0.48666,0.48666,0,0,no_change,
txn_003144,10484.88,insufficient_balance,reminder,0.4795155676216762,reminder,reminder,False,0.44142000000000003,0.44142000000000003,0,0,no_change,
txn_007431,209.63,bank_decline,retry,0.5093302518985386,retry,reminder,True,0.48295999999999994,0.35295999999999994,0,0,same_outcome,
txn_000060,2154.92,gateway_error,retry,0.6989854909312622,retry,retry,False,0.6909000000000001,0.6909000000000001,1,1,no_change,
txn_007856,1526.83,network_error,retry,0.6457891474729048,retry,payment_link,True,0.58142,0.28142,1,1,same_outcome,
txn_001114,1365.27,insufficient_balance,payment_link,0.4067730126131138,reminder,reminder,True,0.33777999999999997,0.41778000000000004,1,1,same_outcome,
txn_003058,3770.34,authentication_failed,payment_link,0.5591028607277615,payment_link,payment_link,False,0.5,0.5,0,0,no_change,
txn_009570,2447.5,network_error,retry,0.7329478600860383,retry,retry,False,0.72714,0.72714,1,1,no_change,
txn_001329,527.51,authentication_failed,payment_link,0.52806113094634,payment_link,payment_link,False,0.5399999999999999,0.5399999999999999,0,0,no_change,
txn_004996,352.95,insufficient_balance,reminder,0.5574988117551907,reminder,reminder,False,0.47,0.47,1,1,no_change,
txn_006683,767.54,gateway_error,retry,0.6723245428356008,retry,retry,False,0.6291000000000001,0.6291000000000001,0,0,no_change,
txn_002073,318.86,gateway_error,retry,0.6163773897496952,retry,retry,False,0.66074,0.66074,0,0,no_change,
txn_004794,825.99,authentication_failed,payment_link,0.6131902203570324,payment_link,payment_link,False,0.5755600000000001,0.5755600000000001,1,1,no_change,
txn_006830,604.94,gateway_error,retry,0.6697638282443631,retry,retry,False,0.7333399999999999,0.7333399999999999,0,0,no_change,
txn_009630,1267.5,insufficient_balance,payment_link,0.6166402273672801,payment_link,reminder,True,0.53794,0.6179399999999999,0,0,same_outcome,
txn_008219,1452.59,bank_decline,retry,0.5957728359069415,retry,retry,False,0.5000000000000001,0.5000000000000001,0,0,no_change,
txn_007568,394.95,bank_decline,retry,0.6316629401058602,retry,retry,False,0.61334,0.61334,1,1,no_change,
txn_005923,1695.14,bank_decline,retry,0.5988424347301469,retry,retry,False,0.5529400000000001,0.5529400000000001,0,0,no_change,
txn_001551,381.05,expired_card,payment_link,0.7008988812435321,payment_link,payment_link,False,0.8079,0.8079,0,0,no_change,
txn_001010,713.8,bank_decline,retry,0.6253551213628739,retry,retry,False,0.55,0.55,0,0,no_change,
txn_003756,2203.77,bank_decline,retry,0.4063808856843608,retry,retry,False,0.48,0.48,0,0,no_change,
txn_008682,955.23,gateway_error,retry,0.6546702005230646,retry,retry,False,0.7,0.7,0,0,no_change,
txn_009343,1440.98,gateway_error,retry,0.5297518904775574,retry,payment_link,True,0.4933399999999999,0.24333999999999995,1,0,policy_hurt,
txn_008010,1274.4,bank_decline,retry,0.5281473617420973,retry,payment_link,True,0.44857999999999987,0.3485799999999999,0,0,same_outcome,
txn_003861,1980.42,network_error,retry,0.7317048416257604,retry,retry,False,0.71444,0.71444,1,1,no_change,
txn_003149,2038.3,gateway_error,retry,0.5571157967523181,retry,payment_link,True,0.56,0.31000000000000005,0,0,same_outcome,
txn_002520,2625.44,bank_decline,retry,0.6359586027881089,retry,retry,False,0.6,0.6,1,1,no_change,
txn_003128,489.6,authentication_failed,payment_link,0.5413478162758375,reminder,reminder,True,0.4774999999999999,0.4275,1,1,same_outcome,
txn_009085,4712.97,bank_decline,retry,0.5876054282909334,retry,retry,False,0.5800000000000001,0.5800000000000001,0,0,no_change,
txn_005317,856.2,bank_decline,retry,0.5551319458931442,retry,reminder,True,0.48666,0.35666,1,1,same_outcome,
txn_001196,1708.74,gateway_error,retry,0.5305667700584572,retry,payment_link,True,0.5,0.24999999999999994,0,0,same_outcome,
txn_009051,1160.67,gateway_error,retry,0.5753577758881462,retry,reminder,True,0.60154,0.32154000000000005,1,0,policy_hurt,
txn_000880,1282.73,bank_decline,retry,0.6305302574969643,retry,retry,False,0.51666,0.51666,0,0,no_change,
txn_006990,1981.72,expired_card,payment_link,0.5845228940050919,payment_link,payment_link,False,0.58142,0.58142,0,0,no_change,
txn_002488,1853.08,bank_decline,retry,0.6286122374144544,retry,retry,False,0.61334,0.61334,1,1,no_change,
txn_002841,2665.2,network_error,retry,0.5897536579916584,retry,payment_link,True,0.5544399999999999,0.25443999999999994,0,0,same_outcome,
txn_004330,781.27,insufficient_balance,reminder,0.3773295723614007,reminder,reminder,False,0.3400000000000001,0.3400000000000001,1,1,no_change,
txn_002931,719.08,bank_decline,retry,0.46472159273847835,retry,payment_link,True,0.38666,0.2866599999999999,0,0,same_outcome,
txn_006425,493.11,gateway_error,retry,0.6030176343353727,retry,payment_link,True,0.6177799999999999,0.36778,0,0,same_outcome,
txn_002486,1192.77,authentication_failed,payment_link,0.37523306827287395,reminder,reminder,True,0.43857999999999997,0.38858000000000004,0,0,same_outcome,
txn_005748,682.67,authentication_failed,payment_link,0.4747264015983511,payment_link,payment_link,False,0.45999999999999996,0.45999999999999996,1,1,no_change,
txn_000884,1416.91,bank_decline,retry,0.49950496230685776,retry,payment_link,True,0.38616000000000006,0.28615999999999997,1,1,same_outcome,
txn_004915,576.57,insufficient_balance,retry,0.6177371287763765,retry,retry,False,0.525,0.525,0,0,no_change,
txn_006211,3962.77,gateway_error,retry,0.6896137686607751,retry,retry,False,0.7333399999999999,0.7333399999999999,1,1,no_change,
txn_009579,910.15,bank_decline,retry,0.5373131749487657,retry,reminder,True,0.4648199999999999,0.33482,0,0,same_outcome,
txn_000212,4854.18,authentication_failed,payment_link,0.392187145977547,payment_link,payment_link,False,0.3600000000000001,0.3600000000000001,1,1,no_change,
txn_002276,1265.13,expired_card,payment_link,0.6332489947047291,payment_link,payment_link,False,0.6900000000000001,0.6900000000000001,1,1,no_change,
txn_002329,4200.2,insufficient_balance,reminder,0.6989084225982056,reminder,reminder,False,0.6799999999999999,0.6799999999999999,0,0,no_change,
txn_004951,1443.09,network_error,retry,0.5808536932453091,retry,payment_link,True,0.58142,0.28142,1,1,same_outcome,
txn_003320,515.32,network_error,retry,0.5810661719482888,retry,payment_link,True,0.54794,0.24794,1,0,policy_hurt,
txn_009835,1112.62,expired_card,payment_link,0.6923331711986397,payment_link,payment_link,False,0.81428,0.81428,0,0,no_change,
txn_004608,1107.57,network_error,retry,0.76160994555101,retry,retry,False,0.79482,0.79482,1,1,no_change,
txn_001439,1526.81,authentication_failed,payment_link,0.34073249040678355,payment_link,payment_link,False,0.29,0.29,0,0,no_change,
txn_000468,635.69,authentication_failed,reminder,0.624496981854221,reminder,reminder,False,0.5700000000000001,0.5700000000000001,1,1,no_change,
txn_005467,1131.34,authentication_failed,payment_link,0.6221744747053966,payment_link,payment_link,False,0.6000000000000001,0.6000000000000001,0,0,no_change,
txn_003330,477.57,insufficient_balance,reminder,0.5970102331796703,reminder,reminder,False,0.552,0.552,0,0,no_change,
txn_005829,291.84,bank_decline,retry,0.48289600587244913,retry,payment_link,True,0.43999999999999995,0.33999999999999997,0,0,same_outcome,
txn_008608,1914.5,authentication_failed,payment_link,0.7017938111684562,payment_link,payment_link,False,0.6461600000000001,0.6461600000000001,1,1,no_change,
txn_000697,600.87,insufficient_balance,payment_link,0.6655922788694801,payment_link,reminder,True,0.57242,0.65242,1,1,same_outcome,
txn_007268,1369.71,authentication_failed,reminder,0.5535892010043072,reminder,reminder,False,0.43286,0.43286,0,0,no_change,
txn_009145,4696.48,insufficient_balance,payment_link,0.44549857030675544,payment_link,reminder,True,0.30286,0.38286,1,1,same_outcome,
txn_008181,1137.27,gateway_error,retry,0.7820887001967518,retry,retry,False,0.75454,0.75454,1,1,no_change,
txn_009939,722.07,authentication_failed,payment_link,0.5127307489701562,payment_link,payment_link,False,0.42000000000000004,0.42000000000000004,1,1,no_change,
txn_001315,907.74,gateway_error,retry,0.754034147200646,retry,retry,False,0.76666,0.76666,0,0,no_change,
txn_002302,1036.73,network_error,retry,0.7497345052122446,retry,retry,False,0.85,0.85,1,1,no_change,
txn_002040,899.96,bank_decline,retry,0.5637201204462599,retry,retry,False,0.5375,0.5375,0,0,no_change,
txn_007109,1297.35,network_error,retry,0.6824098908434775,retry,retry,False,0.78572,0.78572,1,1,no_change,
txn_003667,2006.18,insufficient_balance,reminder,0.6216911515312528,reminder,reminder,False,0.61044,0.61044,1,1,no_change,
txn_000915,6755.6,insufficient_balance,payment_link,0.2821144669964275,payment_link,reminder,True,0.35000000000000003,0.43,0,0,same_outcome,
txn_000013,779.15,expired_card,payment_link,0.603113610798561,payment_link,payment_link,False,0.64172,0.64172,1,1,no_change,
txn_008584,1212.98,insufficient_balance,reminder,0.5480277098378287,reminder,reminder,False,0.48,0.48,0,0,no_change,
txn_006428,2467.14,authentication_failed,payment_link,0.6033955330638435,payment_link,payment_link,False,0.6454599999999999,0.6454599999999999,1,1,no_change,
txn_001537,413.52,authentication_failed,reminder,0.6725610247528532,reminder,reminder,False,0.6125,0.6125,0,0,no_change,
txn_000737,514.94,insufficient_balance,reminder,0.5733463481785622,reminder,reminder,False,0.54546,0.54546,0,0,no_change,
txn_008202,1085.16,bank_decline,retry,0.6813560782794985,retry,retry,False,0.65142,0.65142,1,1,no_change,
txn_008653,292.03,bank_decline,retry,0.47474960096013025,retry,reminder,True,0.43111999999999995,0.30111999999999994,0,0,same_outcome,
txn_000454,1505.87,gateway_error,retry,0.6291384909759291,retry,reminder,True,0.60666,0.32666000000000006,1,1,same_outcome,
txn_004346,295.45,insufficient_balance,reminder,0.5608427255640356,reminder,reminder,False,0.56666,0.56666,0,0,no_change,
txn_000928,3056.37,bank_decline,retry,0.5025172905270019,retry,payment_link,True,0.4342799999999999,0.33428,0,0,same_outcome,
txn_006292,1656.7,bank_decline,retry,0.6292850777313913,retry,retry,False,0.6085799999999999,0.6085799999999999,0,0,no_change,
txn_008282,1023.07,bank_decline,retry,0.649592998247283,retry,retry,False,0.61334,0.61334,1,1,no_change,
txn_008723,1159.86,gateway_error,retry,0.6870380335477786,retry,retry,False,0.7,0.7,1,1,no_change,
txn_006474,380.57,authentication_failed,reminder,0.6593875104833009,reminder,reminder,False,0.65,0.65,1,1,no_change,
txn_000038,649.81,gateway_error,retry,0.5267730198088733,retry,payment_link,True,0.52666,0.27666,1,1,same_outcome,
txn_005771,787.55,authentication_failed,reminder,0.4001817104914622,reminder,reminder,False,0.2899999999999999,0.2899999999999999,1,1,no_change,
txn_002555,992.29,authentication_failed,payment_link,0.5366818384032592,payment_link,payment_link,False,0.47334,0.47334,1,1,no_change,
txn_007633,1590.86,bank_decline,retry,0.5571248734172493,retry,payment_link,True,0.49141999999999997,0.39142,0,0,same_outcome,
txn_009999,389.58,expired_card,payment_link,0.3679810108078877,payment_link,payment_link,False,0.35999999999999993,0.35999999999999993,1,1,no_change,
txn_006621,2226.64,gateway_error,retry,0.6258679996171083,retry,payment_link,True,0.6177799999999999,0.36778,1,1,same_outcome,
txn_000941,344.23,gateway_error,retry,0.556080419341384,retry,retry,False,0.6342800000000001,0.6342800000000001,0,0,no_change,
txn_007399,801.24,bank_decline,retry,0.5006757266062167,retry,payment_link,True,0.3400000000000001,0.24000000000000005,0,0,same_outcome,
txn_006129,1239.13,bank_decline,retry,0.5236420929830384,retry,payment_link,True,0.4342799999999999,0.33428,0,0,same_outcome,
txn_009830,587.27,network_error,retry,0.6983006893700678,retry,payment_link,True,0.6566599999999999,0.35666,1,0,policy_hurt,
txn_002681,871.53,authentication_failed,payment_link,0.5567462134165623,payment_link,payment_link,False,0.49,0.49,0,0,no_change,
txn_004355,100.0,insufficient_balance,reminder,0.40764903583162304,reminder,reminder,False,0.4025000000000001,0.4025000000000001,0,0,no_change,
txn_003059,1172.17,gateway_error,retry,0.5323162066574981,retry,payment_link,True,0.4984599999999999,0.24845999999999996,0,0,same_outcome,
txn_007881,450.98,authentication_failed,payment_link,0.6964751948242389,payment_link,payment_link,False,0.65556,0.65556,0,0,no_change,
txn_000739,767.47,gateway_error,retry,0.7755823114744347,retry,retry,False,0.75834,0.75834,1,1,no_change,
txn_000539,1216.25,insufficient_balance,reminder,0.5215455338900569,reminder,reminder,False,0.45333999999999997,0.45333999999999997,1,1,no_change,
txn_003326,1650.76,authentication_failed,reminder,0.6563565068146137,reminder,reminder,False,0.65,0.65,1,1,no_change,
txn_004240,1594.89,authentication_failed,reminder,0.5600820325261512,reminder,reminder,False,0.49,0.49,1,1,no_change,
txn_001401,1352.08,insufficient_balance,reminder,0.29816266520137735,reminder,reminder,False,0.26999999999999996,0.26999999999999996,0,0,no_change,
txn_004047,1825.34,gateway_error,retry,0.7304853533111777,retry,retry,False,0.77242,0.77242,1,1,no_change,
txn_005138,6283.37,authentication_failed,payment_link,0.6023918224380452,payment_link,payment_link,False,0.6399999999999999,0.6399999999999999,1,1,no_change,
txn_004230,2235.39,network_error,retry,0.5982099145467252,retry,payment_link,True,0.5191,0.21910000000000002,1,0,policy_hurt,
txn_004192,2689.05,network_error,retry,0.6893026316730938,retry,retry,False,0.77,0.77,0,0,no_change,
txn_009143,1071.7,insufficient_balance,reminder,0.5553960294029858,reminder,reminder,False,0.48,0.48,1,1,no_change,
txn_005539,395.36,expired_card,payment_link,0.5899049044261336,payment_link,payment_link,False,0.64454,0.64454,0,0,no_change,
txn_002693,824.33,bank_decline,retry,0.5430239309336419,retry,reminder,True,0.46782,0.33782,0,0,same_outcome,
txn_005341,1124.25,network_error,retry,0.6877995663865393,retry,payment_link,True,0.6465199999999999,0.34651999999999994,1,1,same_outcome,
txn_009918,966.93,authentication_failed,payment_link,0.5840056746690481,payment_link,payment_link,False,0.515,0.515,0,0,no_change,
txn_007671,2271.79,bank_decline,retry,0.47814816835338414,retry,payment_link,True,0.4018999999999999,0.30189999999999995,1,0,policy_hurt,
txn_009174,2591.09,authentication_failed,payment_link,0.6022723117638578,payment_link,payment_link,False,0.7,0.7,1,1,no_change,
txn_001808,1929.78,gateway_error,retry,0.7430589898356004,retry,retry,False,0.7333399999999999,0.7333399999999999,1,1,no_change,
txn_005112,957.59,network_error,retry,0.7581322465512494,retry,retry,False,0.81,0.81,0,0,no_change,
txn_003990,527.13,bank_decline,retry,0.5434880164580043,retry,payment_link,True,0.42666000000000004,0.32665999999999995,1,1,same_outcome,
txn_003456,367.87,authentication_failed,reminder,0.5680589334680889,reminder,reminder,False,0.43999999999999995,0.43999999999999995,0,0,no_change,
txn_002908,412.8,bank_decline,retry,0.5749793253497447,retry,retry,False,0.51428,0.51428,1,1,no_change,
txn_006652,464.1,expired_card,payment_link,0.7422275663494395,payment_link,payment_link,False,0.82142,0.82142,1,1,no_change,
txn_008288,276.27,bank_decline,retry,0.6979957463639637,retry,retry,False,0.6799999999999999,0.6799999999999999,1,1,no_change,
txn_006245,854.01,bank_decline,reminder,0.26535858069380064,reminder,reminder,False,0.3,0.3,0,0,no_change,
txn_002698,816.64,bank_decline,retry,0.590732395960691,retry,retry,False,0.5407400000000001,0.5407400000000001,0,0,no_change,
txn_004017,837.26,authentication_failed,payment_link,0.562407370691439,payment_link,payment_link,False,0.55334,0.55334,1,1,no_change,
txn_004340,851.25,bank_decline,retry,0.6247320657329714,retry,retry,False,0.525,0.525,0,0,no_change,
txn_004646,1709.11,gateway_error,retry,0.5101777086094714,retry,payment_link,True,0.5614199999999999,0.31142000000000003,0,0,same_outcome,
txn_007740,420.74,bank_decline,retry,0.47204105404568175,retry,payment_link,True,0.3400000000000001,0.24000000000000005,0,0,same_outcome,
txn_007092,1295.26,network_error,retry,0.7020313121756417,retry,retry,False,0.6900000000000001,0.6900000000000001,1,1,no_change,
txn_004693,645.33,bank_decline,retry,0.6584016358631144,payment_link,payment_link,True,0.65692,0.55692,1,1,same_outcome,
txn_001740,3803.42,insufficient_balance,reminder,0.7099410471263491,reminder,reminder,False,0.6799999999999999,0.6799999999999999,1,1,no_change,
txn_005407,1771.67,bank_decline,reminder,0.27723665347128695,reminder,reminder,False,0.3,0.3,1,1,no_change,
txn_004589,908.58,gateway_error,retry,0.5512191182556863,retry,payment_link,True,0.56,0.31000000000000005,1,1,same_outcome,
txn_003126,843.91,authentication_failed,reminder,0.6083025457719047,reminder,reminder,False,0.5700000000000001,0.5700000000000001,1,1,no_change,
txn_002158,2297.06,gateway_error,retry,0.6795862717488393,retry,retry,False,0.6786200000000001,0.6786200000000001,0,0,no_change,
txn_005334,2365.42,insufficient_balance,payment_link,0.5933864507333179,payment_link,reminder,True,0.5579,0.6378999999999999,1,1,same_outcome,
txn_008637,1575.76,bank_decline,retry,0.5320810885160886,retry,payment_link,True,0.47714,0.3771399999999999,0,0,same_outcome,
txn_001826,2170.13,gateway_error,retry,0.5121931173435998,retry,payment_link,True,0.485,0.235,0,0,same_outcome,
txn_004231,869.09,insufficient_balance,reminder,0.6363775927683852,reminder,reminder,False,0.63556,0.63556,0,0,no_change,
txn_003488,587.39,bank_decline,retry,0.5108009328542665,retry,reminder,True,0.42000000000000004,0.29000000000000004,0,0,same_outcome,
txn_009054,1799.15,insufficient_balance,reminder,0.6123946737896101,reminder,reminder,False,0.64,0.64,1,1,no_change,
txn_009769,1329.67,expired_card,payment_link,0.6309114086309996,payment_link,payment_link,False,0.714,0.714,1,1,no_change,
txn_003648,2555.95,insufficient_balance,payment_link,0.3596414735594701,payment_link,retry,True,0.35000000000000003,0.3,0,0,same_outcome,
txn_005903,488.25,gateway_error,retry,0.5467070502566211,retry,payment_link,True,0.56,0.31000000000000005,1,0,policy_hurt,
txn_006386,678.32,bank_decline,retry,0.5492050962487768,retry,reminder,True,0.48295999999999994,0.35295999999999994,0,0,same_outcome,
txn_005639,611.59,bank_decline,retry,0.62858182636698,retry,retry,False,0.61334,0.61334,1,1,no_change,
txn_006424,370.34,bank_decline,retry,0.5369350695661211,retry,reminder,True,0.4783399999999999,0.34834,0,0,same_outcome,
txn_007827,999.68,network_error,retry,0.7620752506072888,retry,retry,False,0.80294,0.80294,1,1,no_change,
txn_007744,302.97,network_error,retry,0.6291460158782268,retry,retry,False,0.69222,0.69222,1,1,no_change,
txn_003013,399.7,network_error,retry,0.7364253006560194,retry,retry,False,0.77,0.77,1,1,no_change,
txn_007672,365.44,insufficient_balance,reminder,0.6041245575881182,reminder,reminder,False,0.55556,0.55556,0,0,no_change,
txn_009549,2794.56,insufficient_balance,reminder,0.6066792527554926,reminder,reminder,False,0.6,0.6,1,1,no_change,
txn_009978,4077.68,bank_decline,retry,0.52068431703453,retry,payment_link,True,0.3839999999999999,0.2839999999999999,0,0,same_outcome,
txn_003081,2114.13,insufficient_balance,reminder,0.6160004509484606,reminder,reminder,False,0.5391400000000001,0.5391400000000001,0,0,no_change,
txn_003521,1429.92,authentication_failed,reminder,0.5061587186267469,reminder,reminder,False,0.36556,0.36556,0,0,no_change,
txn_004979,645.94,gateway_error,retry,0.5955709312937841,retry,retry,False,0.6533399999999999,0.6533399999999999,1,1,no_change,
txn_007620,807.25,authentication_failed,payment_link,0.5742349234756763,payment_link,payment_link,False,0.48285999999999996,0.48285999999999996,1,1,no_change,
txn_004348,302.42,gateway_error,retry,0.5309166029872763,retry,reminder,True,0.52842,0.24842000000000003,1,1,same_outcome,
txn_008441,1091.27,bank_decline,retry,0.596519197485407,retry,retry,False,0.56552,0.56552,1,1,no_change,
txn_001347,1711.16,authentication_failed,payment_link,0.6254569853077758,payment_link,payment_link,False,0.5563600000000001,0.5563600000000001,1,1,no_change,
txn_007088,736.58,bank_decline,retry,0.605757471124864,retry,retry,False,0.55454,0.55454,0,0,no_change,
txn_008948,1307.95,network_error,retry,0.7468691290569061,retry,retry,False,0.85,0.85,1,1,no_change,
txn_005652,2901.38,expired_card,payment_link,0.7198975345106049,payment_link,payment_link,False,0.7875,0.7875,1,1,no_change,
txn_008082,1507.62,bank_decline,retry,0.6336027006376989,retry,retry,False,0.5444399999999999,0.5444399999999999,0,0,no_change,
txn_001792,1187.86,bank_decline,retry,0.6187465537652758,retry,retry,False,0.61334,0.61334,1,1,no_change,
txn_007429,777.92,bank_decline,retry,0.5759246100744679,retry,payment_link,True,0.5199999999999999,0.41999999999999993,0,0,same_outcome,
txn_009580,371.12,gateway_error,retry,0.40564860920847556,retry,payment_link,True,0.515,0.265,1,1,same_outcome,
txn_009960,834.69,insufficient_balance,reminder,0.5254583997991711,reminder,reminder,False,0.50572,0.50572,0,0,no_change,
txn_002271,872.28,expired_card,payment_link,0.5041123723270832,payment_link,payment_link,False,0.5725,0.5725,1,1,no_change,
txn_009767,167.18,authentication_failed,payment_link,0.5076103964682745,payment_link,payment_link,False,0.4129400000000001,0.4129400000000001,0,0,no_change,
txn_002956,1499.68,expired_card,payment_link,0.5912129635525993,payment_link,payment_link,False,0.6185799999999999,0.6185799999999999,1,1,no_change,
txn_003444,1824.79,gateway_error,retry,0.7119320729533302,retry,retry,False,0.69392,0.69392,0,0,no_change,
txn_007736,1374.49,bank_decline,retry,0.6783389592371246,retry,retry,False,0.6799999999999999,0.6799999999999999,1,1,no_change,
txn_000834,323.54,insufficient_balance,reminder,0.5607489029981525,reminder,reminder,False,0.5199999999999999,0.5199999999999999,0,0,no_change,
txn_006499,1563.76,bank_decline,retry,0.5523394170568566,retry,reminder,True,0.47,0.33999999999999997,0,0,same_outcome,
txn_002992,2798.94,expired_card,payment_link,0.7367795851887824,payment_link,payment_link,False,0.7833399999999999,0.7833399999999999,1,1,no_change,
txn_007793,637.29,authentication_failed,reminder,0.6039083893797952,reminder,reminder,False,0.5700000000000001,0.5700000000000001,0,0,no_change,
txn_002151,2353.72,insufficient_balance,reminder,0.4941441861050487,reminder,reminder,False,0.3807400000000001,0.3807400000000001,0,0,no_change,
txn_004023,11370.37,bank_decline,retry,0.46415266851088255,retry,payment_link,True,0.39,0.29000000000000004,1,1,same_outcome,
txn_007615,6135.96,insufficient_balance,payment_link,0.3627470893652232,payment_link,reminder,True,0.19,0.26999999999999996,0,0,same_outcome,
txn_006124,1928.75,gateway_error,retry,0.7282524703145132,retry,retry,False,0.69142,0.69142,1,1,no_change,
txn_003339,3654.86,gateway_error,retry,0.7177013045315339,retry,retry,False,0.7529399999999999,0.7529399999999999,1,1,no_change,
txn_004344,566.78,gateway_error,retry,0.7317191626369387,retry,retry,False,0.7166600000000001,0.7166600000000001,1,1,no_change,
txn_004464,1904.63,authentication_failed,payment_link,0.6456755921106023,payment_link,payment_link,False,0.56814,0.56814,0,0,no_change,
txn_002376,228.72,gateway_error,retry,0.7175343582984821,retry,retry,False,0.68,0.68,0,0,no_change,
txn_009044,2703.18,bank_decline,retry,0.6564431611304086,retry,retry,False,0.64666,0.64666,1,1,no_change,
txn_005571,1341.21,gateway_error,retry,0.5973944346953458,retry,payment_link,True,0.58286,0.33286000000000004,0,0,same_outcome,
txn_008599,853.96,insufficient_balance,payment_link,0.36291004213036404,payment_link,reminder,True,0.31000000000000005,0.39,0,0,same_outcome,
txn_008504,1178.58,bank_decline,retry,0.6075215933844762,retry,retry,False,0.53794,0.53794,0,0,no_change,
txn_008880,1120.42,bank_decline,retry,0.5641090987156748,retry,payment_link,True,0.4959999999999999,0.3959999999999999,1,1,same_outcome,
txn_001887,1014.63,network_error,retry,0.5819737277212412,retry,payment_link,True,0.5499999999999999,0.24999999999999994,1,0,policy_hurt,
txn_001198,1869.89,authentication_failed,reminder,0.5797239773201885,reminder,reminder,False,0.49,0.49,0,0,no_change,
txn_006427,1455.36,insufficient_balance,reminder,0.4365226273444054,reminder,reminder,False,0.39556,0.39556,1,1,no_change,
txn_008911,627.46,network_error,retry,0.76183044849707,retry,retry,False,0.7300000000000001,0.7300000000000001,1,1,no_change,
txn_002936,2698.6,insufficient_balance,reminder,0.4568135219482167,reminder,reminder,False,0.3694200000000001,0.3694200000000001,0,0,no_change,
txn_006342,254.1,bank_decline,retry,0.4964621990810095,retry,payment_link,True,0.46782,0.3678199999999999,0,0,same_outcome,
txn_001430,2238.68,bank_decline,retry,0.5553984183775346,retry,payment_link,True,0.49778,0.3977799999999999,0,0,same_outcome,
txn_006307,485.9,bank_decline,retry,0.5465498677095106,retry,retry,False,0.5368400000000001,0.5368400000000001,0,0,no_change,
txn_003650,1379.49,network_error,retry,0.6144945349320646,retry,payment_link,True,0.69,0.39,1,1,same_outcome,
txn_001938,2468.43,expired_card,payment_link,0.7080019120895332,payment_link,payment_link,False,0.7414200000000001,0.7414200000000001,1,1,no_change,
txn_005172,937.03,authentication_failed,reminder,0.5486174059445283,reminder,reminder,False,0.49,0.49,0,0,no_change,
txn_007764,378.15,bank_decline,retry,0.5297889879745941,retry,reminder,True,0.46118000000000003,0.33118000000000003,0,0,same_outcome,
txn_006393,269.31,insufficient_balance,reminder,0.5309545526563801,reminder,reminder,False,0.47383999999999993,0.47383999999999993,0,0,no_change,
txn_001154,679.22,bank_decline,retry,0.5025767962174121,retry,payment_link,True,0.4052199999999999,0.30521999999999994,0,0,same_outcome,
txn_006250,1544.89,network_error,retry,0.7563180853701393,retry,retry,False,0.8,0.8,1,1,no_change,
txn_007037,3025.39,gateway_error,retry,0.755823457833353,retry,retry,False,0.75454,0.75454,1,1,no_change,
txn_004229,1740.81,gateway_error,retry,0.7928207659549529,retry,retry,False,0.76,0.76,1,1,no_change,
txn_004975,812.76,authentication_failed,reminder,0.4909687988620059,reminder,reminder,False,0.39,0.39,1,1,no_change,
txn_006401,1262.04,network_error,retry,0.7164034363490159,retry,retry,False,0.71482,0.71482,1,1,no_change,
txn_003640,793.09,expired_card,payment_link,0.2545457088631116,payment_link,payment_link,False,0.35999999999999993,0.35999999999999993,1,1,no_change,
txn_003972,2373.06,bank_decline,retry,0.17164718015014532,retry,payment_link,True,0.19,0.09000000000000001,0,0,same_outcome,
txn_009594,998.91,gateway_error,retry,0.5534260435882886,retry,payment_link,True,0.5672799999999999,0.31728,1,0,policy_hurt,
txn_003376,312.22,gateway_error,retry,0.5368048901885403,retry,reminder,True,0.5861599999999999,0.30616,1,1,same_outcome,
txn_002487,1010.85,bank_decline,retry,0.6103782015014872,retry,retry,False,0.55238,0.55238,0,0,no_change,
txn_006954,1373.76,gateway_error,retry,0.6101496250899797,retry,reminder,True,0.64,0.36,1,0,policy_hurt,
txn_000606,981.97,network_error,retry,0.5765783419400804,retry,payment_link,True,0.55814,0.25814,1,1,same_outcome,
txn_007444,1200.23,gateway_error,retry,0.6218144052252009,retry,retry,False,0.6584599999999999,0.6584599999999999,1,1,no_change,
txn_005928,497.63,expired_card,payment_link,0.508337632359761,payment_link,payment_link,False,0.56172,0.56172,1,1,no_change,
txn_002454,947.14,bank_decline,retry,0.5915248156941912,retry,retry,False,0.57142,0.57142,0,0,no_change,
txn_003609,1250.38,network_error,retry,0.7567963857355713,retry,retry,False,0.81522,0.81522,1,1,no_change,
txn_001484,378.66,bank_decline,retry,0.6759725651298606,retry,retry,False,0.61636,0.61636,1,1,no_change,
txn_004519,1001.8,expired_card,payment_link,0.5885475666765424,payment_link,payment_link,False,0.61,0.61,1,1,no_change,
txn_003038,1196.13,authentication_failed,payment_link,0.3868540025049072,payment_link,payment_link,False,0.3600000000000001,0.3600000000000001,0,0,no_change,
txn_009352,2665.51,authentication_failed,reminder,0.6143546050331691,reminder,reminder,False,0.5700000000000001,0.5700000000000001,1,1,no_change,
txn_007692,2003.07,network_error,retry,0.4926383279302571,retry,retry,False,0.6499999999999999,0.6499999999999999,0,0,no_change,
txn_004116,1322.0,bank_decline,retry,0.48625557482482956,retry,payment_link,True,0.37684000000000006,0.27684,1,1,same_outcome,
txn_001427,1718.34,gateway_error,retry,0.7566732378900247,retry,retry,False,0.76,0.76,1,1,no_change,
txn_000497,4543.15,bank_decline,retry,0.4718168980820248,retry,payment_link,True,0.37914000000000003,0.27913999999999994,0,0,same_outcome,
txn_003353,1320.98,insufficient_balance,reminder,0.6411176955001526,reminder,reminder,False,0.5981799999999999,0.5981799999999999,1,1,no_change,
txn_008794,1246.57,insufficient_balance,reminder,0.6324551733209104,reminder,reminder,False,0.6599999999999999,0.6599999999999999,1,1,no_change,
txn_000759,779.87,gateway_error,retry,0.7875304889126064,retry,retry,False,0.7579,0.7579,0,0,no_change,
txn_000838,1221.33,gateway_error,retry,0.6285144592708319,retry,retry,False,0.6533399999999999,0.6533399999999999,0,0,no_change,
txn_004327,946.81,gateway_error,retry,0.6565270897954973,retry,retry,False,0.67,0.67,1,1,no_change,
txn_002128,1065.73,authentication_failed,payment_link,0.5152114432823578,payment_link,payment_link,False,0.46308000000000005,0.46308000000000005,1,1,no_change,
txn_001023,8732.77,bank_decline,retry,0.46910508502074283,retry,payment_link,True,0.39556,0.29556000000000004,0,0,same_outcome,
txn_008762,1335.63,network_error,retry,0.6245044273031863,retry,payment_link,True,0.69,0.39,1,0,policy_hurt,
txn_005614,616.3,bank_decline,retry,0.5711831527572231,retry,retry,False,0.5444399999999999,0.5444399999999999,1,1,no_change,
txn_005581,871.42,network_error,retry,0.7470675250519413,retry,retry,False,0.85,0.85,1,1,no_change,
txn_001058,1806.13,bank_decline,retry,0.6068996988006778,retry,retry,False,0.56,0.56,0,0,no_change,
txn_009542,262.34,insufficient_balance,payment_link,0.6268017772105459,payment_link,reminder,True,0.56,0.64,0,0,same_outcome,
txn_006856,737.14,insufficient_balance,reminder,0.49658958969440825,reminder,reminder,False,0.43999999999999995,0.43999999999999995,0,0,no_change,
txn_007349,817.4,authentication_failed,payment_link,0.5266003657392644,payment_link,payment_link,False,0.4848199999999999,0.4848199999999999,0,0,no_change,
txn_009045,2293.55,expired_card,payment_link,0.6325384796110519,payment_link,payment_link,False,0.68818,0.68818,1,1,no_change,
txn_002129,1214.35,authentication_failed,reminder,0.6601212886250273,reminder,reminder,False,0.53522,0.53522,1,1,no_change,
txn_002767,7558.76,network_error,retry,0.5731463923560006,retry,payment_link,True,0.5655600000000001,0.26556,1,0,policy_hurt,
txn_002109,1489.29,authentication_failed,reminder,0.43422933397168717,reminder,reminder,False,0.35666,0.35666,0,0,no_change,
txn_003617,701.19,insufficient_balance,reminder,0.6051621835662748,reminder,reminder,False,0.55652,0.55652,1,1,no_change,
txn_001545,4956.99,expired_card,payment_link,0.5260015743246723,payment_link,payment_link,False,0.5725,0.5725,1,1,no_change,
txn_006914,1828.53,insufficient_balance,reminder,0.6167305161824046,reminder,reminder,False,0.64,0.64,1,1,no_change,
txn_001719,3808.09,bank_decline,retry,0.5548534021586968,retry,payment_link,True,0.5199999999999999,0.41999999999999993,0,0,same_outcome,
txn_007435,826.84,gateway_error,retry,0.8026345952789513,retry,retry,False,0.77142,0.77142,1,1,no_change,
txn_007365,1130.82,network_error,retry,0.6479056450925953,retry,payment_link,True,0.59434,0.29434000000000005,1,0,policy_hurt,
txn_006235,1459.88,gateway_error,retry,0.628273346651545,retry,retry,False,0.67,0.67,1,1,no_change,
txn_000725,1594.14,insufficient_balance,payment_link,0.6236459904353079,payment_link,reminder,True,0.47862,0.55862,0,0,same_outcome,
txn_006673,521.32,network_error,retry,0.5663326366800131,retry,payment_link,True,0.55118,0.25118,0,0,same_outcome,
txn_008029,2023.87,authentication_failed,reminder,0.4770038542674616,reminder,reminder,False,0.36,0.36,0,0,no_change,
txn_005492,534.26,expired_card,payment_link,0.6265956776784343,payment_link,payment_link,False,0.64,0.64,0,0,no_change,
txn_001128,15291.97,bank_decline,retry,0.498397606722291,retry,payment_link,True,0.47172000000000003,0.37171999999999994,1,1,same_outcome,
txn_002957,1168.52,authentication_failed,payment_link,0.44833679500898505,payment_link,payment_link,False,0.42296,0.42296,0,0,no_change,
txn_005156,1098.2,gateway_error,retry,0.6391493680859706,retry,retry,False,0.6738400000000001,0.6738400000000001,1,1,no_change,
txn_004817,103.99,network_error,retry,0.7404473651783129,retry,retry,False,0.77,0.77,1,1,no_change,
txn_006202,612.68,expired_card,payment_link,0.7670879877222173,payment_link,payment_link,False,0.82142,0.82142,1,1,no_change,
txn_006224,1933.19,insufficient_balance,retry,0.4074762763861696,retry,reminder,True,0.2975,0.4275,1,1,same_outcome,
txn_008686,195.35,network_error,retry,0.5917213811219872,retry,payment_link,True,0.69,0.39,1,0,policy_hurt,
txn_007114,390.59,insufficient_balance,payment_link,0.6315565109766759,payment_link,reminder,True,0.56924,0.64924,1,1,same_outcome,
txn_005275,808.05,gateway_error,retry,0.5427172091747788,retry,payment_link,True,0.51556,0.26556,1,1,same_outcome,
txn_008536,1929.63,insufficient_balance,reminder,0.5252926845313278,reminder,reminder,False,0.48,0.48,0,0,no_change,
txn_003044,585.42,insufficient_balance,reminder,0.46832286751305957,reminder,reminder,False,0.35578,0.35578,0,0,no_change,
txn_006912,1115.15,expired_card,payment_link,0.6933406092082948,payment_link,payment_link,False,0.714,0.714,1,1,no_change,
txn_000150,2326.76,authentication_failed,payment_link,0.5677523974218698,payment_link,payment_link,False,0.5666599999999999,0.5666599999999999,0,0,no_change,
txn_007574,503.98,network_error,retry,0.6798712902022312,retry,retry,False,0.69632,0.69632,1,1,no_change,
txn_004206,2355.2,expired_card,payment_link,0.5053937737546733,payment_link,payment_link,False,0.53728,0.53728,0,0,no_change,
txn_005493,366.56,bank_decline,retry,0.6054837193875828,retry,retry,False,0.5571400000000001,0.5571400000000001,0,0,no_change,
txn_002690,2367.94,insufficient_balance,reminder,0.5888148458810835,reminder,reminder,False,0.55834,0.55834,1,1,no_change,
txn_004221,475.8,expired_card,payment_link,0.5990232363813132,payment_link,payment_link,False,0.6042799999999999,0.6042799999999999,0,0,no_change,
txn_009102,6542.44,network_error,retry,0.5272280180258309,retry,payment_link,True,0.55616,0.25616,0,0,same_outcome,
txn_000842,1398.27,bank_decline,retry,0.6040035895019066,retry,payment_link,True,0.5199999999999999,0.41999999999999993,0,0,same_outcome,
txn_008137,1176.82,network_error,retry,0.5760164015787516,retry,payment_link,True,0.52538,0.22537999999999997,0,0,same_outcome,
txn_006438,700.92,gateway_error,retry,0.4863469447218776,retry,payment_link,True,0.47724,0.22724,0,0,same_outcome,
txn_009700,1203.6,authentication_failed,reminder,0.4755758543928341,reminder,reminder,False,0.37666,0.37666,1,1,no_change,
txn_006200,952.31,bank_decline,retry,0.6659836984614435,retry,retry,False,0.6,0.6,0,0,no_change,
txn_002795,1058.41,gateway_error,retry,0.6629872890546444,retry,retry,False,0.6825,0.6825,1,1,no_change,
txn_007626,1094.84,bank_decline,retry,0.473954307424321,retry,payment_link,True,0.35250000000000004,0.2525,0,0,same_outcome,
txn_008475,1247.99,network_error,retry,0.6332186555914551,retry,payment_link,True,0.6233399999999999,0.32333999999999996,1,0,policy_hurt,
txn_007890,1369.44,insufficient_balance,retry,0.5298982605225504,retry,reminder,True,0.33482,0.4648199999999999,0,0,same_outcome,
txn_006608,2016.98,authentication_failed,payment_link,0.5261568314278758,payment_link,payment_link,False,0.4542799999999999,0.4542799999999999,1,1,no_change,
txn_009195,247.95,gateway_error,retry,0.5231053765978682,retry,payment_link,True,0.56,0.31000000000000005,0,0,same_outcome,
txn_008248,2583.16,insufficient_balance,reminder,0.45634866835506,reminder,reminder,False,0.4,0.4,1,1,no_change,
txn_001393,2016.61,insufficient_balance,reminder,0.38434121508513863,reminder,reminder,False,0.39,0.39,0,0,no_change,
txn_001922,667.64,expired_card,payment_link,0.5329958009563585,payment_link,payment_link,False,0.5715399999999999,0.5715399999999999,0,0,no_change,
txn_007019,1418.5,authentication_failed,reminder,0.5916174427998271,reminder,reminder,False,0.43665999999999994,0.43665999999999994,0,0,no_change,
txn_003622,2355.44,bank_decline,retry,0.6362180053318909,retry,retry,False,0.64666,0.64666,1,1,no_change,
txn_004849,2871.92,network_error,retry,0.6488660280132292,retry,payment_link,True,0.65,0.35,1,1,same_outcome,
txn_002292,523.9,authentication_failed,payment_link,0.5300225238917262,reminder,reminder,True,0.48285999999999996,0.43286,0,0,same_outcome,
txn_002134,1250.02,bank_decline,payment_link,0.12000135626675776,payment_link,payment_link,False,0.09000000000000001,0.09000000000000001,0,0,no_change,
txn_000551,907.05,insufficient_balance,payment_link,0.6080192467955208,payment_link,retry,True,0.48154,0.43154,1,1,same_outcome,
txn_001741,2671.96,insufficient_balance,reminder,0.6072349811188286,reminder,reminder,False,0.61,0.61,1,1,no_change,
txn_005290,1358.74,bank_decline,retry,0.4750598763199927,retry,payment_link,True,0.36222,0.26222,1,1,same_outcome,
txn_001818,1402.89,bank_decline,retry,0.6022242474806686,retry,retry,False,0.5411800000000001,0.5411800000000001,1,1,no_change,
txn_004699,352.02,insufficient_balance,reminder,0.4651571797103879,reminder,reminder,False,0.42096,0.42096,0,0,no_change,
txn_005182,2333.0,bank_decline,retry,0.5515996877487517,retry,payment_link,True,0.50572,0.40571999999999997,0,0,same_outcome,
txn_003019,2321.71,authentication_failed,reminder,0.5860741667021269,reminder,reminder,False,0.58334,0.58334,1,1,no_change,
txn_000018,275.38,gateway_error,retry,0.5600593261327954,retry,payment_link,True,0.59556,0.34556,0,0,same_outcome,
txn_001771,1393.97,gateway_error,retry,0.4833126677315196,retry,reminder,True,0.49794000000000005,0.21794000000000002,1,0,policy_hurt,
txn_001889,1249.34,gateway_error,retry,0.7534985630226345,retry,retry,False,0.75,0.75,0,0,no_change,
txn_002153,674.12,gateway_error,retry,0.5271535350492736,retry,payment_link,True,0.49571999999999994,0.24572,1,1,same_outcome,
txn_001643,345.64,bank_decline,retry,0.562176501001439,retry,retry,False,0.53334,0.53334,0,0,no_change,
txn_007847,9003.19,insufficient_balance,payment_link,0.626377542777674,payment_link,retry,True,0.55862,0.5086200000000001,0,0,same_outcome,
txn_004194,932.73,authentication_failed,payment_link,0.5338393859590146,payment_link,payment_link,False,0.49454,0.49454,1,1,no_change,
txn_009433,3193.47,insufficient_balance,reminder,0.5903161456084562,reminder,reminder,False,0.42000000000000004,0.42000000000000004,0,0,no_change,
txn_008899,383.41,insufficient_balance,reminder,0.46274468732167123,reminder,reminder,False,0.39999999999999997,0.39999999999999997,0,0,no_change,
txn_000534,1034.03,authentication_failed,reminder,0.6351609164346997,reminder,reminder,False,0.575,0.575,1,1,no_change,
txn_000133,2896.77,bank_decline,retry,0.4511845162169435,retry,payment_link,True,0.39,0.29000000000000004,1,1,same_outcome,
txn_007723,2793.57,network_error,retry,0.7584362602464215,retry,retry,False,0.8166599999999999,0.8166599999999999,1,1,no_change,
txn_008459,1197.24,bank_decline,retry,0.650704640450641,retry,retry,False,0.61334,0.61334,1,1,no_change,
txn_000965,923.9,gateway_error,retry,0.5900402381024301,retry,reminder,True,0.59384,0.31384,1,1,same_outcome,
txn_008720,647.33,gateway_error,retry,0.5527911417433031,retry,payment_link,True,0.5333399999999999,0.28334000000000004,1,0,policy_hurt,
txn_006413,1686.13,insufficient_balance,payment_link,0.5933965322144611,reminder,reminder,True,0.48000000000000004,0.56,0,0,same_outcome,
txn_008286,1137.91,gateway_error,retry,0.6177917459589415,retry,payment_link,True,0.59384,0.34384000000000003,1,1,same_outcome,
txn_007854,4356.16,authentication_failed,payment_link,0.6905564964081533,payment_link,payment_link,False,0.65,0.65,1,1,no_change,
txn_001096,1276.49,expired_card,payment_link,0.7150038818551733,payment_link,payment_link,False,0.79118,0.79118,0,0,no_change,
txn_006930,1869.4,bank_decline,retry,0.5687263941999653,retry,retry,False,0.53334,0.53334,1,1,no_change,
