transaction_id,customer_id,amount,payment_method,customer_age_days,previous_transactions,previous_successes,historical_success_rate,attempt_number,is_first_purchase,failure_reason,recovery_probability,recovered,preferred_action,final_action,policy_allowed,policy_reasons,rejected,policy
txn_006253,cust_002000,673.13,upi,1229,23,19,0.8261,3,False,authentication_failed,0.5052199999999999,0,payment_link,payment_link,True,[],[],Relaxed
txn_004685,cust_002869,1169.48,wallet,1036,28,22,0.7857,1,False,gateway_error,0.7571399999999999,1,retry,retry,True,[],[],Relaxed
txn_001732,cust_000978,4028.17,card,218,2,2,1.0,1,False,authentication_failed,0.65,0,reminder,reminder,True,[],[],Relaxed
txn_004743,cust_002332,1666.27,wallet,1379,12,9,0.75,4,False,bank_decline,0.29000000000000004,0,retry,payment_link,True,[],"[{'action': 'retry', 'reasons': ['maximum_retry_attempts_exceeded']}]",Relaxed
txn_004522,cust_003270,1285.06,wallet,700,11,9,0.8182,1,False,bank_decline,0.64364,1,retry,retry,True,[],[],Relaxed
txn_006341,cust_001609,2493.64,netbanking,895,21,18,0.8571,1,False,network_error,0.82142,0,retry,retry,True,[],[],Relaxed
txn_000577,cust_000373,2170.23,netbanking,317,13,8,0.6154,1,False,network_error,0.77308,1,retry,retry,True,[],[],Relaxed
txn_005203,cust_002070,643.06,card,371,18,14,0.7778,4,False,gateway_error,0.26556,0,retry,payment_link,True,[],"[{'action': 'retry', 'reasons': ['maximum_retry_attempts_exceeded']}]",Relaxed
txn_006364,cust_001172,368.73,wallet,278,2,2,1.0,1,False,bank_decline,0.6799999999999999,1,retry,retry,True,[],[],Relaxed
txn_000440,cust_002203,3581.98,wallet,804,22,13,0.5909,2,False,network_error,0.68818,1,retry,retry,True,[],[],Relaxed
txn_002751,cust_000508,2671.59,card,609,15,11,0.7333,4,False,expired_card,0.5566599999999999,1,payment_link,payment_link,True,[],[],Relaxed
txn_007488,cust_001164,931.91,wallet,627,2,1,0.5,4,False,bank_decline,0.24000000000000005,0,retry,payment_link,True,[],"[{'action': 'retry', 'reasons': ['maximum_retry_attempts_exceeded']}]",Relaxed
txn_005273,cust_003163,1005.19,card,338,24,15,0.625,4,False,network_error,0.235,0,retry,payment_link,True,[],"[{'action': 'retry', 'reasons': ['maximum_retry_attempts_exceeded']}]",Relaxed
txn_005654,cust_001185,3478.31,wallet,9,9,6,0.6667,3,False,network_error,0.6233399999999999,0,retry,retry,True,[],[],Relaxed
txn_004000,cust_002477,2086.99,upi,154,17,13,0.7647,4,False,gateway_error,0.26294000000000006,0,retry,payment_link,True,[],"[{'action': 'retry', 'reasons': ['maximum_retry_attempts_exceeded']}]",Relaxed
txn_006034,cust_002893,412.14,card,365,6,5,0.8333,4,False,authentication_failed,0.42666000000000004,1,payment_link,payment_link,True,[],[],Relaxed
txn_000583,cust_001189,1024.04,card,1442,19,12,0.6316,1,False,gateway_error,0.7263200000000001,1,retry,retry,True,[],[],Relaxed
txn_009931,cust_001123,7530.98,netbanking,1066,12,9,0.75,1,False,bank_decline,0.63,1,retry,retry,True,[],[],Relaxed
txn_007052,cust_000262,504.69,card,1424,24,19,0.7917,3,False,network_error,0.6483399999999999,0,retry,retry,True,[],[],Relaxed
txn_008159,cust_000987,444.29,card,1292,17,10,0.5882,4,False,bank_decline,0.25764000000000004,0,payment_link,payment_link,True,[],[],Relaxed
txn_009897,cust_002752,504.07,netbanking,534,4,4,1.0,2,False,network_error,0.77,1,retry,retry,True,[],[],Relaxed
txn_002250,cust_001024,2058.84,upi,663,19,13,0.6842,2,False,expired_card,0.70684,1,payment_link,payment_link,True,[],[],Relaxed
txn_004641,cust_000252,1752.14,netbanking,253,12,11,0.9167,3,False,network_error,0.6733399999999999,0,retry,retry,True,[],[],Relaxed
txn_009486,cust_002942,675.86,upi,332,22,19,0.8636,3,False,expired_card,0.66272,0,payment_link,payment_link,True,[],[],Relaxed
txn_004948,cust_001634,712.79,upi,73,29,24,0.8276,1,False,insufficient_balance,0.51552,0,retry,retry,True,[],[],Relaxed
txn_009921,cust_001972,1377.62,card,759,21,20,0.9524,1,False,authentication_failed,0.69048,1,payment_link,payment_link,True,[],[],Relaxed
txn_001964,cust_003117,1742.1,wallet,574,13,9,0.6923,2,False,bank_decline,0.53846,1,retry,retry,True,[],[],Relaxed
txn_008244,cust_001532,1474.04,upi,680,1,0,0.0,2,False,insufficient_balance,0.39999999999999997,1,reminder,reminder,True,[],[],Relaxed
txn_006591,cust_001981,2109.11,card,577,29,20,0.6897,3,False,insufficient_balance,0.4579399999999999,1,reminder,reminder,True,[],[],Relaxed
txn_008848,cust_001406,500.78,card,452,14,8,0.5714,1,False,network_error,0.76428,1,retry,retry,True,[],[],Relaxed
txn_000322,cust_001205,1859.44,upi,455,21,16,0.7619,3,False,gateway_error,0.59238,0,retry,retry,True,[],[],Relaxed
txn_002679,cust_000352,1593.71,wallet,1123,26,20,0.7692,2,False,expired_card,0.72384,0,payment_link,payment_link,True,[],[],Relaxed
txn_004626,cust_002562,704.45,netbanking,29,10,4,0.4,2,False,insufficient_balance,0.48000000000000004,1,reminder,reminder,True,[],[],Relaxed
txn_004950,cust_001735,749.52,wallet,173,11,10,0.9091,3,False,authentication_failed,0.47182,1,reminder,reminder,True,[],[],Relaxed
txn_008329,cust_002831,1638.77,upi,1433,1,0,0.0,3,False,insufficient_balance,0.31999999999999995,0,reminder,reminder,True,[],[],Relaxed
txn_003338,cust_001953,1334.5,wallet,1048,23,19,0.8261,2,False,network_error,0.73522,1,retry,retry,True,[],[],Relaxed
txn_005590,cust_000756,1575.69,upi,93,11,8,0.7273,2,False,network_error,0.71546,1,retry,retry,True,[],[],Relaxed
txn_000252,cust_001345,611.76,netbanking,202,29,22,0.7586,3,False,gateway_error,0.5917199999999999,1,retry,retry,True,[],[],Relaxed
txn_003974,cust_001408,784.78,netbanking,744,7,5,0.7143,2,False,authentication_failed,0.56286,1,payment_link,payment_link,True,[],[],Relaxed
txn_006631,cust_003327,827.97,netbanking,1430,29,21,0.7241,2,False,bank_decline,0.54482,0,retry,retry,True,[],[],Relaxed
txn_005548,cust_001498,1240.13,card,1428,21,19,0.9048,2,False,authentication_failed,0.60096,1,payment_link,payment_link,True,[],[],Relaxed
txn_000036,cust_001397,1263.02,netbanking,1261,3,3,1.0,3,False,gateway_error,0.64,0,retry,retry,True,[],[],Relaxed
txn_008363,cust_001105,662.48,netbanking,1474,17,16,0.9412,2,False,insufficient_balance,0.58824,0,reminder,reminder,True,[],[],Relaxed
txn_001514,cust_001332,1602.86,card,1171,0,0,0.0,3,True,gateway_error,0.38999999999999996,1,retry,retry,True,[],[],Relaxed
txn_009318,cust_001124,2388.5,card,1321,27,21,0.7778,1,False,insufficient_balance,0.55556,0,payment_link,payment_link,True,[],[],Relaxed
txn_000040,cust_000351,391.53,card,1491,22,15,0.6818,4,False,bank_decline,0.27635999999999994,0,retry,payment_link,True,[],"[{'action': 'retry', 'reasons': ['maximum_retry_attempts_exceeded']}]",Relaxed
txn_004820,cust_000719,526.11,wallet,1217,2,2,1.0,3,False,gateway_error,0.64,1,retry,retry,True,[],[],Relaxed
txn_003466,cust_002691,7884.76,netbanking,1319,4,2,0.5,1,False,bank_decline,0.5800000000000001,1,retry,retry,True,[],[],Relaxed
txn_001761,cust_002097,530.09,card,1229,5,2,0.4,3,False,expired_card,0.57,0,payment_link,payment_link,True,[],[],Relaxed
txn_002305,cust_001506,2448.3,card,974,23,16,0.6957,1,False,network_error,0.78914,1,retry,retry,True,[],[],Relaxed
txn_003724,cust_000258,613.81,wallet,374,24,18,0.75,1,False,expired_card,0.8,1,payment_link,payment_link,True,[],[],Relaxed
txn_008285,cust_002760,676.81,netbanking,371,2,2,1.0,4,False,expired_card,0.61,1,payment_link,payment_link,True,[],[],Relaxed
txn_004994,cust_000361,5977.69,upi,1134,9,8,0.8889,1,False,bank_decline,0.65778,0,retry,retry,True,[],[],Relaxed
txn_008128,cust_001758,649.27,upi,634,16,14,0.875,1,False,gateway_error,0.7749999999999999,1,retry,retry,True,[],[],Relaxed
txn_003033,cust_000754,627.3,netbanking,466,14,11,0.7857,4,False,expired_card,0.56714,0,payment_link,payment_link,True,[],[],Relaxed
txn_007939,cust_000873,279.48,wallet,998,17,15,0.8824,1,False,expired_card,0.82648,1,payment_link,payment_link,True,[],[],Relaxed
txn_003040,cust_002034,189.26,wallet,685,0,0,0.0,1,True,bank_decline,0.3,0,reminder,reminder,True,[],[],Relaxed
txn_009656,cust_001541,442.64,card,1019,8,6,0.75,2,False,bank_decline,0.55,0,retry,retry,True,[],[],Relaxed
txn_002546,cust_002552,1504.1,card,897,4,3,0.75,4,False,bank_decline,0.29000000000000004,1,retry,payment_link,True,[],"[{'action': 'retry', 'reasons': ['maximum_retry_attempts_exceeded']}]",Relaxed
txn_002593,cust_002495,905.79,card,1312,14,8,0.5714,1,False,authentication_failed,0.6142799999999999,1,payment_link,payment_link,True,[],[],Relaxed
txn_001189,cust_000745,1604.23,netbanking,639,7,6,0.8571,1,False,bank_decline,0.65142,0,retry,retry,True,[],[],Relaxed
txn_007967,cust_001190,1625.86,card,192,25,17,0.68,4,False,bank_decline,0.276,0,retry,payment_link,True,[],"[{'action': 'retry', 'reasons': ['maximum_retry_attempts_exceeded']}]",Relaxed
txn_006078,cust_000763,3650.97,card,1251,19,18,0.9474,1,False,bank_decline,0.6694800000000001,1,retry,retry,True,[],[],Relaxed
txn_000108,cust_002915,382.43,upi,450,9,8,0.8889,2,False,insufficient_balance,0.5777800000000001,0,reminder,reminder,True,[],[],Relaxed
txn_001316,cust_000857,6570.59,card,373,28,24,0.8571,1,False,bank_decline,0.65142,1,retry,retry,True,[],[],Relaxed
txn_008188,cust_003140,564.95,upi,1356,1,1,1.0,3,False,bank_decline,0.5199999999999999,0,retry,retry,True,[],[],Relaxed
txn_002754,cust_001799,1185.83,netbanking,1063,24,23,0.9583,1,False,gateway_error,0.79166,1,retry,retry,True,[],[],Relaxed
txn_009754,cust_003262,100.0,upi,890,21,16,0.7619,3,False,gateway_error,0.59238,1,retry,retry,True,[],[],Relaxed
txn_006232,cust_001645,990.31,card,88,10,6,0.6,3,False,gateway_error,0.5599999999999999,1,retry,retry,True,[],[],Relaxed
txn_002877,cust_000221,3224.27,card,535,7,5,0.7143,3,False,bank_decline,0.46285999999999994,1,retry,retry,True,[],[],Relaxed
txn_005324,cust_002145,3996.33,upi,201,6,3,0.5,4,False,insufficient_balance,0.3400000000000001,1,reminder,reminder,True,[],[],Relaxed
txn_000800,cust_002028,865.91,card,677,26,19,0.7308,3,False,authentication_failed,0.43616,1,reminder,reminder,True,[],[],Relaxed
txn_003571,cust_000167,1009.9,netbanking,987,21,17,0.8095,2,False,gateway_error,0.6819000000000001,0,retry,retry,True,[],[],Relaxed
txn_002895,cust_002213,504.44,netbanking,890,6,6,1.0,2,False,insufficient_balance,0.6,1,reminder,reminder,True,[],[],Relaxed
txn_002928,cust_000452,1924.14,upi,1222,10,8,0.8,4,False,network_error,0.27,1,retry,payment_link,True,[],"[{'action': 'retry', 'reasons': ['maximum_retry_attempts_exceeded']}]",Relaxed
txn_008179,cust_002128,1572.41,upi,934,10,9,0.9,3,False,insufficient_balance,0.4999999999999999,1,reminder,reminder,True,[],[],Relaxed
txn_000972,cust_002365,931.24,card,671,25,20,0.8,1,False,bank_decline,0.64,1,retry,retry,True,[],[],Relaxed
txn_006688,cust_002672,440.03,card,652,12,10,0.8333,4,False,gateway_error,0.24666000000000005,0,retry,reminder,True,[],"[{'action': 'retry', 'reasons': ['maximum_retry_attempts_exceeded']}]",Relaxed
txn_008576,cust_003289,1982.06,netbanking,205,0,0,0.0,2,True,bank_decline,0.21999999999999997,0,reminder,reminder,True,[],[],Relaxed
txn_002021,cust_002519,710.51,card,87,19,13,0.6842,1,False,insufficient_balance,0.61684,0,reminder,reminder,True,[],[],Relaxed
txn_009055,cust_000740,2255.22,upi,424,16,15,0.9375,1,False,insufficient_balance,0.6675,1,reminder,reminder,True,[],[],Relaxed
txn_000953,cust_000434,659.42,upi,1217,18,15,0.8333,3,False,expired_card,0.6566599999999999,1,payment_link,payment_link,True,[],[],Relaxed
txn_005360,cust_001523,920.12,netbanking,355,24,18,0.75,3,False,network_error,0.64,0,retry,retry,True,[],[],Relaxed
txn_003858,cust_001678,626.91,wallet,496,13,10,0.7692,1,False,bank_decline,0.63384,1,retry,retry,True,[],[],Relaxed
txn_005862,cust_002209,679.11,wallet,1269,28,21,0.75,4,False,network_error,0.26,1,retry,payment_link,True,[],"[{'action': 'retry', 'reasons': ['maximum_retry_attempts_exceeded']}]",Relaxed
txn_003146,cust_000822,1737.92,card,839,3,2,0.6667,3,False,authentication_failed,0.42333999999999994,1,reminder,reminder,True,[],[],Relaxed
txn_003306,cust_001307,264.05,netbanking,148,3,3,1.0,3,False,gateway_error,0.64,0,retry,retry,True,[],[],Relaxed
txn_003007,cust_002222,865.7,card,1253,19,12,0.6316,1,False,gateway_error,0.7263200000000001,1,retry,retry,True,[],[],Relaxed
txn_009002,cust_003310,775.37,card,1312,29,20,0.6897,2,False,network_error,0.70794,1,retry,retry,True,[],[],Relaxed
txn_007771,cust_001541,1249.85,wallet,321,0,0,0.0,4,True,authentication_failed,0.21000000000000002,0,payment_link,payment_link,True,[],[],Relaxed
txn_007439,cust_000629,344.12,wallet,1386,6,4,0.6667,3,False,bank_decline,0.45333999999999997,1,retry,retry,True,[],[],Relaxed
txn_007943,cust_000511,1328.09,wallet,1286,25,18,0.72,3,False,bank_decline,0.46399999999999986,0,retry,retry,True,[],[],Relaxed
txn_009239,cust_002353,158.88,card,1134,11,7,0.6364,4,False,authentication_failed,0.38728000000000007,0,payment_link,payment_link,True,[],[],Relaxed
txn_001057,cust_001235,2112.17,card,492,17,15,0.8824,1,False,bank_decline,0.65648,1,retry,retry,True,[],[],Relaxed
txn_003155,cust_001888,448.49,upi,238,2,1,0.5,3,False,expired_card,0.59,1,payment_link,payment_link,True,[],[],Relaxed
txn_003788,cust_000245,1414.01,upi,895,27,24,0.8889,3,False,gateway_error,0.6177799999999999,0,retry,retry,True,[],[],Relaxed
txn_009190,cust_003191,546.71,wallet,1135,6,4,0.6667,2,False,insufficient_balance,0.53334,1,reminder,reminder,True,[],[],Relaxed
txn_007826,cust_001784,329.39,card,1206,9,8,0.8889,1,False,bank_decline,0.65778,1,retry,retry,True,[],[],Relaxed
txn_007540,cust_002809,1744.64,card,436,9,6,0.6667,1,False,authentication_failed,0.63334,1,payment_link,payment_link,True,[],[],Relaxed
txn_007232,cust_003156,419.18,wallet,205,16,12,0.75,4,False,insufficient_balance,0.31000000000000005,0,payment_link,payment_link,True,[],[],Relaxed
txn_000765,cust_000704,485.71,netbanking,1072,6,6,1.0,1,False,network_error,0.85,0,retry,retry,True,[],[],Relaxed
txn_005020,cust_000728,508.77,netbanking,485,21,19,0.9048,3,False,authentication_failed,0.52096,0,payment_link,payment_link,True,[],[],Relaxed
txn_004904,cust_001401,2556.05,wallet,962,18,12,0.6667,3,False,authentication_failed,0.42333999999999994,1,reminder,reminder,True,[],[],Relaxed
txn_008094,cust_001158,1807.64,upi,651,2,2,1.0,3,False,gateway_error,0.64,0,retry,retry,True,[],[],Relaxed
txn_006844,cust_002156,556.95,wallet,515,2,2,1.0,2,False,insufficient_balance,0.6,0,reminder,reminder,True,[],[],Relaxed
txn_002166,cust_002818,3180.35,netbanking,1001,27,21,0.7778,1,False,insufficient_balance,0.55556,0,payment_link,payment_link,True,[],[],Relaxed
txn_001863,cust_000910,280.76,wallet,65,0,0,0.0,3,True,gateway_error,0.11,0,reminder,reminder,True,[],[],Relaxed
txn_007851,cust_000698,378.64,netbanking,269,1,0,0.0,2,False,expired_card,0.57,1,payment_link,payment_link,True,[],[],Relaxed
txn_009124,cust_002981,1763.63,upi,1342,9,8,0.8889,1,False,insufficient_balance,0.65778,1,reminder,reminder,True,[],[],Relaxed
txn_002341,cust_002227,1352.19,netbanking,64,3,3,1.0,3,False,network_error,0.69,0,retry,retry,True,[],[],Relaxed
txn_005528,cust_001244,1109.49,upi,1062,25,16,0.64,1,False,expired_card,0.778,1,payment_link,payment_link,True,[],[],Relaxed
txn_006744,cust_000909,1061.62,netbanking,33,23,20,0.8696,2,False,insufficient_balance,0.44392000000000004,1,retry,retry,True,[],[],Relaxed
txn_004004,cust_000536,1223.27,netbanking,512,9,7,0.7778,1,False,bank_decline,0.63556,1,retry,retry,True,[],[],Relaxed
txn_001124,cust_000482,2788.97,card,307,8,5,0.625,4,False,authentication_failed,0.385,0,payment_link,payment_link,True,[],[],Relaxed
txn_008710,cust_001368,940.92,upi,1206,25,19,0.76,4,False,gateway_error,0.23200000000000004,1,retry,reminder,True,[],"[{'action': 'retry', 'reasons': ['maximum_retry_attempts_exceeded']}]",Relaxed
txn_004050,cust_000640,1397.7,upi,974,9,7,0.7778,4,False,bank_decline,0.29556000000000004,0,retry,payment_link,True,[],"[{'action': 'retry', 'reasons': ['maximum_retry_attempts_exceeded']}]",Relaxed
txn_007641,cust_000976,1018.81,upi,158,20,16,0.8,3,False,bank_decline,0.48,0,retry,retry,True,[],[],Relaxed
txn_000766,cust_000104,1059.37,card,18,11,9,0.8182,3,False,authentication_failed,0.50364,0,payment_link,payment_link,True,[],[],Relaxed
txn_002345,cust_001243,3337.83,wallet,1002,8,5,0.625,3,False,insufficient_balance,0.44499999999999995,1,reminder,reminder,True,[],[],Relaxed
txn_004072,cust_002953,668.9,netbanking,264,15,8,0.5333,3,False,gateway_error,0.54666,0,retry,retry,True,[],[],Relaxed
txn_007217,cust_000545,766.28,wallet,1300,8,6,0.75,4,False,bank_decline,0.29000000000000004,0,retry,payment_link,True,[],"[{'action': 'retry', 'reasons': ['maximum_retry_attempts_exceeded']}]",Relaxed
txn_004217,cust_000959,7391.14,upi,966,25,19,0.76,3,False,authentication_failed,0.44199999999999995,0,reminder,reminder,True,[],[],Relaxed
txn_007953,cust_003290,2070.06,card,878,19,17,0.8947,1,False,network_error,0.82894,1,retry,retry,True,[],[],Relaxed
txn_005971,cust_002920,2895.34,wallet,897,1,0,0.0,2,False,network_error,0.57,1,retry,retry,True,[],[],Relaxed
txn_003351,cust_003270,2234.44,upi,363,5,3,0.6,1,False,gateway_error,0.72,1,retry,retry,True,[],[],Relaxed
txn_004696,cust_003038,744.15,netbanking,937,3,2,0.6667,4,False,gateway_error,0.24333999999999995,0,retry,payment_link,True,[],"[{'action': 'retry', 'reasons': ['maximum_retry_attempts_exceeded']}]",Relaxed
txn_003400,cust_000984,684.87,upi,1307,11,9,0.8182,2,False,bank_decline,0.56364,1,retry,retry,True,[],[],Relaxed
txn_004082,cust_001429,725.43,wallet,307,0,0,0.0,3,True,bank_decline,0.13999999999999996,0,reminder,reminder,True,[],[],Relaxed
txn_009150,cust_000593,1077.56,card,155,3,3,1.0,2,False,authentication_failed,0.5700000000000001,1,reminder,reminder,True,[],[],Relaxed
txn_001225,cust_001492,1272.8,netbanking,896,4,2,0.5,2,False,insufficient_balance,0.5000000000000001,0,reminder,reminder,True,[],[],Relaxed
txn_006293,cust_002793,891.81,wallet,1037,14,10,0.7143,1,False,bank_decline,0.62286,1,retry,retry,True,[],[],Relaxed
txn_003123,cust_000899,1325.08,wallet,95,18,14,0.7778,2,False,gateway_error,0.67556,0,retry,retry,True,[],[],Relaxed
txn_000511,cust_001090,1984.31,upi,96,5,5,1.0,3,False,bank_decline,0.5199999999999999,0,retry,retry,True,[],[],Relaxed
txn_005795,cust_001974,501.17,netbanking,1311,15,13,0.8667,1,False,bank_decline,0.65334,1,retry,retry,True,[],[],Relaxed
txn_008182,cust_000218,884.15,card,533,2,1,0.5,1,False,gateway_error,0.7,1,retry,retry,True,[],[],Relaxed
txn_009418,cust_001332,1036.02,upi,529,9,7,0.7778,4,False,insufficient_balance,0.39556,1,reminder,reminder,True,[],[],Relaxed
txn_000097,cust_000795,690.88,netbanking,128,6,4,0.6667,3,False,gateway_error,0.5733399999999998,0,retry,retry,True,[],[],Relaxed
txn_006682,cust_000226,1785.1,upi,1174,2,2,1.0,3,False,authentication_failed,0.49,1,reminder,reminder,True,[],[],Relaxed
txn_001513,cust_001140,1189.22,wallet,467,13,9,0.6923,2,False,bank_decline,0.53846,0,retry,retry,True,[],[],Relaxed
txn_008792,cust_003034,1267.39,card,388,18,15,0.8333,4,False,bank_decline,0.30666000000000004,1,retry,payment_link,True,[],"[{'action': 'retry', 'reasons': ['maximum_retry_attempts_exceeded']}]",Relaxed
txn_000120,cust_002852,4619.66,wallet,687,4,2,0.5,4,False,insufficient_balance,0.3400000000000001,0,reminder,reminder,True,[],[],Relaxed
txn_007792,cust_000873,557.89,upi,726,1,0,0.0,1,False,insufficient_balance,0.48,0,reminder,reminder,True,[],[],Relaxed
txn_006518,cust_003238,1091.19,wallet,1047,8,8,1.0,1,False,bank_decline,0.6799999999999999,0,retry,retry,True,[],[],Relaxed
txn_000034,cust_003092,379.51,netbanking,1239,3,3,1.0,3,False,insufficient_balance,0.5199999999999999,0,reminder,reminder,True,[],[],Relaxed
txn_007888,cust_000122,3254.57,upi,695,9,7,0.7778,2,False,gateway_error,0.67556,1,retry,retry,True,[],[],Relaxed
txn_006831,cust_002657,506.31,wallet,1287,14,13,0.9286,4,False,bank_decline,0.32572,1,retry,payment_link,True,[],"[{'action': 'retry', 'reasons': ['maximum_retry_attempts_exceeded']}]",Relaxed
txn_005422,cust_002288,1970.07,upi,1266,0,0,0.0,4,True,bank_decline,0.09000000000000001,0,retry,payment_link,True,[],"[{'action': 'retry', 'reasons': ['maximum_retry_attempts_exceeded']}]",Relaxed
txn_001069,cust_002915,862.42,card,1060,0,0,0.0,4,True,network_error,0.059999999999999984,0,retry,payment_link,True,[],"[{'action': 'retry', 'reasons': ['maximum_retry_attempts_exceeded']}]",Relaxed
txn_001348,cust_001339,1422.85,netbanking,1097,21,15,0.7143,3,False,authentication_failed,0.43286,0,reminder,reminder,True,[],[],Relaxed
txn_004748,cust_000791,675.78,wallet,943,0,0,0.0,2,True,network_error,0.5199999999999999,1,retry,retry,True,[],[],Relaxed
txn_006006,cust_000371,1019.81,wallet,26,13,9,0.6923,4,False,network_error,0.24845999999999996,0,retry,payment_link,True,[],"[{'action': 'retry', 'reasons': ['maximum_retry_attempts_exceeded']}]",Relaxed
txn_006040,cust_003133,2228.21,netbanking,570,24,14,0.5833,3,False,network_error,0.60666,0,retry,retry,True,[],[],Relaxed
txn_003818,cust_000126,789.45,wallet,10,6,4,0.6667,4,False,authentication_failed,0.39334,1,payment_link,payment_link,True,[],[],Relaxed
txn_008447,cust_002684,3400.45,upi,1458,3,1,0.3333,3,False,expired_card,0.5566599999999999,1,payment_link,payment_link,True,[],[],Relaxed
txn_005270,cust_002836,487.66,netbanking,628,12,9,0.75,1,False,insufficient_balance,0.63,1,reminder,reminder,True,[],[],Relaxed
txn_006898,cust_001711,1169.32,card,962,2,1,0.5,3,False,gateway_error,0.5399999999999999,0,retry,retry,True,[],[],Relaxed
txn_005310,cust_001710,1445.39,card,67,13,9,0.6923,3,False,bank_decline,0.45846,1,retry,retry,True,[],[],Relaxed
txn_000032,cust_000766,962.22,netbanking,1401,0,0,0.0,1,True,bank_decline,0.33,0,payment_link,payment_link,True,[],[],Relaxed
txn_005675,cust_000255,287.61,upi,1011,25,18,0.72,2,False,gateway_error,0.664,0,retry,retry,True,[],[],Relaxed
txn_004387,cust_002280,1426.16,wallet,1016,26,22,0.8462,4,False,network_error,0.24924000000000002,0,retry,reminder,True,[],"[{'action': 'retry', 'reasons': ['maximum_retry_attempts_exceeded']}]",Relaxed
txn_000030,cust_002771,411.75,upi,1421,7,7,1.0,1,False,bank_decline,0.6799999999999999,1,retry,retry,True,[],[],Relaxed
txn_004203,cust_000402,4801.78,upi,45,16,13,0.8125,3,False,network_error,0.6525,0,retry,retry,True,[],[],Relaxed
txn_007508,cust_002863,1156.32,wallet,579,18,14,0.7778,4,False,insufficient_balance,0.39556,1,reminder,reminder,True,[],[],Relaxed
txn_000736,cust_001489,1232.0,netbanking,972,0,0,0.0,1,True,bank_decline,0.3,1,reminder,reminder,True,[],[],Relaxed
txn_002068,cust_001554,5034.75,upi,1358,6,5,0.8333,1,False,insufficient_balance,0.64666,1,reminder,reminder,True,[],[],Relaxed
txn_000107,cust_000084,301.11,wallet,1363,9,6,0.6667,3,False,authentication_failed,0.42333999999999994,1,reminder,reminder,True,[],[],Relaxed
txn_009645,cust_002014,500.2,wallet,405,9,6,0.6667,4,False,authentication_failed,0.39334,0,payment_link,payment_link,True,[],[],Relaxed
txn_008895,cust_000209,574.57,wallet,944,27,21,0.7778,4,False,expired_card,0.5655600000000001,0,payment_link,payment_link,True,[],[],Relaxed
txn_008021,cust_001526,1031.36,netbanking,401,24,18,0.75,2,False,network_error,0.7200000000000001,1,retry,retry,True,[],[],Relaxed
txn_002233,cust_001575,1406.09,netbanking,213,12,9,0.75,1,False,expired_card,0.8,0,payment_link,payment_link,True,[],[],Relaxed
txn_000994,cust_001636,1163.74,netbanking,170,8,7,0.875,4,False,insufficient_balance,0.41500000000000004,1,reminder,reminder,True,[],[],Relaxed
txn_009413,cust_000474,220.31,wallet,950,6,4,0.6667,4,False,gateway_error,0.24333999999999995,0,retry,payment_link,True,[],"[{'action': 'retry', 'reasons': ['maximum_retry_attempts_exceeded']}]",Relaxed
txn_007059,cust_002337,2660.13,netbanking,495,1,1,1.0,1,False,network_error,0.85,1,retry,retry,True,[],[],Relaxed
txn_006790,cust_001738,1538.07,card,546,14,11,0.7857,3,False,authentication_failed,0.44714,0,reminder,reminder,True,[],[],Relaxed
txn_000361,cust_003302,1567.64,netbanking,104,15,12,0.8,3,False,expired_card,0.65,1,payment_link,payment_link,True,[],[],Relaxed
txn_000305,cust_003156,1970.3,upi,330,21,13,0.619,2,False,expired_card,0.6938000000000001,1,payment_link,payment_link,True,[],[],Relaxed
txn_002628,cust_002327,731.08,upi,948,4,4,1.0,2,False,gateway_error,0.7200000000000001,1,retry,retry,True,[],[],Relaxed
txn_008966,cust_002542,286.73,netbanking,1297,22,19,0.8636,4,False,bank_decline,0.2827200000000001,0,retry,reminder,True,[],"[{'action': 'retry', 'reasons': ['maximum_retry_attempts_exceeded']}]",Relaxed
txn_004514,cust_002161,4566.11,card,217,23,15,0.6522,3,False,network_error,0.62044,0,retry,retry,True,[],[],Relaxed
txn_005911,cust_001117,431.59,netbanking,912,3,3,1.0,1,False,insufficient_balance,0.6799999999999999,0,reminder,reminder,True,[],[],Relaxed
txn_008314,cust_000050,1030.43,card,407,22,19,0.8636,4,False,authentication_failed,0.38272000000000006,0,reminder,reminder,True,[],[],Relaxed
txn_003101,cust_002949,1919.38,card,849,29,21,0.7241,2,False,authentication_failed,0.56482,0,payment_link,payment_link,True,[],[],Relaxed
txn_005704,cust_000394,1278.03,card,763,6,5,0.8333,4,False,authentication_failed,0.37666,0,reminder,reminder,True,[],[],Relaxed
txn_003899,cust_000074,232.39,netbanking,1062,29,21,0.7241,3,False,gateway_error,0.58482,1,retry,retry,True,[],[],Relaxed
txn_005441,cust_001048,2568.3,upi,941,4,4,1.0,1,False,gateway_error,0.8,1,retry,retry,True,[],[],Relaxed
txn_007931,cust_001181,1283.79,upi,1247,21,15,0.7143,4,False,authentication_failed,0.35286000000000006,0,reminder,reminder,True,[],[],Relaxed
txn_000622,cust_001309,1202.48,upi,317,16,14,0.875,1,False,insufficient_balance,0.655,1,reminder,reminder,True,[],[],Relaxed
txn_007236,cust_002450,565.74,upi,73,12,10,0.8333,3,False,insufficient_balance,0.48666,1,reminder,reminder,True,[],[],Relaxed
txn_002499,cust_002350,349.0,upi,798,16,13,0.8125,4,False,authentication_failed,0.4225000000000001,0,payment_link,payment_link,True,[],[],Relaxed
txn_000714,cust_001491,1414.72,upi,268,7,6,0.8571,1,False,insufficient_balance,0.65142,1,reminder,reminder,True,[],[],Relaxed
txn_008404,cust_001391,5476.61,netbanking,343,28,16,0.5714,4,False,gateway_error,0.22427999999999998,0,retry,payment_link,True,[],"[{'action': 'retry', 'reasons': ['maximum_retry_attempts_exceeded']}]",Relaxed
txn_002856,cust_001819,2832.47,upi,219,27,23,0.8519,1,False,insufficient_balance,0.65038,1,reminder,reminder,True,[],[],Relaxed
txn_004270,cust_000556,367.26,upi,1083,14,10,0.7143,3,False,insufficient_balance,0.46285999999999994,1,reminder,reminder,True,[],[],Relaxed
txn_002909,cust_001597,3596.44,upi,1169,6,6,1.0,1,False,authentication_failed,0.7,0,payment_link,payment_link,True,[],[],Relaxed
txn_008081,cust_001780,1184.73,netbanking,770,22,16,0.7273,4,False,bank_decline,0.28545999999999994,1,retry,payment_link,True,[],"[{'action': 'retry', 'reasons': ['maximum_retry_attempts_exceeded']}]",Relaxed
txn_004517,cust_001057,1213.1,wallet,223,7,6,0.8571,2,False,authentication_failed,0.54142,1,reminder,reminder,True,[],[],Relaxed
txn_001262,cust_002228,9186.11,wallet,745,18,12,0.6667,1,False,gateway_error,0.7333399999999999,1,retry,retry,True,[],[],Relaxed
txn_003161,cust_002432,291.03,card,1413,25,17,0.68,2,False,gateway_error,0.656,0,retry,retry,True,[],[],Relaxed
txn_000971,cust_002808,210.94,wallet,307,28,21,0.75,2,False,bank_decline,0.55,1,retry,retry,True,[],[],Relaxed
txn_003913,cust_001113,509.72,card,710,25,22,0.88,3,False,authentication_failed,0.5159999999999999,1,payment_link,payment_link,True,[],[],Relaxed
txn_005199,cust_000394,2492.86,card,934,18,9,0.5,3,False,network_error,0.59,0,retry,retry,True,[],[],Relaxed
txn_008847,cust_001088,502.3,upi,57,3,2,0.6667,1,False,bank_decline,0.61334,0,retry,retry,True,[],[],Relaxed
txn_000260,cust_001685,1842.2,upi,1480,7,5,0.7143,3,False,authentication_failed,0.43286,0,reminder,reminder,True,[],[],Relaxed
txn_003791,cust_001196,775.79,upi,302,11,8,0.7273,4,False,bank_decline,0.28545999999999994,1,retry,payment_link,True,[],"[{'action': 'retry', 'reasons': ['maximum_retry_attempts_exceeded']}]",Relaxed
txn_009203,cust_000169,1167.74,upi,676,19,13,0.6842,1,False,expired_card,0.78684,1,payment_link,payment_link,True,[],[],Relaxed
txn_000488,cust_000256,644.16,netbanking,348,2,2,1.0,3,False,authentication_failed,0.49,1,reminder,reminder,True,[],[],Relaxed
txn_007908,cust_000292,1213.86,netbanking,1467,3,3,1.0,4,False,expired_card,0.61,1,payment_link,payment_link,True,[],[],Relaxed
txn_000519,cust_002894,481.64,upi,971,11,9,0.8182,1,False,gateway_error,0.76364,1,retry,retry,True,[],[],Relaxed
txn_008343,cust_002359,775.68,netbanking,333,14,8,0.5714,2,False,bank_decline,0.51428,1,retry,retry,True,[],[],Relaxed
txn_000312,cust_000828,2030.19,upi,1139,3,3,1.0,2,False,network_error,0.77,1,retry,retry,True,[],[],Relaxed
txn_003232,cust_000299,481.2,wallet,1380,8,4,0.5,2,False,network_error,0.67,0,retry,retry,True,[],[],Relaxed
txn_007933,cust_000791,753.07,card,897,16,9,0.5625,1,False,gateway_error,0.7124999999999999,1,retry,retry,True,[],[],Relaxed
txn_007458,cust_000127,2644.67,netbanking,1431,14,9,0.6429,3,False,insufficient_balance,0.44857999999999987,1,reminder,reminder,True,[],[],Relaxed
txn_009784,cust_002528,680.73,netbanking,1394,12,6,0.5,3,False,bank_decline,0.42000000000000004,0,retry,retry,True,[],[],Relaxed
txn_005184,cust_002662,2343.9,wallet,22,15,12,0.8,4,False,network_error,0.27,0,retry,payment_link,True,[],"[{'action': 'retry', 'reasons': ['maximum_retry_attempts_exceeded']}]",Relaxed
txn_008077,cust_001820,1620.73,card,1288,8,7,0.875,2,False,bank_decline,0.5750000000000001,0,retry,retry,True,[],[],Relaxed
txn_006502,cust_002648,428.35,card,702,11,9,0.8182,2,False,bank_decline,0.56364,1,retry,retry,True,[],[],Relaxed
txn_006791,cust_003089,1754.27,card,281,23,17,0.7391,4,False,network_error,0.25782,1,retry,payment_link,True,[],"[{'action': 'retry', 'reasons': ['maximum_retry_attempts_exceeded']}]",Relaxed
txn_007773,cust_000519,695.31,wallet,1329,23,14,0.6087,4,False,bank_decline,0.26174,0,retry,payment_link,True,[],"[{'action': 'retry', 'reasons': ['maximum_retry_attempts_exceeded']}]",Relaxed
txn_002738,cust_002096,253.82,wallet,61,0,0,0.0,2,True,network_error,0.5199999999999999,1,retry,retry,True,[],[],Relaxed
txn_007842,cust_001845,981.88,netbanking,1236,20,13,0.65,3,False,bank_decline,0.44999999999999996,1,retry,retry,True,[],[],Relaxed
txn_006262,cust_003235,1729.26,netbanking,831,0,0,0.0,2,True,expired_card,0.5199999999999999,1,payment_link,payment_link,True,[],[],Relaxed
txn_008206,cust_000921,2750.82,netbanking,694,3,2,0.6667,1,False,bank_decline,0.61334,0,retry,retry,True,[],[],Relaxed
txn_001248,cust_001507,2157.68,card,667,2,2,1.0,2,False,gateway_error,0.7200000000000001,0,retry,retry,True,[],[],Relaxed
txn_009336,cust_002230,2409.03,card,1148,11,9,0.8182,3,False,insufficient_balance,0.48363999999999996,1,reminder,reminder,True,[],[],Relaxed
txn_004195,cust_002683,1300.26,card,232,19,13,0.6842,4,False,network_error,0.24684,0,retry,payment_link,True,[],"[{'action': 'retry', 'reasons': ['maximum_retry_attempts_exceeded']}]",Relaxed
txn_008001,cust_000581,535.96,wallet,885,8,6,0.75,4,False,gateway_error,0.26,1,retry,payment_link,True,[],"[{'action': 'retry', 'reasons': ['maximum_retry_attempts_exceeded']}]",Relaxed
txn_007378,cust_001738,1548.15,card,932,4,2,0.5,3,False,insufficient_balance,0.42000000000000004,0,reminder,reminder,True,[],[],Relaxed
txn_003435,cust_002466,874.83,upi,996,0,0,0.0,4,True,expired_card,0.35999999999999993,0,payment_link,payment_link,True,[],[],Relaxed
txn_005382,cust_002228,480.44,wallet,1145,26,16,0.6154,2,False,bank_decline,0.5230800000000001,1,retry,retry,True,[],[],Relaxed
txn_000959,cust_000759,2072.2,card,219,16,14,0.875,3,False,network_error,0.6649999999999999,1,retry,retry,True,[],[],Relaxed
txn_000417,cust_002671,510.06,card,703,15,13,0.8667,4,False,bank_decline,0.31333999999999995,0,retry,payment_link,True,[],"[{'action': 'retry', 'reasons': ['maximum_retry_attempts_exceeded']}]",Relaxed
txn_005742,cust_001331,877.63,netbanking,109,26,21,0.8077,1,False,network_error,0.8115399999999999,0,retry,retry,True,[],[],Relaxed
txn_006728,cust_000318,921.09,card,972,13,11,0.8462,1,False,gateway_error,0.7692399999999999,1,retry,retry,True,[],[],Relaxed
txn_004382,cust_002563,612.92,netbanking,1495,20,16,0.8,3,False,insufficient_balance,0.48,0,reminder,reminder,True,[],[],Relaxed
txn_005197,cust_000234,443.51,upi,1124,7,5,0.7143,3,False,expired_card,0.63286,0,payment_link,payment_link,True,[],[],Relaxed
txn_001113,cust_002352,2752.26,upi,321,13,10,0.7692,1,False,bank_decline,0.63384,1,retry,retry,True,[],[],Relaxed
txn_002689,cust_002180,149.3,upi,642,13,8,0.6154,1,False,bank_decline,0.50308,0,payment_link,payment_link,True,[],[],Relaxed
txn_006473,cust_000020,390.49,card,903,14,11,0.7857,4,False,gateway_error,0.23714000000000002,1,retry,reminder,True,[],"[{'action': 'retry', 'reasons': ['maximum_retry_attempts_exceeded']}]",Relaxed
txn_008820,cust_002951,1786.68,card,953,11,9,0.8182,4,False,insufficient_balance,0.40364,1,reminder,reminder,True,[],[],Relaxed
txn_007808,cust_000366,1763.6,card,170,7,7,1.0,2,False,insufficient_balance,0.6,0,reminder,reminder,True,[],[],Relaxed
txn_003411,cust_001449,3723.39,upi,1096,3,3,1.0,1,False,authentication_failed,0.65,0,reminder,reminder,True,[],[],Relaxed
txn_000081,cust_001499,2244.3,card,901,20,16,0.8,1,False,gateway_error,0.76,1,retry,retry,True,[],[],Relaxed
txn_004614,cust_001873,445.6,card,1265,19,16,0.8421,3,False,bank_decline,0.48841999999999997,0,retry,retry,True,[],[],Relaxed
txn_001374,cust_000880,2869.53,netbanking,1121,12,9,0.75,4,False,network_error,0.26,0,retry,payment_link,True,[],"[{'action': 'retry', 'reasons': ['maximum_retry_attempts_exceeded']}]",Relaxed
txn_001510,cust_000150,205.85,wallet,1250,3,3,1.0,4,False,bank_decline,0.33999999999999997,0,retry,payment_link,True,[],"[{'action': 'retry', 'reasons': ['maximum_retry_attempts_exceeded']}]",Relaxed
txn_006443,cust_001786,471.24,upi,673,18,12,0.6667,2,False,bank_decline,0.53334,0,retry,retry,True,[],[],Relaxed
txn_003071,cust_000267,827.55,wallet,647,20,13,0.65,1,False,bank_decline,0.61,1,retry,retry,True,[],[],Relaxed
txn_003016,cust_002973,449.65,card,685,0,0,0.0,4,True,expired_card,0.35999999999999993,0,payment_link,payment_link,True,[],[],Relaxed
txn_004823,cust_000764,1531.38,upi,538,10,8,0.8,2,False,insufficient_balance,0.43,1,retry,retry,True,[],[],Relaxed
txn_007822,cust_001901,1501.22,card,941,10,7,0.7,3,False,network_error,0.6299999999999999,0,retry,retry,True,[],[],Relaxed
txn_000093,cust_001536,2976.07,wallet,1142,19,13,0.6842,4,False,gateway_error,0.24684,0,retry,payment_link,True,[],"[{'action': 'retry', 'reasons': ['maximum_retry_attempts_exceeded']}]",Relaxed
txn_009421,cust_002827,1742.72,upi,608,26,21,0.8077,2,False,insufficient_balance,0.48154,1,payment_link,payment_link,True,[],[],Relaxed
txn_006600,cust_001933,1931.16,upi,1321,10,8,0.8,2,False,insufficient_balance,0.56,1,reminder,reminder,True,[],[],Relaxed
txn_004443,cust_001547,609.22,card,679,26,20,0.7692,4,False,bank_decline,0.29384,1,retry,payment_link,True,[],"[{'action': 'retry', 'reasons': ['maximum_retry_attempts_exceeded']}]",Relaxed
txn_007602,cust_003090,3752.95,card,990,6,6,1.0,1,False,gateway_error,0.8,1,retry,retry,True,[],[],Relaxed
txn_003835,cust_002858,2747.83,card,1377,28,20,0.7143,4,False,insufficient_balance,0.38286,0,retry,reminder,True,[],"[{'action': 'retry', 'reasons': ['maximum_retry_attempts_exceeded']}]",Relaxed
txn_009702,cust_000923,1261.96,netbanking,690,4,3,0.75,4,False,insufficient_balance,0.39,1,reminder,reminder,True,[],[],Relaxed
txn_004322,cust_001165,1633.88,upi,1273,18,13,0.7222,4,False,gateway_error,0.25443999999999994,1,retry,payment_link,True,[],"[{'action': 'retry', 'reasons': ['maximum_retry_attempts_exceeded']}]",Relaxed
txn_003394,cust_000092,496.94,upi,91,10,8,0.8,2,False,authentication_failed,0.53,0,reminder,reminder,True,[],[],Relaxed
txn_004752,cust_001954,3458.81,card,1364,14,9,0.6429,3,False,expired_card,0.6185799999999999,1,payment_link,payment_link,True,[],[],Relaxed
txn_007229,cust_002591,1999.85,upi,51,23,18,0.7826,3,False,insufficient_balance,0.47651999999999994,0,reminder,reminder,True,[],[],Relaxed
txn_009191,cust_002775,397.22,netbanking,1042,10,9,0.9,1,False,insufficient_balance,0.58,1,payment_link,payment_link,True,[],[],Relaxed
txn_002361,cust_001061,938.14,card,433,9,5,0.5556,3,False,insufficient_balance,0.35112,1,payment_link,payment_link,True,[],[],Relaxed
txn_001148,cust_001576,1536.01,card,1135,19,15,0.7895,3,False,network_error,0.6478999999999999,0,retry,retry,True,[],[],Relaxed
txn_005666,cust_001245,857.53,netbanking,701,24,20,0.8333,2,False,authentication_failed,0.5866600000000001,1,payment_link,payment_link,True,[],[],Relaxed
txn_008075,cust_002067,2401.86,card,858,24,20,0.8333,2,False,insufficient_balance,0.48666000000000004,1,payment_link,payment_link,True,[],[],Relaxed
txn_004943,cust_000536,658.74,wallet,1281,4,2,0.5,1,False,gateway_error,0.7,1,retry,retry,True,[],[],Relaxed
txn_003663,cust_001147,739.0,card,453,9,8,0.8889,1,False,gateway_error,0.7777799999999999,1,retry,retry,True,[],[],Relaxed
txn_001563,cust_001045,1060.99,wallet,160,14,9,0.6429,2,False,network_error,0.69858,1,retry,retry,True,[],[],Relaxed
txn_004113,cust_002978,2641.75,upi,276,18,13,0.7222,4,False,gateway_error,0.25443999999999994,1,retry,payment_link,True,[],"[{'action': 'retry', 'reasons': ['maximum_retry_attempts_exceeded']}]",Relaxed
txn_009050,cust_002278,2492.12,card,645,18,13,0.7222,3,False,gateway_error,0.58444,1,retry,retry,True,[],[],Relaxed
txn_009276,cust_002534,2769.72,wallet,690,27,19,0.7037,4,False,expired_card,0.55074,1,payment_link,payment_link,True,[],[],Relaxed
txn_008538,cust_001367,1001.23,wallet,629,4,4,1.0,2,False,bank_decline,0.6,1,retry,retry,True,[],[],Relaxed
txn_000795,cust_003261,2985.84,upi,6,12,9,0.75,2,False,network_error,0.7200000000000001,1,retry,retry,True,[],[],Relaxed
txn_005854,cust_001243,3065.13,wallet,614,16,9,0.5625,3,False,gateway_error,0.5524999999999999,1,retry,retry,True,[],[],Relaxed
txn_007619,cust_000445,1033.05,netbanking,480,1,1,1.0,4,False,network_error,0.31000000000000005,0,retry,payment_link,True,[],"[{'action': 'retry', 'reasons': ['maximum_retry_attempts_exceeded']}]",Relaxed
txn_001594,cust_000630,2041.9,wallet,907,0,0,0.0,2,True,gateway_error,0.47000000000000003,0,retry,retry,True,[],[],Relaxed
txn_007418,cust_001055,2247.95,wallet,882,10,8,0.8,2,False,gateway_error,0.68,0,retry,retry,True,[],[],Relaxed
txn_005267,cust_002684,13576.59,wallet,125,22,18,0.8182,1,False,authentication_failed,0.61364,0,reminder,reminder,True,[],[],Relaxed
txn_007147,cust_000734,1125.84,upi,401,16,10,0.625,1,False,insufficient_balance,0.605,1,reminder,reminder,True,[],[],Relaxed
txn_000089,cust_001943,5586.22,upi,757,12,9,0.75,4,False,gateway_error,0.26,1,retry,payment_link,True,[],"[{'action': 'retry', 'reasons': ['maximum_retry_attempts_exceeded']}]",Relaxed
txn_008695,cust_000221,996.35,upi,1107,0,0,0.0,1,True,insufficient_balance,0.43,1,reminder,reminder,True,[],[],Relaxed
txn_009732,cust_000652,782.95,wallet,420,10,8,0.8,4,False,bank_decline,0.27,1,retry,reminder,True,[],"[{'action': 'retry', 'reasons': ['maximum_retry_attempts_exceeded']}]",Relaxed
txn_009446,cust_002718,2965.9,card,378,29,21,0.7241,2,False,network_error,0.71482,1,retry,retry,True,[],[],Relaxed
txn_006754,cust_000420,789.64,netbanking,1073,3,2,0.6667,4,False,bank_decline,0.2733399999999999,0,retry,payment_link,True,[],"[{'action': 'retry', 'reasons': ['maximum_retry_attempts_exceeded']}]",Relaxed
txn_003502,cust_003037,871.01,upi,1452,1,1,1.0,2,False,insufficient_balance,0.6,1,reminder,reminder,True,[],[],Relaxed
txn_002234,cust_002249,730.83,wallet,1028,14,9,0.6429,3,False,gateway_error,0.56858,1,retry,retry,True,[],[],Relaxed
txn_002803,cust_003133,1806.58,wallet,670,22,14,0.6364,4,False,insufficient_balance,0.28728,0,payment_link,payment_link,True,[],[],Relaxed
txn_004424,cust_003030,449.71,upi,1217,25,19,0.76,4,False,gateway_error,0.23200000000000004,1,retry,reminder,True,[],"[{'action': 'retry', 'reasons': ['maximum_retry_attempts_exceeded']}]",Relaxed
txn_005663,cust_002655,964.06,netbanking,207,24,16,0.6667,2,False,authentication_failed,0.55334,0,payment_link,payment_link,True,[],[],Relaxed
txn_007170,cust_001979,950.43,wallet,841,1,1,1.0,4,False,gateway_error,0.31000000000000005,1,retry,payment_link,True,[],"[{'action': 'retry', 'reasons': ['maximum_retry_attempts_exceeded']}]",Relaxed
txn_008337,cust_000666,3425.66,wallet,11,2,2,1.0,2,False,bank_decline,0.6,0,retry,retry,True,[],[],Relaxed
txn_002148,cust_001690,588.18,netbanking,3,28,19,0.6786,2,False,insufficient_balance,0.5357200000000001,1,reminder,reminder,True,[],[],Relaxed
txn_007969,cust_000554,1657.51,wallet,1351,20,17,0.85,1,False,authentication_failed,0.6699999999999999,0,payment_link,payment_link,True,[],[],Relaxed
txn_006551,cust_002973,1816.67,upi,1154,4,2,0.5,1,False,bank_decline,0.5800000000000001,0,retry,retry,True,[],[],Relaxed
txn_007643,cust_000427,673.95,upi,1480,16,12,0.75,4,False,gateway_error,0.26,0,retry,payment_link,True,[],"[{'action': 'retry', 'reasons': ['maximum_retry_attempts_exceeded']}]",Relaxed
txn_006164,cust_001375,994.35,upi,887,7,7,1.0,4,False,bank_decline,0.33999999999999997,0,retry,payment_link,True,[],"[{'action': 'retry', 'reasons': ['maximum_retry_attempts_exceeded']}]",Relaxed
txn_001495,cust_001165,477.88,upi,574,25,19,0.76,2,False,bank_decline,0.552,0,retry,retry,True,[],[],Relaxed
txn_007696,cust_002623,866.18,wallet,1320,29,21,0.7241,4,False,gateway_error,0.25482,0,retry,payment_link,True,[],"[{'action': 'retry', 'reasons': ['maximum_retry_attempts_exceeded']}]",Relaxed
txn_007094,cust_002204,738.48,upi,981,1,1,1.0,3,False,expired_card,0.69,0,payment_link,payment_link,True,[],[],Relaxed
txn_001409,cust_000175,1095.42,wallet,474,28,21,0.75,1,False,gateway_error,0.75,1,retry,retry,True,[],[],Relaxed
txn_006691,cust_000137,571.27,upi,827,22,18,0.8182,4,False,bank_decline,0.30364,0,retry,payment_link,True,[],"[{'action': 'retry', 'reasons': ['maximum_retry_attempts_exceeded']}]",Relaxed
txn_003401,cust_000274,1739.67,upi,502,17,12,0.7059,2,False,gateway_error,0.66118,1,retry,retry,True,[],[],Relaxed
txn_000109,cust_000853,1495.42,netbanking,1175,19,14,0.7368,2,False,gateway_error,0.6673600000000001,0,retry,retry,True,[],[],Relaxed
txn_005636,cust_001407,2509.13,netbanking,45,22,18,0.8182,3,False,insufficient_balance,0.48363999999999996,1,reminder,reminder,True,[],[],Relaxed
txn_008482,cust_000714,5506.27,netbanking,794,29,23,0.7931,1,False,gateway_error,0.7586200000000001,1,retry,retry,True,[],[],Relaxed
txn_006604,cust_002144,700.48,upi,1440,27,18,0.6667,3,False,expired_card,0.6233399999999999,0,payment_link,payment_link,True,[],[],Relaxed
txn_001091,cust_002936,467.12,upi,174,8,5,0.625,4,False,gateway_error,0.235,0,retry,payment_link,True,[],"[{'action': 'retry', 'reasons': ['maximum_retry_attempts_exceeded']}]",Relaxed
txn_005560,cust_000565,628.15,upi,666,9,5,0.5556,1,False,gateway_error,0.71112,1,retry,retry,True,[],[],Relaxed
txn_009412,cust_000688,808.78,card,564,22,17,0.7727,2,False,gateway_error,0.67454,1,retry,retry,True,[],[],Relaxed
txn_008143,cust_002860,580.71,upi,816,7,6,0.8571,2,False,bank_decline,0.57142,1,retry,retry,True,[],[],Relaxed
txn_008664,cust_001621,1620.1,upi,442,14,10,0.7143,4,False,network_error,0.25286000000000003,1,retry,payment_link,True,[],"[{'action': 'retry', 'reasons': ['maximum_retry_attempts_exceeded']}]",Relaxed
txn_006596,cust_002403,816.51,upi,1488,9,8,0.8889,2,False,gateway_error,0.69778,1,retry,retry,True,[],[],Relaxed
txn_000624,cust_001223,1040.07,upi,991,7,6,0.8571,2,False,authentication_failed,0.54142,1,reminder,reminder,True,[],[],Relaxed
txn_006871,cust_001339,614.76,netbanking,951,23,18,0.7826,3,False,expired_card,0.6465199999999999,1,payment_link,payment_link,True,[],[],Relaxed
txn_004814,cust_000034,772.49,card,196,23,18,0.7826,1,False,bank_decline,0.63652,1,retry,retry,True,[],[],Relaxed
txn_006553,cust_000958,3101.4,netbanking,1099,22,18,0.8182,3,False,bank_decline,0.48363999999999996,0,retry,retry,True,[],[],Relaxed
txn_007530,cust_001794,266.39,wallet,529,14,9,0.6429,4,False,bank_decline,0.26857999999999993,0,retry,payment_link,True,[],"[{'action': 'retry', 'reasons': ['maximum_retry_attempts_exceeded']}]",Relaxed
txn_005796,cust_002722,901.59,card,1200,10,5,0.5,1,False,expired_card,0.75,0,payment_link,payment_link,True,[],[],Relaxed
txn_007437,cust_002520,2371.89,upi,1055,16,11,0.6875,3,False,network_error,0.6275,0,retry,retry,True,[],[],Relaxed
txn_004218,cust_001887,403.35,wallet,569,11,8,0.7273,3,False,network_error,0.6354599999999999,1,retry,retry,True,[],[],Relaxed
txn_005941,cust_001730,643.19,upi,1080,8,8,1.0,1,False,gateway_error,0.8,1,retry,retry,True,[],[],Relaxed
txn_008501,cust_003180,1108.05,card,1024,5,2,0.4,1,False,authentication_failed,0.5800000000000001,1,payment_link,payment_link,True,[],[],Relaxed
txn_006429,cust_001732,1550.38,wallet,768,27,25,0.9259,4,False,network_error,0.26517999999999997,0,retry,reminder,True,[],"[{'action': 'retry', 'reasons': ['maximum_retry_attempts_exceeded']}]",Relaxed
txn_006827,cust_000574,1609.03,card,274,2,1,0.5,3,False,authentication_failed,0.44000000000000006,0,payment_link,payment_link,True,[],[],Relaxed
txn_004131,cust_001179,1557.42,upi,754,27,22,0.8148,2,False,insufficient_balance,0.48296,0,payment_link,payment_link,True,[],[],Relaxed
txn_007802,cust_002760,553.15,card,287,24,20,0.8333,1,False,bank_decline,0.64666,1,retry,retry,True,[],[],Relaxed
txn_007754,cust_002731,652.09,card,1350,8,7,0.875,3,False,bank_decline,0.495,0,retry,retry,True,[],[],Relaxed
txn_004722,cust_003062,1241.0,upi,1049,13,9,0.6923,4,False,network_error,0.24845999999999996,0,retry,payment_link,True,[],"[{'action': 'retry', 'reasons': ['maximum_retry_attempts_exceeded']}]",Relaxed
txn_001651,cust_001936,1361.34,wallet,612,8,6,0.75,1,False,bank_decline,0.63,0,retry,retry,True,[],[],Relaxed
txn_004141,cust_003181,571.56,wallet,121,11,7,0.6364,2,False,insufficient_balance,0.5272800000000001,1,reminder,reminder,True,[],[],Relaxed
txn_001618,cust_003312,997.27,upi,201,3,3,1.0,2,False,authentication_failed,0.5700000000000001,0,reminder,reminder,True,[],[],Relaxed
txn_002030,cust_001472,1425.95,netbanking,613,24,19,0.7917,2,False,gateway_error,0.67834,0,retry,retry,True,[],[],Relaxed
txn_008518,cust_000773,433.96,netbanking,415,0,0,0.0,2,True,bank_decline,0.21999999999999997,1,reminder,reminder,True,[],[],Relaxed
txn_004576,cust_000849,1320.42,wallet,1490,16,14,0.875,1,False,expired_card,0.825,1,payment_link,payment_link,True,[],[],Relaxed
txn_003993,cust_002183,962.9,upi,1375,6,5,0.8333,2,False,gateway_error,0.68666,1,retry,retry,True,[],[],Relaxed
txn_007377,cust_003299,1144.53,card,237,11,10,0.9091,2,False,bank_decline,0.5818200000000001,0,retry,retry,True,[],[],Relaxed
txn_006150,cust_002158,2904.66,upi,239,9,8,0.8889,4,False,network_error,0.28778000000000004,1,retry,payment_link,True,[],"[{'action': 'retry', 'reasons': ['maximum_retry_attempts_exceeded']}]",Relaxed
txn_004909,cust_000026,2390.18,netbanking,286,9,8,0.8889,1,False,gateway_error,0.7777799999999999,0,retry,retry,True,[],[],Relaxed
txn_005027,cust_002765,641.97,netbanking,312,15,12,0.8,3,False,bank_decline,0.48,1,retry,retry,True,[],[],Relaxed
txn_008261,cust_000844,1013.93,wallet,971,27,19,0.7037,1,False,authentication_failed,0.6407400000000001,0,payment_link,payment_link,True,[],[],Relaxed
txn_004732,cust_003144,4887.67,card,611,19,12,0.6316,4,False,authentication_failed,0.33632000000000006,0,reminder,reminder,True,[],[],Relaxed
txn_007549,cust_000533,1373.39,wallet,350,29,25,0.8621,1,False,insufficient_balance,0.52242,0,retry,retry,True,[],[],Relaxed
txn_008135,cust_001809,1114.48,netbanking,1492,0,0,0.0,3,True,network_error,0.4399999999999999,0,retry,retry,True,[],[],Relaxed
txn_001607,cust_003233,766.91,netbanking,1448,29,25,0.8621,2,False,bank_decline,0.57242,0,retry,retry,True,[],[],Relaxed
txn_004774,cust_001755,466.57,card,561,8,4,0.5,1,False,expired_card,0.75,0,payment_link,payment_link,True,[],[],Relaxed
txn_008110,cust_001046,360.61,upi,1156,1,1,1.0,2,False,gateway_error,0.7200000000000001,1,retry,retry,True,[],[],Relaxed
txn_006952,cust_002947,2492.84,card,160,7,6,0.8571,2,False,insufficient_balance,0.57142,0,reminder,reminder,True,[],[],Relaxed
txn_006005,cust_002475,3029.75,wallet,1477,22,17,0.7727,3,False,bank_decline,0.47453999999999996,1,retry,retry,True,[],[],Relaxed
txn_007729,cust_002204,662.97,card,1133,3,3,1.0,1,False,gateway_error,0.8,1,retry,retry,True,[],[],Relaxed
txn_003542,cust_001352,1638.72,upi,135,15,14,0.9333,2,False,bank_decline,0.5866600000000001,1,retry,retry,True,[],[],Relaxed
txn_000389,cust_003158,1862.28,wallet,939,8,7,0.875,4,False,gateway_error,0.28500000000000003,0,retry,payment_link,True,[],"[{'action': 'retry', 'reasons': ['maximum_retry_attempts_exceeded']}]",Relaxed
txn_001795,cust_000538,463.08,card,771,6,6,1.0,1,False,network_error,0.85,1,retry,retry,True,[],[],Relaxed
txn_008732,cust_000804,1417.18,wallet,597,7,6,0.8571,3,False,bank_decline,0.49141999999999997,1,retry,retry,True,[],[],Relaxed
txn_004920,cust_003037,660.37,wallet,465,15,10,0.6667,1,False,insufficient_balance,0.61334,1,reminder,reminder,True,[],[],Relaxed
txn_005538,cust_000651,378.9,card,425,25,20,0.8,4,False,expired_card,0.5700000000000001,0,payment_link,payment_link,True,[],[],Relaxed
txn_003873,cust_001158,869.81,netbanking,1241,15,11,0.7333,3,False,bank_decline,0.46665999999999996,0,retry,retry,True,[],[],Relaxed
txn_008869,cust_002447,443.78,wallet,1444,9,7,0.7778,4,False,network_error,0.26556,0,retry,payment_link,True,[],"[{'action': 'retry', 'reasons': ['maximum_retry_attempts_exceeded']}]",Relaxed
txn_002255,cust_000604,2628.39,upi,68,9,6,0.6667,2,False,insufficient_balance,0.4033399999999999,0,retry,retry,True,[],[],Relaxed
txn_003413,cust_003306,381.16,wallet,698,12,11,0.9167,1,False,insufficient_balance,0.66334,0,reminder,reminder,True,[],[],Relaxed
txn_005460,cust_002662,784.78,netbanking,868,1,0,0.0,2,False,gateway_error,0.52,1,retry,retry,True,[],[],Relaxed
txn_004956,cust_002140,320.96,wallet,246,26,16,0.6154,2,False,network_error,0.69308,1,retry,retry,True,[],[],Relaxed
txn_007397,cust_002294,504.12,upi,440,10,9,0.9,2,False,authentication_failed,0.55,1,reminder,reminder,True,[],[],Relaxed
txn_005415,cust_001666,1556.74,wallet,1261,4,3,0.75,1,False,gateway_error,0.75,1,retry,retry,True,[],[],Relaxed
txn_007400,cust_000856,3053.05,card,866,28,18,0.6429,1,False,expired_card,0.7785799999999999,1,payment_link,payment_link,True,[],[],Relaxed
txn_007415,cust_001837,1098.97,wallet,977,10,8,0.8,2,False,expired_card,0.7300000000000001,0,payment_link,payment_link,True,[],[],Relaxed
txn_009101,cust_003192,1374.47,wallet,1005,25,19,0.76,1,False,expired_card,0.802,1,payment_link,payment_link,True,[],[],Relaxed
txn_004852,cust_002132,5016.53,netbanking,1200,13,9,0.6923,2,False,authentication_failed,0.50846,1,reminder,reminder,True,[],[],Relaxed
txn_002026,cust_002664,2106.97,netbanking,1140,3,2,0.6667,2,False,insufficient_balance,0.53334,0,reminder,reminder,True,[],[],Relaxed
txn_002616,cust_001285,1196.56,upi,1094,17,12,0.7059,2,False,insufficient_balance,0.5411800000000001,0,reminder,reminder,True,[],[],Relaxed
txn_007389,cust_001906,281.19,wallet,1205,2,1,0.5,3,False,insufficient_balance,0.42000000000000004,1,reminder,reminder,True,[],[],Relaxed
txn_002927,cust_003240,539.56,upi,626,14,13,0.9286,3,False,bank_decline,0.50572,1,retry,retry,True,[],[],Relaxed
txn_001122,cust_002396,1485.93,upi,802,18,12,0.6667,1,False,bank_decline,0.61334,1,retry,retry,True,[],[],Relaxed
txn_002911,cust_000119,1799.94,card,82,6,5,0.8333,1,False,network_error,0.8166599999999999,1,retry,retry,True,[],[],Relaxed
txn_008147,cust_000143,3223.47,card,1340,1,1,1.0,2,False,authentication_failed,0.5700000000000001,1,reminder,reminder,True,[],[],Relaxed
txn_007384,cust_002820,556.23,card,272,16,13,0.8125,3,False,network_error,0.6525,0,retry,retry,True,[],[],Relaxed
txn_003483,cust_001542,1088.1,netbanking,206,17,11,0.6471,2,False,authentication_failed,0.5494200000000001,1,payment_link,payment_link,True,[],[],Relaxed
txn_000796,cust_002163,446.16,wallet,752,3,3,1.0,3,False,expired_card,0.69,1,payment_link,payment_link,True,[],[],Relaxed
txn_001576,cust_000199,504.86,netbanking,777,0,0,0.0,2,True,authentication_failed,0.31999999999999995,0,reminder,reminder,True,[],[],Relaxed
txn_006177,cust_000571,455.96,upi,1256,7,5,0.7143,2,False,authentication_failed,0.56286,1,payment_link,payment_link,True,[],[],Relaxed
txn_006267,cust_001084,704.76,card,887,13,10,0.7692,4,False,insufficient_balance,0.39383999999999997,0,reminder,reminder,True,[],[],Relaxed
txn_002459,cust_000191,372.14,netbanking,18,24,19,0.7917,2,False,expired_card,0.72834,0,payment_link,payment_link,True,[],[],Relaxed
txn_003313,cust_002162,324.57,wallet,192,12,11,0.9167,4,False,authentication_failed,0.44334000000000007,0,payment_link,payment_link,True,[],[],Relaxed
txn_001254,cust_000148,1020.66,wallet,100,12,9,0.75,1,False,expired_card,0.8,1,payment_link,payment_link,True,[],[],Relaxed
txn_006835,cust_002015,584.37,wallet,796,11,7,0.6364,4,False,gateway_error,0.23728,0,retry,payment_link,True,[],"[{'action': 'retry', 'reasons': ['maximum_retry_attempts_exceeded']}]",Relaxed
txn_008795,cust_001003,1261.65,card,203,29,21,0.7241,3,False,network_error,0.6348199999999999,0,retry,retry,True,[],[],Relaxed
txn_003838,cust_000291,2172.4,netbanking,489,29,19,0.6552,3,False,network_error,0.6210399999999999,0,retry,retry,True,[],[],Relaxed
txn_004399,cust_002314,374.83,upi,891,6,5,0.8333,1,False,network_error,0.8166599999999999,1,retry,retry,True,[],[],Relaxed
txn_003596,cust_000391,2376.02,netbanking,817,29,22,0.7586,4,False,authentication_failed,0.4117200000000001,0,payment_link,payment_link,True,[],[],Relaxed
txn_006622,cust_001057,352.02,card,817,9,8,0.8889,3,False,network_error,0.6677799999999999,1,retry,retry,True,[],[],Relaxed
txn_008383,cust_001131,1210.18,netbanking,140,8,6,0.75,3,False,authentication_failed,0.49,1,payment_link,payment_link,True,[],[],Relaxed
txn_002125,cust_002507,6595.83,wallet,1426,27,20,0.7407,2,False,network_error,0.71814,1,retry,retry,True,[],[],Relaxed
txn_003239,cust_002134,1444.82,upi,392,11,7,0.6364,2,False,expired_card,0.69728,1,payment_link,payment_link,True,[],[],Relaxed
txn_005404,cust_002106,6172.6,card,1053,3,2,0.6667,2,False,expired_card,0.70334,1,payment_link,payment_link,True,[],[],Relaxed
txn_005999,cust_001441,1431.64,upi,912,25,21,0.84,4,False,network_error,0.278,0,retry,payment_link,True,[],"[{'action': 'retry', 'reasons': ['maximum_retry_attempts_exceeded']}]",Relaxed
txn_005939,cust_001593,554.97,upi,173,18,16,0.8889,4,False,expired_card,0.58778,0,payment_link,payment_link,True,[],[],Relaxed
txn_002046,cust_001204,1601.19,upi,260,1,0,0.0,1,False,bank_decline,0.48,1,retry,retry,True,[],[],Relaxed
txn_001579,cust_003322,1262.72,netbanking,374,18,15,0.8333,4,False,insufficient_balance,0.40666,0,reminder,reminder,True,[],[],Relaxed
txn_000015,cust_003199,1567.48,upi,669,4,4,1.0,2,False,authentication_failed,0.5700000000000001,1,reminder,reminder,True,[],[],Relaxed
txn_002674,cust_000764,885.97,netbanking,528,17,13,0.7647,4,False,authentication_failed,0.4129400000000001,1,payment_link,payment_link,True,[],[],Relaxed
txn_007017,cust_000688,691.98,card,1127,3,2,0.6667,2,False,gateway_error,0.6533399999999999,0,retry,retry,True,[],[],Relaxed
txn_008721,cust_002192,2134.83,upi,256,1,1,1.0,3,False,authentication_failed,0.49,0,reminder,reminder,True,[],[],Relaxed
txn_008850,cust_000294,2789.52,netbanking,1247,7,5,0.7143,3,False,insufficient_balance,0.46285999999999994,1,reminder,reminder,True,[],[],Relaxed
txn_004813,cust_002798,1531.66,wallet,911,23,18,0.7826,2,False,network_error,0.7265199999999999,0,retry,retry,True,[],[],Relaxed
txn_001085,cust_000330,1165.66,card,1389,3,3,1.0,3,False,bank_decline,0.5199999999999999,0,retry,retry,True,[],[],Relaxed
txn_004984,cust_002430,396.45,wallet,772,26,18,0.6923,1,False,gateway_error,0.7384599999999999,1,retry,retry,True,[],[],Relaxed
txn_007156,cust_000597,540.83,card,920,9,7,0.7778,3,False,bank_decline,0.47556,0,retry,retry,True,[],[],Relaxed
txn_002885,cust_001375,900.01,upi,741,14,13,0.9286,2,False,network_error,0.7557200000000001,1,retry,retry,True,[],[],Relaxed
txn_000334,cust_001675,1302.55,upi,1375,12,10,0.8333,3,False,insufficient_balance,0.48666,0,reminder,reminder,True,[],[],Relaxed
txn_007205,cust_001368,979.82,netbanking,462,10,6,0.6,1,False,bank_decline,0.6,0,retry,retry,True,[],[],Relaxed
txn_004368,cust_000881,1592.79,card,145,9,6,0.6667,4,False,expired_card,0.5433399999999999,0,payment_link,payment_link,True,[],[],Relaxed
txn_003080,cust_003018,401.01,netbanking,160,27,18,0.6667,2,False,expired_card,0.70334,1,payment_link,payment_link,True,[],[],Relaxed
txn_007204,cust_001777,877.07,card,944,18,15,0.8333,4,False,gateway_error,0.24666000000000005,0,retry,reminder,True,[],"[{'action': 'retry', 'reasons': ['maximum_retry_attempts_exceeded']}]",Relaxed
txn_009910,cust_001883,891.38,upi,940,14,10,0.7143,1,False,authentication_failed,0.59286,1,reminder,reminder,True,[],[],Relaxed
txn_008865,cust_002115,320.48,netbanking,329,11,8,0.7273,4,False,gateway_error,0.25545999999999996,1,retry,payment_link,True,[],"[{'action': 'retry', 'reasons': ['maximum_retry_attempts_exceeded']}]",Relaxed
txn_000264,cust_002945,627.07,upi,901,11,5,0.4545,2,False,insufficient_balance,0.49089999999999995,1,reminder,reminder,True,[],[],Relaxed
txn_004338,cust_002382,1203.15,netbanking,146,3,3,1.0,3,False,bank_decline,0.5199999999999999,0,retry,retry,True,[],[],Relaxed
txn_008896,cust_002189,3110.66,wallet,1299,24,19,0.7917,1,False,network_error,0.80834,1,retry,retry,True,[],[],Relaxed
txn_008448,cust_002496,364.4,wallet,316,12,8,0.6667,3,False,insufficient_balance,0.45333999999999997,0,reminder,reminder,True,[],[],Relaxed
txn_005904,cust_002386,2772.53,wallet,1214,0,0,0.0,1,True,insufficient_balance,0.35000000000000003,0,payment_link,payment_link,True,[],[],Relaxed
txn_001499,cust_003030,4821.63,wallet,1482,0,0,0.0,2,True,insufficient_balance,0.27,1,payment_link,payment_link,True,[],[],Relaxed
txn_004191,cust_002450,6300.85,netbanking,647,19,16,0.8421,1,False,bank_decline,0.64842,1,retry,retry,True,[],[],Relaxed
txn_007486,cust_000206,740.05,netbanking,1236,10,8,0.8,2,False,network_error,0.7300000000000001,1,retry,retry,True,[],[],Relaxed
txn_009644,cust_002796,1599.46,netbanking,864,27,20,0.7407,3,False,insufficient_balance,0.4681399999999999,0,reminder,reminder,True,[],[],Relaxed
txn_008311,cust_000495,6372.77,netbanking,1168,8,5,0.625,4,False,bank_decline,0.265,0,retry,payment_link,True,[],"[{'action': 'retry', 'reasons': ['maximum_retry_attempts_exceeded']}]",Relaxed
txn_007591,cust_002119,1477.25,upi,1105,5,3,0.6,4,False,bank_decline,0.26,1,retry,payment_link,True,[],"[{'action': 'retry', 'reasons': ['maximum_retry_attempts_exceeded']}]",Relaxed
txn_000501,cust_000920,2041.51,card,1457,15,12,0.8,3,False,network_error,0.65,0,retry,retry,True,[],[],Relaxed
txn_009156,cust_000711,2686.67,upi,516,11,6,0.5455,3,False,network_error,0.5991,1,retry,retry,True,[],[],Relaxed
txn_009415,cust_000192,365.57,card,376,22,18,0.8182,2,False,bank_decline,0.56364,0,retry,retry,True,[],[],Relaxed
txn_003096,cust_000769,524.31,upi,939,4,1,0.25,2,False,authentication_failed,0.47000000000000003,0,payment_link,payment_link,True,[],[],Relaxed
txn_004632,cust_003034,1181.87,card,1249,10,6,0.6,1,False,expired_card,0.77,0,payment_link,payment_link,True,[],[],Relaxed
txn_000368,cust_000240,10036.15,wallet,405,1,1,1.0,1,False,authentication_failed,0.65,0,reminder,reminder,True,[],[],Relaxed
txn_004059,cust_000371,3110.53,card,248,16,12,0.75,3,False,expired_card,0.64,0,payment_link,payment_link,True,[],[],Relaxed
txn_008175,cust_002339,1931.9,upi,971,0,0,0.0,4,True,bank_decline,0.09000000000000001,1,retry,payment_link,True,[],"[{'action': 'retry', 'reasons': ['maximum_retry_attempts_exceeded']}]",Relaxed
txn_004631,cust_000596,844.12,netbanking,771,20,17,0.85,3,False,bank_decline,0.4899999999999999,1,retry,retry,True,[],[],Relaxed
txn_006071,cust_000614,2791.36,upi,703,26,18,0.6923,4,False,bank_decline,0.27845999999999993,1,retry,payment_link,True,[],"[{'action': 'retry', 'reasons': ['maximum_retry_attempts_exceeded']}]",Relaxed
txn_002665,cust_002118,2389.95,wallet,9,0,0,0.0,4,True,bank_decline,0.09000000000000001,0,payment_link,payment_link,True,[],[],Relaxed
txn_001027,cust_000254,1205.21,wallet,1274,28,20,0.7143,2,False,expired_card,0.71286,0,payment_link,payment_link,True,[],[],Relaxed
txn_005909,cust_001057,176.89,netbanking,187,13,11,0.8462,2,False,gateway_error,0.68924,1,retry,retry,True,[],[],Relaxed
txn_005051,cust_002370,352.63,netbanking,1354,7,4,0.5714,1,False,authentication_failed,0.6142799999999999,0,payment_link,payment_link,True,[],[],Relaxed
txn_006329,cust_001779,662.92,card,1378,20,16,0.8,2,False,authentication_failed,0.5800000000000001,1,payment_link,payment_link,True,[],[],Relaxed
txn_009734,cust_000940,5625.62,wallet,254,10,7,0.7,3,False,insufficient_balance,0.45999999999999985,0,reminder,reminder,True,[],[],Relaxed
txn_001692,cust_002010,1039.63,netbanking,774,15,8,0.5333,4,False,insufficient_balance,0.34665999999999997,1,reminder,reminder,True,[],[],Relaxed
txn_000674,cust_001707,578.55,card,55,8,7,0.875,2,False,bank_decline,0.5750000000000001,1,retry,retry,True,[],[],Relaxed
txn_005573,cust_001000,515.07,netbanking,566,6,4,0.6667,1,False,gateway_error,0.7333399999999999,1,retry,retry,True,[],[],Relaxed
txn_005767,cust_001628,1531.33,upi,1340,6,6,1.0,2,False,authentication_failed,0.62,0,payment_link,payment_link,True,[],[],Relaxed
txn_005157,cust_000380,309.1,netbanking,268,16,12,0.75,4,False,bank_decline,0.29000000000000004,0,retry,payment_link,True,[],"[{'action': 'retry', 'reasons': ['maximum_retry_attempts_exceeded']}]",Relaxed
txn_000734,cust_001680,671.27,wallet,1374,27,20,0.7407,4,False,gateway_error,0.25814,1,retry,payment_link,True,[],"[{'action': 'retry', 'reasons': ['maximum_retry_attempts_exceeded']}]",Relaxed
txn_003527,cust_001670,1964.58,netbanking,1285,8,6,0.75,1,False,network_error,0.8,1,retry,retry,True,[],[],Relaxed
txn_000569,cust_002626,360.82,netbanking,923,10,10,1.0,2,False,authentication_failed,0.5700000000000001,1,reminder,reminder,True,[],[],Relaxed
txn_009188,cust_000322,1146.26,card,1203,1,1,1.0,3,False,gateway_error,0.64,0,retry,retry,True,[],[],Relaxed
txn_002923,cust_001599,821.91,wallet,1015,2,2,1.0,4,False,bank_decline,0.33999999999999997,0,retry,payment_link,True,[],"[{'action': 'retry', 'reasons': ['maximum_retry_attempts_exceeded']}]",Relaxed
txn_007912,cust_003259,4194.44,netbanking,644,1,1,1.0,2,False,gateway_error,0.7200000000000001,1,retry,retry,True,[],[],Relaxed
txn_001559,cust_002714,742.21,card,1420,14,11,0.7857,4,False,insufficient_balance,0.31714,1,payment_link,payment_link,True,[],[],Relaxed
txn_000102,cust_000626,855.44,netbanking,172,8,4,0.5,4,False,bank_decline,0.24000000000000005,1,retry,payment_link,True,[],"[{'action': 'retry', 'reasons': ['maximum_retry_attempts_exceeded']}]",Relaxed
txn_003008,cust_002269,6235.06,netbanking,164,27,20,0.7407,4,False,authentication_failed,0.35814,0,reminder,reminder,True,[],[],Relaxed
txn_007202,cust_000137,668.9,card,676,27,19,0.7037,4,False,network_error,0.25074,0,retry,payment_link,True,[],"[{'action': 'retry', 'reasons': ['maximum_retry_attempts_exceeded']}]",Relaxed
txn_000304,cust_003232,2705.91,wallet,1084,15,12,0.8,4,False,expired_card,0.5700000000000001,0,payment_link,payment_link,True,[],[],Relaxed
txn_000077,cust_000428,439.86,netbanking,939,15,11,0.7333,2,False,expired_card,0.71666,1,payment_link,payment_link,True,[],[],Relaxed
txn_006755,cust_001761,391.39,netbanking,17,9,7,0.7778,3,False,network_error,0.64556,1,retry,retry,True,[],[],Relaxed
txn_008630,cust_002434,470.03,netbanking,1107,1,1,1.0,1,False,gateway_error,0.8,1,retry,retry,True,[],[],Relaxed
txn_001209,cust_000010,322.63,wallet,1314,12,11,0.9167,2,False,authentication_failed,0.55334,0,reminder,reminder,True,[],[],Relaxed
txn_007743,cust_002490,1465.12,card,1494,2,1,0.5,1,False,authentication_failed,0.6000000000000001,1,payment_link,payment_link,True,[],[],Relaxed
txn_008215,cust_003330,195.95,upi,1255,15,10,0.6667,1,False,network_error,0.7833399999999999,1,retry,retry,True,[],[],Relaxed
txn_008945,cust_002776,923.14,upi,1372,21,17,0.8095,4,False,insufficient_balance,0.4018999999999999,0,reminder,reminder,True,[],[],Relaxed
txn_008414,cust_000799,575.31,upi,527,25,14,0.56,4,False,bank_decline,0.22200000000000003,0,retry,reminder,True,[],"[{'action': 'retry', 'reasons': ['maximum_retry_attempts_exceeded']}]",Relaxed
txn_001776,cust_000905,1152.89,upi,1343,25,20,0.8,4,False,gateway_error,0.24000000000000005,0,retry,reminder,True,[],"[{'action': 'retry', 'reasons': ['maximum_retry_attempts_exceeded']}]",Relaxed
txn_003474,cust_000881,3158.73,upi,213,18,14,0.7778,2,False,insufficient_balance,0.47556000000000004,1,payment_link,payment_link,True,[],[],Relaxed
txn_000484,cust_003320,1100.26,wallet,25,9,8,0.8889,2,False,bank_decline,0.5777800000000001,1,retry,retry,True,[],[],Relaxed
txn_002190,cust_000634,880.36,netbanking,762,27,19,0.7037,3,False,insufficient_balance,0.46074000000000004,1,reminder,reminder,True,[],[],Relaxed
txn_000347,cust_000998,712.21,wallet,1158,0,0,0.0,2,True,authentication_failed,0.31999999999999995,0,reminder,reminder,True,[],[],Relaxed
txn_005482,cust_000316,1168.61,netbanking,69,16,12,0.75,4,False,expired_card,0.56,1,payment_link,payment_link,True,[],[],Relaxed
txn_008362,cust_000311,296.33,netbanking,683,22,16,0.7273,1,False,network_error,0.79546,1,retry,retry,True,[],[],Relaxed
txn_001473,cust_002353,233.05,card,944,0,0,0.0,1,True,bank_decline,0.3,1,reminder,reminder,True,[],[],Relaxed
txn_005101,cust_002875,694.27,card,852,26,23,0.8846,4,False,authentication_failed,0.43692,1,payment_link,payment_link,True,[],[],Relaxed
txn_006766,cust_000817,659.28,wallet,1182,8,5,0.625,3,False,expired_card,0.6149999999999999,1,payment_link,payment_link,True,[],[],Relaxed
txn_008707,cust_000087,1730.73,netbanking,493,0,0,0.0,4,True,network_error,0.059999999999999984,0,retry,payment_link,True,[],"[{'action': 'retry', 'reasons': ['maximum_retry_attempts_exceeded']}]",Relaxed
txn_004930,cust_003291,461.16,card,286,2,2,1.0,2,False,bank_decline,0.6,0,retry,retry,True,[],[],Relaxed
txn_006330,cust_001060,1221.59,wallet,922,4,4,1.0,3,False,gateway_error,0.64,1,retry,retry,True,[],[],Relaxed
txn_002610,cust_000484,5187.96,netbanking,881,28,22,0.7857,4,False,bank_decline,0.29713999999999996,0,retry,payment_link,True,[],"[{'action': 'retry', 'reasons': ['maximum_retry_attempts_exceeded']}]",Relaxed
txn_000004,cust_002977,945.87,netbanking,1051,10,5,0.5,2,False,expired_card,0.67,1,payment_link,payment_link,True,[],[],Relaxed
txn_002214,cust_002503,6520.9,wallet,402,0,0,0.0,1,True,network_error,0.5999999999999999,1,retry,retry,True,[],[],Relaxed
txn_004828,cust_000169,1009.66,wallet,1125,11,8,0.7273,3,False,bank_decline,0.4654599999999999,1,retry,retry,True,[],[],Relaxed
txn_000857,cust_000864,950.81,upi,1318,26,21,0.8077,2,False,authentication_failed,0.5815400000000001,1,payment_link,payment_link,True,[],[],Relaxed
txn_006978,cust_001456,2307.41,netbanking,10,24,19,0.7917,1,False,bank_decline,0.6383399999999999,1,retry,retry,True,[],[],Relaxed
txn_005886,cust_003125,1152.27,upi,1209,11,7,0.6364,2,False,insufficient_balance,0.5272800000000001,1,reminder,reminder,True,[],[],Relaxed
txn_000625,cust_001036,2408.1,card,821,14,9,0.6429,2,False,gateway_error,0.64858,1,retry,retry,True,[],[],Relaxed
txn_000291,cust_000350,685.5,netbanking,191,12,7,0.5833,1,False,network_error,0.76666,1,retry,retry,True,[],[],Relaxed
txn_002019,cust_002547,681.87,wallet,938,1,1,1.0,2,False,insufficient_balance,0.6,1,reminder,reminder,True,[],[],Relaxed
txn_000669,cust_002275,1291.39,wallet,38,23,15,0.6522,3,False,bank_decline,0.45043999999999995,0,retry,retry,True,[],[],Relaxed
txn_008922,cust_002110,1741.52,netbanking,1048,15,9,0.6,4,False,network_error,0.22999999999999998,0,retry,payment_link,True,[],"[{'action': 'retry', 'reasons': ['maximum_retry_attempts_exceeded']}]",Relaxed
txn_008265,cust_002568,2295.39,wallet,924,26,19,0.7308,2,False,expired_card,0.71616,1,payment_link,payment_link,True,[],[],Relaxed
txn_009697,cust_001117,446.94,netbanking,88,4,3,0.75,4,False,authentication_failed,0.41000000000000003,1,payment_link,payment_link,True,[],[],Relaxed
txn_001632,cust_000290,893.99,netbanking,591,12,10,0.8333,3,False,expired_card,0.6566599999999999,0,payment_link,payment_link,True,[],[],Relaxed
txn_005171,cust_001294,618.74,card,854,9,6,0.6667,3,False,insufficient_balance,0.45333999999999997,0,reminder,reminder,True,[],[],Relaxed
txn_007206,cust_000450,753.66,card,1299,12,7,0.5833,4,False,bank_decline,0.25666000000000005,0,retry,payment_link,True,[],"[{'action': 'retry', 'reasons': ['maximum_retry_attempts_exceeded']}]",Relaxed
txn_002523,cust_003319,4498.28,wallet,470,10,8,0.8,4,False,insufficient_balance,0.4,0,reminder,reminder,True,[],[],Relaxed
txn_002216,cust_000864,1325.56,card,300,29,21,0.7241,2,False,expired_card,0.71482,1,payment_link,payment_link,True,[],[],Relaxed
txn_006969,cust_000334,1006.51,netbanking,1483,13,10,0.7692,3,False,bank_decline,0.47383999999999993,0,retry,retry,True,[],[],Relaxed
txn_006497,cust_000181,1505.19,wallet,760,0,0,0.0,4,True,gateway_error,0.059999999999999984,0,retry,payment_link,True,[],"[{'action': 'retry', 'reasons': ['maximum_retry_attempts_exceeded']}]",Relaxed
txn_006214,cust_000216,1893.29,card,1410,17,12,0.7059,1,False,insufficient_balance,0.54118,0,payment_link,payment_link,True,[],[],Relaxed
txn_007033,cust_002651,998.48,netbanking,246,23,18,0.7826,2,False,insufficient_balance,0.55652,0,reminder,reminder,True,[],[],Relaxed
txn_007421,cust_002877,920.63,card,1267,1,1,1.0,4,False,insufficient_balance,0.36,0,payment_link,payment_link,True,[],[],Relaxed
txn_001108,cust_000903,674.92,upi,845,19,14,0.7368,2,False,network_error,0.71736,1,retry,retry,True,[],[],Relaxed
txn_000451,cust_001715,538.17,card,885,7,5,0.7143,3,False,insufficient_balance,0.46285999999999994,0,reminder,reminder,True,[],[],Relaxed
txn_006290,cust_002314,5066.56,wallet,138,20,14,0.7,3,False,bank_decline,0.45999999999999985,1,retry,retry,True,[],[],Relaxed
txn_009967,cust_003264,883.03,card,750,27,23,0.8519,2,False,network_error,0.74038,0,retry,retry,True,[],[],Relaxed
txn_000136,cust_001559,622.78,netbanking,16,18,11,0.6111,3,False,bank_decline,0.44221999999999995,0,retry,retry,True,[],[],Relaxed
txn_001786,cust_000227,405.18,wallet,292,27,18,0.6667,4,False,insufficient_balance,0.29333999999999993,1,payment_link,payment_link,True,[],[],Relaxed
txn_003405,cust_002210,5117.28,wallet,1034,10,7,0.7,3,False,network_error,0.6299999999999999,1,retry,retry,True,[],[],Relaxed
txn_002907,cust_002102,745.02,wallet,694,4,3,0.75,3,False,expired_card,0.64,0,payment_link,payment_link,True,[],[],Relaxed
txn_008305,cust_001675,1231.24,card,1094,27,21,0.7778,2,False,bank_decline,0.55556,1,retry,retry,True,[],[],Relaxed
txn_007493,cust_003300,803.26,wallet,1158,23,15,0.6522,4,False,network_error,0.24044,0,retry,payment_link,True,[],"[{'action': 'retry', 'reasons': ['maximum_retry_attempts_exceeded']}]",Relaxed
txn_006101,cust_002084,735.29,upi,677,12,9,0.75,1,False,bank_decline,0.63,1,retry,retry,True,[],[],Relaxed
txn_004505,cust_000317,698.32,upi,713,9,6,0.6667,4,False,insufficient_balance,0.37334,1,reminder,reminder,True,[],[],Relaxed
txn_005054,cust_000254,456.98,wallet,1396,11,9,0.8182,4,False,insufficient_balance,0.40364,1,reminder,reminder,True,[],[],Relaxed
txn_005206,cust_001139,865.89,wallet,1093,22,13,0.5909,1,False,network_error,0.76818,1,retry,retry,True,[],[],Relaxed
txn_004081,cust_003041,4727.37,card,1447,26,20,0.7692,3,False,gateway_error,0.59384,1,retry,retry,True,[],[],Relaxed
txn_006919,cust_003196,296.75,netbanking,1117,17,13,0.7647,4,False,authentication_failed,0.4129400000000001,0,payment_link,payment_link,True,[],[],Relaxed
txn_006803,cust_000491,2908.3,netbanking,1082,17,15,0.8824,1,False,expired_card,0.82648,0,payment_link,payment_link,True,[],[],Relaxed
txn_005207,cust_003271,5221.47,netbanking,169,9,5,0.5556,4,False,expired_card,0.52112,1,payment_link,payment_link,True,[],[],Relaxed
txn_000533,cust_001571,506.74,card,1353,0,0,0.0,1,True,expired_card,0.5999999999999999,1,payment_link,payment_link,True,[],[],Relaxed
txn_004831,cust_002357,2239.33,netbanking,536,10,8,0.8,3,False,bank_decline,0.48,0,retry,retry,True,[],[],Relaxed
txn_004039,cust_003053,922.55,card,1064,4,2,0.5,1,False,insufficient_balance,0.5800000000000001,1,reminder,reminder,True,[],[],Relaxed
txn_004085,cust_003300,302.38,wallet,1442,24,19,0.7917,1,False,network_error,0.80834,1,retry,retry,True,[],[],Relaxed
txn_003205,cust_000578,1412.59,wallet,840,17,14,0.8235,4,False,expired_card,0.5747,0,payment_link,payment_link,True,[],[],Relaxed
txn_007111,cust_002829,306.3,netbanking,784,17,13,0.7647,3,False,network_error,0.64294,0,retry,retry,True,[],[],Relaxed
txn_000331,cust_002230,258.14,wallet,1491,13,12,0.9231,4,False,authentication_failed,0.44462,0,payment_link,payment_link,True,[],[],Relaxed
txn_004958,cust_001409,224.79,netbanking,249,16,11,0.6875,2,False,network_error,0.7075,1,retry,retry,True,[],[],Relaxed
txn_003034,cust_002423,325.96,card,712,27,22,0.8148,4,False,bank_decline,0.27296,0,retry,reminder,True,[],"[{'action': 'retry', 'reasons': ['maximum_retry_attempts_exceeded']}]",Relaxed
txn_007685,cust_000469,1178.12,netbanking,1066,2,2,1.0,3,False,insufficient_balance,0.5199999999999999,0,reminder,reminder,True,[],[],Relaxed
txn_001598,cust_002745,1529.63,upi,189,20,14,0.7,2,False,network_error,0.71,1,retry,retry,True,[],[],Relaxed
txn_009920,cust_002614,360.68,netbanking,1301,12,11,0.9167,2,False,insufficient_balance,0.5833400000000001,0,reminder,reminder,True,[],[],Relaxed
txn_003598,cust_001951,1146.4,upi,1490,7,7,1.0,1,False,insufficient_balance,0.6799999999999999,1,reminder,reminder,True,[],[],Relaxed
txn_009039,cust_001981,1319.94,card,564,12,8,0.6667,4,False,bank_decline,0.24333999999999995,1,retry,reminder,True,[],"[{'action': 'retry', 'reasons': ['maximum_retry_attempts_exceeded']}]",Relaxed
txn_008002,cust_001513,1329.38,upi,209,0,0,0.0,3,True,network_error,0.4399999999999999,0,retry,retry,True,[],[],Relaxed
txn_000591,cust_002375,1817.91,upi,931,23,17,0.7391,2,False,insufficient_balance,0.5478200000000001,1,reminder,reminder,True,[],[],Relaxed
txn_000648,cust_002488,2039.79,card,1271,3,2,0.6667,1,False,expired_card,0.7833399999999999,1,payment_link,payment_link,True,[],[],Relaxed
txn_009103,cust_002306,372.42,upi,1118,23,13,0.5652,3,False,bank_decline,0.43304,0,retry,retry,True,[],[],Relaxed
txn_008016,cust_002202,479.32,upi,159,20,16,0.8,3,False,insufficient_balance,0.48,0,reminder,reminder,True,[],[],Relaxed
txn_003772,cust_003058,486.6,netbanking,1226,14,9,0.6429,4,False,expired_card,0.53858,0,payment_link,payment_link,True,[],[],Relaxed
txn_009040,cust_002600,693.35,upi,375,16,8,0.5,1,False,bank_decline,0.5800000000000001,0,retry,retry,True,[],[],Relaxed
txn_005083,cust_000021,2804.65,card,1120,19,12,0.6316,4,False,bank_decline,0.26632,0,retry,payment_link,True,[],"[{'action': 'retry', 'reasons': ['maximum_retry_attempts_exceeded']}]",Relaxed
txn_007883,cust_002020,1508.38,netbanking,1437,7,6,0.8571,3,False,expired_card,0.66142,1,payment_link,payment_link,True,[],[],Relaxed
txn_009363,cust_001886,1608.09,wallet,1152,2,0,0.0,4,False,expired_card,0.4099999999999999,0,payment_link,payment_link,True,[],[],Relaxed
txn_004211,cust_000881,523.55,wallet,69,14,11,0.7857,2,False,insufficient_balance,0.5571400000000001,1,reminder,reminder,True,[],[],Relaxed
txn_008835,cust_002438,3596.88,netbanking,127,14,11,0.7857,3,False,expired_card,0.6471399999999999,1,payment_link,payment_link,True,[],[],Relaxed
txn_008700,cust_002430,2052.94,upi,1042,28,22,0.7857,1,False,insufficient_balance,0.55714,0,payment_link,payment_link,True,[],[],Relaxed
txn_001796,cust_002426,423.14,wallet,303,27,16,0.5926,2,False,bank_decline,0.51852,1,retry,retry,True,[],[],Relaxed
txn_002587,cust_002107,828.54,wallet,652,18,17,0.9444,3,False,authentication_failed,0.47888,1,reminder,reminder,True,[],[],Relaxed
txn_008356,cust_001523,854.34,card,207,0,0,0.0,1,True,authentication_failed,0.45,1,payment_link,payment_link,True,[],[],Relaxed
txn_002317,cust_001437,200.24,wallet,1282,3,2,0.6667,4,False,authentication_failed,0.39334,1,payment_link,payment_link,True,[],[],Relaxed
txn_004186,cust_002914,480.75,upi,355,22,18,0.8182,1,False,insufficient_balance,0.56364,0,payment_link,payment_link,True,[],[],Relaxed
txn_008828,cust_000631,1023.37,netbanking,1389,26,21,0.8077,3,False,insufficient_balance,0.40154,1,payment_link,payment_link,True,[],[],Relaxed
txn_007073,cust_000765,427.6,upi,1168,24,16,0.6667,4,False,bank_decline,0.2733399999999999,1,retry,payment_link,True,[],"[{'action': 'retry', 'reasons': ['maximum_retry_attempts_exceeded']}]",Relaxed
txn_005235,cust_003212,1804.33,wallet,1051,2,2,1.0,1,False,bank_decline,0.6799999999999999,1,retry,retry,True,[],[],Relaxed
txn_008744,cust_000192,778.78,wallet,752,19,14,0.7368,4,False,gateway_error,0.25736,0,retry,payment_link,True,[],"[{'action': 'retry', 'reasons': ['maximum_retry_attempts_exceeded']}]",Relaxed
txn_008671,cust_001898,1204.47,netbanking,870,25,19,0.76,4,False,gateway_error,0.262,0,retry,payment_link,True,[],"[{'action': 'retry', 'reasons': ['maximum_retry_attempts_exceeded']}]",Relaxed
txn_004769,cust_002803,2158.46,wallet,1492,7,6,0.8571,4,False,insufficient_balance,0.33142000000000005,0,payment_link,payment_link,True,[],[],Relaxed
txn_009973,cust_000153,1562.92,upi,1150,24,17,0.7083,1,False,authentication_failed,0.59166,1,reminder,reminder,True,[],[],Relaxed
txn_007145,cust_001326,1312.78,upi,587,7,4,0.5714,2,False,gateway_error,0.6342800000000001,1,retry,retry,True,[],[],Relaxed
txn_002914,cust_003299,869.76,wallet,458,22,14,0.6364,4,False,authentication_failed,0.38728000000000007,0,payment_link,payment_link,True,[],[],Relaxed
txn_009872,cust_001210,619.61,wallet,995,16,15,0.9375,1,False,gateway_error,0.7875,1,retry,retry,True,[],[],Relaxed
txn_009894,cust_001300,560.12,wallet,808,19,17,0.8947,3,False,gateway_error,0.6189399999999999,0,retry,retry,True,[],[],Relaxed
txn_002076,cust_000680,1174.61,upi,230,11,8,0.7273,2,False,network_error,0.71546,1,retry,retry,True,[],[],Relaxed
txn_004303,cust_003298,1857.11,netbanking,802,18,15,0.8333,1,False,insufficient_balance,0.56666,0,payment_link,payment_link,True,[],[],Relaxed
txn_005823,cust_002830,767.38,upi,1241,17,11,0.6471,4,False,authentication_failed,0.3894200000000001,1,payment_link,payment_link,True,[],[],Relaxed
txn_002150,cust_002542,2645.55,wallet,76,17,13,0.7647,3,False,insufficient_balance,0.39293999999999996,1,payment_link,payment_link,True,[],[],Relaxed
txn_000145,cust_000205,915.67,netbanking,151,11,7,0.6364,2,False,bank_decline,0.5272800000000001,0,retry,retry,True,[],[],Relaxed
txn_004964,cust_000654,2415.27,wallet,1479,0,0,0.0,3,True,gateway_error,0.38999999999999996,1,retry,retry,True,[],[],Relaxed
txn_008160,cust_002740,1024.02,wallet,328,6,6,1.0,1,False,authentication_failed,0.65,0,reminder,reminder,True,[],[],Relaxed
txn_009031,cust_000149,743.5,wallet,1202,24,19,0.7917,4,False,insufficient_balance,0.31833999999999996,0,payment_link,payment_link,True,[],[],Relaxed
txn_004776,cust_000561,843.46,netbanking,626,20,17,0.85,2,False,authentication_failed,0.59,0,payment_link,payment_link,True,[],[],Relaxed
txn_008934,cust_002259,1189.41,card,919,2,2,1.0,2,False,insufficient_balance,0.6,0,reminder,reminder,True,[],[],Relaxed
txn_007750,cust_002679,1942.22,netbanking,265,18,12,0.6667,2,False,insufficient_balance,0.53334,1,reminder,reminder,True,[],[],Relaxed
txn_009829,cust_000828,768.68,upi,1361,22,16,0.7273,2,False,insufficient_balance,0.54546,0,reminder,reminder,True,[],[],Relaxed
txn_009215,cust_001475,894.16,netbanking,1118,13,13,1.0,3,False,authentication_failed,0.49,0,reminder,reminder,True,[],[],Relaxed
txn_006061,cust_001141,4128.31,wallet,1436,21,13,0.619,1,False,gateway_error,0.7238,0,retry,retry,True,[],[],Relaxed
txn_009476,cust_000411,1201.82,netbanking,436,25,22,0.88,2,False,gateway_error,0.6960000000000001,1,retry,retry,True,[],[],Relaxed
txn_006410,cust_000798,869.17,wallet,1025,0,0,0.0,3,True,expired_card,0.4399999999999999,0,payment_link,payment_link,True,[],[],Relaxed
txn_003318,cust_002934,1070.0,wallet,1429,28,21,0.75,1,False,insufficient_balance,0.55,1,payment_link,payment_link,True,[],[],Relaxed
txn_007465,cust_000543,3266.18,wallet,1133,6,4,0.6667,2,False,gateway_error,0.6533399999999999,1,retry,retry,True,[],[],Relaxed
txn_003062,cust_000667,977.27,wallet,767,25,21,0.84,2,False,authentication_failed,0.588,1,payment_link,payment_link,True,[],[],Relaxed
txn_001356,cust_002001,1927.59,netbanking,565,17,13,0.7647,3,False,bank_decline,0.47294,0,retry,retry,True,[],[],Relaxed
txn_004515,cust_001847,402.84,wallet,1487,5,3,0.6,4,False,gateway_error,0.22999999999999998,0,retry,payment_link,True,[],"[{'action': 'retry', 'reasons': ['maximum_retry_attempts_exceeded']}]",Relaxed
txn_005506,cust_000953,1330.64,card,1182,16,12,0.75,1,False,network_error,0.8,1,retry,retry,True,[],[],Relaxed
txn_005251,cust_000385,430.09,card,834,10,8,0.8,1,False,network_error,0.81,1,retry,retry,True,[],[],Relaxed
txn_004512,cust_002587,1190.16,wallet,745,23,18,0.7826,3,False,bank_decline,0.47651999999999994,1,retry,retry,True,[],[],Relaxed
txn_001731,cust_002784,1137.1,wallet,565,13,9,0.6923,3,False,insufficient_balance,0.45846,1,reminder,reminder,True,[],[],Relaxed
txn_001759,cust_003125,874.73,upi,1466,28,21,0.75,4,False,bank_decline,0.26,0,retry,reminder,True,[],"[{'action': 'retry', 'reasons': ['maximum_retry_attempts_exceeded']}]",Relaxed
txn_006651,cust_001647,1574.14,netbanking,861,10,10,1.0,2,False,authentication_failed,0.62,1,payment_link,payment_link,True,[],[],Relaxed
txn_006647,cust_000236,318.82,upi,1266,22,16,0.7273,4,False,network_error,0.25545999999999996,0,retry,payment_link,True,[],"[{'action': 'retry', 'reasons': ['maximum_retry_attempts_exceeded']}]",Relaxed
txn_009861,cust_002033,1323.29,upi,656,12,6,0.5,1,False,insufficient_balance,0.5800000000000001,0,reminder,reminder,True,[],[],Relaxed
txn_004140,cust_002233,212.75,wallet,1123,20,14,0.7,1,False,bank_decline,0.6199999999999999,1,retry,retry,True,[],[],Relaxed
txn_009394,cust_002907,782.37,wallet,185,9,7,0.7778,1,False,authentication_failed,0.60556,1,reminder,reminder,True,[],[],Relaxed
txn_005124,cust_002336,1623.64,netbanking,1,12,9,0.75,3,False,bank_decline,0.47,0,retry,retry,True,[],[],Relaxed
txn_000001,cust_002453,1399.36,netbanking,658,12,8,0.6667,4,False,bank_decline,0.2733399999999999,0,retry,payment_link,True,[],"[{'action': 'retry', 'reasons': ['maximum_retry_attempts_exceeded']}]",Relaxed
txn_001865,cust_000398,865.11,card,1150,4,4,1.0,3,False,bank_decline,0.5199999999999999,0,retry,retry,True,[],[],Relaxed
txn_000544,cust_001615,2656.61,upi,1398,4,2,0.5,4,False,bank_decline,0.24000000000000005,0,retry,payment_link,True,[],"[{'action': 'retry', 'reasons': ['maximum_retry_attempts_exceeded']}]",Relaxed
txn_000350,cust_002515,334.14,netbanking,897,18,13,0.7222,2,False,gateway_error,0.66444,1,retry,retry,True,[],[],Relaxed
txn_006907,cust_001546,2091.65,netbanking,246,25,15,0.6,2,False,gateway_error,0.64,0,retry,retry,True,[],[],Relaxed
txn_009766,cust_000340,2463.5,wallet,1431,2,2,1.0,4,False,authentication_failed,0.45999999999999996,0,payment_link,payment_link,True,[],[],Relaxed
txn_002524,cust_001231,1091.39,upi,651,12,10,0.8333,2,False,authentication_failed,0.53666,0,reminder,reminder,True,[],[],Relaxed
txn_003465,cust_002317,1848.22,wallet,376,9,3,0.3333,1,False,authentication_failed,0.5666599999999999,0,payment_link,payment_link,True,[],[],Relaxed
txn_000458,cust_003102,713.6,card,300,19,16,0.8421,2,False,network_error,0.73842,0,retry,retry,True,[],[],Relaxed
txn_003024,cust_000634,3624.37,netbanking,728,27,22,0.8148,3,False,bank_decline,0.48295999999999994,0,retry,retry,True,[],[],Relaxed
txn_007262,cust_002396,3127.14,netbanking,1475,24,21,0.875,4,False,gateway_error,0.28500000000000003,1,retry,payment_link,True,[],"[{'action': 'retry', 'reasons': ['maximum_retry_attempts_exceeded']}]",Relaxed
txn_009516,cust_001763,683.53,card,1023,0,0,0.0,3,True,network_error,0.4399999999999999,0,retry,retry,True,[],[],Relaxed
txn_007873,cust_002864,254.61,wallet,799,20,16,0.8,2,False,expired_card,0.7300000000000001,1,payment_link,payment_link,True,[],[],Relaxed
txn_006626,cust_001529,5899.33,wallet,559,27,23,0.8519,4,False,bank_decline,0.2803800000000001,0,retry,reminder,True,[],"[{'action': 'retry', 'reasons': ['maximum_retry_attempts_exceeded']}]",Relaxed
txn_002535,cust_002137,1967.29,netbanking,568,23,15,0.6522,2,False,bank_decline,0.53044,0,retry,retry,True,[],[],Relaxed
txn_000132,cust_002928,432.83,wallet,514,14,10,0.7143,3,False,insufficient_balance,0.46285999999999994,0,reminder,reminder,True,[],[],Relaxed
txn_003705,cust_003138,3474.59,card,498,27,22,0.8148,4,False,authentication_failed,0.37295999999999996,0,reminder,reminder,True,[],[],Relaxed
txn_001373,cust_000891,2788.48,wallet,610,2,2,1.0,4,False,bank_decline,0.33999999999999997,1,retry,payment_link,True,[],"[{'action': 'retry', 'reasons': ['maximum_retry_attempts_exceeded']}]",Relaxed
txn_006201,cust_000157,379.5,netbanking,621,7,6,0.8571,1,False,expired_card,0.82142,1,payment_link,payment_link,True,[],[],Relaxed
txn_004857,cust_002107,1006.44,netbanking,1000,23,18,0.7826,3,False,gateway_error,0.5965199999999999,0,retry,retry,True,[],[],Relaxed
txn_004713,cust_000596,828.19,wallet,838,13,10,0.7692,4,False,gateway_error,0.2638400000000001,0,retry,payment_link,True,[],"[{'action': 'retry', 'reasons': ['maximum_retry_attempts_exceeded']}]",Relaxed
txn_005545,cust_000087,1111.96,wallet,814,17,15,0.8824,4,False,bank_decline,0.31648,1,retry,payment_link,True,[],"[{'action': 'retry', 'reasons': ['maximum_retry_attempts_exceeded']}]",Relaxed
txn_001414,cust_000534,949.49,upi,563,20,18,0.9,2,False,gateway_error,0.7000000000000001,1,retry,retry,True,[],[],Relaxed
txn_004114,cust_001065,2301.32,wallet,123,12,10,0.8333,4,False,authentication_failed,0.37666,0,reminder,reminder,True,[],[],Relaxed
txn_000656,cust_000102,1464.04,card,24,25,22,0.88,4,False,network_error,0.256,0,retry,reminder,True,[],"[{'action': 'retry', 'reasons': ['maximum_retry_attempts_exceeded']}]",Relaxed
txn_008138,cust_002458,931.81,netbanking,1214,12,9,0.75,1,False,bank_decline,0.63,0,retry,retry,True,[],[],Relaxed
txn_004099,cust_000334,894.36,wallet,359,18,13,0.7222,2,False,bank_decline,0.5444399999999999,1,retry,retry,True,[],[],Relaxed
txn_000593,cust_001688,935.36,upi,1098,19,16,0.8421,3,False,insufficient_balance,0.48841999999999997,0,reminder,reminder,True,[],[],Relaxed
txn_008709,cust_000943,1504.12,wallet,1253,18,14,0.7778,2,False,bank_decline,0.55556,1,retry,retry,True,[],[],Relaxed
txn_003124,cust_001483,1019.96,card,579,3,2,0.6667,2,False,bank_decline,0.53334,0,retry,retry,True,[],[],Relaxed
txn_003048,cust_001416,1843.44,wallet,1257,17,11,0.6471,4,False,gateway_error,0.23942000000000002,1,retry,payment_link,True,[],"[{'action': 'retry', 'reasons': ['maximum_retry_attempts_exceeded']}]",Relaxed
txn_003888,cust_000650,781.8,wallet,808,10,6,0.6,4,False,bank_decline,0.26,0,retry,payment_link,True,[],"[{'action': 'retry', 'reasons': ['maximum_retry_attempts_exceeded']}]",Relaxed
txn_005736,cust_002315,347.63,upi,123,20,16,0.8,2,False,expired_card,0.7300000000000001,0,payment_link,payment_link,True,[],[],Relaxed
txn_002185,cust_003020,3604.15,netbanking,936,19,13,0.6842,4,False,bank_decline,0.27684,0,retry,payment_link,True,[],"[{'action': 'retry', 'reasons': ['maximum_retry_attempts_exceeded']}]",Relaxed
txn_002146,cust_001520,1452.32,card,1330,12,9,0.75,4,False,insufficient_balance,0.39,0,reminder,reminder,True,[],[],Relaxed
txn_007048,cust_000634,621.5,upi,522,18,13,0.7222,2,False,expired_card,0.71444,1,payment_link,payment_link,True,[],[],Relaxed
txn_003106,cust_000902,492.67,card,1262,17,13,0.7647,4,False,bank_decline,0.29294,0,retry,payment_link,True,[],"[{'action': 'retry', 'reasons': ['maximum_retry_attempts_exceeded']}]",Relaxed
txn_009234,cust_000216,2480.12,wallet,276,16,11,0.6875,3,False,network_error,0.6275,1,retry,retry,True,[],[],Relaxed
txn_009097,cust_002068,2885.28,upi,294,28,21,0.75,4,False,bank_decline,0.29000000000000004,1,retry,payment_link,True,[],"[{'action': 'retry', 'reasons': ['maximum_retry_attempts_exceeded']}]",Relaxed
txn_002770,cust_003053,733.06,upi,1398,12,8,0.6667,4,False,network_error,0.24333999999999995,0,retry,payment_link,True,[],"[{'action': 'retry', 'reasons': ['maximum_retry_attempts_exceeded']}]",Relaxed
txn_005222,cust_003316,687.96,upi,1023,4,4,1.0,4,False,insufficient_balance,0.36,0,payment_link,payment_link,True,[],[],Relaxed
txn_005834,cust_001703,1156.01,card,718,11,6,0.5455,4,False,network_error,0.21910000000000002,0,retry,payment_link,True,[],"[{'action': 'retry', 'reasons': ['maximum_retry_attempts_exceeded']}]",Relaxed
txn_001733,cust_000616,5188.05,card,93,9,9,1.0,4,False,gateway_error,0.31000000000000005,0,retry,payment_link,True,[],"[{'action': 'retry', 'reasons': ['maximum_retry_attempts_exceeded']}]",Relaxed
txn_000266,cust_001161,713.19,netbanking,908,14,13,0.9286,2,False,gateway_error,0.70572,0,retry,retry,True,[],[],Relaxed
txn_005145,cust_001132,2187.74,wallet,104,23,15,0.6522,1,False,bank_decline,0.61044,0,retry,retry,True,[],[],Relaxed
txn_008268,cust_000709,3552.52,netbanking,876,4,4,1.0,2,False,bank_decline,0.6,1,retry,retry,True,[],[],Relaxed
txn_003938,cust_002513,1317.93,wallet,302,4,4,1.0,1,False,network_error,0.85,1,retry,retry,True,[],[],Relaxed
txn_000762,cust_001984,1744.98,netbanking,598,25,22,0.88,1,False,gateway_error,0.776,1,retry,retry,True,[],[],Relaxed
txn_007221,cust_000005,981.94,card,999,13,9,0.6923,3,False,gateway_error,0.5784599999999999,0,retry,retry,True,[],[],Relaxed
txn_008440,cust_000288,1195.25,card,86,28,24,0.8571,1,False,gateway_error,0.77142,1,retry,retry,True,[],[],Relaxed
txn_003258,cust_002812,871.57,upi,646,14,8,0.5714,1,False,expired_card,0.76428,1,payment_link,payment_link,True,[],[],Relaxed
txn_004339,cust_001340,1709.05,upi,750,27,20,0.7407,1,False,bank_decline,0.6281399999999999,0,retry,retry,True,[],[],Relaxed
txn_004363,cust_001057,1851.85,netbanking,1300,3,0,0.0,4,False,network_error,0.10999999999999999,1,retry,payment_link,True,[],"[{'action': 'retry', 'reasons': ['maximum_retry_attempts_exceeded']}]",Relaxed
txn_000317,cust_000063,450.9,card,1264,15,11,0.7333,2,False,gateway_error,0.6666599999999999,1,retry,retry,True,[],[],Relaxed
txn_008070,cust_002705,554.53,upi,731,5,4,0.8,1,False,network_error,0.81,0,retry,retry,True,[],[],Relaxed
txn_001852,cust_000583,416.05,netbanking,1336,2,0,0.0,2,False,insufficient_balance,0.39999999999999997,0,reminder,reminder,True,[],[],Relaxed
txn_002485,cust_000607,526.0,upi,36,23,19,0.8261,2,False,gateway_error,0.68522,1,retry,retry,True,[],[],Relaxed
txn_009874,cust_002221,612.41,wallet,633,2,1,0.5,4,False,authentication_failed,0.3600000000000001,0,payment_link,payment_link,True,[],[],Relaxed
txn_009575,cust_001108,871.05,card,821,6,4,0.6667,2,False,gateway_error,0.6533399999999999,1,retry,retry,True,[],[],Relaxed
txn_001079,cust_002496,225.11,upi,1114,2,1,0.5,4,False,network_error,0.21000000000000002,0,retry,payment_link,True,[],"[{'action': 'retry', 'reasons': ['maximum_retry_attempts_exceeded']}]",Relaxed
txn_008359,cust_001829,601.17,upi,823,24,17,0.7083,4,False,authentication_failed,0.40166,1,payment_link,payment_link,True,[],[],Relaxed
txn_007334,cust_003219,4995.69,netbanking,378,9,6,0.6667,4,False,gateway_error,0.24333999999999995,0,retry,payment_link,True,[],"[{'action': 'retry', 'reasons': ['maximum_retry_attempts_exceeded']}]",Relaxed
txn_001072,cust_000961,1069.27,card,643,21,16,0.7619,2,False,network_error,0.72238,1,retry,retry,True,[],[],Relaxed
txn_000104,cust_001657,274.64,netbanking,91,11,6,0.5455,1,False,bank_decline,0.5891,1,retry,retry,True,[],[],Relaxed
txn_005749,cust_003318,1383.95,netbanking,1287,29,24,0.8276,2,False,network_error,0.7355200000000001,0,retry,retry,True,[],[],Relaxed
txn_001419,cust_003097,1977.06,upi,529,0,0,0.0,1,True,gateway_error,0.5499999999999999,1,retry,retry,True,[],[],Relaxed
txn_001659,cust_002226,1870.39,netbanking,269,25,19,0.76,3,False,gateway_error,0.592,1,retry,retry,True,[],[],Relaxed
txn_005285,cust_001305,189.79,upi,765,29,25,0.8621,1,False,gateway_error,0.77242,1,retry,retry,True,[],[],Relaxed
txn_001150,cust_001908,6182.97,wallet,533,19,14,0.7368,1,False,bank_decline,0.6273599999999999,0,retry,retry,True,[],[],Relaxed
txn_007151,cust_002157,1187.85,upi,822,28,22,0.7857,4,False,insufficient_balance,0.39714000000000005,0,reminder,reminder,True,[],[],Relaxed
txn_001569,cust_001357,1057.25,wallet,477,24,20,0.8333,4,False,bank_decline,0.27666,0,retry,reminder,True,[],"[{'action': 'retry', 'reasons': ['maximum_retry_attempts_exceeded']}]",Relaxed
txn_001088,cust_000042,2071.82,card,460,12,10,0.8333,4,False,insufficient_balance,0.40666,1,reminder,reminder,True,[],[],Relaxed
txn_006086,cust_003261,1763.63,upi,390,2,2,1.0,4,False,bank_decline,0.31000000000000005,0,retry,reminder,True,[],"[{'action': 'retry', 'reasons': ['maximum_retry_attempts_exceeded']}]",Relaxed
txn_008675,cust_002926,992.42,netbanking,817,5,5,1.0,2,False,insufficient_balance,0.6,1,reminder,reminder,True,[],[],Relaxed
txn_008342,cust_002986,927.32,wallet,1229,28,25,0.8929,2,False,bank_decline,0.57858,1,retry,retry,True,[],[],Relaxed
txn_007812,cust_002918,581.5,netbanking,37,16,9,0.5625,4,False,gateway_error,0.22249999999999998,0,retry,payment_link,True,[],"[{'action': 'retry', 'reasons': ['maximum_retry_attempts_exceeded']}]",Relaxed
txn_006085,cust_002086,1716.54,netbanking,841,17,13,0.7647,3,False,bank_decline,0.47294,0,retry,retry,True,[],[],Relaxed
txn_008774,cust_001004,961.61,wallet,646,17,12,0.7059,2,False,network_error,0.71118,1,retry,retry,True,[],[],Relaxed
txn_008758,cust_000314,2602.55,card,740,1,0,0.0,4,False,bank_decline,0.14,0,retry,payment_link,True,[],"[{'action': 'retry', 'reasons': ['maximum_retry_attempts_exceeded']}]",Relaxed
txn_001693,cust_003140,1245.45,wallet,1369,29,21,0.7241,2,False,insufficient_balance,0.46481999999999996,0,payment_link,payment_link,True,[],[],Relaxed
txn_004735,cust_002526,1321.65,netbanking,410,3,1,0.3333,1,False,expired_card,0.71666,1,payment_link,payment_link,True,[],[],Relaxed
txn_003388,cust_001893,12183.24,wallet,876,0,0,0.0,2,True,bank_decline,0.35,1,retry,retry,True,[],[],Relaxed
txn_003647,cust_001308,1173.84,netbanking,408,14,10,0.7143,3,False,gateway_error,0.58286,1,retry,retry,True,[],[],Relaxed
txn_001684,cust_001423,1396.56,netbanking,1381,27,16,0.5926,4,False,authentication_failed,0.37851999999999997,1,payment_link,payment_link,True,[],[],Relaxed
txn_000009,cust_000125,1382.01,wallet,997,14,9,0.6429,3,False,network_error,0.6185799999999999,1,retry,retry,True,[],[],Relaxed
txn_006063,cust_000681,142.83,wallet,167,9,8,0.8889,4,False,insufficient_balance,0.41778000000000004,1,reminder,reminder,True,[],[],Relaxed
txn_006517,cust_003104,839.06,card,307,29,18,0.6207,3,False,gateway_error,0.56414,1,retry,retry,True,[],[],Relaxed
txn_004124,cust_001458,338.48,card,902,10,7,0.7,3,False,gateway_error,0.58,0,retry,retry,True,[],[],Relaxed
txn_008730,cust_002795,858.48,card,564,0,0,0.0,2,True,expired_card,0.29,0,reminder,reminder,True,[],[],Relaxed
txn_006046,cust_001224,2305.28,wallet,783,3,2,0.6667,3,False,bank_decline,0.45333999999999997,1,retry,retry,True,[],[],Relaxed
txn_000568,cust_000615,778.96,netbanking,1485,12,9,0.75,1,False,bank_decline,0.63,0,retry,retry,True,[],[],Relaxed
txn_009162,cust_000085,10657.22,upi,583,15,9,0.6,2,False,expired_card,0.6900000000000001,0,payment_link,payment_link,True,[],[],Relaxed
txn_001804,cust_000667,1708.01,netbanking,1011,6,4,0.6667,1,False,insufficient_balance,0.61334,1,reminder,reminder,True,[],[],Relaxed
txn_008502,cust_000001,617.16,netbanking,887,5,3,0.6,3,False,gateway_error,0.5599999999999999,1,retry,retry,True,[],[],Relaxed
txn_004901,cust_000917,401.23,card,1125,25,18,0.72,4,False,authentication_failed,0.4039999999999999,0,payment_link,payment_link,True,[],[],Relaxed
txn_001600,cust_000372,1675.46,wallet,1205,0,0,0.0,3,True,bank_decline,0.26999999999999996,1,retry,retry,True,[],[],Relaxed
txn_007932,cust_001573,1924.38,netbanking,1196,12,9,0.75,2,False,bank_decline,0.55,1,retry,retry,True,[],[],Relaxed
txn_009548,cust_003120,2515.72,card,290,24,19,0.7917,2,False,expired_card,0.72834,0,payment_link,payment_link,True,[],[],Relaxed
txn_002824,cust_003236,2376.7,card,668,0,0,0.0,1,True,insufficient_balance,0.43,0,reminder,reminder,True,[],[],Relaxed
txn_005468,cust_000078,1742.09,card,1356,21,16,0.7619,1,False,insufficient_balance,0.55238,0,payment_link,payment_link,True,[],[],Relaxed
txn_003530,cust_000260,2528.97,upi,1445,10,9,0.9,1,False,network_error,0.83,1,retry,retry,True,[],[],Relaxed
txn_008684,cust_002187,1135.97,netbanking,1095,29,20,0.6897,2,False,insufficient_balance,0.53794,0,reminder,reminder,True,[],[],Relaxed
txn_001156,cust_001672,1113.31,upi,814,19,18,0.9474,1,False,expired_card,0.83948,1,payment_link,payment_link,True,[],[],Relaxed
txn_006548,cust_002246,531.97,upi,682,1,1,1.0,3,False,bank_decline,0.5199999999999999,1,retry,retry,True,[],[],Relaxed
txn_009089,cust_000503,923.16,wallet,1433,14,10,0.7143,4,False,bank_decline,0.28286,0,retry,payment_link,True,[],"[{'action': 'retry', 'reasons': ['maximum_retry_attempts_exceeded']}]",Relaxed
txn_007621,cust_002685,1113.93,upi,391,16,15,0.9375,4,False,gateway_error,0.26749999999999996,1,retry,reminder,True,[],"[{'action': 'retry', 'reasons': ['maximum_retry_attempts_exceeded']}]",Relaxed
txn_008297,cust_000922,993.95,card,789,26,22,0.8462,1,False,bank_decline,0.64924,0,retry,retry,True,[],[],Relaxed
txn_004541,cust_001394,549.47,card,758,11,8,0.7273,4,False,authentication_failed,0.40545999999999993,1,payment_link,payment_link,True,[],[],Relaxed
txn_009135,cust_001039,1166.77,card,68,12,7,0.5833,4,False,authentication_failed,0.32666000000000006,0,reminder,reminder,True,[],[],Relaxed
txn_006483,cust_002751,690.16,netbanking,62,17,12,0.7059,2,False,insufficient_balance,0.5411800000000001,0,reminder,reminder,True,[],[],Relaxed
txn_005827,cust_002367,5116.65,wallet,415,27,22,0.8148,4,False,insufficient_balance,0.40296,0,reminder,reminder,True,[],[],Relaxed
txn_001191,cust_002610,13271.36,wallet,590,27,22,0.8148,1,False,authentication_failed,0.66296,1,payment_link,payment_link,True,[],[],Relaxed
txn_007445,cust_000936,1208.84,upi,372,10,8,0.8,2,False,insufficient_balance,0.43,0,retry,retry,True,[],[],Relaxed
txn_008521,cust_002909,4395.82,wallet,888,23,13,0.5652,4,False,network_error,0.22304000000000002,0,retry,payment_link,True,[],"[{'action': 'retry', 'reasons': ['maximum_retry_attempts_exceeded']}]",Relaxed
txn_000961,cust_000075,365.76,netbanking,631,24,16,0.6667,3,False,network_error,0.6233399999999999,0,retry,retry,True,[],[],Relaxed
txn_007455,cust_000047,1055.54,upi,1091,2,1,0.5,4,False,bank_decline,0.24000000000000005,0,retry,payment_link,True,[],"[{'action': 'retry', 'reasons': ['maximum_retry_attempts_exceeded']}]",Relaxed
txn_000037,cust_000960,554.13,netbanking,1206,12,8,0.6667,2,False,bank_decline,0.53334,0,retry,retry,True,[],[],Relaxed
txn_007517,cust_000094,664.81,wallet,94,10,7,0.7,2,False,network_error,0.71,0,retry,retry,True,[],[],Relaxed
txn_007645,cust_000687,801.54,upi,753,14,12,0.8571,2,False,bank_decline,0.57142,1,retry,retry,True,[],[],Relaxed
txn_004439,cust_000225,683.48,card,1350,25,19,0.76,3,False,insufficient_balance,0.472,0,reminder,reminder,True,[],[],Relaxed
txn_006162,cust_002677,1169.45,upi,652,29,20,0.6897,4,False,gateway_error,0.21794000000000002,1,retry,reminder,True,[],"[{'action': 'retry', 'reasons': ['maximum_retry_attempts_exceeded']}]",Relaxed
txn_007745,cust_001204,596.12,upi,330,20,16,0.8,1,False,authentication_failed,0.61,0,reminder,reminder,True,[],[],Relaxed
txn_009588,cust_002154,898.84,netbanking,1380,5,5,1.0,2,False,gateway_error,0.7200000000000001,0,retry,retry,True,[],[],Relaxed
txn_008120,cust_002818,648.98,upi,1352,10,7,0.7,1,False,gateway_error,0.74,1,retry,retry,True,[],[],Relaxed
txn_006968,cust_000655,1796.17,card,143,16,11,0.6875,3,False,bank_decline,0.4574999999999999,1,retry,retry,True,[],[],Relaxed
txn_005719,cust_000384,6212.04,card,950,19,12,0.6316,4,False,bank_decline,0.26632,1,retry,payment_link,True,[],"[{'action': 'retry', 'reasons': ['maximum_retry_attempts_exceeded']}]",Relaxed
txn_000578,cust_000668,1100.42,netbanking,1291,26,21,0.8077,3,False,bank_decline,0.48153999999999997,0,retry,retry,True,[],[],Relaxed
txn_009834,cust_000795,3382.78,card,1448,11,10,0.9091,2,False,authentication_failed,0.6018200000000001,1,payment_link,payment_link,True,[],[],Relaxed
txn_004103,cust_003293,957.6,card,199,21,16,0.7619,4,False,bank_decline,0.29238,1,retry,payment_link,True,[],"[{'action': 'retry', 'reasons': ['maximum_retry_attempts_exceeded']}]",Relaxed
txn_007647,cust_001712,590.94,card,1297,23,17,0.7391,2,False,network_error,0.71782,1,retry,retry,True,[],[],Relaxed
txn_004152,cust_003072,7183.43,card,1104,23,20,0.8696,4,False,gateway_error,0.25392000000000003,1,retry,reminder,True,[],"[{'action': 'retry', 'reasons': ['maximum_retry_attempts_exceeded']}]",Relaxed
txn_003131,cust_002080,1353.59,upi,1414,15,11,0.7333,3,False,gateway_error,0.5866599999999998,1,retry,retry,True,[],[],Relaxed
txn_004891,cust_002508,748.18,card,282,15,11,0.7333,2,False,insufficient_balance,0.54666,1,reminder,reminder,True,[],[],Relaxed
txn_009976,cust_000177,1735.96,netbanking,955,14,12,0.8571,4,False,network_error,0.28142,0,retry,payment_link,True,[],"[{'action': 'retry', 'reasons': ['maximum_retry_attempts_exceeded']}]",Relaxed
txn_007472,cust_000989,641.12,wallet,431,15,8,0.5333,2,False,gateway_error,0.6266600000000001,1,retry,retry,True,[],[],Relaxed
txn_001834,cust_000359,389.59,wallet,1330,11,5,0.4545,4,False,expired_card,0.5009,1,payment_link,payment_link,True,[],[],Relaxed
txn_009149,cust_000097,1120.25,upi,1496,24,15,0.625,4,False,bank_decline,0.265,0,retry,payment_link,True,[],"[{'action': 'retry', 'reasons': ['maximum_retry_attempts_exceeded']}]",Relaxed
txn_004892,cust_000261,424.93,upi,483,15,12,0.8,1,False,bank_decline,0.64,1,retry,retry,True,[],[],Relaxed
txn_002288,cust_002982,2907.11,upi,985,26,21,0.8077,2,False,insufficient_balance,0.48154,0,payment_link,payment_link,True,[],[],Relaxed
txn_001331,cust_000037,1138.07,wallet,956,13,10,0.7692,1,False,insufficient_balance,0.55384,1,payment_link,payment_link,True,[],[],Relaxed
txn_002772,cust_000348,2267.82,wallet,1001,29,19,0.6552,3,False,gateway_error,0.5710399999999999,1,retry,retry,True,[],[],Relaxed
txn_003687,cust_001623,1566.06,wallet,907,11,5,0.4545,3,False,gateway_error,0.5309,1,retry,retry,True,[],[],Relaxed
txn_008284,cust_001391,2476.38,card,650,5,4,0.8,2,False,expired_card,0.7300000000000001,1,payment_link,payment_link,True,[],[],Relaxed
txn_005929,cust_000309,1887.05,wallet,1437,8,7,0.875,3,False,bank_decline,0.495,1,retry,retry,True,[],[],Relaxed
txn_000638,cust_002653,1069.47,card,119,25,18,0.72,1,False,insufficient_balance,0.6239999999999999,1,reminder,reminder,True,[],[],Relaxed
txn_000048,cust_000466,907.34,upi,1029,19,15,0.7895,1,False,network_error,0.8079,0,retry,retry,True,[],[],Relaxed
txn_002603,cust_002968,4459.01,card,324,26,19,0.7308,1,False,insufficient_balance,0.62616,1,reminder,reminder,True,[],[],Relaxed
txn_001966,cust_001937,1244.3,netbanking,1315,5,5,1.0,3,False,gateway_error,0.64,1,retry,retry,True,[],[],Relaxed
txn_002169,cust_001283,1302.97,card,85,29,23,0.7931,3,False,bank_decline,0.47861999999999993,0,retry,retry,True,[],[],Relaxed
txn_005050,cust_001187,420.16,card,677,18,12,0.6667,1,False,gateway_error,0.7333399999999999,1,retry,retry,True,[],[],Relaxed
txn_003335,cust_002357,469.69,card,1165,6,6,1.0,1,False,gateway_error,0.8,1,retry,retry,True,[],[],Relaxed
txn_003020,cust_000917,439.18,upi,485,12,10,0.8333,3,False,insufficient_balance,0.48666,0,reminder,reminder,True,[],[],Relaxed
txn_008765,cust_000618,1440.45,wallet,195,22,16,0.7273,1,False,gateway_error,0.74546,0,retry,retry,True,[],[],Relaxed
txn_009177,cust_002791,2796.93,upi,932,10,7,0.7,3,False,gateway_error,0.58,1,retry,retry,True,[],[],Relaxed
txn_001361,cust_001829,2517.08,netbanking,1435,15,8,0.5333,1,False,bank_decline,0.58666,1,retry,retry,True,[],[],Relaxed
txn_005799,cust_001353,1497.46,wallet,1346,27,17,0.6296,1,False,gateway_error,0.7259199999999999,1,retry,retry,True,[],[],Relaxed
txn_009401,cust_001659,1713.88,netbanking,155,29,24,0.8276,3,False,network_error,0.65552,1,retry,retry,True,[],[],Relaxed
txn_003252,cust_001800,2967.82,upi,459,19,15,0.7895,4,False,insufficient_balance,0.3978999999999999,0,reminder,reminder,True,[],[],Relaxed
txn_006301,cust_001964,646.44,wallet,838,18,12,0.6667,4,False,gateway_error,0.24333999999999995,1,retry,payment_link,True,[],"[{'action': 'retry', 'reasons': ['maximum_retry_attempts_exceeded']}]",Relaxed
txn_002252,cust_001743,1577.45,card,942,5,4,0.8,3,False,expired_card,0.65,1,payment_link,payment_link,True,[],[],Relaxed
txn_006028,cust_002775,326.0,card,987,0,0,0.0,2,True,gateway_error,0.19,0,reminder,reminder,True,[],[],Relaxed
txn_001176,cust_001697,781.08,wallet,1433,1,0,0.0,2,False,authentication_failed,0.36999999999999994,1,reminder,reminder,True,[],[],Relaxed
txn_008800,cust_001816,630.62,netbanking,375,25,19,0.76,2,False,insufficient_balance,0.422,0,retry,retry,True,[],[],Relaxed
txn_003280,cust_002661,462.0,card,1398,14,11,0.7857,4,False,insufficient_balance,0.31714,0,payment_link,payment_link,True,[],[],Relaxed
txn_002974,cust_002848,1122.72,upi,9,8,7,0.875,4,False,authentication_failed,0.385,1,reminder,reminder,True,[],[],Relaxed
txn_003397,cust_002473,10106.11,wallet,40,11,6,0.5455,1,False,gateway_error,0.7091000000000001,1,retry,retry,True,[],[],Relaxed
txn_006940,cust_002288,1184.5,wallet,387,2,2,1.0,1,False,expired_card,0.85,1,payment_link,payment_link,True,[],[],Relaxed
txn_000966,cust_001538,745.07,wallet,253,0,0,0.0,4,True,bank_decline,0.09000000000000001,0,payment_link,payment_link,True,[],[],Relaxed
txn_008575,cust_001789,1115.57,netbanking,1012,2,2,1.0,3,False,gateway_error,0.64,1,retry,retry,True,[],[],Relaxed
txn_000743,cust_001498,1017.28,card,355,21,16,0.7619,3,False,network_error,0.64238,1,retry,retry,True,[],[],Relaxed
txn_007515,cust_001991,873.96,upi,709,3,3,1.0,4,False,insufficient_balance,0.43999999999999995,1,retry,reminder,True,[],"[{'action': 'retry', 'reasons': ['maximum_retry_attempts_exceeded']}]",Relaxed
txn_003315,cust_003007,639.01,wallet,250,25,16,0.64,3,False,gateway_error,0.568,1,retry,retry,True,[],[],Relaxed
txn_004899,cust_000280,405.64,wallet,1374,10,9,0.9,2,False,authentication_failed,0.55,0,reminder,reminder,True,[],[],Relaxed
txn_009341,cust_000385,727.81,card,904,13,11,0.8462,3,False,authentication_failed,0.45924,1,reminder,reminder,True,[],[],Relaxed
txn_004673,cust_002840,661.53,wallet,1444,16,12,0.75,1,False,insufficient_balance,0.63,1,reminder,reminder,True,[],[],Relaxed
txn_008619,cust_002405,216.22,wallet,850,7,3,0.4286,2,False,insufficient_balance,0.48572,0,reminder,reminder,True,[],[],Relaxed
txn_001218,cust_002079,698.64,card,1293,9,7,0.7778,3,False,gateway_error,0.59556,0,retry,retry,True,[],[],Relaxed
txn_004398,cust_000803,132.81,netbanking,446,1,1,1.0,4,False,network_error,0.28,1,retry,reminder,True,[],"[{'action': 'retry', 'reasons': ['maximum_retry_attempts_exceeded']}]",Relaxed
txn_006081,cust_000983,3480.8,upi,913,25,19,0.76,1,False,insufficient_balance,0.552,0,payment_link,payment_link,True,[],[],Relaxed
txn_002615,cust_002370,4844.91,upi,1151,0,0,0.0,1,True,gateway_error,0.5499999999999999,0,retry,retry,True,[],[],Relaxed
txn_002621,cust_000298,1159.23,card,1418,25,21,0.84,4,False,network_error,0.248,1,retry,reminder,True,[],"[{'action': 'retry', 'reasons': ['maximum_retry_attempts_exceeded']}]",Relaxed
txn_008715,cust_000225,1016.03,upi,1242,13,11,0.8462,3,False,gateway_error,0.6092399999999999,0,retry,retry,True,[],[],Relaxed
txn_007283,cust_001737,256.49,wallet,557,12,11,0.9167,2,False,network_error,0.75334,0,retry,retry,True,[],[],Relaxed
txn_003380,cust_000450,966.87,netbanking,736,13,8,0.6154,1,False,bank_decline,0.6030800000000001,1,retry,retry,True,[],[],Relaxed
txn_007302,cust_001327,566.88,netbanking,801,2,2,1.0,1,False,network_error,0.85,0,retry,retry,True,[],[],Relaxed
txn_009858,cust_002797,309.97,card,1071,22,14,0.6364,4,False,gateway_error,0.23728,0,retry,payment_link,True,[],"[{'action': 'retry', 'reasons': ['maximum_retry_attempts_exceeded']}]",Relaxed
txn_005606,cust_002375,343.15,wallet,1214,18,15,0.8333,1,False,authentication_failed,0.66666,1,payment_link,payment_link,True,[],[],Relaxed
txn_009814,cust_001103,409.72,card,1351,15,12,0.8,3,False,network_error,0.65,0,retry,retry,True,[],[],Relaxed
txn_005787,cust_001941,1970.04,card,1037,12,9,0.75,4,False,authentication_failed,0.36,0,reminder,reminder,True,[],[],Relaxed
txn_008519,cust_002970,1596.87,netbanking,500,4,4,1.0,2,False,gateway_error,0.7200000000000001,0,retry,retry,True,[],[],Relaxed
txn_006851,cust_000258,920.58,netbanking,1371,29,26,0.8966,3,False,bank_decline,0.4993199999999999,1,retry,retry,True,[],[],Relaxed
txn_001517,cust_001550,3850.59,upi,14,17,13,0.7647,1,False,gateway_error,0.7529399999999999,0,retry,retry,True,[],[],Relaxed
txn_005099,cust_000236,390.46,upi,805,2,2,1.0,2,False,expired_card,0.77,1,payment_link,payment_link,True,[],[],Relaxed
txn_007637,cust_001622,949.5,upi,637,16,12,0.75,4,False,network_error,0.26,1,retry,payment_link,True,[],"[{'action': 'retry', 'reasons': ['maximum_retry_attempts_exceeded']}]",Relaxed
txn_009086,cust_000237,1439.74,wallet,609,5,4,0.8,1,False,authentication_failed,0.61,1,reminder,reminder,True,[],[],Relaxed
txn_008024,cust_000556,787.65,wallet,1099,5,5,1.0,2,False,gateway_error,0.7200000000000001,1,retry,retry,True,[],[],Relaxed
txn_002393,cust_002278,600.96,card,853,12,8,0.6667,1,False,bank_decline,0.61334,1,retry,retry,True,[],[],Relaxed
txn_000587,cust_003123,1565.49,card,237,13,9,0.6923,3,False,gateway_error,0.5784599999999999,1,retry,retry,True,[],[],Relaxed
txn_003520,cust_002430,1007.46,wallet,277,5,4,0.8,3,False,network_error,0.65,1,retry,retry,True,[],[],Relaxed
txn_007654,cust_000818,3789.1,wallet,522,7,5,0.7143,2,False,network_error,0.71286,1,retry,retry,True,[],[],Relaxed
txn_008947,cust_001442,3700.59,card,993,12,10,0.8333,1,False,insufficient_balance,0.64666,1,reminder,reminder,True,[],[],Relaxed
txn_000851,cust_000954,402.83,netbanking,264,14,12,0.8571,1,False,network_error,0.82142,1,retry,retry,True,[],[],Relaxed
txn_000336,cust_002794,7117.25,upi,12,23,13,0.5652,3,False,bank_decline,0.43304,0,retry,retry,True,[],[],Relaxed
txn_006635,cust_002312,1235.47,card,1339,20,16,0.8,2,False,bank_decline,0.56,0,retry,retry,True,[],[],Relaxed
txn_008973,cust_003321,699.18,wallet,701,21,14,0.6667,3,False,authentication_failed,0.47334,1,payment_link,payment_link,True,[],[],Relaxed
txn_007494,cust_002876,1397.22,netbanking,16,4,3,0.75,2,False,insufficient_balance,0.55,0,reminder,reminder,True,[],[],Relaxed
txn_002869,cust_000962,597.62,wallet,1181,16,8,0.5,3,False,gateway_error,0.5399999999999999,0,retry,retry,True,[],[],Relaxed
txn_004873,cust_002933,1513.0,netbanking,212,26,21,0.8077,3,False,bank_decline,0.48153999999999997,1,retry,retry,True,[],[],Relaxed
txn_003551,cust_002761,438.89,card,971,4,2,0.5,2,False,network_error,0.67,1,retry,retry,True,[],[],Relaxed
txn_003843,cust_001243,2700.53,card,398,18,15,0.8333,3,False,bank_decline,0.48666,0,retry,retry,True,[],[],Relaxed
txn_007263,cust_001200,493.87,card,961,25,19,0.76,1,False,insufficient_balance,0.552,1,payment_link,payment_link,True,[],[],Relaxed
txn_005825,cust_002533,368.69,netbanking,24,19,11,0.5789,1,False,bank_decline,0.59578,1,retry,retry,True,[],[],Relaxed
txn_000024,cust_001847,2572.89,card,15,26,22,0.8462,2,False,bank_decline,0.5692400000000001,0,retry,retry,True,[],[],Relaxed
txn_001454,cust_000688,2188.2,upi,549,25,19,0.76,3,False,authentication_failed,0.44199999999999995,1,reminder,reminder,True,[],[],Relaxed
txn_001685,cust_002063,1116.94,card,790,25,18,0.72,3,False,insufficient_balance,0.46399999999999986,1,reminder,reminder,True,[],[],Relaxed
txn_002311,cust_002378,864.24,upi,1084,9,6,0.6667,4,False,gateway_error,0.24333999999999995,0,retry,payment_link,True,[],"[{'action': 'retry', 'reasons': ['maximum_retry_attempts_exceeded']}]",Relaxed
txn_009064,cust_000784,1013.8,netbanking,1289,6,5,0.8333,2,False,network_error,0.73666,1,retry,retry,True,[],[],Relaxed
txn_009407,cust_003183,1088.27,upi,1034,14,10,0.7143,1,False,insufficient_balance,0.54286,1,payment_link,payment_link,True,[],[],Relaxed
txn_000382,cust_001684,2716.31,card,241,11,6,0.5455,2,False,bank_decline,0.5091,0,retry,retry,True,[],[],Relaxed
txn_005815,cust_001152,917.09,upi,693,17,12,0.7059,4,False,bank_decline,0.28118,0,retry,payment_link,True,[],"[{'action': 'retry', 'reasons': ['maximum_retry_attempts_exceeded']}]",Relaxed
txn_005551,cust_000314,857.16,netbanking,1294,14,8,0.5714,3,False,insufficient_balance,0.35427999999999993,0,payment_link,payment_link,True,[],[],Relaxed
txn_009309,cust_002108,550.99,netbanking,294,20,8,0.4,4,False,expired_card,0.49,0,payment_link,payment_link,True,[],[],Relaxed
txn_001619,cust_000776,366.06,upi,1425,19,12,0.6316,2,False,gateway_error,0.6463200000000001,1,retry,retry,True,[],[],Relaxed
txn_000790,cust_001842,892.15,netbanking,160,12,9,0.75,4,False,bank_decline,0.29000000000000004,1,retry,payment_link,True,[],"[{'action': 'retry', 'reasons': ['maximum_retry_attempts_exceeded']}]",Relaxed
txn_005984,cust_003191,2083.0,card,248,19,12,0.6316,3,False,bank_decline,0.44631999999999994,0,retry,retry,True,[],[],Relaxed
txn_008673,cust_002703,1352.22,wallet,270,14,10,0.7143,2,False,gateway_error,0.6628600000000001,1,retry,retry,True,[],[],Relaxed
txn_004476,cust_002708,707.27,netbanking,512,3,2,0.6667,1,False,network_error,0.7833399999999999,1,retry,retry,True,[],[],Relaxed
txn_005607,cust_002441,2334.17,netbanking,341,13,8,0.6154,1,False,gateway_error,0.72308,0,retry,retry,True,[],[],Relaxed
txn_009313,cust_000587,1111.31,upi,1183,12,9,0.75,2,False,expired_card,0.7200000000000001,1,payment_link,payment_link,True,[],[],Relaxed
txn_005649,cust_000010,3717.32,netbanking,1481,14,12,0.8571,3,False,gateway_error,0.61142,1,retry,retry,True,[],[],Relaxed
txn_006217,cust_002271,148.15,upi,145,19,16,0.8421,4,False,insufficient_balance,0.40842,1,reminder,reminder,True,[],[],Relaxed
txn_002287,cust_002990,4336.02,upi,1148,24,21,0.875,4,False,network_error,0.28500000000000003,0,retry,payment_link,True,[],"[{'action': 'retry', 'reasons': ['maximum_retry_attempts_exceeded']}]",Relaxed
txn_009994,cust_000384,1371.45,upi,336,24,19,0.7917,1,False,expired_card,0.80834,1,payment_link,payment_link,True,[],[],Relaxed
txn_007579,cust_001826,1410.03,upi,809,26,19,0.7308,2,False,insufficient_balance,0.5461600000000001,0,reminder,reminder,True,[],[],Relaxed
txn_001184,cust_001506,399.71,wallet,573,29,21,0.7241,3,False,gateway_error,0.58482,1,retry,retry,True,[],[],Relaxed
txn_006002,cust_001613,1777.93,netbanking,840,4,3,0.75,1,False,network_error,0.8,1,retry,retry,True,[],[],Relaxed
txn_005091,cust_000933,238.83,upi,1487,28,22,0.7857,1,False,authentication_failed,0.6571400000000001,0,payment_link,payment_link,True,[],[],Relaxed
txn_002517,cust_001446,780.23,card,301,28,23,0.8214,3,False,network_error,0.65428,0,retry,retry,True,[],[],Relaxed
txn_004123,cust_000971,1069.67,upi,1332,21,12,0.5714,4,False,bank_decline,0.25428,0,retry,payment_link,True,[],"[{'action': 'retry', 'reasons': ['maximum_retry_attempts_exceeded']}]",Relaxed
txn_005522,cust_002511,1053.92,upi,684,18,15,0.8333,1,False,gateway_error,0.76666,1,retry,retry,True,[],[],Relaxed
txn_005628,cust_000784,1468.71,netbanking,47,27,15,0.5556,4,False,authentication_failed,0.37112,0,payment_link,payment_link,True,[],[],Relaxed
txn_008361,cust_000803,392.77,wallet,844,13,11,0.8462,4,False,insufficient_balance,0.40924000000000005,0,reminder,reminder,True,[],[],Relaxed
txn_005873,cust_000695,451.87,wallet,1080,2,2,1.0,1,False,insufficient_balance,0.6799999999999999,1,reminder,reminder,True,[],[],Relaxed
txn_008613,cust_000603,620.73,card,1119,19,12,0.6316,3,False,bank_decline,0.44631999999999994,1,retry,retry,True,[],[],Relaxed
txn_007728,cust_000694,3034.71,wallet,765,7,4,0.5714,2,False,insufficient_balance,0.51428,0,reminder,reminder,True,[],[],Relaxed
txn_005969,cust_000235,1962.27,wallet,271,0,0,0.0,2,True,bank_decline,0.21999999999999997,0,reminder,reminder,True,[],[],Relaxed
txn_001181,cust_002020,661.22,wallet,634,5,3,0.6,4,False,gateway_error,0.22999999999999998,0,retry,payment_link,True,[],"[{'action': 'retry', 'reasons': ['maximum_retry_attempts_exceeded']}]",Relaxed
txn_008763,cust_002058,4897.95,wallet,1496,22,13,0.5909,4,False,bank_decline,0.25818,1,retry,payment_link,True,[],"[{'action': 'retry', 'reasons': ['maximum_retry_attempts_exceeded']}]",Relaxed
txn_008236,cust_000073,1097.91,wallet,397,6,4,0.6667,2,False,authentication_failed,0.55334,0,payment_link,payment_link,True,[],[],Relaxed
txn_002819,cust_003320,471.88,netbanking,570,24,18,0.75,4,False,network_error,0.26,0,retry,payment_link,True,[],"[{'action': 'retry', 'reasons': ['maximum_retry_attempts_exceeded']}]",Relaxed
txn_009965,cust_002266,279.6,upi,877,14,9,0.6429,3,False,authentication_failed,0.4685799999999999,0,payment_link,payment_link,True,[],[],Relaxed
txn_008704,cust_000123,4266.47,wallet,310,22,14,0.6364,4,False,expired_card,0.53728,1,payment_link,payment_link,True,[],[],Relaxed
txn_006609,cust_003110,365.78,card,685,8,6,0.75,4,False,expired_card,0.56,0,payment_link,payment_link,True,[],[],Relaxed
txn_002821,cust_002142,787.14,upi,402,17,11,0.6471,2,False,bank_decline,0.5294200000000001,1,retry,retry,True,[],[],Relaxed
txn_007536,cust_002575,241.57,netbanking,1403,25,21,0.84,2,False,bank_decline,0.568,1,retry,retry,True,[],[],Relaxed
txn_002261,cust_002724,261.33,wallet,123,1,0,0.0,1,False,insufficient_balance,0.48,0,reminder,reminder,True,[],[],Relaxed
txn_002240,cust_001048,764.89,netbanking,956,2,1,0.5,4,False,insufficient_balance,0.3400000000000001,0,reminder,reminder,True,[],[],Relaxed
txn_006022,cust_003117,1354.54,netbanking,27,24,18,0.75,1,False,expired_card,0.8,1,payment_link,payment_link,True,[],[],Relaxed
txn_000783,cust_001381,2693.19,upi,732,14,11,0.7857,1,False,authentication_failed,0.6571400000000001,1,payment_link,payment_link,True,[],[],Relaxed
txn_000933,cust_003121,548.78,card,818,1,1,1.0,4,False,bank_decline,0.33999999999999997,0,retry,payment_link,True,[],"[{'action': 'retry', 'reasons': ['maximum_retry_attempts_exceeded']}]",Relaxed
txn_006203,cust_001336,3236.97,netbanking,1031,25,12,0.48,2,False,bank_decline,0.49600000000000005,0,retry,retry,True,[],[],Relaxed
txn_002413,cust_002734,1532.64,upi,907,16,12,0.75,1,False,expired_card,0.8,1,payment_link,payment_link,True,[],[],Relaxed
txn_006998,cust_003303,596.05,netbanking,206,16,13,0.8125,3,False,bank_decline,0.48250000000000004,0,retry,retry,True,[],[],Relaxed
txn_009116,cust_002953,1893.75,netbanking,917,16,10,0.625,2,False,expired_card,0.695,0,payment_link,payment_link,True,[],[],Relaxed
txn_001157,cust_000103,518.22,wallet,799,19,11,0.5789,3,False,gateway_error,0.5557799999999999,0,retry,retry,True,[],[],Relaxed
txn_008108,cust_000651,306.95,upi,680,20,14,0.7,1,False,network_error,0.7899999999999999,1,retry,retry,True,[],[],Relaxed
txn_005806,cust_000731,409.18,card,1111,24,15,0.625,4,False,authentication_failed,0.385,0,payment_link,payment_link,True,[],[],Relaxed
txn_004880,cust_002436,330.0,wallet,66,1,0,0.0,2,False,bank_decline,0.26999999999999996,1,reminder,reminder,True,[],[],Relaxed
txn_003310,cust_000259,2062.34,netbanking,277,20,17,0.85,4,False,expired_card,0.58,0,payment_link,payment_link,True,[],[],Relaxed
txn_008962,cust_001028,734.1,wallet,79,4,3,0.75,1,False,network_error,0.8,0,retry,retry,True,[],[],Relaxed
txn_001703,cust_000123,930.0,upi,684,4,2,0.5,3,False,gateway_error,0.5399999999999999,0,retry,retry,True,[],[],Relaxed
txn_002493,cust_002593,550.47,upi,909,22,18,0.8182,4,False,gateway_error,0.24364000000000002,1,retry,reminder,True,[],"[{'action': 'retry', 'reasons': ['maximum_retry_attempts_exceeded']}]",Relaxed
txn_003707,cust_000478,377.82,card,542,26,20,0.7692,2,False,authentication_failed,0.57384,1,payment_link,payment_link,True,[],[],Relaxed
txn_008277,cust_001188,1941.38,card,11,9,6,0.6667,2,False,expired_card,0.70334,0,payment_link,payment_link,True,[],[],Relaxed
txn_000287,cust_002406,1256.57,netbanking,874,22,11,0.5,4,False,network_error,0.21000000000000002,1,retry,payment_link,True,[],"[{'action': 'retry', 'reasons': ['maximum_retry_attempts_exceeded']}]",Relaxed
txn_001609,cust_000621,742.5,upi,639,27,26,0.963,3,False,authentication_failed,0.5326,0,payment_link,payment_link,True,[],[],Relaxed
txn_006632,cust_001719,955.79,netbanking,774,29,16,0.5517,4,False,gateway_error,0.22033999999999998,0,retry,payment_link,True,[],"[{'action': 'retry', 'reasons': ['maximum_retry_attempts_exceeded']}]",Relaxed
txn_008279,cust_000785,877.66,netbanking,1332,19,15,0.7895,3,False,gateway_error,0.5979,0,retry,retry,True,[],[],Relaxed
txn_007316,cust_000899,1060.71,card,765,6,5,0.8333,1,False,gateway_error,0.76666,0,retry,retry,True,[],[],Relaxed
txn_002253,cust_000880,3528.58,upi,839,5,3,0.6,4,False,gateway_error,0.22999999999999998,0,retry,payment_link,True,[],"[{'action': 'retry', 'reasons': ['maximum_retry_attempts_exceeded']}]",Relaxed
txn_007416,cust_001672,1470.43,upi,637,16,12,0.75,2,False,expired_card,0.7200000000000001,1,payment_link,payment_link,True,[],[],Relaxed
txn_008366,cust_002354,1200.03,netbanking,1149,5,4,0.8,3,False,authentication_failed,0.5,0,payment_link,payment_link,True,[],[],Relaxed
txn_001892,cust_001530,977.08,upi,1028,12,9,0.75,3,False,bank_decline,0.47,0,retry,retry,True,[],[],Relaxed
txn_005063,cust_002497,3055.18,upi,375,27,20,0.7407,1,False,insufficient_balance,0.6281399999999999,1,reminder,reminder,True,[],[],Relaxed
txn_006121,cust_001530,2742.82,upi,1189,28,20,0.7143,2,False,expired_card,0.71286,1,payment_link,payment_link,True,[],[],Relaxed
txn_000564,cust_002932,2054.86,upi,753,4,3,0.75,3,False,bank_decline,0.47,0,retry,retry,True,[],[],Relaxed
txn_000292,cust_001055,448.25,wallet,266,0,0,0.0,4,True,bank_decline,0.059999999999999984,0,reminder,reminder,True,[],[],Relaxed
txn_004717,cust_002289,907.33,netbanking,401,23,18,0.7826,1,False,authentication_failed,0.60652,1,reminder,reminder,True,[],[],Relaxed
txn_007709,cust_002211,2465.74,netbanking,1075,5,4,0.8,2,False,expired_card,0.7300000000000001,1,payment_link,payment_link,True,[],[],Relaxed
txn_006350,cust_001849,681.53,netbanking,321,7,4,0.5714,4,False,expired_card,0.52428,1,payment_link,payment_link,True,[],[],Relaxed
txn_000170,cust_000462,465.18,card,682,23,15,0.6522,1,False,expired_card,0.78044,1,payment_link,payment_link,True,[],[],Relaxed
txn_000268,cust_002598,1264.89,netbanking,447,6,5,0.8333,2,False,bank_decline,0.56666,1,retry,retry,True,[],[],Relaxed
txn_004639,cust_000552,1343.32,card,153,6,3,0.5,2,False,bank_decline,0.5000000000000001,0,retry,retry,True,[],[],Relaxed
txn_007078,cust_001991,1436.32,upi,371,10,5,0.5,4,False,gateway_error,0.21000000000000002,0,retry,payment_link,True,[],"[{'action': 'retry', 'reasons': ['maximum_retry_attempts_exceeded']}]",Relaxed
txn_003356,cust_002702,907.55,wallet,1239,14,11,0.7857,3,False,insufficient_balance,0.47714,0,reminder,reminder,True,[],[],Relaxed
txn_008280,cust_001191,2137.31,wallet,530,21,16,0.7619,1,False,bank_decline,0.6323799999999999,1,retry,retry,True,[],[],Relaxed
txn_000316,cust_001121,643.74,card,1439,16,14,0.875,4,False,gateway_error,0.28500000000000003,1,retry,payment_link,True,[],"[{'action': 'retry', 'reasons': ['maximum_retry_attempts_exceeded']}]",Relaxed
txn_006729,cust_003014,1137.47,upi,854,8,7,0.875,4,False,bank_decline,0.31499999999999995,0,retry,payment_link,True,[],"[{'action': 'retry', 'reasons': ['maximum_retry_attempts_exceeded']}]",Relaxed
txn_009496,cust_000699,714.18,upi,1437,19,15,0.7895,4,False,authentication_failed,0.41789999999999994,0,payment_link,payment_link,True,[],[],Relaxed
txn_004068,cust_001936,563.73,upi,1003,9,7,0.7778,1,False,insufficient_balance,0.63556,1,reminder,reminder,True,[],[],Relaxed
txn_000246,cust_000585,364.77,upi,5,20,17,0.85,3,False,expired_card,0.6599999999999999,1,payment_link,payment_link,True,[],[],Relaxed
txn_000253,cust_001345,466.81,card,1132,29,22,0.7586,1,False,bank_decline,0.6317200000000001,1,retry,retry,True,[],[],Relaxed
txn_001112,cust_002303,415.54,netbanking,813,24,21,0.875,4,False,authentication_failed,0.43500000000000005,0,payment_link,payment_link,True,[],[],Relaxed
txn_004802,cust_001895,2104.5,upi,270,29,24,0.8276,3,False,bank_decline,0.48551999999999995,1,retry,retry,True,[],[],Relaxed
txn_001714,cust_001734,2522.81,upi,93,10,8,0.8,3,False,bank_decline,0.48,1,retry,retry,True,[],[],Relaxed
txn_000051,cust_000118,1558.06,card,1206,16,11,0.6875,3,False,insufficient_balance,0.4574999999999999,1,reminder,reminder,True,[],[],Relaxed
txn_001836,cust_000338,1170.39,upi,1341,11,6,0.5455,3,False,insufficient_balance,0.4290999999999999,0,reminder,reminder,True,[],[],Relaxed
txn_007897,cust_002138,293.33,upi,787,17,13,0.7647,2,False,insufficient_balance,0.5529400000000001,0,reminder,reminder,True,[],[],Relaxed
txn_003384,cust_001852,1827.72,wallet,1389,4,4,1.0,3,False,authentication_failed,0.49,0,reminder,reminder,True,[],[],Relaxed
txn_006411,cust_001321,6721.84,wallet,1172,0,0,0.0,2,True,authentication_failed,0.37,0,payment_link,payment_link,True,[],[],Relaxed
txn_004314,cust_003002,207.87,card,718,7,6,0.8571,2,False,insufficient_balance,0.57142,1,reminder,reminder,True,[],[],Relaxed
txn_000873,cust_000151,964.59,wallet,1120,22,20,0.9091,2,False,network_error,0.75182,1,retry,retry,True,[],[],Relaxed
txn_001255,cust_003076,1771.07,upi,389,10,8,0.8,2,False,authentication_failed,0.5800000000000001,1,payment_link,payment_link,True,[],[],Relaxed
txn_008882,cust_002209,674.91,upi,254,6,5,0.8333,3,False,authentication_failed,0.50666,0,payment_link,payment_link,True,[],[],Relaxed
txn_005852,cust_001228,325.5,netbanking,1100,25,19,0.76,2,False,network_error,0.7220000000000001,0,retry,retry,True,[],[],Relaxed
txn_005703,cust_002094,697.92,upi,1052,18,11,0.6111,3,False,expired_card,0.6122199999999999,0,payment_link,payment_link,True,[],[],Relaxed
txn_008104,cust_000926,100.0,upi,731,21,17,0.8095,4,False,network_error,0.2419,0,retry,reminder,True,[],"[{'action': 'retry', 'reasons': ['maximum_retry_attempts_exceeded']}]",Relaxed
txn_002099,cust_002000,2578.48,card,80,29,24,0.8276,2,False,bank_decline,0.56552,0,retry,retry,True,[],[],Relaxed
txn_005129,cust_000243,3386.84,wallet,1142,21,13,0.619,3,False,bank_decline,0.4438,0,retry,retry,True,[],[],Relaxed
txn_000249,cust_002943,1085.34,netbanking,1252,25,24,0.96,1,False,network_error,0.842,1,retry,retry,True,[],[],Relaxed
txn_006562,cust_002734,1522.43,card,405,11,6,0.5455,3,False,network_error,0.5991,1,retry,retry,True,[],[],Relaxed
txn_001340,cust_000118,3046.68,netbanking,288,0,0,0.0,3,True,expired_card,0.4399999999999999,1,payment_link,payment_link,True,[],[],Relaxed
txn_007018,cust_000130,2658.97,upi,12,9,6,0.6667,4,False,gateway_error,0.24333999999999995,0,retry,payment_link,True,[],"[{'action': 'retry', 'reasons': ['maximum_retry_attempts_exceeded']}]",Relaxed
txn_002111,cust_000524,508.28,wallet,97,3,3,1.0,1,False,bank_decline,0.6799999999999999,1,retry,retry,True,[],[],Relaxed
txn_001570,cust_002910,484.06,card,712,8,6,0.75,3,False,authentication_failed,0.49,0,payment_link,payment_link,True,[],[],Relaxed
txn_001727,cust_000848,1973.32,wallet,991,9,6,0.6667,3,False,authentication_failed,0.42333999999999994,0,reminder,reminder,True,[],[],Relaxed
txn_008385,cust_000290,392.32,card,365,5,4,0.8,1,False,network_error,0.81,1,retry,retry,True,[],[],Relaxed
txn_006941,cust_001864,2404.95,netbanking,330,4,3,0.75,2,False,bank_decline,0.55,1,retry,retry,True,[],[],Relaxed
txn_004396,cust_002648,928.36,wallet,625,10,9,0.9,2,False,bank_decline,0.58,1,retry,retry,True,[],[],Relaxed
txn_002421,cust_003261,196.23,upi,1365,9,7,0.7778,4,False,gateway_error,0.23556000000000005,1,retry,reminder,True,[],"[{'action': 'retry', 'reasons': ['maximum_retry_attempts_exceeded']}]",Relaxed
txn_003046,cust_002463,1838.85,upi,1320,22,20,0.9091,4,False,bank_decline,0.32182,0,retry,payment_link,True,[],"[{'action': 'retry', 'reasons': ['maximum_retry_attempts_exceeded']}]",Relaxed
txn_005504,cust_001260,613.4,upi,53,19,13,0.6842,2,False,bank_decline,0.5368400000000001,0,retry,retry,True,[],[],Relaxed
txn_003704,cust_002782,1794.25,card,1373,9,8,0.8889,2,False,insufficient_balance,0.5777800000000001,0,reminder,reminder,True,[],[],Relaxed
txn_008192,cust_001889,1554.85,wallet,411,18,13,0.7222,4,False,insufficient_balance,0.3844399999999999,1,reminder,reminder,True,[],[],Relaxed
txn_005332,cust_000961,28863.65,upi,550,21,19,0.9048,4,False,expired_card,0.5909599999999999,1,payment_link,payment_link,True,[],[],Relaxed
txn_009809,cust_002340,2860.18,upi,796,0,0,0.0,1,True,expired_card,0.5999999999999999,1,payment_link,payment_link,True,[],[],Relaxed
txn_000448,cust_003076,958.82,upi,449,29,25,0.8621,2,False,network_error,0.74242,0,retry,retry,True,[],[],Relaxed
txn_007895,cust_002336,374.01,card,1047,19,15,0.7895,4,False,bank_decline,0.29789999999999994,0,retry,payment_link,True,[],"[{'action': 'retry', 'reasons': ['maximum_retry_attempts_exceeded']}]",Relaxed
txn_008729,cust_001210,2492.26,card,931,28,21,0.75,3,False,insufficient_balance,0.47,1,reminder,reminder,True,[],[],Relaxed
txn_007829,cust_002163,1063.73,card,853,20,15,0.75,2,False,bank_decline,0.55,0,retry,retry,True,[],[],Relaxed
txn_001769,cust_000643,1185.23,netbanking,435,20,14,0.7,4,False,network_error,0.24999999999999994,1,retry,payment_link,True,[],"[{'action': 'retry', 'reasons': ['maximum_retry_attempts_exceeded']}]",Relaxed
txn_006809,cust_001378,886.73,wallet,868,12,11,0.9167,1,False,insufficient_balance,0.66334,0,reminder,reminder,True,[],[],Relaxed
txn_004705,cust_002991,760.47,upi,545,2,2,1.0,3,False,authentication_failed,0.49,1,reminder,reminder,True,[],[],Relaxed
txn_003870,cust_001993,2375.67,netbanking,1239,0,0,0.0,2,True,expired_card,0.5199999999999999,1,payment_link,payment_link,True,[],[],Relaxed
txn_001656,cust_001205,4371.11,netbanking,804,7,5,0.7143,2,False,insufficient_balance,0.54286,0,reminder,reminder,True,[],[],Relaxed
txn_003188,cust_001269,8721.6,wallet,1377,28,22,0.7857,2,False,authentication_failed,0.5771400000000001,1,payment_link,payment_link,True,[],[],Relaxed
txn_000684,cust_000788,4767.21,upi,9,17,11,0.6471,2,False,insufficient_balance,0.44942,1,payment_link,payment_link,True,[],[],Relaxed
txn_004171,cust_001295,805.1,upi,924,24,18,0.75,4,False,network_error,0.26,0,retry,payment_link,True,[],"[{'action': 'retry', 'reasons': ['maximum_retry_attempts_exceeded']}]",Relaxed
txn_004478,cust_002967,10653.92,netbanking,456,2,2,1.0,4,False,insufficient_balance,0.43999999999999995,1,reminder,reminder,True,[],[],Relaxed
txn_000462,cust_000327,854.65,upi,200,6,2,0.3333,4,False,gateway_error,0.17665999999999998,0,retry,payment_link,True,[],"[{'action': 'retry', 'reasons': ['maximum_retry_attempts_exceeded']}]",Relaxed
txn_005765,cust_000450,9416.32,netbanking,1312,3,3,1.0,4,False,insufficient_balance,0.43999999999999995,0,reminder,reminder,True,[],[],Relaxed
txn_007523,cust_002231,4527.87,netbanking,764,21,17,0.8095,1,False,expired_card,0.8119,0,payment_link,payment_link,True,[],[],Relaxed
txn_004503,cust_000224,687.52,wallet,10,13,9,0.6923,2,False,insufficient_balance,0.4584599999999999,1,payment_link,payment_link,True,[],[],Relaxed
txn_009710,cust_001372,1725.39,netbanking,1152,12,8,0.6667,4,False,authentication_failed,0.34334,0,reminder,reminder,True,[],[],Relaxed
txn_000319,cust_001379,582.9,wallet,388,26,17,0.6538,3,False,network_error,0.62076,1,retry,retry,True,[],[],Relaxed
txn_001146,cust_001448,1011.34,netbanking,1319,0,0,0.0,2,True,bank_decline,0.21999999999999997,0,reminder,reminder,True,[],[],Relaxed
txn_005095,cust_001490,3414.71,upi,539,10,7,0.7,4,False,gateway_error,0.24999999999999994,1,retry,payment_link,True,[],"[{'action': 'retry', 'reasons': ['maximum_retry_attempts_exceeded']}]",Relaxed
txn_001394,cust_001026,998.17,card,1061,10,7,0.7,1,False,bank_decline,0.6199999999999999,0,retry,retry,True,[],[],Relaxed
txn_006624,cust_000037,1500.17,card,773,8,3,0.375,4,False,bank_decline,0.21500000000000002,0,retry,payment_link,True,[],"[{'action': 'retry', 'reasons': ['maximum_retry_attempts_exceeded']}]",Relaxed
txn_001502,cust_001280,114.02,card,414,19,14,0.7368,2,False,network_error,0.71736,0,retry,retry,True,[],[],Relaxed
txn_006409,cust_002607,299.41,netbanking,520,10,7,0.7,4,False,gateway_error,0.24999999999999994,0,retry,payment_link,True,[],"[{'action': 'retry', 'reasons': ['maximum_retry_attempts_exceeded']}]",Relaxed
txn_000377,cust_001151,539.17,wallet,857,1,1,1.0,1,False,authentication_failed,0.65,1,reminder,reminder,True,[],[],Relaxed
txn_000411,cust_001890,495.58,upi,1342,18,13,0.7222,1,False,network_error,0.7944399999999999,1,retry,retry,True,[],[],Relaxed
txn_001661,cust_001488,1391.91,netbanking,374,15,10,0.6667,2,False,expired_card,0.70334,1,payment_link,payment_link,True,[],[],Relaxed
txn_003152,cust_001259,1061.59,upi,1351,25,17,0.68,1,False,bank_decline,0.616,1,retry,retry,True,[],[],Relaxed
txn_001624,cust_002175,834.16,upi,490,13,7,0.5385,4,False,bank_decline,0.2177,1,retry,reminder,True,[],"[{'action': 'retry', 'reasons': ['maximum_retry_attempts_exceeded']}]",Relaxed
txn_005610,cust_002224,745.95,wallet,492,11,7,0.6364,3,False,gateway_error,0.5672799999999999,1,retry,retry,True,[],[],Relaxed
txn_008533,cust_000842,2620.81,wallet,1173,6,5,0.8333,4,False,expired_card,0.57666,0,payment_link,payment_link,True,[],[],Relaxed
txn_005803,cust_002500,884.9,wallet,575,27,18,0.6667,4,False,authentication_failed,0.39334,0,payment_link,payment_link,True,[],[],Relaxed
txn_005307,cust_000203,725.25,wallet,1067,18,16,0.8889,3,False,insufficient_balance,0.49778,0,reminder,reminder,True,[],[],Relaxed
txn_007087,cust_000166,1675.63,card,210,19,13,0.6842,1,False,gateway_error,0.7368399999999999,1,retry,retry,True,[],[],Relaxed
txn_008898,cust_002825,919.42,upi,181,27,22,0.8148,2,False,gateway_error,0.68296,1,retry,retry,True,[],[],Relaxed
txn_007489,cust_000594,184.93,card,717,6,5,0.8333,3,False,expired_card,0.6566599999999999,1,payment_link,payment_link,True,[],[],Relaxed
txn_009616,cust_002384,677.72,card,550,23,15,0.6522,4,False,bank_decline,0.27044,1,retry,payment_link,True,[],"[{'action': 'retry', 'reasons': ['maximum_retry_attempts_exceeded']}]",Relaxed
txn_009218,cust_001091,496.94,wallet,980,23,13,0.5652,2,False,network_error,0.68304,1,retry,retry,True,[],[],Relaxed
txn_001673,cust_001296,266.46,wallet,1208,0,0,0.0,1,True,gateway_error,0.5499999999999999,1,retry,retry,True,[],[],Relaxed
txn_002359,cust_002333,2831.73,netbanking,164,24,21,0.875,1,False,gateway_error,0.7749999999999999,0,retry,retry,True,[],[],Relaxed
txn_008468,cust_001285,651.92,wallet,644,1,0,0.0,3,False,bank_decline,0.18999999999999997,0,reminder,reminder,True,[],[],Relaxed
txn_000275,cust_003177,569.18,wallet,391,12,10,0.8333,1,False,gateway_error,0.76666,1,retry,retry,True,[],[],Relaxed
txn_002474,cust_001549,805.99,card,313,23,17,0.7391,4,False,insufficient_balance,0.30782,0,payment_link,payment_link,True,[],[],Relaxed
txn_005490,cust_003168,699.77,upi,333,1,1,1.0,3,False,expired_card,0.69,1,payment_link,payment_link,True,[],[],Relaxed
txn_004772,cust_001070,1152.25,netbanking,989,29,21,0.7241,1,False,insufficient_balance,0.54482,1,payment_link,payment_link,True,[],[],Relaxed
txn_002108,cust_003107,422.04,netbanking,1406,18,13,0.7222,4,False,insufficient_balance,0.3844399999999999,1,reminder,reminder,True,[],[],Relaxed
txn_007501,cust_001728,699.38,netbanking,674,21,16,0.7619,1,False,network_error,0.80238,0,retry,retry,True,[],[],Relaxed
txn_004415,cust_000097,616.51,wallet,1415,26,22,0.8462,4,False,bank_decline,0.30923999999999996,0,retry,payment_link,True,[],"[{'action': 'retry', 'reasons': ['maximum_retry_attempts_exceeded']}]",Relaxed
txn_008139,cust_002432,1491.58,card,1456,26,22,0.8462,3,False,network_error,0.6592399999999999,0,retry,retry,True,[],[],Relaxed
txn_008661,cust_000019,1878.06,netbanking,25,27,16,0.5926,4,False,gateway_error,0.22852,0,retry,payment_link,True,[],"[{'action': 'retry', 'reasons': ['maximum_retry_attempts_exceeded']}]",Relaxed
txn_008240,cust_000714,1035.82,wallet,1137,27,24,0.8889,2,False,bank_decline,0.5777800000000001,1,retry,retry,True,[],[],Relaxed
txn_002418,cust_002673,952.54,netbanking,103,12,12,1.0,1,False,bank_decline,0.6799999999999999,0,retry,retry,True,[],[],Relaxed
txn_008772,cust_003263,793.47,wallet,500,26,22,0.8462,1,False,expired_card,0.81924,1,payment_link,payment_link,True,[],[],Relaxed
txn_002237,cust_003036,113.88,netbanking,709,1,1,1.0,4,False,gateway_error,0.31000000000000005,1,retry,payment_link,True,[],"[{'action': 'retry', 'reasons': ['maximum_retry_attempts_exceeded']}]",Relaxed
txn_003768,cust_003156,6662.65,upi,1173,24,15,0.625,3,False,insufficient_balance,0.44499999999999995,1,reminder,reminder,True,[],[],Relaxed
txn_009792,cust_001069,696.25,wallet,809,23,17,0.7391,2,False,insufficient_balance,0.5478200000000001,0,reminder,reminder,True,[],[],Relaxed
txn_009990,cust_002024,704.34,card,343,15,12,0.8,3,False,authentication_failed,0.5,0,payment_link,payment_link,True,[],[],Relaxed
txn_009966,cust_002409,632.71,upi,1263,20,16,0.8,4,False,expired_card,0.5700000000000001,0,payment_link,payment_link,True,[],[],Relaxed
txn_007324,cust_002368,1680.72,wallet,850,4,3,0.75,3,False,bank_decline,0.47,0,retry,retry,True,[],[],Relaxed
txn_001384,cust_001775,1218.41,card,1082,21,15,0.7143,4,False,network_error,0.25286000000000003,1,retry,payment_link,True,[],"[{'action': 'retry', 'reasons': ['maximum_retry_attempts_exceeded']}]",Relaxed
txn_003102,cust_002285,313.23,wallet,874,10,8,0.8,2,False,insufficient_balance,0.56,0,reminder,reminder,True,[],[],Relaxed
txn_003922,cust_001393,372.74,wallet,1488,15,11,0.7333,1,False,authentication_failed,0.59666,1,reminder,reminder,True,[],[],Relaxed
txn_006686,cust_002607,500.38,upi,708,20,17,0.85,2,False,network_error,0.74,1,retry,retry,True,[],[],Relaxed
txn_003195,cust_003263,715.65,card,712,17,11,0.6471,3,False,bank_decline,0.44942000000000004,1,retry,retry,True,[],[],Relaxed
txn_001942,cust_001568,1207.57,wallet,134,9,9,1.0,2,False,network_error,0.77,0,retry,retry,True,[],[],Relaxed
txn_007714,cust_000875,232.41,card,1232,0,0,0.0,2,True,gateway_error,0.19,0,reminder,reminder,True,[],[],Relaxed
txn_004897,cust_003244,1320.57,wallet,652,20,14,0.7,4,False,bank_decline,0.2799999999999999,1,retry,payment_link,True,[],"[{'action': 'retry', 'reasons': ['maximum_retry_attempts_exceeded']}]",Relaxed
txn_004783,cust_002756,592.01,upi,1065,18,12,0.6667,4,False,expired_card,0.5433399999999999,1,payment_link,payment_link,True,[],[],Relaxed
txn_001497,cust_001452,784.26,netbanking,1184,12,8,0.6667,3,False,insufficient_balance,0.45333999999999997,1,reminder,reminder,True,[],[],Relaxed
txn_001958,cust_001918,799.8,upi,1119,19,15,0.7895,4,False,gateway_error,0.2379,1,retry,reminder,True,[],"[{'action': 'retry', 'reasons': ['maximum_retry_attempts_exceeded']}]",Relaxed
txn_009172,cust_001737,927.6,netbanking,1399,3,2,0.6667,1,False,insufficient_balance,0.61334,0,reminder,reminder,True,[],[],Relaxed
txn_009746,cust_002772,1011.78,card,71,14,13,0.9286,3,False,gateway_error,0.6257199999999999,1,retry,retry,True,[],[],Relaxed
txn_007333,cust_002440,225.25,netbanking,677,29,25,0.8621,2,False,network_error,0.74242,0,retry,retry,True,[],[],Relaxed
txn_007950,cust_002845,1288.59,upi,1148,14,11,0.7857,4,False,authentication_failed,0.36714,1,reminder,reminder,True,[],[],Relaxed
txn_003018,cust_003286,1396.79,wallet,31,28,18,0.6429,4,False,expired_card,0.53858,0,payment_link,payment_link,True,[],[],Relaxed
txn_006747,cust_000163,224.91,netbanking,486,4,4,1.0,2,False,bank_decline,0.6,1,retry,retry,True,[],[],Relaxed
txn_000514,cust_002944,4086.49,card,281,10,8,0.8,3,False,insufficient_balance,0.48,0,reminder,reminder,True,[],[],Relaxed
txn_003935,cust_000017,489.49,netbanking,1199,20,13,0.65,4,False,insufficient_balance,0.37,0,reminder,reminder,True,[],[],Relaxed
txn_003026,cust_002740,2473.5,card,1416,19,13,0.6842,3,False,bank_decline,0.45684,0,retry,retry,True,[],[],Relaxed
txn_001200,cust_002311,387.27,netbanking,384,11,6,0.5455,2,False,gateway_error,0.6291000000000001,0,retry,retry,True,[],[],Relaxed
txn_005029,cust_001598,1347.48,card,324,19,14,0.7368,4,False,bank_decline,0.28735999999999995,0,retry,payment_link,True,[],"[{'action': 'retry', 'reasons': ['maximum_retry_attempts_exceeded']}]",Relaxed
txn_009785,cust_001786,287.48,netbanking,1467,5,5,1.0,4,False,insufficient_balance,0.43999999999999995,1,reminder,reminder,True,[],[],Relaxed
txn_000922,cust_002758,876.84,card,1359,15,11,0.7333,2,False,insufficient_balance,0.54666,0,reminder,reminder,True,[],[],Relaxed
txn_004650,cust_002015,2535.86,wallet,176,26,18,0.6923,3,False,network_error,0.6284599999999999,0,retry,retry,True,[],[],Relaxed
txn_005333,cust_002327,2008.57,wallet,389,19,14,0.7368,1,False,insufficient_balance,0.54736,1,payment_link,payment_link,True,[],[],Relaxed
txn_001077,cust_002544,464.17,wallet,82,2,2,1.0,1,False,bank_decline,0.6799999999999999,1,retry,retry,True,[],[],Relaxed
txn_006769,cust_001734,1156.94,card,818,23,17,0.7391,3,False,insufficient_balance,0.46782,0,reminder,reminder,True,[],[],Relaxed
txn_009411,cust_000590,1170.01,card,547,15,9,0.6,2,False,gateway_error,0.64,0,retry,retry,True,[],[],Relaxed
txn_001672,cust_002416,3143.46,card,161,21,18,0.8571,4,False,expired_card,0.58142,0,payment_link,payment_link,True,[],[],Relaxed
txn_000475,cust_003100,1981.69,card,171,7,4,0.5714,3,False,expired_card,0.6042799999999999,1,payment_link,payment_link,True,[],[],Relaxed
txn_009187,cust_002335,2209.89,card,1068,19,15,0.7895,1,False,expired_card,0.8079,1,payment_link,payment_link,True,[],[],Relaxed
txn_008840,cust_000161,1404.28,card,1265,10,7,0.7,4,False,bank_decline,0.24999999999999994,0,retry,reminder,True,[],"[{'action': 'retry', 'reasons': ['maximum_retry_attempts_exceeded']}]",Relaxed
txn_005759,cust_000734,2725.99,card,175,0,0,0.0,2,True,bank_decline,0.21999999999999997,0,reminder,reminder,True,[],[],Relaxed
txn_006298,cust_001136,539.35,wallet,404,7,5,0.7143,2,False,bank_decline,0.54286,1,retry,retry,True,[],[],Relaxed
txn_002479,cust_000231,495.27,card,112,24,21,0.875,2,False,bank_decline,0.5750000000000001,0,retry,retry,True,[],[],Relaxed
txn_005494,cust_002967,1159.17,card,723,10,6,0.6,1,False,bank_decline,0.6,1,retry,retry,True,[],[],Relaxed
txn_003915,cust_000418,3404.3,wallet,1186,28,24,0.8571,1,False,bank_decline,0.65142,1,retry,retry,True,[],[],Relaxed
txn_002139,cust_002016,8965.26,card,679,5,4,0.8,4,False,network_error,0.27,0,retry,payment_link,True,[],"[{'action': 'retry', 'reasons': ['maximum_retry_attempts_exceeded']}]",Relaxed
txn_005455,cust_001536,217.67,netbanking,291,20,15,0.75,3,False,insufficient_balance,0.47,0,reminder,reminder,True,[],[],Relaxed
txn_005380,cust_001499,1456.58,netbanking,1090,16,13,0.8125,3,False,authentication_failed,0.4525,0,reminder,reminder,True,[],[],Relaxed
txn_008986,cust_002627,2034.15,card,259,8,6,0.75,3,False,gateway_error,0.59,1,retry,retry,True,[],[],Relaxed
txn_004024,cust_001411,578.2,wallet,959,8,7,0.875,3,False,bank_decline,0.495,0,retry,retry,True,[],[],Relaxed
txn_003486,cust_000638,878.15,card,421,19,15,0.7895,3,False,bank_decline,0.4778999999999999,1,retry,retry,True,[],[],Relaxed
txn_002456,cust_000555,2176.03,wallet,1409,20,16,0.8,2,False,authentication_failed,0.5800000000000001,1,payment_link,payment_link,True,[],[],Relaxed
txn_002465,cust_003164,988.38,wallet,231,27,20,0.7407,3,False,bank_decline,0.4681399999999999,1,retry,retry,True,[],[],Relaxed
txn_008697,cust_002600,317.93,wallet,118,18,18,1.0,1,False,network_error,0.85,1,retry,retry,True,[],[],Relaxed
txn_001370,cust_000121,844.55,card,399,17,11,0.6471,3,False,expired_card,0.61942,1,payment_link,payment_link,True,[],[],Relaxed
txn_006689,cust_000941,1664.02,card,805,12,9,0.75,1,False,bank_decline,0.63,0,retry,retry,True,[],[],Relaxed
txn_007457,cust_000766,1183.73,netbanking,27,7,7,1.0,3,False,bank_decline,0.5199999999999999,0,retry,retry,True,[],[],Relaxed
txn_009975,cust_002857,114.8,card,516,6,4,0.6667,2,False,expired_card,0.70334,1,payment_link,payment_link,True,[],[],Relaxed
txn_001902,cust_000746,698.68,upi,282,17,15,0.8824,3,False,network_error,0.66648,1,retry,retry,True,[],[],Relaxed
txn_004872,cust_003199,597.92,wallet,908,0,0,0.0,4,True,bank_decline,0.09000000000000001,0,payment_link,payment_link,True,[],[],Relaxed
txn_004711,cust_003257,2592.46,wallet,758,16,11,0.6875,4,False,network_error,0.2475,1,retry,payment_link,True,[],"[{'action': 'retry', 'reasons': ['maximum_retry_attempts_exceeded']}]",Relaxed
txn_007887,cust_001987,175.68,netbanking,1165,27,19,0.7037,1,False,authentication_failed,0.6407400000000001,0,payment_link,payment_link,True,[],[],Relaxed
txn_001794,cust_003262,1932.41,netbanking,290,9,8,0.8889,4,False,insufficient_balance,0.41778000000000004,0,reminder,reminder,True,[],[],Relaxed
txn_002875,cust_000033,134.64,upi,588,5,3,0.6,2,False,bank_decline,0.52,1,retry,retry,True,[],[],Relaxed
txn_006218,cust_002971,3306.95,upi,277,23,16,0.6957,2,False,authentication_failed,0.5591400000000001,0,payment_link,payment_link,True,[],[],Relaxed
txn_005214,cust_002927,601.6,netbanking,59,29,26,0.8966,2,False,network_error,0.74932,1,retry,retry,True,[],[],Relaxed
txn_002246,cust_001009,1446.82,netbanking,643,25,21,0.84,3,False,network_error,0.6579999999999999,1,retry,retry,True,[],[],Relaxed
txn_001742,cust_001205,714.45,wallet,195,6,3,0.5,2,False,bank_decline,0.5000000000000001,1,retry,retry,True,[],[],Relaxed
txn_001021,cust_001254,644.54,netbanking,19,6,4,0.6667,4,False,authentication_failed,0.39334,1,payment_link,payment_link,True,[],[],Relaxed
txn_000706,cust_000252,601.74,card,1375,2,2,1.0,3,False,authentication_failed,0.49,0,reminder,reminder,True,[],[],Relaxed
txn_004295,cust_000014,480.91,wallet,661,13,7,0.5385,1,False,authentication_failed,0.5577,0,reminder,reminder,True,[],[],Relaxed
txn_005577,cust_002362,911.83,card,1262,13,11,0.8462,3,False,network_error,0.6592399999999999,1,retry,retry,True,[],[],Relaxed
txn_007167,cust_002465,1933.69,wallet,983,26,17,0.6538,2,False,authentication_failed,0.55076,1,payment_link,payment_link,True,[],[],Relaxed
txn_008178,cust_001075,1143.39,netbanking,1444,8,6,0.75,4,False,network_error,0.26,0,retry,payment_link,True,[],"[{'action': 'retry', 'reasons': ['maximum_retry_attempts_exceeded']}]",Relaxed
txn_000909,cust_000687,943.32,netbanking,1165,8,5,0.625,1,False,network_error,0.7749999999999999,0,retry,retry,True,[],[],Relaxed
txn_005194,cust_002227,949.61,netbanking,239,20,14,0.7,1,False,authentication_failed,0.59,0,reminder,reminder,True,[],[],Relaxed
txn_003078,cust_002893,551.18,wallet,553,6,6,1.0,3,False,authentication_failed,0.49,1,reminder,reminder,True,[],[],Relaxed
txn_009367,cust_002408,1310.12,wallet,554,27,17,0.6296,1,False,gateway_error,0.7259199999999999,1,retry,retry,True,[],[],Relaxed
txn_000595,cust_000027,1998.87,upi,123,0,0,0.0,2,True,bank_decline,0.21999999999999997,0,reminder,reminder,True,[],[],Relaxed
txn_005305,cust_001776,712.31,wallet,1344,10,9,0.9,1,False,authentication_failed,0.6799999999999999,0,payment_link,payment_link,True,[],[],Relaxed
txn_000441,cust_002783,693.48,wallet,622,20,16,0.8,3,False,bank_decline,0.48,1,retry,retry,True,[],[],Relaxed
txn_007607,cust_001346,1834.04,card,675,1,1,1.0,4,False,insufficient_balance,0.43999999999999995,0,reminder,reminder,True,[],[],Relaxed
txn_004093,cust_000414,1536.31,wallet,1184,25,20,0.8,1,False,bank_decline,0.64,1,retry,retry,True,[],[],Relaxed
txn_006135,cust_003214,1050.71,card,1421,22,16,0.7273,1,False,expired_card,0.79546,1,payment_link,payment_link,True,[],[],Relaxed
txn_000011,cust_000922,1752.81,card,839,23,21,0.913,2,False,network_error,0.7526,0,retry,retry,True,[],[],Relaxed
txn_003777,cust_001611,497.65,wallet,1117,22,18,0.8182,4,False,gateway_error,0.27364,0,retry,payment_link,True,[],"[{'action': 'retry', 'reasons': ['maximum_retry_attempts_exceeded']}]",Relaxed
txn_009000,cust_000834,2399.46,card,877,6,4,0.6667,2,False,network_error,0.70334,1,retry,retry,True,[],[],Relaxed
txn_003709,cust_001142,1641.72,card,1214,2,2,1.0,4,False,insufficient_balance,0.43999999999999995,0,reminder,reminder,True,[],[],Relaxed
txn_003781,cust_000635,411.6,card,1471,14,8,0.5714,2,False,expired_card,0.68428,0,payment_link,payment_link,True,[],[],Relaxed
txn_000094,cust_001844,1942.08,wallet,761,21,16,0.7619,3,False,authentication_failed,0.44238,1,reminder,reminder,True,[],[],Relaxed
txn_009240,cust_000510,653.62,card,1035,7,6,0.8571,3,False,insufficient_balance,0.49141999999999997,0,reminder,reminder,True,[],[],Relaxed
txn_003950,cust_002803,1789.64,card,839,26,18,0.6923,4,False,gateway_error,0.24845999999999996,0,retry,payment_link,True,[],"[{'action': 'retry', 'reasons': ['maximum_retry_attempts_exceeded']}]",Relaxed
txn_005786,cust_000704,335.05,upi,1055,13,8,0.6154,3,False,gateway_error,0.5630799999999999,0,retry,retry,True,[],[],Relaxed
txn_004871,cust_001001,656.34,upi,819,5,4,0.8,1,False,network_error,0.81,1,retry,retry,True,[],[],Relaxed
txn_004803,cust_002965,1532.9,wallet,1207,14,11,0.7857,3,False,bank_decline,0.47714,1,retry,retry,True,[],[],Relaxed
txn_004868,cust_003038,1985.38,upi,737,4,2,0.5,1,False,network_error,0.75,0,retry,retry,True,[],[],Relaxed
txn_000293,cust_000075,863.1,netbanking,98,0,0,0.0,1,True,authentication_failed,0.45,0,payment_link,payment_link,True,[],[],Relaxed
txn_007889,cust_003225,1225.33,wallet,1422,27,18,0.6667,4,False,gateway_error,0.24333999999999995,0,retry,payment_link,True,[],"[{'action': 'retry', 'reasons': ['maximum_retry_attempts_exceeded']}]",Relaxed
txn_007406,cust_001858,635.88,netbanking,1227,17,14,0.8235,4,False,bank_decline,0.27470000000000006,0,retry,reminder,True,[],"[{'action': 'retry', 'reasons': ['maximum_retry_attempts_exceeded']}]",Relaxed
txn_005596,cust_001027,441.08,card,635,27,20,0.7407,2,False,expired_card,0.71814,0,payment_link,payment_link,True,[],[],Relaxed
txn_002887,cust_001481,1709.43,wallet,1260,8,5,0.625,1,False,authentication_failed,0.575,0,reminder,reminder,True,[],[],Relaxed
txn_006455,cust_001001,6130.98,wallet,981,28,21,0.75,4,False,expired_card,0.56,0,payment_link,payment_link,True,[],[],Relaxed
txn_002543,cust_000681,214.87,wallet,69,15,11,0.7333,3,False,bank_decline,0.46665999999999996,0,retry,retry,True,[],[],Relaxed
txn_001766,cust_002628,1427.94,card,741,0,0,0.0,2,True,insufficient_balance,0.35,0,reminder,reminder,True,[],[],Relaxed
txn_006801,cust_001366,468.72,card,431,19,15,0.7895,1,False,authentication_failed,0.6578999999999999,1,payment_link,payment_link,True,[],[],Relaxed
txn_001878,cust_002807,1314.08,wallet,493,18,14,0.7778,4,False,insufficient_balance,0.39556,0,reminder,reminder,True,[],[],Relaxed
txn_001982,cust_001425,446.18,wallet,765,5,4,0.8,3,False,expired_card,0.65,1,payment_link,payment_link,True,[],[],Relaxed
txn_009730,cust_001019,1261.42,upi,85,21,17,0.8095,1,False,gateway_error,0.7619,1,retry,retry,True,[],[],Relaxed
txn_009609,cust_002017,1840.74,upi,822,14,9,0.6429,2,False,bank_decline,0.5285799999999999,0,retry,retry,True,[],[],Relaxed
txn_002686,cust_001875,900.28,card,620,1,1,1.0,1,False,authentication_failed,0.65,1,reminder,reminder,True,[],[],Relaxed
txn_008931,cust_002358,1826.89,netbanking,267,25,18,0.72,1,False,bank_decline,0.6239999999999999,1,retry,retry,True,[],[],Relaxed
txn_003459,cust_000186,1393.04,upi,60,1,1,1.0,1,False,insufficient_balance,0.6799999999999999,0,reminder,reminder,True,[],[],Relaxed
txn_004542,cust_000543,872.79,upi,211,8,6,0.75,3,False,bank_decline,0.47,0,retry,retry,True,[],[],Relaxed
txn_002179,cust_000141,858.66,upi,600,10,7,0.7,3,False,gateway_error,0.58,1,retry,retry,True,[],[],Relaxed
txn_004451,cust_001121,451.25,netbanking,38,23,22,0.9565,4,False,gateway_error,0.3013,1,retry,payment_link,True,[],"[{'action': 'retry', 'reasons': ['maximum_retry_attempts_exceeded']}]",Relaxed
txn_003860,cust_000690,1092.38,card,454,21,18,0.8571,3,False,expired_card,0.66142,1,payment_link,payment_link,True,[],[],Relaxed
txn_007624,cust_001128,2169.43,upi,523,29,24,0.8276,2,False,gateway_error,0.68552,0,retry,retry,True,[],[],Relaxed
txn_007655,cust_002610,229.82,wallet,406,25,21,0.84,3,False,authentication_failed,0.45799999999999996,0,reminder,reminder,True,[],[],Relaxed
txn_004520,cust_000074,689.7,wallet,532,0,0,0.0,2,True,authentication_failed,0.31999999999999995,1,reminder,reminder,True,[],[],Relaxed
txn_002518,cust_002024,953.18,netbanking,152,2,2,1.0,4,False,gateway_error,0.31000000000000005,0,retry,payment_link,True,[],"[{'action': 'retry', 'reasons': ['maximum_retry_attempts_exceeded']}]",Relaxed
txn_004837,cust_001481,1620.93,card,896,2,1,0.5,2,False,gateway_error,0.62,1,retry,retry,True,[],[],Relaxed
txn_002886,cust_000533,1118.35,wallet,797,4,4,1.0,2,False,gateway_error,0.7200000000000001,1,retry,retry,True,[],[],Relaxed
txn_007282,cust_000812,752.21,upi,1486,28,22,0.7857,1,False,bank_decline,0.63714,0,retry,retry,True,[],[],Relaxed
txn_006256,cust_001178,5089.9,wallet,169,22,16,0.7273,2,False,bank_decline,0.54546,1,retry,retry,True,[],[],Relaxed
txn_004540,cust_000577,1076.64,netbanking,1358,28,22,0.7857,3,False,network_error,0.6471399999999999,1,retry,retry,True,[],[],Relaxed
txn_005640,cust_000024,286.43,upi,23,19,16,0.8421,2,False,network_error,0.73842,1,retry,retry,True,[],[],Relaxed
txn_009460,cust_000181,346.16,netbanking,695,18,14,0.7778,1,False,gateway_error,0.75556,1,retry,retry,True,[],[],Relaxed
txn_003482,cust_003188,739.5,netbanking,339,12,10,0.8333,4,False,insufficient_balance,0.40666,0,reminder,reminder,True,[],[],Relaxed
txn_001278,cust_002294,1890.05,netbanking,164,13,13,1.0,2,False,insufficient_balance,0.6,0,reminder,reminder,True,[],[],Relaxed
txn_003147,cust_003154,238.48,netbanking,451,0,0,0.0,4,True,authentication_failed,0.21000000000000002,1,payment_link,payment_link,True,[],[],Relaxed
txn_008263,cust_000892,1155.86,upi,827,20,16,0.8,4,False,expired_card,0.5700000000000001,1,payment_link,payment_link,True,[],[],Relaxed
txn_003206,cust_001700,360.64,netbanking,1002,14,10,0.7143,1,False,insufficient_balance,0.62286,0,reminder,reminder,True,[],[],Relaxed
txn_009893,cust_002525,2103.31,upi,606,2,2,1.0,4,False,bank_decline,0.33999999999999997,1,retry,payment_link,True,[],"[{'action': 'retry', 'reasons': ['maximum_retry_attempts_exceeded']}]",Relaxed
txn_002743,cust_002151,2991.76,wallet,1310,12,10,0.8333,1,False,bank_decline,0.64666,0,retry,retry,True,[],[],Relaxed
txn_006077,cust_000459,524.36,netbanking,679,24,19,0.7917,3,False,bank_decline,0.4783399999999999,0,retry,retry,True,[],[],Relaxed
txn_004048,cust_001363,813.54,card,438,29,23,0.7931,3,False,bank_decline,0.47861999999999993,1,retry,retry,True,[],[],Relaxed
txn_005732,cust_000505,1688.63,netbanking,1163,27,21,0.7778,1,False,authentication_failed,0.65556,0,payment_link,payment_link,True,[],[],Relaxed
txn_002946,cust_000216,523.17,card,747,18,13,0.7222,3,False,bank_decline,0.46443999999999985,1,retry,retry,True,[],[],Relaxed
txn_005791,cust_000295,969.37,netbanking,1351,28,19,0.6786,1,False,network_error,0.78572,1,retry,retry,True,[],[],Relaxed
txn_006795,cust_000380,4179.48,netbanking,691,21,17,0.8095,1,False,gateway_error,0.7619,1,retry,retry,True,[],[],Relaxed
txn_006544,cust_002451,1139.85,netbanking,1152,12,11,0.9167,1,False,insufficient_balance,0.66334,1,reminder,reminder,True,[],[],Relaxed
txn_000701,cust_000731,507.77,netbanking,413,21,17,0.8095,4,False,expired_card,0.5719,0,payment_link,payment_link,True,[],[],Relaxed
txn_003575,cust_001254,1288.73,netbanking,766,0,0,0.0,3,True,gateway_error,0.38999999999999996,0,retry,retry,True,[],[],Relaxed
txn_007700,cust_002917,646.93,netbanking,631,9,4,0.4444,1,False,bank_decline,0.56888,0,retry,retry,True,[],[],Relaxed
txn_002516,cust_001378,151.26,card,982,21,15,0.7143,1,False,insufficient_balance,0.62286,0,reminder,reminder,True,[],[],Relaxed
txn_003001,cust_000931,927.07,wallet,1062,2,2,1.0,2,False,expired_card,0.77,1,payment_link,payment_link,True,[],[],Relaxed
txn_005821,cust_000048,946.99,wallet,1255,21,14,0.6667,4,False,expired_card,0.5433399999999999,1,payment_link,payment_link,True,[],[],Relaxed
txn_008582,cust_001174,4953.91,card,309,14,9,0.6429,2,False,gateway_error,0.64858,0,retry,retry,True,[],[],Relaxed
txn_003685,cust_000175,1413.7,upi,175,9,7,0.7778,1,False,expired_card,0.80556,0,payment_link,payment_link,True,[],[],Relaxed
txn_002996,cust_003252,1785.88,card,1123,19,15,0.7895,3,False,insufficient_balance,0.4778999999999999,1,reminder,reminder,True,[],[],Relaxed
txn_004253,cust_001570,2076.38,netbanking,919,1,1,1.0,3,False,authentication_failed,0.49,1,reminder,reminder,True,[],[],Relaxed
txn_003412,cust_001923,1709.5,upi,1321,24,18,0.75,1,False,gateway_error,0.75,1,retry,retry,True,[],[],Relaxed
txn_007963,cust_000332,4645.8,netbanking,61,0,0,0.0,3,True,expired_card,0.4399999999999999,1,payment_link,payment_link,True,[],[],Relaxed
txn_006310,cust_000382,438.35,upi,63,24,20,0.8333,1,False,gateway_error,0.76666,1,retry,retry,True,[],[],Relaxed
txn_008612,cust_003294,2648.37,wallet,298,11,8,0.7273,4,False,bank_decline,0.28545999999999994,0,retry,payment_link,True,[],"[{'action': 'retry', 'reasons': ['maximum_retry_attempts_exceeded']}]",Relaxed
txn_005013,cust_000031,1233.3,upi,697,3,2,0.6667,3,False,bank_decline,0.45333999999999997,0,retry,retry,True,[],[],Relaxed
txn_007751,cust_000164,1011.48,upi,1168,22,13,0.5909,2,False,gateway_error,0.6381800000000001,0,retry,retry,True,[],[],Relaxed
txn_005980,cust_003327,829.26,wallet,523,14,12,0.8571,1,False,bank_decline,0.65142,0,retry,retry,True,[],[],Relaxed
txn_004049,cust_000783,689.8,upi,887,13,7,0.5385,2,False,authentication_failed,0.5277000000000001,1,payment_link,payment_link,True,[],[],Relaxed
txn_004900,cust_002951,2039.53,wallet,402,12,8,0.6667,1,False,authentication_failed,0.58334,1,reminder,reminder,True,[],[],Relaxed
txn_001319,cust_001455,839.63,upi,1016,26,21,0.8077,3,False,gateway_error,0.60154,0,retry,retry,True,[],[],Relaxed
txn_009773,cust_001388,2466.84,upi,673,15,11,0.7333,1,False,network_error,0.7966599999999999,0,retry,retry,True,[],[],Relaxed
txn_009138,cust_000835,657.45,netbanking,265,6,4,0.6667,3,False,authentication_failed,0.47334,0,payment_link,payment_link,True,[],[],Relaxed
txn_007143,cust_000122,504.65,wallet,1340,10,7,0.7,3,False,expired_card,0.6299999999999999,0,payment_link,payment_link,True,[],[],Relaxed
txn_001898,cust_001515,441.67,card,675,4,4,1.0,3,False,gateway_error,0.64,1,retry,retry,True,[],[],Relaxed
txn_007466,cust_002186,2106.05,upi,1469,16,8,0.5,2,False,network_error,0.67,0,retry,retry,True,[],[],Relaxed
txn_000604,cust_002202,842.82,upi,606,15,11,0.7333,2,False,network_error,0.71666,1,retry,retry,True,[],[],Relaxed
txn_002847,cust_002497,1506.41,card,727,25,22,0.88,2,False,gateway_error,0.6960000000000001,1,retry,retry,True,[],[],Relaxed
txn_008208,cust_003153,1448.81,card,404,13,10,0.7692,3,False,expired_card,0.64384,1,payment_link,payment_link,True,[],[],Relaxed
txn_000394,cust_000875,2938.05,upi,1488,0,0,0.0,1,True,network_error,0.5999999999999999,1,retry,retry,True,[],[],Relaxed
txn_004437,cust_001649,419.97,upi,902,3,2,0.6667,3,False,expired_card,0.6233399999999999,1,payment_link,payment_link,True,[],[],Relaxed
txn_009448,cust_001966,1859.72,upi,281,19,15,0.7895,3,False,gateway_error,0.5979,1,retry,retry,True,[],[],Relaxed
txn_007235,cust_001700,1434.02,upi,1273,24,19,0.7917,2,False,gateway_error,0.67834,1,retry,retry,True,[],[],Relaxed
txn_005399,cust_001481,4088.52,wallet,687,27,22,0.8148,2,False,bank_decline,0.56296,0,retry,retry,True,[],[],Relaxed
txn_000096,cust_001550,781.42,card,1444,14,7,0.5,4,False,gateway_error,0.21000000000000002,1,retry,payment_link,True,[],"[{'action': 'retry', 'reasons': ['maximum_retry_attempts_exceeded']}]",Relaxed
txn_001663,cust_003103,2688.42,card,727,25,18,0.72,2,False,insufficient_balance,0.4639999999999999,0,payment_link,payment_link,True,[],[],Relaxed
txn_008971,cust_002890,2802.84,wallet,886,2,2,1.0,4,False,bank_decline,0.33999999999999997,0,retry,payment_link,True,[],"[{'action': 'retry', 'reasons': ['maximum_retry_attempts_exceeded']}]",Relaxed
txn_005131,cust_000119,1964.02,upi,492,27,18,0.6667,2,False,expired_card,0.70334,1,payment_link,payment_link,True,[],[],Relaxed
txn_001489,cust_002120,426.54,upi,1229,2,2,1.0,2,False,gateway_error,0.7200000000000001,1,retry,retry,True,[],[],Relaxed
txn_008317,cust_001726,1627.04,card,436,15,13,0.8667,4,False,bank_decline,0.28334000000000004,0,retry,reminder,True,[],"[{'action': 'retry', 'reasons': ['maximum_retry_attempts_exceeded']}]",Relaxed
txn_002708,cust_002044,738.51,card,138,26,19,0.7308,1,False,insufficient_balance,0.62616,0,reminder,reminder,True,[],[],Relaxed
txn_001596,cust_001882,1248.05,wallet,1455,25,19,0.76,1,False,insufficient_balance,0.552,1,payment_link,payment_link,True,[],[],Relaxed
txn_009278,cust_001097,1089.54,wallet,1288,9,4,0.4444,2,False,bank_decline,0.48888000000000004,0,retry,retry,True,[],[],Relaxed
txn_002378,cust_001810,1122.1,upi,1479,19,16,0.8421,3,False,bank_decline,0.48841999999999997,1,retry,retry,True,[],[],Relaxed
txn_005141,cust_001576,184.12,upi,730,13,12,0.9231,2,False,insufficient_balance,0.58462,1,reminder,reminder,True,[],[],Relaxed
txn_006148,cust_001925,192.9,upi,490,11,10,0.9091,2,False,bank_decline,0.5818200000000001,0,retry,retry,True,[],[],Relaxed
txn_008242,cust_002054,308.07,upi,506,3,2,0.6667,2,False,authentication_failed,0.50334,1,reminder,reminder,True,[],[],Relaxed
txn_003949,cust_002961,832.74,upi,1283,11,9,0.8182,3,False,network_error,0.6536399999999999,0,retry,retry,True,[],[],Relaxed
txn_003934,cust_000128,947.4,wallet,352,0,0,0.0,4,True,bank_decline,0.09000000000000001,0,retry,payment_link,True,[],"[{'action': 'retry', 'reasons': ['maximum_retry_attempts_exceeded']}]",Relaxed
txn_004798,cust_000608,191.4,netbanking,1168,8,7,0.875,1,False,gateway_error,0.7749999999999999,1,retry,retry,True,[],[],Relaxed
txn_004373,cust_000746,1087.81,card,677,0,0,0.0,3,True,bank_decline,0.13999999999999996,0,reminder,reminder,True,[],[],Relaxed
txn_009863,cust_001756,1132.93,card,301,10,8,0.8,2,False,gateway_error,0.68,1,retry,retry,True,[],[],Relaxed
txn_008243,cust_000916,205.17,card,261,11,9,0.8182,4,False,insufficient_balance,0.40364,1,reminder,reminder,True,[],[],Relaxed
txn_003449,cust_002108,1251.13,netbanking,1308,23,16,0.6957,2,False,insufficient_balance,0.5391400000000001,1,reminder,reminder,True,[],[],Relaxed
txn_002944,cust_001828,1710.18,netbanking,1294,13,8,0.6154,3,False,bank_decline,0.44308000000000003,0,retry,retry,True,[],[],Relaxed
txn_002466,cust_001606,629.2,card,516,3,2,0.6667,3,False,network_error,0.6233399999999999,1,retry,retry,True,[],[],Relaxed
txn_008583,cust_002513,2171.39,upi,541,1,1,1.0,1,False,network_error,0.85,1,retry,retry,True,[],[],Relaxed
txn_005507,cust_001851,578.12,wallet,115,17,11,0.6471,2,False,network_error,0.69942,1,retry,retry,True,[],[],Relaxed
txn_002699,cust_000013,584.54,card,165,27,21,0.7778,3,False,authentication_failed,0.49556,1,payment_link,payment_link,True,[],[],Relaxed
txn_002448,cust_003304,714.82,netbanking,1119,19,12,0.6316,4,False,authentication_failed,0.38632,0,payment_link,payment_link,True,[],[],Relaxed
txn_000020,cust_000482,1307.66,upi,270,14,11,0.7857,3,False,bank_decline,0.47714,1,retry,retry,True,[],[],Relaxed
txn_002749,cust_000227,1091.28,card,601,18,15,0.8333,3,False,network_error,0.6566599999999999,0,retry,retry,True,[],[],Relaxed
txn_005400,cust_003164,1283.36,upi,1327,12,7,0.5833,3,False,bank_decline,0.43665999999999994,1,retry,retry,True,[],[],Relaxed
txn_008079,cust_001322,1123.63,wallet,613,21,13,0.619,2,False,expired_card,0.6938000000000001,1,payment_link,payment_link,True,[],[],Relaxed
txn_006872,cust_002245,733.71,netbanking,1184,8,7,0.875,1,False,bank_decline,0.655,1,retry,retry,True,[],[],Relaxed
txn_004709,cust_002401,1127.36,wallet,765,23,15,0.6522,3,False,gateway_error,0.57044,1,retry,retry,True,[],[],Relaxed
txn_009477,cust_003164,1448.74,upi,438,0,0,0.0,3,True,insufficient_balance,0.26999999999999996,0,reminder,reminder,True,[],[],Relaxed
txn_000810,cust_002506,1353.89,upi,584,7,4,0.5714,2,False,gateway_error,0.6342800000000001,0,retry,retry,True,[],[],Relaxed
txn_007478,cust_002919,344.12,upi,1181,1,1,1.0,2,False,expired_card,0.77,0,payment_link,payment_link,True,[],[],Relaxed
txn_002274,cust_001691,2745.93,netbanking,848,23,17,0.7391,1,False,expired_card,0.79782,1,payment_link,payment_link,True,[],[],Relaxed
txn_001924,cust_002444,414.29,upi,416,7,6,0.8571,1,False,bank_decline,0.65142,1,retry,retry,True,[],[],Relaxed
txn_001471,cust_000090,353.43,card,133,4,1,0.25,4,False,network_error,0.15999999999999998,0,retry,payment_link,True,[],"[{'action': 'retry', 'reasons': ['maximum_retry_attempts_exceeded']}]",Relaxed
txn_007935,cust_001998,1175.76,wallet,1374,16,8,0.5,4,False,insufficient_balance,0.26,0,payment_link,payment_link,True,[],[],Relaxed
txn_007408,cust_000707,1545.75,upi,803,26,17,0.6538,3,False,insufficient_balance,0.45075999999999994,0,reminder,reminder,True,[],[],Relaxed
txn_002407,cust_002326,1257.0,wallet,326,7,6,0.8571,3,False,insufficient_balance,0.49141999999999997,0,reminder,reminder,True,[],[],Relaxed
txn_001143,cust_000698,637.65,netbanking,987,11,9,0.8182,4,False,gateway_error,0.27364,0,retry,payment_link,True,[],"[{'action': 'retry', 'reasons': ['maximum_retry_attempts_exceeded']}]",Relaxed
txn_001748,cust_002026,725.12,netbanking,601,24,14,0.5833,4,False,gateway_error,0.22666000000000003,0,retry,payment_link,True,[],"[{'action': 'retry', 'reasons': ['maximum_retry_attempts_exceeded']}]",Relaxed
txn_005710,cust_001145,886.72,wallet,1202,28,23,0.8214,2,False,bank_decline,0.56428,0,retry,retry,True,[],[],Relaxed
txn_004976,cust_002039,334.44,netbanking,1463,6,5,0.8333,4,False,authentication_failed,0.42666000000000004,1,payment_link,payment_link,True,[],[],Relaxed
txn_007301,cust_000104,293.24,wallet,206,6,5,0.8333,4,False,authentication_failed,0.37666,1,reminder,reminder,True,[],[],Relaxed
txn_008149,cust_000325,1574.35,upi,291,20,14,0.7,3,False,network_error,0.6299999999999999,1,retry,retry,True,[],[],Relaxed
txn_002834,cust_001041,1470.68,wallet,961,4,4,1.0,1,False,authentication_failed,0.65,1,reminder,reminder,True,[],[],Relaxed
txn_003132,cust_000717,1543.69,netbanking,1485,7,4,0.5714,3,False,bank_decline,0.4342799999999999,1,retry,retry,True,[],[],Relaxed
txn_001311,cust_001717,2669.41,upi,1021,10,7,0.7,2,False,bank_decline,0.5399999999999999,1,retry,retry,True,[],[],Relaxed
txn_008651,cust_001930,380.22,upi,459,8,5,0.625,1,False,network_error,0.7749999999999999,1,retry,retry,True,[],[],Relaxed
txn_006775,cust_003271,2712.3,wallet,704,7,7,1.0,2,False,gateway_error,0.7200000000000001,0,retry,retry,True,[],[],Relaxed
txn_006757,cust_003202,3465.37,upi,1266,11,8,0.7273,1,False,bank_decline,0.6254599999999999,1,retry,retry,True,[],[],Relaxed
txn_000621,cust_000601,2642.15,upi,978,20,15,0.75,3,False,gateway_error,0.59,1,retry,retry,True,[],[],Relaxed
txn_002702,cust_001345,2699.9,upi,902,13,8,0.6154,3,False,gateway_error,0.5630799999999999,1,retry,retry,True,[],[],Relaxed
txn_002200,cust_002038,516.82,upi,1081,25,19,0.76,2,False,bank_decline,0.452,0,payment_link,payment_link,True,[],[],Relaxed
txn_006197,cust_001898,516.67,card,715,1,1,1.0,4,False,expired_card,0.61,1,payment_link,payment_link,True,[],[],Relaxed
txn_008825,cust_000108,480.12,wallet,628,27,23,0.8519,3,False,bank_decline,0.4903799999999999,0,retry,retry,True,[],[],Relaxed
txn_001047,cust_000383,1501.17,netbanking,873,4,3,0.75,3,False,expired_card,0.64,0,payment_link,payment_link,True,[],[],Relaxed
txn_005769,cust_002598,4169.61,wallet,147,20,14,0.7,1,False,insufficient_balance,0.6199999999999999,1,reminder,reminder,True,[],[],Relaxed
txn_009948,cust_002190,2506.09,card,450,14,9,0.6429,3,False,bank_decline,0.44857999999999987,1,retry,retry,True,[],[],Relaxed
txn_009020,cust_003271,2124.98,card,1472,16,12,0.75,1,False,expired_card,0.8,1,payment_link,payment_link,True,[],[],Relaxed
txn_000744,cust_001341,1959.14,upi,563,21,16,0.7619,2,False,bank_decline,0.55238,0,retry,retry,True,[],[],Relaxed
txn_000223,cust_002877,1911.68,upi,1368,7,5,0.7143,3,False,bank_decline,0.46285999999999994,0,retry,retry,True,[],[],Relaxed
txn_003150,cust_002167,902.28,netbanking,795,7,4,0.5714,1,False,expired_card,0.76428,1,payment_link,payment_link,True,[],[],Relaxed
txn_000626,cust_002346,905.44,wallet,637,24,14,0.5833,3,False,bank_decline,0.43665999999999994,0,retry,retry,True,[],[],Relaxed
txn_009335,cust_001730,1862.93,upi,388,23,19,0.8261,4,False,gateway_error,0.24522,0,retry,reminder,True,[],"[{'action': 'retry', 'reasons': ['maximum_retry_attempts_exceeded']}]",Relaxed
txn_007567,cust_000667,630.94,card,289,26,23,0.8846,2,False,insufficient_balance,0.57692,1,reminder,reminder,True,[],[],Relaxed
txn_004583,cust_001788,520.49,wallet,1399,22,17,0.7727,2,False,gateway_error,0.67454,0,retry,retry,True,[],[],Relaxed
txn_005712,cust_003293,3582.96,netbanking,1140,0,0,0.0,1,True,insufficient_balance,0.35000000000000003,1,payment_link,payment_link,True,[],[],Relaxed
txn_003285,cust_000886,2348.01,upi,603,26,18,0.6923,1,False,insufficient_balance,0.5384599999999999,1,payment_link,payment_link,True,[],[],Relaxed
txn_007586,cust_002625,313.07,upi,882,7,4,0.5714,3,False,insufficient_balance,0.4342799999999999,0,reminder,reminder,True,[],[],Relaxed
txn_009647,cust_000535,2793.1,wallet,1144,11,10,0.9091,2,False,authentication_failed,0.6018200000000001,1,payment_link,payment_link,True,[],[],Relaxed
txn_001531,cust_002501,7542.19,card,1457,21,19,0.9048,3,False,expired_card,0.6709599999999999,0,payment_link,payment_link,True,[],[],Relaxed
txn_009686,cust_000938,1978.63,card,80,15,11,0.7333,1,False,gateway_error,0.7466599999999999,1,retry,retry,True,[],[],Relaxed
txn_000354,cust_000017,667.53,upi,110,21,19,0.9048,4,False,expired_card,0.5909599999999999,1,payment_link,payment_link,True,[],[],Relaxed
txn_002475,cust_003109,920.66,upi,1077,9,4,0.4444,2,False,authentication_failed,0.5088800000000001,1,payment_link,payment_link,True,[],[],Relaxed
txn_008014,cust_002041,614.94,netbanking,1085,14,10,0.7143,1,False,authentication_failed,0.64286,1,payment_link,payment_link,True,[],[],Relaxed
txn_006476,cust_001831,2869.2,upi,658,9,6,0.6667,2,False,authentication_failed,0.55334,1,payment_link,payment_link,True,[],[],Relaxed
txn_006450,cust_001067,1041.47,upi,822,5,4,0.8,4,False,bank_decline,0.30000000000000004,1,retry,payment_link,True,[],"[{'action': 'retry', 'reasons': ['maximum_retry_attempts_exceeded']}]",Relaxed
txn_000240,cust_002144,1297.55,card,89,27,20,0.7407,3,False,gateway_error,0.58814,0,retry,retry,True,[],[],Relaxed
txn_002626,cust_000156,3324.41,upi,783,25,17,0.68,2,False,network_error,0.7060000000000001,1,retry,retry,True,[],[],Relaxed
txn_009787,cust_001927,2820.48,wallet,463,20,14,0.7,1,False,bank_decline,0.6199999999999999,1,retry,retry,True,[],[],Relaxed
txn_007199,cust_003114,5105.26,wallet,615,14,12,0.8571,2,False,bank_decline,0.57142,1,retry,retry,True,[],[],Relaxed
txn_007693,cust_001857,486.21,card,1042,27,22,0.8148,1,False,insufficient_balance,0.56296,1,payment_link,payment_link,True,[],[],Relaxed
txn_002998,cust_000514,629.05,card,1363,0,0,0.0,4,True,insufficient_balance,0.11000000000000003,0,payment_link,payment_link,True,[],[],Relaxed
txn_006441,cust_001817,703.37,upi,1416,12,9,0.75,3,False,authentication_failed,0.49,0,payment_link,payment_link,True,[],[],Relaxed
txn_004563,cust_001386,215.32,upi,1440,3,3,1.0,4,False,network_error,0.28,1,retry,reminder,True,[],"[{'action': 'retry', 'reasons': ['maximum_retry_attempts_exceeded']}]",Relaxed
txn_008615,cust_000216,425.29,wallet,1336,8,4,0.5,3,False,network_error,0.59,0,retry,retry,True,[],[],Relaxed
txn_001480,cust_001803,420.66,upi,1216,10,7,0.7,3,False,network_error,0.6299999999999999,0,retry,retry,True,[],[],Relaxed
txn_001019,cust_001005,2955.25,upi,385,12,11,0.9167,3,False,gateway_error,0.6233399999999999,1,retry,retry,True,[],[],Relaxed
txn_003095,cust_002616,376.38,netbanking,1016,21,19,0.9048,2,False,bank_decline,0.58096,1,retry,retry,True,[],[],Relaxed
txn_006183,cust_001001,843.15,netbanking,213,4,3,0.75,4,False,bank_decline,0.29000000000000004,1,retry,payment_link,True,[],"[{'action': 'retry', 'reasons': ['maximum_retry_attempts_exceeded']}]",Relaxed
txn_004961,cust_001095,474.38,card,187,6,5,0.8333,4,False,gateway_error,0.27666,0,retry,payment_link,True,[],"[{'action': 'retry', 'reasons': ['maximum_retry_attempts_exceeded']}]",Relaxed
txn_008493,cust_001231,2102.9,card,33,6,5,0.8333,4,False,authentication_failed,0.37666,1,reminder,reminder,True,[],[],Relaxed
txn_001104,cust_001392,1514.47,upi,639,23,14,0.6087,1,False,authentication_failed,0.62174,0,payment_link,payment_link,True,[],[],Relaxed
txn_006082,cust_001686,221.7,netbanking,1323,12,11,0.9167,4,False,insufficient_balance,0.42334000000000005,0,reminder,reminder,True,[],[],Relaxed
txn_009526,cust_001519,2655.24,card,1390,18,12,0.6667,4,False,network_error,0.24333999999999995,0,retry,payment_link,True,[],"[{'action': 'retry', 'reasons': ['maximum_retry_attempts_exceeded']}]",Relaxed
txn_005191,cust_000641,483.95,wallet,779,16,11,0.6875,4,False,network_error,0.2475,0,retry,payment_link,True,[],"[{'action': 'retry', 'reasons': ['maximum_retry_attempts_exceeded']}]",Relaxed
txn_004182,cust_002740,270.63,wallet,1027,4,4,1.0,1,False,gateway_error,0.8,0,retry,retry,True,[],[],Relaxed
txn_004468,cust_001425,1058.55,upi,1006,15,12,0.8,3,False,authentication_failed,0.5,1,payment_link,payment_link,True,[],[],Relaxed
txn_001627,cust_001830,904.31,netbanking,365,24,18,0.75,4,False,insufficient_balance,0.39,0,reminder,reminder,True,[],[],Relaxed
txn_006718,cust_002708,679.72,upi,1101,17,12,0.7059,4,False,insufficient_balance,0.30118,0,payment_link,payment_link,True,[],[],Relaxed
txn_003799,cust_001876,851.84,netbanking,346,2,1,0.5,1,False,bank_decline,0.5800000000000001,0,retry,retry,True,[],[],Relaxed
txn_003054,cust_002276,856.13,card,627,18,13,0.7222,4,False,bank_decline,0.2844399999999999,0,retry,payment_link,True,[],"[{'action': 'retry', 'reasons': ['maximum_retry_attempts_exceeded']}]",Relaxed
txn_002868,cust_000562,543.17,card,604,27,22,0.8148,1,False,authentication_failed,0.66296,0,payment_link,payment_link,True,[],[],Relaxed
txn_001433,cust_000436,635.06,card,124,6,5,0.8333,1,False,bank_decline,0.64666,1,retry,retry,True,[],[],Relaxed
txn_007984,cust_001578,423.07,card,672,10,7,0.7,4,False,network_error,0.24999999999999994,0,retry,payment_link,True,[],"[{'action': 'retry', 'reasons': ['maximum_retry_attempts_exceeded']}]",Relaxed
txn_009347,cust_003108,2043.62,wallet,547,21,11,0.5238,4,False,network_error,0.21476,0,retry,payment_link,True,[],"[{'action': 'retry', 'reasons': ['maximum_retry_attempts_exceeded']}]",Relaxed
txn_009420,cust_000889,698.94,netbanking,730,22,16,0.7273,2,False,bank_decline,0.54546,1,retry,retry,True,[],[],Relaxed
txn_004077,cust_002650,677.76,wallet,171,17,13,0.7647,4,False,insufficient_balance,0.39294000000000007,0,reminder,reminder,True,[],[],Relaxed
txn_000218,cust_001819,303.62,wallet,939,3,2,0.6667,2,False,network_error,0.70334,1,retry,retry,True,[],[],Relaxed
txn_003556,cust_002870,1047.65,upi,1437,29,20,0.6897,3,False,insufficient_balance,0.4579399999999999,1,reminder,reminder,True,[],[],Relaxed
txn_007937,cust_002355,358.12,wallet,566,14,12,0.8571,2,False,authentication_failed,0.54142,0,reminder,reminder,True,[],[],Relaxed
txn_008422,cust_000672,747.09,netbanking,510,28,18,0.6429,2,False,insufficient_balance,0.5285799999999999,1,reminder,reminder,True,[],[],Relaxed
txn_001035,cust_002801,1070.26,upi,1258,18,12,0.6667,3,False,authentication_failed,0.47334,1,payment_link,payment_link,True,[],[],Relaxed
txn_003774,cust_002218,1301.11,wallet,901,24,17,0.7083,1,False,bank_decline,0.62166,1,retry,retry,True,[],[],Relaxed
txn_004133,cust_001790,1643.18,wallet,1087,14,10,0.7143,2,False,bank_decline,0.54286,1,retry,retry,True,[],[],Relaxed
txn_002336,cust_000355,2361.08,wallet,334,13,10,0.7692,1,False,gateway_error,0.7538400000000001,0,retry,retry,True,[],[],Relaxed
txn_006493,cust_002156,461.05,wallet,379,13,9,0.6923,4,False,insufficient_balance,0.37846,0,reminder,reminder,True,[],[],Relaxed
txn_001483,cust_002468,614.56,card,16,20,15,0.75,1,False,expired_card,0.8,1,payment_link,payment_link,True,[],[],Relaxed
txn_000907,cust_001596,1663.33,upi,1178,21,16,0.7619,4,False,bank_decline,0.29238,0,retry,payment_link,True,[],"[{'action': 'retry', 'reasons': ['maximum_retry_attempts_exceeded']}]",Relaxed
txn_006089,cust_001078,372.15,netbanking,1461,14,9,0.6429,4,False,expired_card,0.53858,1,payment_link,payment_link,True,[],[],Relaxed
txn_006467,cust_000198,1315.77,upi,1159,3,3,1.0,3,False,insufficient_balance,0.5199999999999999,0,reminder,reminder,True,[],[],Relaxed
txn_005677,cust_001502,702.31,wallet,886,11,7,0.6364,3,False,bank_decline,0.44728,0,retry,retry,True,[],[],Relaxed
txn_002771,cust_002095,1713.48,card,1214,4,4,1.0,3,False,gateway_error,0.64,0,retry,retry,True,[],[],Relaxed
txn_001806,cust_001423,2751.12,wallet,1443,15,13,0.8667,3,False,network_error,0.6633399999999999,1,retry,retry,True,[],[],Relaxed
txn_007375,cust_000008,2091.47,upi,285,3,2,0.6667,2,False,gateway_error,0.6533399999999999,1,retry,retry,True,[],[],Relaxed
txn_002115,cust_002493,189.76,card,1159,11,8,0.7273,1,False,gateway_error,0.74546,1,retry,retry,True,[],[],Relaxed
txn_004535,cust_000495,978.69,netbanking,1222,6,3,0.5,4,False,gateway_error,0.21000000000000002,0,retry,payment_link,True,[],"[{'action': 'retry', 'reasons': ['maximum_retry_attempts_exceeded']}]",Relaxed
txn_002532,cust_002029,1161.71,upi,624,29,20,0.6897,4,False,network_error,0.24794,0,retry,payment_link,True,[],"[{'action': 'retry', 'reasons': ['maximum_retry_attempts_exceeded']}]",Relaxed
txn_008526,cust_003035,1028.54,card,184,14,11,0.7857,1,False,authentication_failed,0.60714,0,reminder,reminder,True,[],[],Relaxed
txn_003471,cust_002667,1471.27,card,645,24,17,0.7083,3,False,insufficient_balance,0.46165999999999996,0,reminder,reminder,True,[],[],Relaxed
txn_001403,cust_001913,706.96,upi,1455,11,8,0.7273,2,False,network_error,0.71546,1,retry,retry,True,[],[],Relaxed
txn_000853,cust_001379,1750.99,wallet,1216,21,14,0.6667,2,False,network_error,0.70334,1,retry,retry,True,[],[],Relaxed
txn_003083,cust_001905,462.76,netbanking,653,5,5,1.0,3,False,authentication_failed,0.49,1,reminder,reminder,True,[],[],Relaxed
txn_008025,cust_003005,997.3,card,1025,7,6,0.8571,1,False,gateway_error,0.77142,1,retry,retry,True,[],[],Relaxed
txn_007566,cust_002611,976.95,netbanking,403,11,10,0.9091,1,False,bank_decline,0.6618200000000001,1,retry,retry,True,[],[],Relaxed
txn_005530,cust_000351,3642.96,card,171,10,8,0.8,3,False,gateway_error,0.6,0,retry,retry,True,[],[],Relaxed
txn_007855,cust_000308,4297.54,netbanking,129,5,4,0.8,1,False,bank_decline,0.64,1,retry,retry,True,[],[],Relaxed
txn_004933,cust_000241,634.65,upi,1031,20,17,0.85,1,False,expired_card,0.82,1,payment_link,payment_link,True,[],[],Relaxed
txn_005160,cust_000401,851.14,wallet,665,16,12,0.75,4,False,network_error,0.26,0,retry,payment_link,True,[],"[{'action': 'retry', 'reasons': ['maximum_retry_attempts_exceeded']}]",Relaxed
txn_009716,cust_000102,1460.14,upi,101,0,0,0.0,1,True,expired_card,0.5999999999999999,0,payment_link,payment_link,True,[],[],Relaxed
txn_003847,cust_003160,229.86,card,686,11,7,0.6364,1,False,gateway_error,0.7272799999999999,1,retry,retry,True,[],[],Relaxed
txn_006484,cust_002308,959.72,netbanking,587,26,23,0.8846,2,False,network_error,0.74692,0,retry,retry,True,[],[],Relaxed
txn_000748,cust_002438,967.92,netbanking,1122,23,19,0.8261,2,False,expired_card,0.73522,0,payment_link,payment_link,True,[],[],Relaxed
txn_003035,cust_000972,2882.6,card,933,4,4,1.0,2,False,gateway_error,0.7200000000000001,1,retry,retry,True,[],[],Relaxed
txn_000348,cust_001431,761.34,netbanking,1367,23,20,0.8696,3,False,authentication_failed,0.51392,0,payment_link,payment_link,True,[],[],Relaxed
txn_003352,cust_000342,611.91,upi,122,24,15,0.625,2,False,gateway_error,0.645,1,retry,retry,True,[],[],Relaxed
txn_002865,cust_001345,1934.99,card,337,11,9,0.8182,4,False,gateway_error,0.27364,0,retry,payment_link,True,[],"[{'action': 'retry', 'reasons': ['maximum_retry_attempts_exceeded']}]",Relaxed
txn_002168,cust_002787,738.86,wallet,218,1,1,1.0,2,False,gateway_error,0.7200000000000001,1,retry,retry,True,[],[],Relaxed
txn_006955,cust_002060,1081.21,netbanking,277,26,22,0.8462,2,False,authentication_failed,0.5892400000000001,0,payment_link,payment_link,True,[],[],Relaxed
txn_006210,cust_002621,745.98,wallet,224,23,18,0.7826,1,False,expired_card,0.8065199999999999,1,payment_link,payment_link,True,[],[],Relaxed
txn_002778,cust_001332,704.95,card,1338,17,10,0.5882,2,False,authentication_failed,0.53764,1,payment_link,payment_link,True,[],[],Relaxed
txn_001442,cust_001157,951.03,netbanking,96,23,17,0.7391,3,False,expired_card,0.6378199999999999,1,payment_link,payment_link,True,[],[],Relaxed
txn_005658,cust_002216,4286.33,card,1392,10,6,0.6,1,False,authentication_failed,0.62,0,payment_link,payment_link,True,[],[],Relaxed
txn_009658,cust_000557,1128.11,wallet,886,13,9,0.6923,4,False,insufficient_balance,0.37846,0,reminder,reminder,True,[],[],Relaxed
txn_003028,cust_002730,2186.57,wallet,371,4,2,0.5,2,False,authentication_failed,0.5200000000000001,1,payment_link,payment_link,True,[],[],Relaxed
txn_006118,cust_002226,4893.93,card,411,3,2,0.6667,1,False,network_error,0.7833399999999999,1,retry,retry,True,[],[],Relaxed
txn_002484,cust_002805,2108.94,card,879,26,17,0.6538,3,False,network_error,0.62076,0,retry,retry,True,[],[],Relaxed
txn_002883,cust_002990,1236.68,card,1009,19,15,0.7895,2,False,network_error,0.7279,1,retry,retry,True,[],[],Relaxed
txn_005562,cust_001280,2311.9,upi,311,18,15,0.8333,1,False,bank_decline,0.64666,1,retry,retry,True,[],[],Relaxed
txn_000764,cust_000789,230.94,netbanking,1316,29,24,0.8276,4,False,gateway_error,0.24552000000000002,1,retry,reminder,True,[],"[{'action': 'retry', 'reasons': ['maximum_retry_attempts_exceeded']}]",Relaxed
txn_006482,cust_000234,2153.62,upi,561,5,4,0.8,4,False,bank_decline,0.30000000000000004,0,retry,payment_link,True,[],"[{'action': 'retry', 'reasons': ['maximum_retry_attempts_exceeded']}]",Relaxed
txn_001617,cust_002704,571.58,wallet,1344,5,5,1.0,4,False,expired_card,0.61,1,payment_link,payment_link,True,[],[],Relaxed
txn_001223,cust_000463,679.36,card,836,23,19,0.8261,1,False,authentication_failed,0.6652199999999999,0,payment_link,payment_link,True,[],[],Relaxed
txn_008665,cust_002141,767.39,card,1412,23,21,0.913,3,False,bank_decline,0.5026,1,retry,retry,True,[],[],Relaxed
txn_006222,cust_002746,1692.84,wallet,916,23,20,0.8696,4,False,insufficient_balance,0.41392000000000007,0,reminder,reminder,True,[],[],Relaxed
txn_001577,cust_002026,1397.29,netbanking,994,24,17,0.7083,3,False,expired_card,0.63166,1,payment_link,payment_link,True,[],[],Relaxed
txn_009392,cust_001371,899.24,card,1336,22,15,0.6818,4,False,network_error,0.24635999999999997,1,retry,payment_link,True,[],"[{'action': 'retry', 'reasons': ['maximum_retry_attempts_exceeded']}]",Relaxed
txn_006351,cust_002819,1052.71,card,593,23,20,0.8696,2,False,bank_decline,0.5739200000000001,0,retry,retry,True,[],[],Relaxed
txn_003783,cust_003169,554.76,netbanking,1459,5,3,0.6,3,False,gateway_error,0.5599999999999999,1,retry,retry,True,[],[],Relaxed
txn_004375,cust_001234,1124.34,netbanking,213,29,29,1.0,2,False,bank_decline,0.6,1,retry,retry,True,[],[],Relaxed
txn_000709,cust_001129,4481.16,wallet,652,6,5,0.8333,1,False,insufficient_balance,0.56666,0,payment_link,payment_link,True,[],[],Relaxed
txn_000510,cust_003123,3669.82,card,481,2,1,0.5,4,False,network_error,0.21000000000000002,0,retry,payment_link,True,[],"[{'action': 'retry', 'reasons': ['maximum_retry_attempts_exceeded']}]",Relaxed
txn_002955,cust_002368,410.81,upi,798,9,8,0.8889,4,False,bank_decline,0.31777999999999995,0,retry,payment_link,True,[],"[{'action': 'retry', 'reasons': ['maximum_retry_attempts_exceeded']}]",Relaxed
txn_007538,cust_001657,2113.57,wallet,471,8,7,0.875,2,False,network_error,0.745,1,retry,retry,True,[],[],Relaxed
txn_006339,cust_002431,2411.15,upi,710,12,8,0.6667,1,False,bank_decline,0.61334,1,retry,retry,True,[],[],Relaxed
txn_008923,cust_001451,6428.84,wallet,19,3,1,0.3333,3,False,authentication_failed,0.4066599999999999,0,payment_link,payment_link,True,[],[],Relaxed
txn_007064,cust_000417,763.0,upi,1277,15,11,0.7333,1,False,insufficient_balance,0.62666,1,reminder,reminder,True,[],[],Relaxed
txn_007163,cust_001832,2624.93,wallet,988,12,10,0.8333,4,False,network_error,0.27666,1,retry,payment_link,True,[],"[{'action': 'retry', 'reasons': ['maximum_retry_attempts_exceeded']}]",Relaxed
txn_007372,cust_003011,910.68,card,813,29,21,0.7241,1,False,expired_card,0.79482,0,payment_link,payment_link,True,[],[],Relaxed
txn_006829,cust_002607,3600.33,upi,1184,16,11,0.6875,2,False,insufficient_balance,0.5375,1,reminder,reminder,True,[],[],Relaxed
txn_003616,cust_001100,566.59,card,1317,15,11,0.7333,4,False,insufficient_balance,0.38666,0,reminder,reminder,True,[],[],Relaxed
txn_004657,cust_002508,4516.47,upi,1110,27,17,0.6296,1,False,gateway_error,0.7259199999999999,0,retry,retry,True,[],[],Relaxed
txn_006976,cust_003183,2223.24,upi,624,21,18,0.8571,3,False,expired_card,0.66142,1,payment_link,payment_link,True,[],[],Relaxed
txn_004351,cust_000233,427.31,netbanking,761,19,16,0.8421,2,False,authentication_failed,0.58842,1,payment_link,payment_link,True,[],[],Relaxed
txn_000712,cust_001489,889.0,upi,873,4,3,0.75,3,False,network_error,0.64,1,retry,retry,True,[],[],Relaxed
txn_006479,cust_002430,442.96,card,1072,15,8,0.5333,1,False,gateway_error,0.7066600000000001,1,retry,retry,True,[],[],Relaxed
txn_009130,cust_000203,6261.79,wallet,655,24,18,0.75,3,False,authentication_failed,0.43999999999999995,1,reminder,reminder,True,[],[],Relaxed
txn_008205,cust_001511,878.82,card,1173,25,19,0.76,2,False,gateway_error,0.672,0,retry,retry,True,[],[],Relaxed
txn_009204,cust_000653,688.91,upi,1002,4,2,0.5,1,False,insufficient_balance,0.5800000000000001,0,reminder,reminder,True,[],[],Relaxed
txn_000713,cust_002900,2094.97,wallet,958,27,23,0.8519,4,False,authentication_failed,0.38038000000000005,1,reminder,reminder,True,[],[],Relaxed
txn_009113,cust_000220,1385.44,upi,719,7,7,1.0,3,False,insufficient_balance,0.5199999999999999,1,reminder,reminder,True,[],[],Relaxed
txn_001246,cust_002729,362.79,netbanking,972,17,15,0.8824,3,False,gateway_error,0.61648,0,retry,retry,True,[],[],Relaxed
txn_009786,cust_000291,812.24,card,407,18,12,0.6667,3,False,insufficient_balance,0.45333999999999997,1,reminder,reminder,True,[],[],Relaxed
txn_006849,cust_002608,864.05,netbanking,121,16,14,0.875,1,False,gateway_error,0.7749999999999999,1,retry,retry,True,[],[],Relaxed
txn_005134,cust_000064,724.75,upi,1197,23,17,0.7391,4,False,insufficient_balance,0.38782000000000005,0,reminder,reminder,True,[],[],Relaxed
txn_000716,cust_000910,1089.88,card,25,14,13,0.9286,2,False,gateway_error,0.70572,1,retry,retry,True,[],[],Relaxed
txn_003464,cust_001597,5038.4,netbanking,359,10,10,1.0,1,False,bank_decline,0.6799999999999999,1,retry,retry,True,[],[],Relaxed
txn_004395,cust_002498,657.43,netbanking,429,4,3,0.75,2,False,expired_card,0.7200000000000001,1,payment_link,payment_link,True,[],[],Relaxed
txn_004569,cust_000091,3269.0,wallet,975,25,21,0.84,1,False,gateway_error,0.768,1,retry,retry,True,[],[],Relaxed
txn_008804,cust_003236,745.74,upi,569,24,12,0.5,4,False,bank_decline,0.24000000000000005,0,retry,payment_link,True,[],"[{'action': 'retry', 'reasons': ['maximum_retry_attempts_exceeded']}]",Relaxed
txn_008490,cust_002782,659.05,netbanking,811,21,18,0.8571,1,False,bank_decline,0.65142,1,retry,retry,True,[],[],Relaxed
txn_007702,cust_002129,2506.67,card,529,3,3,1.0,2,False,insufficient_balance,0.6,1,reminder,reminder,True,[],[],Relaxed
txn_000213,cust_000679,1544.16,upi,54,6,2,0.3333,3,False,gateway_error,0.50666,0,retry,retry,True,[],[],Relaxed
txn_009768,cust_002004,247.87,netbanking,508,27,21,0.7778,3,False,bank_decline,0.47556,1,retry,retry,True,[],[],Relaxed
txn_006839,cust_002324,1327.76,wallet,1097,23,16,0.6957,3,False,bank_decline,0.45914,1,retry,retry,True,[],[],Relaxed
txn_001011,cust_003104,5071.85,card,679,14,12,0.8571,2,False,gateway_error,0.69142,1,retry,retry,True,[],[],Relaxed
txn_000324,cust_002022,1470.21,card,445,24,15,0.625,1,False,authentication_failed,0.625,1,payment_link,payment_link,True,[],[],Relaxed
txn_005397,cust_001456,5338.52,card,1333,17,12,0.7059,3,False,bank_decline,0.46118000000000003,1,retry,retry,True,[],[],Relaxed
txn_005991,cust_001359,722.77,wallet,459,2,0,0.0,1,False,expired_card,0.6499999999999999,0,payment_link,payment_link,True,[],[],Relaxed
txn_003173,cust_001639,739.45,card,738,25,19,0.76,1,False,expired_card,0.802,1,payment_link,payment_link,True,[],[],Relaxed
txn_000335,cust_003217,1072.33,card,228,23,17,0.7391,2,False,insufficient_balance,0.5478200000000001,0,reminder,reminder,True,[],[],Relaxed
txn_008306,cust_003313,782.45,netbanking,1327,0,0,0.0,3,True,insufficient_balance,0.26999999999999996,0,reminder,reminder,True,[],[],Relaxed
txn_002211,cust_001452,1348.71,upi,349,1,1,1.0,3,False,bank_decline,0.5199999999999999,1,retry,retry,True,[],[],Relaxed
txn_004272,cust_001208,1763.8,upi,728,23,16,0.6957,2,False,gateway_error,0.65914,1,retry,retry,True,[],[],Relaxed
txn_006741,cust_002683,1172.62,wallet,1194,11,10,0.9091,4,False,insufficient_balance,0.4218200000000001,0,reminder,reminder,True,[],[],Relaxed
txn_000234,cust_000972,341.82,card,1203,4,4,1.0,2,False,network_error,0.77,1,retry,retry,True,[],[],Relaxed
txn_005951,cust_001310,231.1,netbanking,1451,0,0,0.0,1,True,bank_decline,0.33,0,payment_link,payment_link,True,[],[],Relaxed
txn_005738,cust_000682,825.7,card,879,25,16,0.64,2,False,network_error,0.6980000000000001,1,retry,retry,True,[],[],Relaxed
txn_007922,cust_001521,1206.21,upi,1497,24,18,0.75,3,False,bank_decline,0.47,1,retry,retry,True,[],[],Relaxed
txn_002349,cust_002049,943.57,netbanking,1326,6,5,0.8333,2,False,bank_decline,0.56666,1,retry,retry,True,[],[],Relaxed
txn_002037,cust_001116,884.86,wallet,1242,4,3,0.75,1,False,insufficient_balance,0.63,0,reminder,reminder,True,[],[],Relaxed
txn_007485,cust_002191,1447.26,upi,814,28,25,0.8929,4,False,bank_decline,0.31858,0,retry,payment_link,True,[],"[{'action': 'retry', 'reasons': ['maximum_retry_attempts_exceeded']}]",Relaxed
txn_006007,cust_002397,641.93,card,904,2,2,1.0,2,False,insufficient_balance,0.6,1,reminder,reminder,True,[],[],Relaxed
txn_004554,cust_001790,1252.24,upi,898,4,2,0.5,1,False,expired_card,0.75,1,payment_link,payment_link,True,[],[],Relaxed
txn_008073,cust_002529,775.15,upi,527,2,0,0.0,4,False,bank_decline,0.14,0,retry,payment_link,True,[],"[{'action': 'retry', 'reasons': ['maximum_retry_attempts_exceeded']}]",Relaxed
txn_001459,cust_003318,1076.49,upi,38,3,3,1.0,2,False,gateway_error,0.7200000000000001,0,retry,retry,True,[],[],Relaxed
txn_003289,cust_002892,2560.21,upi,968,9,7,0.7778,1,False,expired_card,0.80556,1,payment_link,payment_link,True,[],[],Relaxed
txn_003065,cust_000993,338.91,card,1176,11,10,0.9091,1,False,expired_card,0.83182,0,payment_link,payment_link,True,[],[],Relaxed
txn_009437,cust_002753,908.13,upi,396,25,18,0.72,2,False,authentication_failed,0.564,0,payment_link,payment_link,True,[],[],Relaxed
txn_000775,cust_001722,1119.48,upi,952,9,7,0.7778,3,False,insufficient_balance,0.47556,1,reminder,reminder,True,[],[],Relaxed
txn_006833,cust_000202,2453.91,upi,425,23,18,0.7826,2,False,gateway_error,0.67652,1,retry,retry,True,[],[],Relaxed
txn_000872,cust_000677,2099.97,upi,284,10,8,0.8,4,False,gateway_error,0.27,0,retry,payment_link,True,[],"[{'action': 'retry', 'reasons': ['maximum_retry_attempts_exceeded']}]",Relaxed
txn_008750,cust_001397,1541.08,upi,482,8,5,0.625,1,False,expired_card,0.7749999999999999,1,payment_link,payment_link,True,[],[],Relaxed
txn_001264,cust_001977,1280.77,card,228,29,23,0.7931,3,False,insufficient_balance,0.39862,0,payment_link,payment_link,True,[],[],Relaxed
txn_004834,cust_002341,506.08,upi,194,25,18,0.72,2,False,network_error,0.714,0,retry,retry,True,[],[],Relaxed
txn_003895,cust_002216,2565.55,upi,939,11,9,0.8182,1,False,bank_decline,0.64364,1,retry,retry,True,[],[],Relaxed
txn_006324,cust_002011,2371.92,wallet,265,24,19,0.7917,1,False,bank_decline,0.6383399999999999,1,retry,retry,True,[],[],Relaxed
txn_009213,cust_001846,543.34,upi,406,29,22,0.7586,3,False,bank_decline,0.47172000000000003,1,retry,retry,True,[],[],Relaxed
txn_007020,cust_001250,1342.82,netbanking,687,5,4,0.8,1,False,expired_card,0.81,1,payment_link,payment_link,True,[],[],Relaxed
txn_001221,cust_003141,3610.89,wallet,1394,9,6,0.6667,2,False,insufficient_balance,0.53334,0,reminder,reminder,True,[],[],Relaxed
txn_001447,cust_001121,812.95,wallet,737,14,11,0.7857,4,False,network_error,0.26714000000000004,0,retry,payment_link,True,[],"[{'action': 'retry', 'reasons': ['maximum_retry_attempts_exceeded']}]",Relaxed
txn_003185,cust_002526,1253.54,upi,794,1,1,1.0,1,False,insufficient_balance,0.6799999999999999,1,reminder,reminder,True,[],[],Relaxed
txn_000409,cust_001791,1939.91,upi,1117,2,1,0.5,2,False,insufficient_balance,0.5000000000000001,1,reminder,reminder,True,[],[],Relaxed
txn_004345,cust_001481,1876.55,card,140,5,2,0.4,2,False,gateway_error,0.6,0,retry,retry,True,[],[],Relaxed
txn_003022,cust_001523,770.89,upi,1382,16,10,0.625,2,False,bank_decline,0.525,1,retry,retry,True,[],[],Relaxed
txn_002304,cust_002599,681.65,wallet,123,15,14,0.9333,4,False,bank_decline,0.32665999999999995,0,retry,payment_link,True,[],"[{'action': 'retry', 'reasons': ['maximum_retry_attempts_exceeded']}]",Relaxed
txn_006272,cust_003114,1775.18,netbanking,445,14,11,0.7857,4,False,bank_decline,0.29713999999999996,0,retry,payment_link,True,[],"[{'action': 'retry', 'reasons': ['maximum_retry_attempts_exceeded']}]",Relaxed
txn_008281,cust_002493,537.16,card,382,3,1,0.3333,3,False,bank_decline,0.3866599999999999,0,retry,retry,True,[],[],Relaxed
txn_006642,cust_002654,246.14,upi,120,15,12,0.8,1,False,insufficient_balance,0.64,0,reminder,reminder,True,[],[],Relaxed
txn_006956,cust_000872,2105.51,card,63,10,8,0.8,2,False,bank_decline,0.56,0,retry,retry,True,[],[],Relaxed
txn_002110,cust_003319,196.65,wallet,241,5,4,0.8,4,False,network_error,0.27,0,retry,payment_link,True,[],"[{'action': 'retry', 'reasons': ['maximum_retry_attempts_exceeded']}]",Relaxed
txn_005352,cust_001949,1361.6,wallet,940,2,2,1.0,3,False,expired_card,0.69,1,payment_link,payment_link,True,[],[],Relaxed
txn_009684,cust_002394,478.31,card,1448,17,14,0.8235,2,False,bank_decline,0.5647000000000001,0,retry,retry,True,[],[],Relaxed
txn_008344,cust_000887,4454.51,wallet,515,28,16,0.5714,1,False,network_error,0.76428,1,retry,retry,True,[],[],Relaxed
txn_004550,cust_000702,1758.04,card,1485,29,21,0.7241,3,False,bank_decline,0.4648199999999999,0,retry,retry,True,[],[],Relaxed
txn_001881,cust_002459,1736.75,card,222,8,6,0.75,1,False,bank_decline,0.63,0,retry,retry,True,[],[],Relaxed
txn_005946,cust_001526,3488.84,netbanking,826,15,13,0.8667,2,False,insufficient_balance,0.5733400000000001,0,reminder,reminder,True,[],[],Relaxed
txn_001738,cust_000456,661.37,wallet,88,8,8,1.0,2,False,network_error,0.77,1,retry,retry,True,[],[],Relaxed
txn_007794,cust_001387,1729.77,netbanking,1145,10,8,0.8,4,False,authentication_failed,0.37,0,reminder,reminder,True,[],[],Relaxed
txn_005213,cust_000771,2445.35,card,429,1,0,0.0,3,False,bank_decline,0.18999999999999997,0,reminder,reminder,True,[],[],Relaxed
txn_003209,cust_000363,257.41,wallet,1394,19,16,0.8421,3,False,gateway_error,0.60842,1,retry,retry,True,[],[],Relaxed
txn_007083,cust_002709,482.42,card,139,0,0,0.0,4,True,expired_card,0.35999999999999993,0,payment_link,payment_link,True,[],[],Relaxed
txn_002056,cust_002199,1285.23,card,108,23,13,0.5652,1,False,authentication_failed,0.56304,1,reminder,reminder,True,[],[],Relaxed
txn_001689,cust_003293,675.88,netbanking,1441,18,14,0.7778,4,False,bank_decline,0.29556000000000004,1,retry,payment_link,True,[],"[{'action': 'retry', 'reasons': ['maximum_retry_attempts_exceeded']}]",Relaxed
txn_004780,cust_002074,2376.34,card,1397,2,2,1.0,1,False,network_error,0.85,1,retry,retry,True,[],[],Relaxed
txn_007476,cust_002163,2486.73,card,1104,9,8,0.8889,2,False,authentication_failed,0.5977800000000001,0,payment_link,payment_link,True,[],[],Relaxed
txn_007877,cust_002382,742.92,card,1280,12,11,0.9167,3,False,bank_decline,0.50334,1,retry,retry,True,[],[],Relaxed
txn_006750,cust_002745,2075.89,card,492,7,4,0.5714,2,False,gateway_error,0.6342800000000001,0,retry,retry,True,[],[],Relaxed
txn_008556,cust_000605,502.07,upi,41,4,3,0.75,3,False,insufficient_balance,0.47,0,reminder,reminder,True,[],[],Relaxed
txn_008123,cust_002171,1116.62,netbanking,398,22,16,0.7273,1,False,gateway_error,0.74546,1,retry,retry,True,[],[],Relaxed
txn_006991,cust_000314,648.02,wallet,1138,18,14,0.7778,4,False,authentication_failed,0.41556000000000004,1,payment_link,payment_link,True,[],[],Relaxed
txn_008267,cust_001790,2103.61,wallet,1329,9,7,0.7778,2,False,expired_card,0.7255600000000001,1,payment_link,payment_link,True,[],[],Relaxed
txn_008540,cust_003132,296.06,upi,571,4,3,0.75,3,False,authentication_failed,0.43999999999999995,0,reminder,reminder,True,[],[],Relaxed
txn_003393,cust_001606,1278.56,netbanking,1454,16,13,0.8125,2,False,network_error,0.7325,1,retry,retry,True,[],[],Relaxed
txn_006326,cust_001631,1821.58,card,821,18,14,0.7778,4,False,expired_card,0.5655600000000001,1,payment_link,payment_link,True,[],[],Relaxed
txn_003529,cust_000135,326.0,upi,1220,13,11,0.8462,1,False,gateway_error,0.7692399999999999,0,retry,retry,True,[],[],Relaxed
txn_004605,cust_002633,994.32,wallet,375,13,11,0.8462,1,False,insufficient_balance,0.64924,0,reminder,reminder,True,[],[],Relaxed
txn_007024,cust_000609,4212.69,card,1456,25,16,0.64,3,False,gateway_error,0.568,1,retry,retry,True,[],[],Relaxed
txn_006322,cust_002108,1619.31,wallet,1213,23,18,0.7826,4,False,authentication_failed,0.41652,1,payment_link,payment_link,True,[],[],Relaxed
txn_000746,cust_000410,823.52,upi,1328,2,2,1.0,4,False,bank_decline,0.31000000000000005,1,retry,reminder,True,[],"[{'action': 'retry', 'reasons': ['maximum_retry_attempts_exceeded']}]",Relaxed
txn_000711,cust_002700,2074.66,card,1459,4,4,1.0,4,False,authentication_failed,0.45999999999999996,1,payment_link,payment_link,True,[],[],Relaxed
txn_000380,cust_001978,280.84,netbanking,23,22,15,0.6818,2,False,authentication_failed,0.5563600000000001,1,payment_link,payment_link,True,[],[],Relaxed
txn_008783,cust_002635,477.29,netbanking,929,24,17,0.7083,1,False,insufficient_balance,0.54166,0,payment_link,payment_link,True,[],[],Relaxed
txn_003012,cust_001864,952.62,netbanking,644,7,4,0.5714,1,False,expired_card,0.76428,0,payment_link,payment_link,True,[],[],Relaxed
txn_008859,cust_000269,2355.79,wallet,91,4,4,1.0,4,False,authentication_failed,0.41000000000000003,0,reminder,reminder,True,[],[],Relaxed
txn_007153,cust_002643,1925.42,upi,1359,4,4,1.0,4,False,insufficient_balance,0.43999999999999995,0,reminder,reminder,True,[],[],Relaxed
txn_008567,cust_002280,3247.29,upi,1376,8,5,0.625,2,False,network_error,0.695,1,retry,retry,True,[],[],Relaxed
txn_003498,cust_002472,453.2,netbanking,754,12,11,0.9167,2,False,insufficient_balance,0.5833400000000001,0,reminder,reminder,True,[],[],Relaxed
txn_003890,cust_003262,1626.49,wallet,625,15,13,0.8667,2,False,insufficient_balance,0.5733400000000001,0,reminder,reminder,True,[],[],Relaxed
txn_004485,cust_001424,512.45,upi,436,13,8,0.6154,4,False,gateway_error,0.23308,0,retry,payment_link,True,[],"[{'action': 'retry', 'reasons': ['maximum_retry_attempts_exceeded']}]",Relaxed
txn_004012,cust_000807,2432.81,netbanking,1023,14,12,0.8571,1,False,gateway_error,0.77142,0,retry,retry,True,[],[],Relaxed
txn_002620,cust_002219,2457.03,netbanking,564,12,10,0.8333,3,False,authentication_failed,0.45665999999999995,1,reminder,reminder,True,[],[],Relaxed
txn_006671,cust_001697,984.72,card,1276,25,19,0.76,1,False,insufficient_balance,0.552,1,payment_link,payment_link,True,[],[],Relaxed
txn_006513,cust_000992,1479.08,upi,672,18,13,0.7222,2,False,insufficient_balance,0.5444399999999999,1,reminder,reminder,True,[],[],Relaxed
txn_003468,cust_002999,3795.81,netbanking,750,12,9,0.75,4,False,insufficient_balance,0.39,0,reminder,reminder,True,[],[],Relaxed
txn_001314,cust_002736,1915.12,wallet,542,4,2,0.5,1,False,authentication_failed,0.55,0,reminder,reminder,True,[],[],Relaxed
txn_008606,cust_000606,727.55,netbanking,1360,24,19,0.7917,2,False,bank_decline,0.55834,1,retry,retry,True,[],[],Relaxed
txn_002070,cust_000784,3252.91,wallet,202,22,18,0.8182,3,False,insufficient_balance,0.48363999999999996,0,reminder,reminder,True,[],[],Relaxed
txn_002983,cust_001576,1326.13,upi,782,6,3,0.5,2,False,authentication_failed,0.5200000000000001,0,payment_link,payment_link,True,[],[],Relaxed
txn_005915,cust_001436,2314.25,upi,504,1,0,0.0,3,False,expired_card,0.4899999999999999,1,payment_link,payment_link,True,[],[],Relaxed
txn_009171,cust_003021,1153.36,card,1208,11,10,0.9091,1,False,bank_decline,0.6618200000000001,1,retry,retry,True,[],[],Relaxed
txn_001286,cust_002090,2401.73,netbanking,828,24,18,0.75,2,False,bank_decline,0.55,0,retry,retry,True,[],[],Relaxed
txn_008991,cust_002863,2348.38,wallet,121,10,9,0.9,4,False,gateway_error,0.29000000000000004,0,retry,payment_link,True,[],"[{'action': 'retry', 'reasons': ['maximum_retry_attempts_exceeded']}]",Relaxed
txn_008430,cust_000388,455.59,netbanking,1416,20,18,0.9,2,False,expired_card,0.75,1,payment_link,payment_link,True,[],[],Relaxed
txn_001350,cust_001309,4715.87,card,305,8,7,0.875,1,False,bank_decline,0.655,1,retry,retry,True,[],[],Relaxed
txn_002612,cust_001967,3694.55,netbanking,965,2,1,0.5,1,False,bank_decline,0.5800000000000001,0,retry,retry,True,[],[],Relaxed
txn_009495,cust_001971,697.06,netbanking,505,11,9,0.8182,1,False,gateway_error,0.76364,1,retry,retry,True,[],[],Relaxed
txn_003669,cust_000106,970.99,card,220,21,17,0.8095,3,False,insufficient_balance,0.4818999999999999,0,reminder,reminder,True,[],[],Relaxed
txn_002222,cust_002461,1107.89,netbanking,1013,8,4,0.5,2,False,gateway_error,0.62,1,retry,retry,True,[],[],Relaxed
txn_000428,cust_000451,979.34,upi,832,15,12,0.8,3,False,bank_decline,0.48,1,retry,retry,True,[],[],Relaxed
txn_000654,cust_001696,808.76,netbanking,1472,24,18,0.75,2,False,authentication_failed,0.5700000000000001,1,payment_link,payment_link,True,[],[],Relaxed
txn_009914,cust_001008,1713.62,netbanking,1071,22,17,0.7727,2,False,bank_decline,0.55454,1,retry,retry,True,[],[],Relaxed
txn_003536,cust_002144,1353.87,card,360,6,4,0.6667,2,False,network_error,0.70334,1,retry,retry,True,[],[],Relaxed
txn_007737,cust_000492,1573.19,wallet,799,25,22,0.88,4,False,network_error,0.28600000000000003,0,retry,payment_link,True,[],"[{'action': 'retry', 'reasons': ['maximum_retry_attempts_exceeded']}]",Relaxed
txn_003246,cust_001799,1182.94,card,385,23,18,0.7826,1,False,bank_decline,0.63652,0,retry,retry,True,[],[],Relaxed
txn_004741,cust_002225,748.02,upi,194,20,15,0.75,3,False,authentication_failed,0.49,1,payment_link,payment_link,True,[],[],Relaxed
txn_009069,cust_000545,2504.49,upi,35,4,4,1.0,3,False,authentication_failed,0.49,1,reminder,reminder,True,[],[],Relaxed
txn_004100,cust_000529,642.32,wallet,182,6,5,0.8333,2,False,bank_decline,0.56666,1,retry,retry,True,[],[],Relaxed
txn_004101,cust_002052,3620.57,upi,1216,4,3,0.75,2,False,expired_card,0.7200000000000001,1,payment_link,payment_link,True,[],[],Relaxed
txn_006960,cust_002027,1474.86,netbanking,1046,10,8,0.8,4,False,insufficient_balance,0.4,0,reminder,reminder,True,[],[],Relaxed
txn_000612,cust_003180,793.9,upi,283,12,11,0.9167,3,False,bank_decline,0.50334,1,retry,retry,True,[],[],Relaxed
txn_004289,cust_000139,203.89,upi,1319,12,11,0.9167,4,False,authentication_failed,0.44334000000000007,0,payment_link,payment_link,True,[],[],Relaxed
txn_008571,cust_002578,3546.44,wallet,889,12,11,0.9167,4,False,network_error,0.29334000000000005,1,retry,payment_link,True,[],"[{'action': 'retry', 'reasons': ['maximum_retry_attempts_exceeded']}]",Relaxed
txn_009713,cust_002196,3232.18,upi,1383,24,21,0.875,4,False,insufficient_balance,0.41500000000000004,0,reminder,reminder,True,[],[],Relaxed
txn_001544,cust_000147,295.02,card,681,21,16,0.7619,1,False,bank_decline,0.6323799999999999,1,retry,retry,True,[],[],Relaxed
txn_009536,cust_001818,3199.6,upi,68,4,2,0.5,3,False,network_error,0.59,0,retry,retry,True,[],[],Relaxed
txn_003854,cust_002648,5469.63,wallet,1300,4,3,0.75,1,False,insufficient_balance,0.63,1,reminder,reminder,True,[],[],Relaxed
txn_000555,cust_003289,989.61,upi,1426,7,6,0.8571,2,False,bank_decline,0.57142,1,retry,retry,True,[],[],Relaxed
txn_006366,cust_001323,1118.64,netbanking,58,24,19,0.7917,4,False,network_error,0.26834,0,retry,payment_link,True,[],"[{'action': 'retry', 'reasons': ['maximum_retry_attempts_exceeded']}]",Relaxed
txn_000512,cust_002015,1616.63,card,1196,21,14,0.6667,3,False,gateway_error,0.5733399999999998,0,retry,retry,True,[],[],Relaxed
txn_003207,cust_000486,265.66,netbanking,588,10,7,0.7,3,False,gateway_error,0.58,0,retry,retry,True,[],[],Relaxed
txn_008085,cust_001097,1666.47,card,689,3,2,0.6667,3,False,network_error,0.6233399999999999,1,retry,retry,True,[],[],Relaxed
txn_000968,cust_000289,926.43,card,1044,8,6,0.75,2,False,gateway_error,0.67,1,retry,retry,True,[],[],Relaxed
txn_006044,cust_001527,275.86,netbanking,170,10,8,0.8,2,False,gateway_error,0.68,0,retry,retry,True,[],[],Relaxed
txn_006880,cust_002941,207.41,wallet,1015,15,11,0.7333,4,False,bank_decline,0.2866599999999999,0,retry,payment_link,True,[],"[{'action': 'retry', 'reasons': ['maximum_retry_attempts_exceeded']}]",Relaxed
txn_006776,cust_001706,1227.99,card,1004,23,16,0.6957,4,False,network_error,0.24913999999999997,0,retry,payment_link,True,[],"[{'action': 'retry', 'reasons': ['maximum_retry_attempts_exceeded']}]",Relaxed
txn_003296,cust_003299,155.74,wallet,62,9,7,0.7778,3,False,network_error,0.64556,0,retry,retry,True,[],[],Relaxed
txn_008702,cust_000562,982.6,wallet,1040,24,17,0.7083,3,False,bank_decline,0.46165999999999996,0,retry,retry,True,[],[],Relaxed
txn_003430,cust_001901,1358.6,wallet,43,25,18,0.72,2,False,insufficient_balance,0.5439999999999999,0,reminder,reminder,True,[],[],Relaxed
txn_008871,cust_000449,2332.03,upi,362,3,1,0.3333,1,False,bank_decline,0.5466599999999999,1,retry,retry,True,[],[],Relaxed
txn_006963,cust_002980,1769.8,wallet,1312,22,19,0.8636,3,False,insufficient_balance,0.49271999999999994,1,reminder,reminder,True,[],[],Relaxed
txn_002089,cust_002845,2525.45,card,1121,2,2,1.0,4,False,gateway_error,0.31000000000000005,0,retry,payment_link,True,[],"[{'action': 'retry', 'reasons': ['maximum_retry_attempts_exceeded']}]",Relaxed
txn_008500,cust_001115,1982.14,wallet,731,25,15,0.6,4,False,bank_decline,0.26,0,retry,payment_link,True,[],"[{'action': 'retry', 'reasons': ['maximum_retry_attempts_exceeded']}]",Relaxed
txn_006163,cust_000543,1294.52,wallet,1120,17,13,0.7647,1,False,expired_card,0.80294,1,payment_link,payment_link,True,[],[],Relaxed
txn_003211,cust_001337,383.45,netbanking,1499,14,8,0.5714,4,False,authentication_failed,0.37427999999999995,0,payment_link,payment_link,True,[],[],Relaxed
txn_009201,cust_000681,1042.4,wallet,1272,3,2,0.6667,4,False,bank_decline,0.2733399999999999,1,retry,payment_link,True,[],"[{'action': 'retry', 'reasons': ['maximum_retry_attempts_exceeded']}]",Relaxed
txn_006606,cust_000426,1667.42,upi,967,20,15,0.75,3,False,authentication_failed,0.43999999999999995,0,reminder,reminder,True,[],[],Relaxed
txn_001110,cust_003274,330.0,upi,1318,0,0,0.0,3,True,authentication_failed,0.23999999999999994,1,reminder,reminder,True,[],[],Relaxed
txn_005729,cust_001735,1966.37,upi,35,24,23,0.9583,1,False,gateway_error,0.79166,1,retry,retry,True,[],[],Relaxed
txn_007830,cust_002727,995.14,netbanking,468,11,9,0.8182,1,False,insufficient_balance,0.56364,0,payment_link,payment_link,True,[],[],Relaxed
txn_001039,cust_001223,3604.7,card,543,9,9,1.0,1,False,bank_decline,0.6799999999999999,0,retry,retry,True,[],[],Relaxed
txn_001195,cust_001946,574.64,wallet,401,5,3,0.6,4,False,insufficient_balance,0.28,0,payment_link,payment_link,True,[],[],Relaxed
txn_004475,cust_001017,1253.9,netbanking,1337,4,2,0.5,4,False,gateway_error,0.21000000000000002,0,retry,payment_link,True,[],"[{'action': 'retry', 'reasons': ['maximum_retry_attempts_exceeded']}]",Relaxed
txn_009875,cust_001490,1468.32,wallet,1133,23,17,0.7391,2,False,bank_decline,0.5478200000000001,1,retry,retry,True,[],[],Relaxed
txn_002123,cust_003142,1577.91,upi,639,23,18,0.7826,1,False,network_error,0.8065199999999999,0,retry,retry,True,[],[],Relaxed
txn_004983,cust_001378,1162.86,card,41,24,16,0.6667,1,False,network_error,0.7833399999999999,1,retry,retry,True,[],[],Relaxed
txn_008974,cust_001984,172.02,netbanking,421,27,22,0.8148,3,False,expired_card,0.6529599999999999,1,payment_link,payment_link,True,[],[],Relaxed
txn_005701,cust_002221,154.39,card,207,17,13,0.7647,2,False,network_error,0.72294,1,retry,retry,True,[],[],Relaxed
txn_000935,cust_001969,903.25,wallet,499,28,21,0.75,4,False,bank_decline,0.29000000000000004,0,retry,payment_link,True,[],"[{'action': 'retry', 'reasons': ['maximum_retry_attempts_exceeded']}]",Relaxed
txn_006102,cust_002701,471.99,netbanking,612,5,3,0.6,1,False,authentication_failed,0.62,0,payment_link,payment_link,True,[],[],Relaxed
txn_004690,cust_000453,1299.48,wallet,519,21,15,0.7143,3,False,bank_decline,0.46285999999999994,0,retry,retry,True,[],[],Relaxed
txn_000395,cust_001589,2904.98,netbanking,1017,3,2,0.6667,3,False,authentication_failed,0.47334,0,payment_link,payment_link,True,[],[],Relaxed
txn_004686,cust_002902,1506.31,upi,1316,27,24,0.8889,1,False,bank_decline,0.65778,1,retry,retry,True,[],[],Relaxed
txn_008777,cust_002704,918.44,card,56,8,6,0.75,3,False,authentication_failed,0.49,1,payment_link,payment_link,True,[],[],Relaxed
txn_009166,cust_001285,941.7,upi,66,19,12,0.6316,3,False,insufficient_balance,0.44631999999999994,0,reminder,reminder,True,[],[],Relaxed
txn_005981,cust_001033,310.43,wallet,1406,26,16,0.6154,2,False,gateway_error,0.64308,1,retry,retry,True,[],[],Relaxed
txn_009943,cust_000001,1544.31,wallet,17,27,18,0.6667,4,False,insufficient_balance,0.37334,1,reminder,reminder,True,[],[],Relaxed
txn_002192,cust_000744,1155.4,card,208,28,25,0.8929,4,False,expired_card,0.58858,1,payment_link,payment_link,True,[],[],Relaxed
txn_001298,cust_001143,402.19,upi,790,19,11,0.5789,1,False,network_error,0.7657799999999999,1,retry,retry,True,[],[],Relaxed
txn_005045,cust_001861,1070.75,netbanking,879,6,4,0.6667,3,False,authentication_failed,0.47334,0,payment_link,payment_link,True,[],[],Relaxed
txn_001163,cust_000946,821.54,upi,1464,14,11,0.7857,3,False,network_error,0.6471399999999999,0,retry,retry,True,[],[],Relaxed
txn_004255,cust_000275,876.83,card,1216,12,10,0.8333,2,False,authentication_failed,0.5866600000000001,1,payment_link,payment_link,True,[],[],Relaxed
txn_006373,cust_000667,1583.22,upi,1258,0,0,0.0,1,True,insufficient_balance,0.3,0,retry,retry,True,[],[],Relaxed
txn_001528,cust_001063,3019.86,netbanking,35,16,11,0.6875,3,False,gateway_error,0.5775,0,retry,retry,True,[],[],Relaxed
txn_004343,cust_000430,1690.81,card,836,21,16,0.7619,1,False,network_error,0.80238,1,retry,retry,True,[],[],Relaxed
txn_002031,cust_002456,1514.59,netbanking,309,11,10,0.9091,4,False,insufficient_balance,0.4218200000000001,0,reminder,reminder,True,[],[],Relaxed
txn_003061,cust_000282,5473.15,netbanking,1275,6,4,0.6667,3,False,authentication_failed,0.47334,1,payment_link,payment_link,True,[],[],Relaxed
txn_000059,cust_001203,2440.26,netbanking,657,22,15,0.6818,2,False,network_error,0.70636,0,retry,retry,True,[],[],Relaxed
txn_002406,cust_001856,351.17,upi,1218,20,18,0.9,3,False,insufficient_balance,0.4999999999999999,1,reminder,reminder,True,[],[],Relaxed
txn_005007,cust_001344,1037.9,netbanking,805,9,6,0.6667,2,False,network_error,0.70334,1,retry,retry,True,[],[],Relaxed
txn_006158,cust_002444,575.69,netbanking,1162,23,15,0.6522,1,False,bank_decline,0.61044,1,retry,retry,True,[],[],Relaxed
txn_007376,cust_001744,1856.1,wallet,1038,9,5,0.5556,3,False,bank_decline,0.43111999999999995,0,retry,retry,True,[],[],Relaxed
txn_004507,cust_002790,1898.92,netbanking,572,27,18,0.6667,1,False,gateway_error,0.7333399999999999,1,retry,retry,True,[],[],Relaxed
txn_005215,cust_001020,1056.16,netbanking,618,9,8,0.8889,1,False,insufficient_balance,0.65778,1,reminder,reminder,True,[],[],Relaxed
txn_006030,cust_003314,969.28,upi,1099,11,9,0.8182,1,False,authentication_failed,0.66364,0,payment_link,payment_link,True,[],[],Relaxed
txn_001781,cust_002626,2247.25,wallet,1263,19,15,0.7895,1,False,gateway_error,0.7579,1,retry,retry,True,[],[],Relaxed
txn_005448,cust_002300,3153.66,card,537,15,13,0.8667,1,False,network_error,0.82334,1,retry,retry,True,[],[],Relaxed
txn_004607,cust_000345,373.29,card,910,12,7,0.5833,2,False,expired_card,0.68666,1,payment_link,payment_link,True,[],[],Relaxed
txn_006915,cust_002617,1026.35,upi,662,24,22,0.9167,2,False,expired_card,0.75334,1,payment_link,payment_link,True,[],[],Relaxed
txn_000677,cust_000164,4246.51,card,873,16,11,0.6875,1,False,network_error,0.7875,1,retry,retry,True,[],[],Relaxed
txn_003583,cust_002975,880.63,netbanking,59,0,0,0.0,1,True,insufficient_balance,0.43,1,reminder,reminder,True,[],[],Relaxed
txn_003654,cust_001804,1985.64,card,838,0,0,0.0,3,True,insufficient_balance,0.26999999999999996,1,reminder,reminder,True,[],[],Relaxed
txn_007921,cust_002759,588.82,upi,327,17,12,0.7059,2,False,bank_decline,0.5411800000000001,0,retry,retry,True,[],[],Relaxed
txn_009500,cust_000261,523.45,upi,226,21,17,0.8095,4,False,network_error,0.27190000000000003,0,retry,payment_link,True,[],"[{'action': 'retry', 'reasons': ['maximum_retry_attempts_exceeded']}]",Relaxed
txn_002733,cust_001306,388.7,upi,323,7,2,0.2857,4,False,network_error,0.13714000000000004,0,retry,reminder,True,[],"[{'action': 'retry', 'reasons': ['maximum_retry_attempts_exceeded']}]",Relaxed
txn_004788,cust_000205,618.25,card,195,4,4,1.0,4,False,network_error,0.31000000000000005,0,retry,payment_link,True,[],"[{'action': 'retry', 'reasons': ['maximum_retry_attempts_exceeded']}]",Relaxed
txn_002755,cust_002162,1758.78,card,292,1,0,0.0,3,False,gateway_error,0.43999999999999995,0,retry,retry,True,[],[],Relaxed
txn_002338,cust_002097,910.68,netbanking,91,9,7,0.7778,1,False,bank_decline,0.63556,0,retry,retry,True,[],[],Relaxed
txn_003644,cust_002469,1336.87,netbanking,1121,26,19,0.7308,1,False,bank_decline,0.62616,1,retry,retry,True,[],[],Relaxed
txn_007738,cust_000367,1673.59,wallet,398,4,4,1.0,2,False,bank_decline,0.6,0,retry,retry,True,[],[],Relaxed
txn_005517,cust_002748,731.72,wallet,728,17,14,0.8235,4,False,bank_decline,0.30469999999999997,0,retry,payment_link,True,[],"[{'action': 'retry', 'reasons': ['maximum_retry_attempts_exceeded']}]",Relaxed
txn_005247,cust_002679,638.25,wallet,172,19,14,0.7368,2,False,bank_decline,0.54736,0,retry,retry,True,[],[],Relaxed
txn_000867,cust_002928,624.47,netbanking,664,8,6,0.75,2,False,authentication_failed,0.5700000000000001,1,payment_link,payment_link,True,[],[],Relaxed
txn_004448,cust_000375,2326.67,card,401,25,22,0.88,4,False,gateway_error,0.256,1,retry,reminder,True,[],"[{'action': 'retry', 'reasons': ['maximum_retry_attempts_exceeded']}]",Relaxed
txn_005072,cust_002932,943.95,upi,1175,22,15,0.6818,4,False,network_error,0.24635999999999997,1,retry,payment_link,True,[],"[{'action': 'retry', 'reasons': ['maximum_retry_attempts_exceeded']}]",Relaxed
txn_004882,cust_000077,1110.35,wallet,1343,18,11,0.6111,1,False,network_error,0.7722199999999999,1,retry,retry,True,[],[],Relaxed
txn_009511,cust_001419,763.52,netbanking,1099,20,16,0.8,4,False,expired_card,0.5700000000000001,1,payment_link,payment_link,True,[],[],Relaxed
txn_003003,cust_002141,951.09,card,1165,20,18,0.9,2,False,bank_decline,0.58,1,retry,retry,True,[],[],Relaxed
txn_002226,cust_002332,305.48,upi,719,3,3,1.0,2,False,insufficient_balance,0.6,1,reminder,reminder,True,[],[],Relaxed
txn_009057,cust_002639,1462.88,card,1320,17,9,0.5294,4,False,gateway_error,0.21588000000000002,0,retry,payment_link,True,[],"[{'action': 'retry', 'reasons': ['maximum_retry_attempts_exceeded']}]",Relaxed
txn_004827,cust_002265,467.72,netbanking,386,24,17,0.7083,2,False,gateway_error,0.66166,0,retry,retry,True,[],[],Relaxed
txn_007622,cust_001962,1579.18,card,972,19,15,0.7895,1,False,bank_decline,0.6378999999999999,1,retry,retry,True,[],[],Relaxed
txn_009690,cust_001479,2135.67,card,282,1,1,1.0,1,False,gateway_error,0.8,1,retry,retry,True,[],[],Relaxed
txn_005501,cust_000908,835.6,netbanking,135,23,17,0.7391,4,False,network_error,0.25782,0,retry,payment_link,True,[],"[{'action': 'retry', 'reasons': ['maximum_retry_attempts_exceeded']}]",Relaxed
txn_009701,cust_002904,881.5,wallet,756,0,0,0.0,3,True,insufficient_balance,0.26999999999999996,0,reminder,reminder,True,[],[],Relaxed
txn_008479,cust_002371,2468.5,wallet,13,15,9,0.6,4,False,bank_decline,0.26,0,retry,payment_link,True,[],"[{'action': 'retry', 'reasons': ['maximum_retry_attempts_exceeded']}]",Relaxed
txn_005503,cust_002360,743.47,upi,516,10,8,0.8,2,False,bank_decline,0.56,0,retry,retry,True,[],[],Relaxed
txn_001211,cust_002470,710.58,wallet,725,1,0,0.0,2,False,bank_decline,0.26999999999999996,0,reminder,reminder,True,[],[],Relaxed
txn_009084,cust_002111,1005.37,card,356,26,18,0.6923,1,False,bank_decline,0.61846,1,retry,retry,True,[],[],Relaxed
txn_002289,cust_000921,3218.69,wallet,791,4,4,1.0,1,False,insufficient_balance,0.6799999999999999,1,reminder,reminder,True,[],[],Relaxed
txn_002184,cust_002839,1399.27,card,1199,23,16,0.6957,3,False,expired_card,0.6291399999999999,1,payment_link,payment_link,True,[],[],Relaxed
txn_002863,cust_001321,1068.13,wallet,403,9,7,0.7778,4,False,expired_card,0.5655600000000001,0,payment_link,payment_link,True,[],[],Relaxed
txn_006862,cust_001816,418.64,upi,29,10,7,0.7,3,False,gateway_error,0.58,0,retry,retry,True,[],[],Relaxed
txn_002363,cust_002748,449.2,upi,491,9,5,0.5556,1,False,insufficient_balance,0.59112,1,reminder,reminder,True,[],[],Relaxed
txn_008464,cust_003022,942.18,card,837,11,5,0.4545,3,False,bank_decline,0.41089999999999993,0,retry,retry,True,[],[],Relaxed
txn_006333,cust_001014,1704.89,upi,523,27,20,0.7407,3,False,authentication_failed,0.43814,1,reminder,reminder,True,[],[],Relaxed
txn_004065,cust_002079,790.01,card,479,26,19,0.7308,3,False,gateway_error,0.5861599999999999,1,retry,retry,True,[],[],Relaxed
txn_009547,cust_001629,458.02,upi,189,15,10,0.6667,4,False,gateway_error,0.21333999999999997,1,retry,reminder,True,[],"[{'action': 'retry', 'reasons': ['maximum_retry_attempts_exceeded']}]",Relaxed
txn_000618,cust_002041,183.18,card,1196,4,4,1.0,1,False,insufficient_balance,0.6799999999999999,1,reminder,reminder,True,[],[],Relaxed
txn_003282,cust_002763,2545.8,wallet,1344,8,6,0.75,2,False,network_error,0.7200000000000001,0,retry,retry,True,[],[],Relaxed
txn_005227,cust_001173,3161.58,card,783,20,15,0.75,3,False,network_error,0.64,1,retry,retry,True,[],[],Relaxed
txn_003398,cust_001791,7421.29,card,1146,9,6,0.6667,3,False,expired_card,0.6233399999999999,0,payment_link,payment_link,True,[],[],Relaxed
txn_003066,cust_001012,1018.04,netbanking,814,19,16,0.8421,3,False,bank_decline,0.48841999999999997,0,retry,retry,True,[],[],Relaxed
txn_000767,cust_001710,848.04,card,476,20,15,0.75,4,False,insufficient_balance,0.31000000000000005,1,payment_link,payment_link,True,[],[],Relaxed
txn_007079,cust_003000,3763.43,card,1180,6,0,0.0,1,False,authentication_failed,0.5,1,payment_link,payment_link,True,[],[],Relaxed
txn_005280,cust_000942,1561.66,upi,1333,8,4,0.5,2,False,expired_card,0.67,0,payment_link,payment_link,True,[],[],Relaxed
txn_004150,cust_002095,1128.68,card,736,20,12,0.6,1,False,expired_card,0.77,1,payment_link,payment_link,True,[],[],Relaxed
txn_001145,cust_002447,383.77,netbanking,243,9,5,0.5556,3,False,gateway_error,0.5511199999999999,0,retry,retry,True,[],[],Relaxed
txn_004249,cust_003245,2127.63,netbanking,318,2,2,1.0,3,False,bank_decline,0.5199999999999999,1,retry,retry,True,[],[],Relaxed
txn_004111,cust_000402,3249.8,upi,1012,17,15,0.8824,4,False,network_error,0.28648000000000007,0,retry,payment_link,True,[],"[{'action': 'retry', 'reasons': ['maximum_retry_attempts_exceeded']}]",Relaxed
txn_000463,cust_001106,122.53,upi,1118,2,1,0.5,1,False,authentication_failed,0.55,0,reminder,reminder,True,[],[],Relaxed
txn_002933,cust_001982,1862.52,card,273,28,19,0.6786,1,False,network_error,0.78572,1,retry,retry,True,[],[],Relaxed
txn_004624,cust_000328,712.87,netbanking,667,24,21,0.875,4,False,bank_decline,0.31499999999999995,1,retry,payment_link,True,[],"[{'action': 'retry', 'reasons': ['maximum_retry_attempts_exceeded']}]",Relaxed
txn_003814,cust_002374,575.68,wallet,1322,16,13,0.8125,3,False,bank_decline,0.48250000000000004,0,retry,retry,True,[],[],Relaxed
txn_006309,cust_000238,795.73,netbanking,806,23,14,0.6087,2,False,gateway_error,0.6417400000000001,1,retry,retry,True,[],[],Relaxed
txn_004342,cust_000112,967.95,wallet,1192,9,6,0.6667,1,False,bank_decline,0.61334,1,retry,retry,True,[],[],Relaxed
txn_005301,cust_001712,456.43,wallet,356,1,1,1.0,4,False,gateway_error,0.31000000000000005,0,retry,payment_link,True,[],"[{'action': 'retry', 'reasons': ['maximum_retry_attempts_exceeded']}]",Relaxed
txn_006805,cust_001349,357.76,wallet,520,12,9,0.75,3,False,insufficient_balance,0.47,1,reminder,reminder,True,[],[],Relaxed
txn_003283,cust_000900,2734.24,wallet,175,15,13,0.8667,4,False,expired_card,0.58334,0,payment_link,payment_link,True,[],[],Relaxed
txn_002575,cust_003063,787.97,card,1403,23,20,0.8696,2,False,bank_decline,0.5739200000000001,0,retry,retry,True,[],[],Relaxed
txn_007962,cust_001350,1119.62,card,1141,14,10,0.7143,2,False,insufficient_balance,0.54286,1,reminder,reminder,True,[],[],Relaxed
txn_007880,cust_001654,1380.39,card,1074,3,3,1.0,3,False,insufficient_balance,0.5199999999999999,0,reminder,reminder,True,[],[],Relaxed
txn_000829,cust_001955,2549.43,card,975,15,12,0.8,3,False,expired_card,0.65,1,payment_link,payment_link,True,[],[],Relaxed
txn_006487,cust_001063,770.81,netbanking,1420,3,3,1.0,2,False,bank_decline,0.6,1,retry,retry,True,[],[],Relaxed
txn_007600,cust_000598,252.0,wallet,484,20,16,0.8,3,False,bank_decline,0.48,0,retry,retry,True,[],[],Relaxed
txn_002541,cust_002895,3139.56,card,1112,10,6,0.6,2,False,gateway_error,0.64,0,retry,retry,True,[],[],Relaxed
txn_005747,cust_000823,1690.62,upi,273,20,16,0.8,3,False,gateway_error,0.6,1,retry,retry,True,[],[],Relaxed
txn_008527,cust_001251,903.01,card,879,15,13,0.8667,1,False,gateway_error,0.7733399999999999,1,retry,retry,True,[],[],Relaxed
txn_009567,cust_000225,1365.76,upi,650,4,3,0.75,2,False,gateway_error,0.67,1,retry,retry,True,[],[],Relaxed
txn_003743,cust_001197,619.22,card,1281,12,11,0.9167,1,False,expired_card,0.83334,1,payment_link,payment_link,True,[],[],Relaxed
txn_007499,cust_000286,698.88,netbanking,907,10,8,0.8,2,False,gateway_error,0.68,1,retry,retry,True,[],[],Relaxed
txn_003525,cust_002258,706.83,netbanking,837,17,13,0.7647,2,False,network_error,0.72294,1,retry,retry,True,[],[],Relaxed
txn_000021,cust_000505,657.34,upi,1387,29,23,0.7931,3,False,authentication_failed,0.49861999999999995,0,payment_link,payment_link,True,[],[],Relaxed
txn_001916,cust_002126,1228.59,wallet,1320,0,0,0.0,4,True,bank_decline,0.09000000000000001,0,retry,payment_link,True,[],"[{'action': 'retry', 'reasons': ['maximum_retry_attempts_exceeded']}]",Relaxed
txn_006572,cust_002975,1032.59,upi,1485,17,10,0.5882,3,False,insufficient_balance,0.4376399999999999,1,reminder,reminder,True,[],[],Relaxed
txn_009019,cust_003116,2162.08,upi,1388,21,16,0.7619,2,False,authentication_failed,0.57238,1,payment_link,payment_link,True,[],[],Relaxed
txn_002013,cust_000206,4402.29,card,1168,13,9,0.6923,3,False,gateway_error,0.5784599999999999,1,retry,retry,True,[],[],Relaxed
txn_005406,cust_003197,2557.67,netbanking,1212,3,2,0.6667,3,False,insufficient_balance,0.45333999999999997,0,reminder,reminder,True,[],[],Relaxed
txn_001296,cust_001668,1165.19,netbanking,1026,20,14,0.7,1,False,authentication_failed,0.59,0,reminder,reminder,True,[],[],Relaxed
txn_003746,cust_000822,3100.79,netbanking,659,20,10,0.5,3,False,bank_decline,0.42000000000000004,0,retry,retry,True,[],[],Relaxed
txn_000592,cust_002275,875.13,netbanking,1141,23,19,0.8261,2,False,authentication_failed,0.58522,0,payment_link,payment_link,True,[],[],Relaxed
txn_001407,cust_000118,1654.44,upi,1437,20,15,0.75,2,False,insufficient_balance,0.55,0,reminder,reminder,True,[],[],Relaxed
txn_000222,cust_000512,355.01,wallet,61,7,7,1.0,2,False,bank_decline,0.6,1,retry,retry,True,[],[],Relaxed
txn_005618,cust_003042,792.86,netbanking,663,28,23,0.8214,1,False,bank_decline,0.64428,1,retry,retry,True,[],[],Relaxed
txn_006249,cust_001707,1234.34,card,43,17,13,0.7647,3,False,authentication_failed,0.49294000000000004,0,payment_link,payment_link,True,[],[],Relaxed
txn_004419,cust_001330,2179.33,card,1080,3,2,0.6667,1,False,gateway_error,0.7333399999999999,1,retry,retry,True,[],[],Relaxed
txn_000859,cust_001156,639.24,netbanking,291,17,15,0.8824,4,False,bank_decline,0.31648,0,retry,payment_link,True,[],"[{'action': 'retry', 'reasons': ['maximum_retry_attempts_exceeded']}]",Relaxed
txn_001784,cust_001472,311.69,netbanking,447,25,19,0.76,1,False,bank_decline,0.632,0,retry,retry,True,[],[],Relaxed
txn_007260,cust_003117,1139.31,card,1312,7,4,0.5714,2,False,bank_decline,0.51428,1,retry,retry,True,[],[],Relaxed
txn_006857,cust_003265,2043.74,upi,470,21,15,0.7143,4,False,insufficient_balance,0.38286,0,reminder,reminder,True,[],[],Relaxed
txn_001955,cust_003308,2162.39,upi,1337,23,14,0.6087,2,False,bank_decline,0.52174,1,retry,retry,True,[],[],Relaxed
txn_001747,cust_000327,1546.74,upi,503,26,17,0.6538,3,False,bank_decline,0.45075999999999994,1,retry,retry,True,[],[],Relaxed
txn_003133,cust_000119,212.86,netbanking,573,15,12,0.8,4,False,gateway_error,0.27,0,retry,payment_link,True,[],"[{'action': 'retry', 'reasons': ['maximum_retry_attempts_exceeded']}]",Relaxed
txn_008037,cust_001839,1530.38,upi,7,11,7,0.6364,2,False,gateway_error,0.64728,1,retry,retry,True,[],[],Relaxed
txn_008851,cust_001267,1220.58,netbanking,160,9,8,0.8889,4,False,bank_decline,0.31777999999999995,0,retry,payment_link,True,[],"[{'action': 'retry', 'reasons': ['maximum_retry_attempts_exceeded']}]",Relaxed
txn_000995,cust_000532,438.7,netbanking,708,2,2,1.0,3,False,authentication_failed,0.49,0,reminder,reminder,True,[],[],Relaxed
txn_006109,cust_001576,1083.44,upi,1430,0,0,0.0,1,True,authentication_failed,0.45,0,payment_link,payment_link,True,[],[],Relaxed
txn_000731,cust_001838,1060.47,upi,957,17,14,0.8235,1,False,expired_card,0.8147,1,payment_link,payment_link,True,[],[],Relaxed
txn_006975,cust_003060,492.58,card,1496,26,17,0.6538,2,False,bank_decline,0.53076,1,retry,retry,True,[],[],Relaxed
txn_006274,cust_003106,689.56,upi,282,26,21,0.8077,2,False,insufficient_balance,0.56154,1,reminder,reminder,True,[],[],Relaxed
txn_006752,cust_000318,3758.27,wallet,1245,23,15,0.6522,3,False,network_error,0.62044,1,retry,retry,True,[],[],Relaxed
txn_003510,cust_001488,515.52,card,436,20,16,0.8,4,False,bank_decline,0.30000000000000004,0,retry,payment_link,True,[],"[{'action': 'retry', 'reasons': ['maximum_retry_attempts_exceeded']}]",Relaxed
txn_003534,cust_001783,1600.18,netbanking,936,8,6,0.75,1,False,insufficient_balance,0.63,1,reminder,reminder,True,[],[],Relaxed
txn_002514,cust_002532,3072.17,netbanking,113,12,7,0.5833,4,False,network_error,0.22666000000000003,1,retry,payment_link,True,[],"[{'action': 'retry', 'reasons': ['maximum_retry_attempts_exceeded']}]",Relaxed
txn_005437,cust_002735,802.59,upi,454,28,21,0.75,1,False,insufficient_balance,0.55,0,payment_link,payment_link,True,[],[],Relaxed
txn_003626,cust_002583,1169.59,netbanking,1194,11,6,0.5455,1,False,expired_card,0.7591,1,payment_link,payment_link,True,[],[],Relaxed
txn_000466,cust_000471,199.83,netbanking,169,17,14,0.8235,2,False,insufficient_balance,0.5647000000000001,1,reminder,reminder,True,[],[],Relaxed
txn_006756,cust_001095,683.74,upi,1173,5,4,0.8,4,False,gateway_error,0.27,1,retry,payment_link,True,[],"[{'action': 'retry', 'reasons': ['maximum_retry_attempts_exceeded']}]",Relaxed
txn_006760,cust_002780,1157.6,upi,1003,8,6,0.75,4,False,bank_decline,0.29000000000000004,0,retry,payment_link,True,[],"[{'action': 'retry', 'reasons': ['maximum_retry_attempts_exceeded']}]",Relaxed
txn_007992,cust_001298,2344.53,upi,1136,29,21,0.7241,4,False,bank_decline,0.28481999999999996,0,retry,payment_link,True,[],"[{'action': 'retry', 'reasons': ['maximum_retry_attempts_exceeded']}]",Relaxed
txn_000158,cust_003159,860.84,wallet,1126,19,15,0.7895,2,False,insufficient_balance,0.5579,1,reminder,reminder,True,[],[],Relaxed
txn_003961,cust_000455,439.59,card,1065,1,1,1.0,4,False,bank_decline,0.33999999999999997,0,retry,payment_link,True,[],"[{'action': 'retry', 'reasons': ['maximum_retry_attempts_exceeded']}]",Relaxed
txn_008833,cust_002247,1530.62,netbanking,1271,25,21,0.84,2,False,network_error,0.738,0,retry,retry,True,[],[],Relaxed
txn_005471,cust_000759,1007.05,upi,186,0,0,0.0,3,True,bank_decline,0.13999999999999996,0,reminder,reminder,True,[],[],Relaxed
txn_000186,cust_001621,788.87,netbanking,796,1,1,1.0,2,False,insufficient_balance,0.6,1,reminder,reminder,True,[],[],Relaxed
txn_001003,cust_000688,576.17,netbanking,883,26,18,0.6923,3,False,bank_decline,0.45846,1,retry,retry,True,[],[],Relaxed
txn_009509,cust_002988,1285.92,upi,461,25,16,0.64,1,False,bank_decline,0.608,0,retry,retry,True,[],[],Relaxed
txn_005624,cust_003087,900.48,netbanking,1074,1,0,0.0,3,False,bank_decline,0.31999999999999995,1,retry,retry,True,[],[],Relaxed
txn_000401,cust_001541,1519.57,wallet,1001,15,10,0.6667,2,False,bank_decline,0.53334,0,retry,retry,True,[],[],Relaxed
txn_006241,cust_002927,520.26,netbanking,866,22,17,0.7727,3,False,authentication_failed,0.49454,0,payment_link,payment_link,True,[],[],Relaxed
txn_008941,cust_001728,520.48,card,619,1,1,1.0,4,False,insufficient_balance,0.43999999999999995,1,reminder,reminder,True,[],[],Relaxed
txn_009933,cust_000484,2893.68,wallet,959,5,2,0.4,1,False,authentication_failed,0.5800000000000001,0,payment_link,payment_link,True,[],[],Relaxed
txn_007343,cust_002978,1636.63,netbanking,582,6,4,0.6667,4,False,network_error,0.24333999999999995,0,retry,payment_link,True,[],"[{'action': 'retry', 'reasons': ['maximum_retry_attempts_exceeded']}]",Relaxed
txn_009833,cust_003271,276.05,card,781,12,9,0.75,2,False,network_error,0.7200000000000001,0,retry,retry,True,[],[],Relaxed
txn_008467,cust_002978,155.21,netbanking,604,8,8,1.0,3,False,bank_decline,0.5199999999999999,1,retry,retry,True,[],[],Relaxed
txn_008757,cust_000472,4954.64,wallet,593,27,20,0.7407,3,False,gateway_error,0.58814,0,retry,retry,True,[],[],Relaxed
txn_007959,cust_002668,195.15,upi,700,1,1,1.0,1,False,network_error,0.85,1,retry,retry,True,[],[],Relaxed
txn_001251,cust_001237,1079.21,netbanking,1406,6,5,0.8333,3,False,insufficient_balance,0.48666,0,reminder,reminder,True,[],[],Relaxed
txn_003144,cust_000103,10484.88,wallet,1113,28,17,0.6071,3,False,insufficient_balance,0.44142000000000003,0,reminder,reminder,True,[],[],Relaxed
txn_007431,cust_000691,209.63,upi,1281,27,22,0.8148,3,False,bank_decline,0.48295999999999994,0,retry,retry,True,[],[],Relaxed
txn_000060,cust_002393,2154.92,wallet,210,11,5,0.4545,1,False,gateway_error,0.6909000000000001,1,retry,retry,True,[],[],Relaxed
txn_007856,cust_000808,1526.83,card,665,14,12,0.8571,4,False,network_error,0.28142,1,retry,payment_link,True,[],"[{'action': 'retry', 'reasons': ['maximum_retry_attempts_exceeded']}]",Relaxed
txn_001114,cust_003296,1365.27,card,356,9,8,0.8889,4,False,insufficient_balance,0.41778000000000004,1,reminder,reminder,True,[],[],Relaxed
txn_003058,cust_002892,3770.34,netbanking,492,5,4,0.8,3,False,authentication_failed,0.5,0,payment_link,payment_link,True,[],[],Relaxed
txn_009570,cust_001756,2447.5,netbanking,1477,14,11,0.7857,2,False,network_error,0.72714,1,retry,retry,True,[],[],Relaxed
txn_001329,cust_002734,527.51,card,1404,5,5,1.0,3,False,authentication_failed,0.5399999999999999,0,payment_link,payment_link,True,[],[],Relaxed
txn_004996,cust_002364,352.95,card,162,8,6,0.75,3,False,insufficient_balance,0.47,1,reminder,reminder,True,[],[],Relaxed
txn_006683,cust_002442,767.54,wallet,1128,11,6,0.5455,2,False,gateway_error,0.6291000000000001,0,retry,retry,True,[],[],Relaxed
txn_002073,cust_002216,318.86,wallet,654,27,19,0.7037,2,False,gateway_error,0.66074,0,retry,retry,True,[],[],Relaxed
txn_004794,cust_002454,825.99,upi,381,9,7,0.7778,2,False,authentication_failed,0.5755600000000001,1,payment_link,payment_link,True,[],[],Relaxed
txn_006830,cust_002846,604.94,upi,581,3,2,0.6667,1,False,gateway_error,0.7333399999999999,0,retry,retry,True,[],[],Relaxed
txn_009630,cust_000490,1267.5,card,473,29,20,0.6897,1,False,insufficient_balance,0.53794,0,payment_link,payment_link,True,[],[],Relaxed
txn_008219,cust_001049,1452.59,wallet,350,2,1,0.5,2,False,bank_decline,0.5000000000000001,0,retry,retry,True,[],[],Relaxed
txn_007568,cust_002024,394.95,card,1336,9,6,0.6667,1,False,bank_decline,0.61334,1,retry,retry,True,[],[],Relaxed
txn_005923,cust_002446,1695.14,card,1287,17,13,0.7647,2,False,bank_decline,0.5529400000000001,0,retry,retry,True,[],[],Relaxed
txn_001551,cust_002655,381.05,upi,260,19,15,0.7895,1,False,expired_card,0.8079,0,payment_link,payment_link,True,[],[],Relaxed
txn_001010,cust_002847,713.8,wallet,1204,4,3,0.75,2,False,bank_decline,0.55,0,retry,retry,True,[],[],Relaxed
txn_003756,cust_003258,2203.77,netbanking,1441,1,0,0.0,1,False,bank_decline,0.48,0,retry,retry,True,[],[],Relaxed
txn_008682,cust_001773,955.23,netbanking,1172,2,1,0.5,1,False,gateway_error,0.7,0,retry,retry,True,[],[],Relaxed
txn_009343,cust_002927,1440.98,wallet,1384,21,14,0.6667,4,False,gateway_error,0.24333999999999995,0,retry,payment_link,True,[],"[{'action': 'retry', 'reasons': ['maximum_retry_attempts_exceeded']}]",Relaxed
txn_008010,cust_002490,1274.4,card,220,14,9,0.6429,3,False,bank_decline,0.44857999999999987,0,retry,retry,True,[],[],Relaxed
txn_003861,cust_002039,1980.42,netbanking,1188,18,13,0.7222,2,False,network_error,0.71444,1,retry,retry,True,[],[],Relaxed
txn_003149,cust_002835,2038.3,card,1240,1,1,1.0,4,False,gateway_error,0.31000000000000005,0,retry,payment_link,True,[],"[{'action': 'retry', 'reasons': ['maximum_retry_attempts_exceeded']}]",Relaxed
txn_002520,cust_002072,2625.44,netbanking,198,9,9,1.0,2,False,bank_decline,0.6,1,retry,retry,True,[],[],Relaxed
txn_003128,cust_000192,489.6,wallet,105,16,11,0.6875,3,False,authentication_failed,0.4275,1,reminder,reminder,True,[],[],Relaxed
txn_009085,cust_000119,4712.97,upi,462,2,1,0.5,1,False,bank_decline,0.5800000000000001,0,retry,retry,True,[],[],Relaxed
txn_005317,cust_000998,856.2,upi,1311,6,5,0.8333,3,False,bank_decline,0.48666,1,retry,retry,True,[],[],Relaxed
txn_001196,cust_001172,1708.74,card,435,10,7,0.7,4,False,gateway_error,0.24999999999999994,0,retry,payment_link,True,[],"[{'action': 'retry', 'reasons': ['maximum_retry_attempts_exceeded']}]",Relaxed
txn_009051,cust_002173,1160.67,wallet,575,26,21,0.8077,3,False,gateway_error,0.60154,1,retry,retry,True,[],[],Relaxed
txn_000880,cust_002798,1282.73,wallet,134,12,7,0.5833,2,False,bank_decline,0.51666,0,retry,retry,True,[],[],Relaxed
txn_006990,cust_002975,1981.72,netbanking,1200,14,12,0.8571,4,False,expired_card,0.58142,0,payment_link,payment_link,True,[],[],Relaxed
txn_002488,cust_002903,1853.08,upi,950,12,8,0.6667,1,False,bank_decline,0.61334,1,retry,retry,True,[],[],Relaxed
txn_002841,cust_000090,2665.2,netbanking,1405,18,13,0.7222,4,False,network_error,0.25443999999999994,0,retry,payment_link,True,[],"[{'action': 'retry', 'reasons': ['maximum_retry_attempts_exceeded']}]",Relaxed
txn_004330,cust_002933,781.27,netbanking,151,6,3,0.5,4,False,insufficient_balance,0.3400000000000001,1,reminder,reminder,True,[],[],Relaxed
txn_002931,cust_002988,719.08,netbanking,1155,15,11,0.7333,4,False,bank_decline,0.2866599999999999,0,retry,payment_link,True,[],"[{'action': 'retry', 'reasons': ['maximum_retry_attempts_exceeded']}]",Relaxed
txn_006425,cust_001788,493.11,netbanking,1058,9,8,0.8889,3,False,gateway_error,0.6177799999999999,0,retry,retry,True,[],[],Relaxed
txn_002486,cust_000627,1192.77,wallet,1003,28,25,0.8929,4,False,authentication_failed,0.38858000000000004,0,reminder,reminder,True,[],[],Relaxed
txn_005748,cust_001131,682.67,card,460,4,4,1.0,4,False,authentication_failed,0.45999999999999996,1,payment_link,payment_link,True,[],[],Relaxed
txn_000884,cust_002986,1416.91,upi,890,26,19,0.7308,4,False,bank_decline,0.28615999999999997,1,retry,payment_link,True,[],"[{'action': 'retry', 'reasons': ['maximum_retry_attempts_exceeded']}]",Relaxed
txn_004915,cust_001474,576.57,wallet,14,24,21,0.875,1,False,insufficient_balance,0.525,0,retry,retry,True,[],[],Relaxed
txn_006211,cust_000242,3962.77,netbanking,1273,24,16,0.6667,1,False,gateway_error,0.7333399999999999,1,retry,retry,True,[],[],Relaxed
txn_009579,cust_003312,910.15,upi,114,29,21,0.7241,3,False,bank_decline,0.4648199999999999,0,retry,retry,True,[],[],Relaxed
txn_000212,cust_002905,4854.18,wallet,368,2,1,0.5,4,False,authentication_failed,0.3600000000000001,1,payment_link,payment_link,True,[],[],Relaxed
txn_002276,cust_003092,1265.13,card,976,10,6,0.6,2,False,expired_card,0.6900000000000001,1,payment_link,payment_link,True,[],[],Relaxed
txn_002329,cust_001725,4200.2,netbanking,1243,1,1,1.0,1,False,insufficient_balance,0.6799999999999999,0,reminder,reminder,True,[],[],Relaxed
txn_004951,cust_002145,1443.09,wallet,1144,7,6,0.8571,4,False,network_error,0.28142,1,retry,payment_link,True,[],"[{'action': 'retry', 'reasons': ['maximum_retry_attempts_exceeded']}]",Relaxed
txn_003320,cust_002178,515.32,wallet,1217,29,20,0.6897,4,False,network_error,0.24794,0,retry,payment_link,True,[],"[{'action': 'retry', 'reasons': ['maximum_retry_attempts_exceeded']}]",Relaxed
txn_009835,cust_000229,1112.62,wallet,809,28,23,0.8214,1,False,expired_card,0.81428,0,payment_link,payment_link,True,[],[],Relaxed
txn_004608,cust_002561,1107.57,card,724,29,21,0.7241,1,False,network_error,0.79482,1,retry,retry,True,[],[],Relaxed
txn_001439,cust_001400,1526.81,wallet,568,0,0,0.0,3,True,authentication_failed,0.29,0,payment_link,payment_link,True,[],[],Relaxed
txn_000468,cust_000615,635.69,wallet,1076,18,18,1.0,2,False,authentication_failed,0.5700000000000001,1,reminder,reminder,True,[],[],Relaxed
txn_005467,cust_002714,1131.34,card,898,12,6,0.5,1,False,authentication_failed,0.6000000000000001,0,payment_link,payment_link,True,[],[],Relaxed
txn_003330,cust_001387,477.57,upi,544,25,19,0.76,2,False,insufficient_balance,0.552,0,reminder,reminder,True,[],[],Relaxed
txn_005829,cust_002210,291.84,upi,1157,10,6,0.6,3,False,bank_decline,0.43999999999999995,0,retry,retry,True,[],[],Relaxed
txn_008608,cust_002139,1914.5,netbanking,1354,26,19,0.7308,1,False,authentication_failed,0.6461600000000001,1,payment_link,payment_link,True,[],[],Relaxed
txn_000697,cust_003091,600.87,netbanking,1145,29,25,0.8621,1,False,insufficient_balance,0.57242,1,payment_link,payment_link,True,[],[],Relaxed
txn_007268,cust_003099,1369.71,netbanking,1093,28,20,0.7143,3,False,authentication_failed,0.43286,0,reminder,reminder,True,[],[],Relaxed
txn_009145,cust_002548,4696.48,upi,107,7,5,0.7143,4,False,insufficient_balance,0.30286,1,payment_link,payment_link,True,[],[],Relaxed
txn_008181,cust_001445,1137.27,wallet,268,22,17,0.7727,1,False,gateway_error,0.75454,1,retry,retry,True,[],[],Relaxed
txn_009939,cust_000229,722.07,upi,526,15,12,0.8,4,False,authentication_failed,0.42000000000000004,1,payment_link,payment_link,True,[],[],Relaxed
txn_001315,cust_002114,907.74,netbanking,963,12,10,0.8333,1,False,gateway_error,0.76666,0,retry,retry,True,[],[],Relaxed
txn_002302,cust_002240,1036.73,wallet,38,7,7,1.0,1,False,network_error,0.85,1,retry,retry,True,[],[],Relaxed
txn_002040,cust_002184,899.96,netbanking,983,16,11,0.6875,2,False,bank_decline,0.5375,0,retry,retry,True,[],[],Relaxed
txn_007109,cust_001064,1297.35,upi,1265,28,19,0.6786,1,False,network_error,0.78572,1,retry,retry,True,[],[],Relaxed
txn_003667,cust_000094,2006.18,netbanking,403,23,15,0.6522,1,False,insufficient_balance,0.61044,1,reminder,reminder,True,[],[],Relaxed
txn_000915,cust_003218,6755.6,card,829,0,0,0.0,1,True,insufficient_balance,0.35000000000000003,0,payment_link,payment_link,True,[],[],Relaxed
txn_000013,cust_001115,779.15,netbanking,1176,29,22,0.7586,3,False,expired_card,0.64172,1,payment_link,payment_link,True,[],[],Relaxed
txn_008584,cust_000151,1212.98,netbanking,765,5,4,0.8,3,False,insufficient_balance,0.48,0,reminder,reminder,True,[],[],Relaxed
txn_006428,cust_002586,2467.14,upi,90,11,8,0.7273,1,False,authentication_failed,0.6454599999999999,1,payment_link,payment_link,True,[],[],Relaxed
txn_001537,cust_000639,413.52,netbanking,24,16,13,0.8125,1,False,authentication_failed,0.6125,0,reminder,reminder,True,[],[],Relaxed
txn_000737,cust_003077,514.94,upi,123,22,16,0.7273,2,False,insufficient_balance,0.54546,0,reminder,reminder,True,[],[],Relaxed
txn_008202,cust_002195,1085.16,wallet,632,7,6,0.8571,1,False,bank_decline,0.65142,1,retry,retry,True,[],[],Relaxed
txn_008653,cust_001251,292.03,upi,485,9,5,0.5556,3,False,bank_decline,0.43111999999999995,0,retry,retry,True,[],[],Relaxed
txn_000454,cust_002661,1505.87,card,1116,12,10,0.8333,3,False,gateway_error,0.60666,1,retry,retry,True,[],[],Relaxed
txn_004346,cust_000254,295.45,card,1145,12,10,0.8333,2,False,insufficient_balance,0.56666,0,reminder,reminder,True,[],[],Relaxed
txn_000928,cust_002978,3056.37,wallet,1055,28,16,0.5714,3,False,bank_decline,0.4342799999999999,0,retry,retry,True,[],[],Relaxed
txn_006292,cust_002958,1656.7,netbanking,1493,28,18,0.6429,1,False,bank_decline,0.6085799999999999,0,retry,retry,True,[],[],Relaxed
txn_008282,cust_000051,1023.07,upi,657,18,12,0.6667,1,False,bank_decline,0.61334,1,retry,retry,True,[],[],Relaxed
txn_008723,cust_000919,1159.86,card,477,4,2,0.5,1,False,gateway_error,0.7,1,retry,retry,True,[],[],Relaxed
txn_006474,cust_000472,380.57,card,930,2,2,1.0,1,False,authentication_failed,0.65,1,reminder,reminder,True,[],[],Relaxed
txn_000038,cust_002020,649.81,wallet,695,6,5,0.8333,4,False,gateway_error,0.27666,1,retry,payment_link,True,[],"[{'action': 'retry', 'reasons': ['maximum_retry_attempts_exceeded']}]",Relaxed
txn_005771,cust_002544,787.55,upi,1137,2,0,0.0,3,False,authentication_failed,0.2899999999999999,1,reminder,reminder,True,[],[],Relaxed
txn_002555,cust_000267,992.29,netbanking,82,18,12,0.6667,3,False,authentication_failed,0.47334,1,payment_link,payment_link,True,[],[],Relaxed
txn_007633,cust_000815,1590.86,netbanking,674,7,6,0.8571,3,False,bank_decline,0.49141999999999997,0,retry,retry,True,[],[],Relaxed
txn_009999,cust_002330,389.58,wallet,775,0,0,0.0,4,True,expired_card,0.35999999999999993,1,payment_link,payment_link,True,[],[],Relaxed
txn_006621,cust_002239,2226.64,upi,813,9,8,0.8889,3,False,gateway_error,0.6177799999999999,1,retry,retry,True,[],[],Relaxed
txn_000941,cust_000144,344.23,upi,1252,21,12,0.5714,2,False,gateway_error,0.6342800000000001,0,retry,retry,True,[],[],Relaxed
txn_007399,cust_000420,801.24,wallet,942,2,1,0.5,4,False,bank_decline,0.24000000000000005,0,retry,payment_link,True,[],"[{'action': 'retry', 'reasons': ['maximum_retry_attempts_exceeded']}]",Relaxed
txn_006129,cust_002267,1239.13,upi,762,7,4,0.5714,3,False,bank_decline,0.4342799999999999,0,retry,retry,True,[],[],Relaxed
txn_009830,cust_002760,587.27,wallet,930,18,15,0.8333,3,False,network_error,0.6566599999999999,1,retry,retry,True,[],[],Relaxed
txn_002681,cust_001065,871.53,card,71,4,3,0.75,3,False,authentication_failed,0.49,0,payment_link,payment_link,True,[],[],Relaxed
txn_004355,cust_002638,100.0,card,701,16,13,0.8125,4,False,insufficient_balance,0.4025000000000001,0,reminder,reminder,True,[],[],Relaxed
txn_003059,cust_001286,1172.17,wallet,456,13,9,0.6923,4,False,gateway_error,0.24845999999999996,0,retry,payment_link,True,[],"[{'action': 'retry', 'reasons': ['maximum_retry_attempts_exceeded']}]",Relaxed
txn_007881,cust_001729,450.98,upi,774,18,14,0.7778,1,False,authentication_failed,0.65556,0,payment_link,payment_link,True,[],[],Relaxed
txn_000739,cust_000778,767.47,upi,737,24,19,0.7917,1,False,gateway_error,0.75834,1,retry,retry,True,[],[],Relaxed
txn_000539,cust_003002,1216.25,netbanking,1224,6,4,0.6667,3,False,insufficient_balance,0.45333999999999997,1,reminder,reminder,True,[],[],Relaxed
txn_003326,cust_002463,1650.76,card,792,3,3,1.0,1,False,authentication_failed,0.65,1,reminder,reminder,True,[],[],Relaxed
txn_004240,cust_003042,1594.89,card,57,3,3,1.0,3,False,authentication_failed,0.49,1,reminder,reminder,True,[],[],Relaxed
txn_001401,cust_000116,1352.08,netbanking,1230,0,0,0.0,3,True,insufficient_balance,0.26999999999999996,0,reminder,reminder,True,[],[],Relaxed
txn_004047,cust_001546,1825.34,wallet,1466,29,25,0.8621,1,False,gateway_error,0.77242,1,retry,retry,True,[],[],Relaxed
txn_005138,cust_000353,6283.37,netbanking,700,10,7,0.7,1,False,authentication_failed,0.6399999999999999,1,payment_link,payment_link,True,[],[],Relaxed
txn_004230,cust_002934,2235.39,card,153,11,6,0.5455,4,False,network_error,0.21910000000000002,0,retry,payment_link,True,[],"[{'action': 'retry', 'reasons': ['maximum_retry_attempts_exceeded']}]",Relaxed
txn_004192,cust_002096,2689.05,upi,614,10,6,0.6,1,False,network_error,0.77,0,retry,retry,True,[],[],Relaxed
txn_009143,cust_000236,1071.7,wallet,1048,10,8,0.8,3,False,insufficient_balance,0.48,1,reminder,reminder,True,[],[],Relaxed
txn_005539,cust_000780,395.36,wallet,1052,22,17,0.7727,3,False,expired_card,0.64454,0,payment_link,payment_link,True,[],[],Relaxed
txn_002693,cust_000685,824.33,upi,347,23,17,0.7391,3,False,bank_decline,0.46782,0,retry,retry,True,[],[],Relaxed
txn_005341,cust_001216,1124.25,netbanking,829,23,18,0.7826,3,False,network_error,0.6465199999999999,1,retry,retry,True,[],[],Relaxed
txn_009918,cust_003326,966.93,upi,676,8,7,0.875,3,False,authentication_failed,0.515,0,payment_link,payment_link,True,[],[],Relaxed
txn_007671,cust_001054,2271.79,netbanking,852,21,17,0.8095,4,False,bank_decline,0.30189999999999995,0,retry,payment_link,True,[],"[{'action': 'retry', 'reasons': ['maximum_retry_attempts_exceeded']}]",Relaxed
txn_009174,cust_002661,2591.09,netbanking,17,2,2,1.0,1,False,authentication_failed,0.7,1,payment_link,payment_link,True,[],[],Relaxed
txn_001808,cust_001925,1929.78,wallet,1224,9,6,0.6667,1,False,gateway_error,0.7333399999999999,1,retry,retry,True,[],[],Relaxed
txn_005112,cust_001642,957.59,wallet,696,5,4,0.8,1,False,network_error,0.81,0,retry,retry,True,[],[],Relaxed
txn_003990,cust_001673,527.13,wallet,1088,15,14,0.9333,4,False,bank_decline,0.32665999999999995,1,retry,payment_link,True,[],"[{'action': 'retry', 'reasons': ['maximum_retry_attempts_exceeded']}]",Relaxed
txn_003456,cust_001760,367.87,wallet,1100,8,6,0.75,3,False,authentication_failed,0.43999999999999995,0,reminder,reminder,True,[],[],Relaxed
txn_002908,cust_002373,412.8,netbanking,1218,7,4,0.5714,2,False,bank_decline,0.51428,1,retry,retry,True,[],[],Relaxed
txn_006652,cust_001559,464.1,upi,15,7,6,0.8571,1,False,expired_card,0.82142,1,payment_link,payment_link,True,[],[],Relaxed
txn_008288,cust_003233,276.27,netbanking,181,15,15,1.0,1,False,bank_decline,0.6799999999999999,1,retry,retry,True,[],[],Relaxed
txn_006245,cust_001854,854.01,netbanking,656,0,0,0.0,1,True,bank_decline,0.3,0,reminder,reminder,True,[],[],Relaxed
txn_002698,cust_000359,816.64,netbanking,410,27,19,0.7037,2,False,bank_decline,0.5407400000000001,0,retry,retry,True,[],[],Relaxed
txn_004017,cust_000586,837.26,netbanking,891,3,2,0.6667,2,False,authentication_failed,0.55334,1,payment_link,payment_link,True,[],[],Relaxed
txn_004340,cust_001891,851.25,wallet,475,8,5,0.625,2,False,bank_decline,0.525,0,retry,retry,True,[],[],Relaxed
txn_004646,cust_002973,1709.11,card,511,28,17,0.6071,3,False,gateway_error,0.5614199999999999,0,retry,retry,True,[],[],Relaxed
txn_007740,cust_001072,420.74,wallet,861,8,4,0.5,4,False,bank_decline,0.24000000000000005,0,retry,payment_link,True,[],"[{'action': 'retry', 'reasons': ['maximum_retry_attempts_exceeded']}]",Relaxed
txn_007092,cust_000985,1295.26,wallet,39,10,6,0.6,2,False,network_error,0.6900000000000001,1,retry,retry,True,[],[],Relaxed
txn_004693,cust_000622,645.33,upi,1145,26,23,0.8846,1,False,bank_decline,0.55692,1,payment_link,payment_link,True,[],[],Relaxed
txn_001740,cust_001359,3803.42,card,1173,4,4,1.0,1,False,insufficient_balance,0.6799999999999999,1,reminder,reminder,True,[],[],Relaxed
txn_005407,cust_000768,1771.67,upi,361,0,0,0.0,1,True,bank_decline,0.3,1,reminder,reminder,True,[],[],Relaxed
txn_004589,cust_003236,908.58,upi,735,5,5,1.0,4,False,gateway_error,0.31000000000000005,1,retry,payment_link,True,[],"[{'action': 'retry', 'reasons': ['maximum_retry_attempts_exceeded']}]",Relaxed
txn_003126,cust_002502,843.91,card,134,2,2,1.0,2,False,authentication_failed,0.5700000000000001,1,reminder,reminder,True,[],[],Relaxed
txn_002158,cust_000196,2297.06,wallet,401,29,23,0.7931,2,False,gateway_error,0.6786200000000001,0,retry,retry,True,[],[],Relaxed
txn_005334,cust_001047,2365.42,upi,359,19,15,0.7895,1,False,insufficient_balance,0.5579,1,payment_link,payment_link,True,[],[],Relaxed
txn_008637,cust_002816,1575.76,wallet,396,14,11,0.7857,3,False,bank_decline,0.47714,0,retry,retry,True,[],[],Relaxed
txn_001826,cust_001751,2170.13,netbanking,719,8,5,0.625,4,False,gateway_error,0.235,0,retry,payment_link,True,[],"[{'action': 'retry', 'reasons': ['maximum_retry_attempts_exceeded']}]",Relaxed
txn_004231,cust_000966,869.09,wallet,286,18,14,0.7778,1,False,insufficient_balance,0.63556,0,reminder,reminder,True,[],[],Relaxed
txn_003488,cust_001699,587.39,upi,847,6,3,0.5,3,False,bank_decline,0.42000000000000004,0,retry,retry,True,[],[],Relaxed
txn_009054,cust_000521,1799.15,wallet,519,5,4,0.8,1,False,insufficient_balance,0.64,1,reminder,reminder,True,[],[],Relaxed
txn_009769,cust_000399,1329.67,upi,918,25,18,0.72,2,False,expired_card,0.714,1,payment_link,payment_link,True,[],[],Relaxed
txn_003648,cust_001665,2555.95,wallet,1463,0,0,0.0,1,True,insufficient_balance,0.35000000000000003,0,payment_link,payment_link,True,[],[],Relaxed
txn_005903,cust_002385,488.25,card,971,1,1,1.0,4,False,gateway_error,0.31000000000000005,0,retry,payment_link,True,[],"[{'action': 'retry', 'reasons': ['maximum_retry_attempts_exceeded']}]",Relaxed
txn_006386,cust_003092,678.32,netbanking,924,27,22,0.8148,3,False,bank_decline,0.48295999999999994,0,retry,retry,True,[],[],Relaxed
txn_005639,cust_001969,611.59,card,183,9,6,0.6667,1,False,bank_decline,0.61334,1,retry,retry,True,[],[],Relaxed
txn_006424,cust_001406,370.34,upi,1361,24,19,0.7917,3,False,bank_decline,0.4783399999999999,0,retry,retry,True,[],[],Relaxed
txn_007827,cust_001037,999.68,wallet,1461,17,13,0.7647,1,False,network_error,0.80294,1,retry,retry,True,[],[],Relaxed
txn_007744,cust_000623,302.97,wallet,498,18,11,0.6111,2,False,network_error,0.69222,1,retry,retry,True,[],[],Relaxed
txn_003013,cust_001357,399.7,upi,1173,4,4,1.0,2,False,network_error,0.77,1,retry,retry,True,[],[],Relaxed
txn_007672,cust_003009,365.44,netbanking,257,18,14,0.7778,2,False,insufficient_balance,0.55556,0,reminder,reminder,True,[],[],Relaxed
txn_009549,cust_002209,2794.56,card,2,1,1,1.0,2,False,insufficient_balance,0.6,1,reminder,reminder,True,[],[],Relaxed
txn_009978,cust_003327,4077.68,upi,394,25,18,0.72,4,False,bank_decline,0.2839999999999999,0,retry,payment_link,True,[],"[{'action': 'retry', 'reasons': ['maximum_retry_attempts_exceeded']}]",Relaxed
txn_003081,cust_003179,2114.13,card,1063,23,16,0.6957,2,False,insufficient_balance,0.5391400000000001,0,reminder,reminder,True,[],[],Relaxed
txn_003521,cust_000241,1429.92,card,675,9,7,0.7778,4,False,authentication_failed,0.36556,0,reminder,reminder,True,[],[],Relaxed
txn_004979,cust_002968,645.94,upi,773,3,2,0.6667,2,False,gateway_error,0.6533399999999999,1,retry,retry,True,[],[],Relaxed
txn_007620,cust_001674,807.25,card,6,14,10,0.7143,3,False,authentication_failed,0.48285999999999996,1,payment_link,payment_link,True,[],[],Relaxed
txn_004348,cust_000959,302.42,card,880,19,16,0.8421,4,False,gateway_error,0.24842000000000003,1,retry,reminder,True,[],"[{'action': 'retry', 'reasons': ['maximum_retry_attempts_exceeded']}]",Relaxed
txn_008441,cust_001260,1091.27,upi,677,29,24,0.8276,2,False,bank_decline,0.56552,1,retry,retry,True,[],[],Relaxed
txn_001347,cust_002426,1711.16,wallet,806,22,15,0.6818,2,False,authentication_failed,0.5563600000000001,1,payment_link,payment_link,True,[],[],Relaxed
txn_007088,cust_002210,736.58,card,110,22,17,0.7727,2,False,bank_decline,0.55454,0,retry,retry,True,[],[],Relaxed
txn_008948,cust_000755,1307.95,upi,1143,1,1,1.0,1,False,network_error,0.85,1,retry,retry,True,[],[],Relaxed
txn_005652,cust_001123,2901.38,wallet,1474,16,11,0.6875,1,False,expired_card,0.7875,1,payment_link,payment_link,True,[],[],Relaxed
txn_008082,cust_001781,1507.62,wallet,648,18,13,0.7222,2,False,bank_decline,0.5444399999999999,0,retry,retry,True,[],[],Relaxed
txn_001792,cust_002859,1187.86,card,322,6,4,0.6667,1,False,bank_decline,0.61334,1,retry,retry,True,[],[],Relaxed
txn_007429,cust_002551,777.92,card,337,5,5,1.0,3,False,bank_decline,0.5199999999999999,0,retry,retry,True,[],[],Relaxed
txn_009580,cust_002958,371.12,upi,1226,8,3,0.375,3,False,gateway_error,0.515,1,retry,retry,True,[],[],Relaxed
txn_009960,cust_001608,834.69,netbanking,575,14,13,0.9286,3,False,insufficient_balance,0.50572,0,reminder,reminder,True,[],[],Relaxed
txn_002271,cust_000182,872.28,wallet,501,16,13,0.8125,4,False,expired_card,0.5725,1,payment_link,payment_link,True,[],[],Relaxed
txn_009767,cust_002217,167.18,netbanking,383,17,13,0.7647,4,False,authentication_failed,0.4129400000000001,0,payment_link,payment_link,True,[],[],Relaxed
txn_002956,cust_001693,1499.68,upi,165,14,9,0.6429,3,False,expired_card,0.6185799999999999,1,payment_link,payment_link,True,[],[],Relaxed
txn_003444,cust_002083,1824.79,wallet,471,23,20,0.8696,2,False,gateway_error,0.69392,0,retry,retry,True,[],[],Relaxed
txn_007736,cust_001797,1374.49,upi,593,1,1,1.0,1,False,bank_decline,0.6799999999999999,1,retry,retry,True,[],[],Relaxed
txn_000834,cust_002727,323.54,netbanking,240,4,4,1.0,3,False,insufficient_balance,0.5199999999999999,0,reminder,reminder,True,[],[],Relaxed
txn_006499,cust_002282,1563.76,wallet,414,4,3,0.75,3,False,bank_decline,0.47,0,retry,retry,True,[],[],Relaxed
txn_002992,cust_003100,2798.94,card,463,12,8,0.6667,1,False,expired_card,0.7833399999999999,1,payment_link,payment_link,True,[],[],Relaxed
txn_007793,cust_000643,637.29,upi,1155,1,1,1.0,2,False,authentication_failed,0.5700000000000001,0,reminder,reminder,True,[],[],Relaxed
txn_002151,cust_001729,2353.72,netbanking,1039,27,19,0.7037,4,False,insufficient_balance,0.3807400000000001,0,reminder,reminder,True,[],[],Relaxed
txn_004023,cust_000577,11370.37,upi,1232,8,6,0.75,4,False,bank_decline,0.29000000000000004,1,retry,payment_link,True,[],"[{'action': 'retry', 'reasons': ['maximum_retry_attempts_exceeded']}]",Relaxed
txn_007615,cust_003274,6135.96,wallet,674,0,0,0.0,3,True,insufficient_balance,0.19,0,payment_link,payment_link,True,[],[],Relaxed
txn_006124,cust_001265,1928.75,upi,1252,7,6,0.8571,2,False,gateway_error,0.69142,1,retry,retry,True,[],[],Relaxed
txn_003339,cust_002934,3654.86,netbanking,1270,17,13,0.7647,1,False,gateway_error,0.7529399999999999,1,retry,retry,True,[],[],Relaxed
txn_004344,cust_000688,566.78,wallet,414,12,7,0.5833,1,False,gateway_error,0.7166600000000001,1,retry,retry,True,[],[],Relaxed
txn_004464,cust_000246,1904.63,netbanking,275,27,20,0.7407,2,False,authentication_failed,0.56814,0,payment_link,payment_link,True,[],[],Relaxed
txn_002376,cust_000487,228.72,wallet,1069,5,4,0.8,2,False,gateway_error,0.68,0,retry,retry,True,[],[],Relaxed
txn_009044,cust_002790,2703.18,card,72,12,10,0.8333,1,False,bank_decline,0.64666,1,retry,retry,True,[],[],Relaxed
txn_005571,cust_000603,1341.21,upi,803,14,10,0.7143,3,False,gateway_error,0.58286,0,retry,retry,True,[],[],Relaxed
txn_008599,cust_002483,853.96,wallet,266,20,15,0.75,4,False,insufficient_balance,0.31000000000000005,0,payment_link,payment_link,True,[],[],Relaxed
txn_008504,cust_000541,1178.58,netbanking,699,29,20,0.6897,2,False,bank_decline,0.53794,0,retry,retry,True,[],[],Relaxed
txn_008880,cust_003035,1120.42,wallet,247,25,22,0.88,3,False,bank_decline,0.4959999999999999,1,retry,retry,True,[],[],Relaxed
txn_001887,cust_002014,1014.63,netbanking,765,10,7,0.7,4,False,network_error,0.24999999999999994,0,retry,payment_link,True,[],"[{'action': 'retry', 'reasons': ['maximum_retry_attempts_exceeded']}]",Relaxed
txn_001198,cust_003176,1869.89,netbanking,371,2,2,1.0,3,False,authentication_failed,0.49,0,reminder,reminder,True,[],[],Relaxed
txn_006427,cust_002245,1455.36,wallet,678,9,7,0.7778,4,False,insufficient_balance,0.39556,1,reminder,reminder,True,[],[],Relaxed
txn_008911,cust_000491,627.46,wallet,90,15,12,0.8,2,False,network_error,0.7300000000000001,1,retry,retry,True,[],[],Relaxed
txn_002936,cust_001872,2698.6,upi,508,17,11,0.6471,4,False,insufficient_balance,0.3694200000000001,0,reminder,reminder,True,[],[],Relaxed
txn_006342,cust_001991,254.1,card,897,23,17,0.7391,3,False,bank_decline,0.46782,0,retry,retry,True,[],[],Relaxed
txn_001430,cust_002854,2238.68,wallet,1056,18,16,0.8889,3,False,bank_decline,0.49778,0,retry,retry,True,[],[],Relaxed
txn_006307,cust_003015,485.9,card,867,19,13,0.6842,2,False,bank_decline,0.5368400000000001,0,retry,retry,True,[],[],Relaxed
txn_003650,cust_001364,1379.49,netbanking,571,1,1,1.0,3,False,network_error,0.69,1,retry,retry,True,[],[],Relaxed
txn_001938,cust_001132,2468.43,upi,709,7,6,0.8571,2,False,expired_card,0.7414200000000001,1,payment_link,payment_link,True,[],[],Relaxed
txn_005172,cust_000935,937.03,card,908,2,2,1.0,3,False,authentication_failed,0.49,0,reminder,reminder,True,[],[],Relaxed
txn_007764,cust_000859,378.15,card,1468,17,12,0.7059,3,False,bank_decline,0.46118000000000003,0,retry,retry,True,[],[],Relaxed
txn_006393,cust_000603,269.31,netbanking,890,13,10,0.7692,3,False,insufficient_balance,0.47383999999999993,0,reminder,reminder,True,[],[],Relaxed
txn_001154,cust_000066,679.22,wallet,87,23,19,0.8261,4,False,bank_decline,0.30521999999999994,0,retry,payment_link,True,[],"[{'action': 'retry', 'reasons': ['maximum_retry_attempts_exceeded']}]",Relaxed
txn_006250,cust_002360,1544.89,wallet,95,24,18,0.75,1,False,network_error,0.8,1,retry,retry,True,[],[],Relaxed
txn_007037,cust_001318,3025.39,upi,474,22,17,0.7727,1,False,gateway_error,0.75454,1,retry,retry,True,[],[],Relaxed
txn_004229,cust_002937,1740.81,card,554,15,12,0.8,1,False,gateway_error,0.76,1,retry,retry,True,[],[],Relaxed
txn_004975,cust_001625,812.76,upi,1130,20,18,0.9,4,False,authentication_failed,0.39,1,reminder,reminder,True,[],[],Relaxed
txn_006401,cust_001968,1262.04,card,1097,29,21,0.7241,2,False,network_error,0.71482,1,retry,retry,True,[],[],Relaxed
txn_003640,cust_001784,793.09,netbanking,515,0,0,0.0,4,True,expired_card,0.35999999999999993,1,payment_link,payment_link,True,[],[],Relaxed
txn_003972,cust_000395,2373.06,upi,1038,0,0,0.0,4,True,bank_decline,0.09000000000000001,0,retry,payment_link,True,[],"[{'action': 'retry', 'reasons': ['maximum_retry_attempts_exceeded']}]",Relaxed
txn_009594,cust_003124,998.91,card,452,22,14,0.6364,3,False,gateway_error,0.5672799999999999,1,retry,retry,True,[],[],Relaxed
txn_003376,cust_001535,312.22,upi,881,26,19,0.7308,3,False,gateway_error,0.5861599999999999,1,retry,retry,True,[],[],Relaxed
txn_002487,cust_002729,1010.85,card,451,21,16,0.7619,2,False,bank_decline,0.55238,0,retry,retry,True,[],[],Relaxed
txn_006954,cust_002942,1373.76,wallet,329,17,17,1.0,3,False,gateway_error,0.64,1,retry,retry,True,[],[],Relaxed
txn_000606,cust_001954,981.97,wallet,143,27,20,0.7407,4,False,network_error,0.22814,1,retry,reminder,True,[],"[{'action': 'retry', 'reasons': ['maximum_retry_attempts_exceeded']}]",Relaxed
txn_007444,cust_000611,1200.23,netbanking,191,13,9,0.6923,2,False,gateway_error,0.6584599999999999,1,retry,retry,True,[],[],Relaxed
txn_005928,cust_001189,497.63,upi,866,29,22,0.7586,4,False,expired_card,0.56172,1,payment_link,payment_link,True,[],[],Relaxed
txn_002454,cust_002720,947.14,upi,428,28,24,0.8571,2,False,bank_decline,0.57142,0,retry,retry,True,[],[],Relaxed
txn_003609,cust_000380,1250.38,wallet,1131,23,19,0.8261,1,False,network_error,0.81522,1,retry,retry,True,[],[],Relaxed
txn_001484,cust_002336,378.66,netbanking,1332,22,15,0.6818,1,False,bank_decline,0.61636,1,retry,retry,True,[],[],Relaxed
txn_004519,cust_002320,1001.8,upi,138,5,5,1.0,4,False,expired_card,0.61,1,payment_link,payment_link,True,[],[],Relaxed
txn_003038,cust_000642,1196.13,netbanking,853,2,1,0.5,4,False,authentication_failed,0.3600000000000001,0,payment_link,payment_link,True,[],[],Relaxed
txn_009352,cust_001616,2665.51,upi,249,13,13,1.0,2,False,authentication_failed,0.5700000000000001,1,reminder,reminder,True,[],[],Relaxed
txn_007692,cust_000427,2003.07,card,1406,1,0,0.0,1,False,network_error,0.6499999999999999,0,retry,retry,True,[],[],Relaxed
txn_004116,cust_001012,1322.0,netbanking,1341,19,13,0.6842,4,False,bank_decline,0.27684,1,retry,payment_link,True,[],"[{'action': 'retry', 'reasons': ['maximum_retry_attempts_exceeded']}]",Relaxed
txn_001427,cust_002017,1718.34,upi,1238,5,4,0.8,1,False,gateway_error,0.76,1,retry,retry,True,[],[],Relaxed
txn_000497,cust_001154,4543.15,card,209,23,16,0.6957,4,False,bank_decline,0.27913999999999994,0,retry,payment_link,True,[],"[{'action': 'retry', 'reasons': ['maximum_retry_attempts_exceeded']}]",Relaxed
txn_003353,cust_003085,1320.98,netbanking,163,22,13,0.5909,1,False,insufficient_balance,0.5981799999999999,1,reminder,reminder,True,[],[],Relaxed
txn_008794,cust_001500,1246.57,netbanking,1439,10,9,0.9,1,False,insufficient_balance,0.6599999999999999,1,reminder,reminder,True,[],[],Relaxed
txn_000759,cust_000634,779.87,wallet,585,19,15,0.7895,1,False,gateway_error,0.7579,0,retry,retry,True,[],[],Relaxed
txn_000838,cust_000307,1221.33,upi,475,12,8,0.6667,2,False,gateway_error,0.6533399999999999,0,retry,retry,True,[],[],Relaxed
txn_004327,cust_000617,946.81,wallet,740,4,3,0.75,2,False,gateway_error,0.67,1,retry,retry,True,[],[],Relaxed
txn_002128,cust_000875,1065.73,card,1392,13,8,0.6154,3,False,authentication_failed,0.46308000000000005,1,payment_link,payment_link,True,[],[],Relaxed
txn_001023,cust_001981,8732.77,wallet,1053,9,7,0.7778,4,False,bank_decline,0.29556000000000004,0,retry,payment_link,True,[],"[{'action': 'retry', 'reasons': ['maximum_retry_attempts_exceeded']}]",Relaxed
txn_008762,cust_003144,1335.63,netbanking,1280,3,3,1.0,3,False,network_error,0.69,1,retry,retry,True,[],[],Relaxed
txn_005614,cust_001317,616.3,card,276,18,13,0.7222,2,False,bank_decline,0.5444399999999999,1,retry,retry,True,[],[],Relaxed
txn_005581,cust_002053,871.42,wallet,1097,2,2,1.0,1,False,network_error,0.85,1,retry,retry,True,[],[],Relaxed
txn_001058,cust_001726,1806.13,card,695,15,12,0.8,2,False,bank_decline,0.56,0,retry,retry,True,[],[],Relaxed
txn_009542,cust_000042,262.34,upi,613,20,16,0.8,1,False,insufficient_balance,0.56,0,payment_link,payment_link,True,[],[],Relaxed
txn_006856,cust_000462,737.14,card,120,10,6,0.6,3,False,insufficient_balance,0.43999999999999995,0,reminder,reminder,True,[],[],Relaxed
txn_007349,cust_001749,817.4,upi,592,29,21,0.7241,3,False,authentication_failed,0.4848199999999999,0,payment_link,payment_link,True,[],[],Relaxed
txn_009045,cust_003229,2293.55,card,1014,22,13,0.5909,2,False,expired_card,0.68818,1,payment_link,payment_link,True,[],[],Relaxed
txn_002129,cust_002397,1214.35,upi,73,23,19,0.8261,2,False,authentication_failed,0.53522,1,reminder,reminder,True,[],[],Relaxed
txn_002767,cust_002452,7558.76,card,1086,9,7,0.7778,4,False,network_error,0.26556,0,retry,payment_link,True,[],"[{'action': 'retry', 'reasons': ['maximum_retry_attempts_exceeded']}]",Relaxed
txn_002109,cust_001110,1489.29,wallet,868,15,11,0.7333,4,False,authentication_failed,0.35666,0,reminder,reminder,True,[],[],Relaxed
txn_003617,cust_003186,701.19,upi,207,23,18,0.7826,2,False,insufficient_balance,0.55652,1,reminder,reminder,True,[],[],Relaxed
txn_001545,cust_003127,4956.99,wallet,953,16,13,0.8125,4,False,expired_card,0.5725,1,payment_link,payment_link,True,[],[],Relaxed
txn_006914,cust_001700,1828.53,card,213,10,8,0.8,1,False,insufficient_balance,0.64,1,reminder,reminder,True,[],[],Relaxed
txn_001719,cust_001714,3808.09,card,439,10,10,1.0,3,False,bank_decline,0.5199999999999999,0,retry,retry,True,[],[],Relaxed
txn_007435,cust_001857,826.84,wallet,631,14,12,0.8571,1,False,gateway_error,0.77142,1,retry,retry,True,[],[],Relaxed
txn_007365,cust_003280,1130.82,wallet,1252,23,12,0.5217,3,False,network_error,0.59434,1,retry,retry,True,[],[],Relaxed
txn_006235,cust_001023,1459.88,upi,122,4,3,0.75,2,False,gateway_error,0.67,1,retry,retry,True,[],[],Relaxed
txn_000725,cust_002809,1594.14,upi,1466,29,23,0.7931,2,False,insufficient_balance,0.47862,0,payment_link,payment_link,True,[],[],Relaxed
txn_006673,cust_001693,521.32,netbanking,357,17,12,0.7059,4,False,network_error,0.25118,0,retry,payment_link,True,[],"[{'action': 'retry', 'reasons': ['maximum_retry_attempts_exceeded']}]",Relaxed
txn_008029,cust_002640,2023.87,upi,375,16,12,0.75,4,False,authentication_failed,0.36,0,reminder,reminder,True,[],[],Relaxed
txn_005492,cust_000639,534.26,wallet,1150,24,18,0.75,3,False,expired_card,0.64,0,payment_link,payment_link,True,[],[],Relaxed
txn_001128,cust_001090,15291.97,card,39,29,22,0.7586,3,False,bank_decline,0.47172000000000003,1,retry,retry,True,[],[],Relaxed
txn_002957,cust_002721,1168.52,netbanking,464,27,22,0.8148,4,False,authentication_failed,0.42296,0,payment_link,payment_link,True,[],[],Relaxed
txn_005156,cust_001138,1098.2,upi,539,26,20,0.7692,2,False,gateway_error,0.6738400000000001,1,retry,retry,True,[],[],Relaxed
txn_004817,cust_001616,103.99,upi,756,4,4,1.0,2,False,network_error,0.77,1,retry,retry,True,[],[],Relaxed
txn_006202,cust_001009,612.68,netbanking,311,7,6,0.8571,1,False,expired_card,0.82142,1,payment_link,payment_link,True,[],[],Relaxed
txn_006224,cust_002072,1933.19,netbanking,204,16,15,0.9375,4,False,insufficient_balance,0.4275,1,retry,reminder,True,[],"[{'action': 'retry', 'reasons': ['maximum_retry_attempts_exceeded']}]",Relaxed
txn_008686,cust_000740,195.35,netbanking,408,8,8,1.0,3,False,network_error,0.69,1,retry,retry,True,[],[],Relaxed
txn_007114,cust_002933,390.59,netbanking,709,13,11,0.8462,1,False,insufficient_balance,0.56924,1,payment_link,payment_link,True,[],[],Relaxed
txn_005275,cust_000351,808.05,upi,821,18,14,0.7778,4,False,gateway_error,0.26556,1,retry,payment_link,True,[],"[{'action': 'retry', 'reasons': ['maximum_retry_attempts_exceeded']}]",Relaxed
txn_008536,cust_002637,1929.63,netbanking,419,10,8,0.8,3,False,insufficient_balance,0.48,0,reminder,reminder,True,[],[],Relaxed
txn_003044,cust_001133,585.42,netbanking,1440,19,11,0.5789,4,False,insufficient_balance,0.35578,0,reminder,reminder,True,[],[],Relaxed
txn_006912,cust_002724,1115.15,card,301,25,18,0.72,2,False,expired_card,0.714,1,payment_link,payment_link,True,[],[],Relaxed
txn_000150,cust_001072,2326.76,upi,570,3,1,0.3333,1,False,authentication_failed,0.5666599999999999,0,payment_link,payment_link,True,[],[],Relaxed
txn_007574,cust_003043,503.98,netbanking,250,19,12,0.6316,2,False,network_error,0.69632,1,retry,retry,True,[],[],Relaxed
txn_004206,cust_003185,2355.2,netbanking,912,11,7,0.6364,4,False,expired_card,0.53728,0,payment_link,payment_link,True,[],[],Relaxed
txn_005493,cust_000601,366.56,netbanking,1351,14,11,0.7857,2,False,bank_decline,0.5571400000000001,0,retry,retry,True,[],[],Relaxed
txn_002690,cust_001156,2367.94,netbanking,1235,24,19,0.7917,2,False,insufficient_balance,0.55834,1,reminder,reminder,True,[],[],Relaxed
txn_004221,cust_000564,475.8,netbanking,1103,7,4,0.5714,3,False,expired_card,0.6042799999999999,0,payment_link,payment_link,True,[],[],Relaxed
txn_009102,cust_001198,6542.44,netbanking,1140,26,19,0.7308,4,False,network_error,0.25616,0,retry,payment_link,True,[],"[{'action': 'retry', 'reasons': ['maximum_retry_attempts_exceeded']}]",Relaxed
txn_000842,cust_000369,1398.27,netbanking,201,1,1,1.0,3,False,bank_decline,0.5199999999999999,0,retry,retry,True,[],[],Relaxed
txn_008137,cust_002792,1176.82,upi,1217,26,15,0.5769,4,False,network_error,0.22537999999999997,0,retry,payment_link,True,[],"[{'action': 'retry', 'reasons': ['maximum_retry_attempts_exceeded']}]",Relaxed
txn_006438,cust_003281,700.92,card,193,29,17,0.5862,4,False,gateway_error,0.22724,0,retry,payment_link,True,[],"[{'action': 'retry', 'reasons': ['maximum_retry_attempts_exceeded']}]",Relaxed
txn_009700,cust_001230,1203.6,card,868,12,10,0.8333,4,False,authentication_failed,0.37666,1,reminder,reminder,True,[],[],Relaxed
txn_006200,cust_001518,952.31,netbanking,413,7,7,1.0,2,False,bank_decline,0.6,0,retry,retry,True,[],[],Relaxed
txn_002795,cust_001568,1058.41,netbanking,765,16,13,0.8125,2,False,gateway_error,0.6825,1,retry,retry,True,[],[],Relaxed
txn_007626,cust_002224,1094.84,wallet,880,16,9,0.5625,4,False,bank_decline,0.2525,0,retry,payment_link,True,[],"[{'action': 'retry', 'reasons': ['maximum_retry_attempts_exceeded']}]",Relaxed
txn_008475,cust_001945,1247.99,upi,1057,3,2,0.6667,3,False,network_error,0.6233399999999999,1,retry,retry,True,[],[],Relaxed
txn_007890,cust_002314,1369.44,wallet,20,29,21,0.7241,3,False,insufficient_balance,0.33482,0,retry,retry,True,[],[],Relaxed
txn_006608,cust_002622,2016.98,upi,601,14,8,0.5714,3,False,authentication_failed,0.4542799999999999,1,payment_link,payment_link,True,[],[],Relaxed
txn_009195,cust_001532,247.95,netbanking,1108,5,5,1.0,4,False,gateway_error,0.31000000000000005,0,retry,payment_link,True,[],"[{'action': 'retry', 'reasons': ['maximum_retry_attempts_exceeded']}]",Relaxed
txn_008248,cust_000265,2583.16,upi,377,20,8,0.4,3,False,insufficient_balance,0.4,1,reminder,reminder,True,[],[],Relaxed
txn_001393,cust_003027,2016.61,card,433,16,12,0.75,4,False,insufficient_balance,0.39,0,reminder,reminder,True,[],[],Relaxed
txn_001922,cust_001339,667.64,netbanking,1401,26,21,0.8077,4,False,expired_card,0.5715399999999999,0,payment_link,payment_link,True,[],[],Relaxed
txn_007019,cust_002352,1418.5,wallet,56,15,11,0.7333,3,False,authentication_failed,0.43665999999999994,0,reminder,reminder,True,[],[],Relaxed
txn_003622,cust_002792,2355.44,card,130,6,5,0.8333,1,False,bank_decline,0.64666,1,retry,retry,True,[],[],Relaxed
txn_004849,cust_001233,2871.92,wallet,1303,25,20,0.8,3,False,network_error,0.65,1,retry,retry,True,[],[],Relaxed
txn_002292,cust_000793,523.9,netbanking,1167,7,5,0.7143,3,False,authentication_failed,0.43286,0,reminder,reminder,True,[],[],Relaxed
txn_002134,cust_000771,1250.02,netbanking,120,0,0,0.0,4,True,bank_decline,0.09000000000000001,0,payment_link,payment_link,True,[],[],Relaxed
txn_000551,cust_001408,907.05,card,461,26,21,0.8077,2,False,insufficient_balance,0.48154,1,payment_link,payment_link,True,[],[],Relaxed
txn_001741,cust_002634,2671.96,upi,753,20,13,0.65,1,False,insufficient_balance,0.61,1,reminder,reminder,True,[],[],Relaxed
txn_005290,cust_001159,1358.74,netbanking,31,18,11,0.6111,4,False,bank_decline,0.26222,1,retry,payment_link,True,[],"[{'action': 'retry', 'reasons': ['maximum_retry_attempts_exceeded']}]",Relaxed
txn_001818,cust_002129,1402.89,card,1434,17,12,0.7059,2,False,bank_decline,0.5411800000000001,1,retry,retry,True,[],[],Relaxed
txn_004699,cust_001658,352.02,card,1133,21,19,0.9048,4,False,insufficient_balance,0.42096,0,reminder,reminder,True,[],[],Relaxed
txn_005182,cust_002315,2333.0,netbanking,291,14,13,0.9286,3,False,bank_decline,0.50572,0,retry,retry,True,[],[],Relaxed
txn_003019,cust_002570,2321.71,wallet,1301,3,2,0.6667,1,False,authentication_failed,0.58334,1,reminder,reminder,True,[],[],Relaxed
txn_000018,cust_000590,275.38,upi,1082,9,7,0.7778,3,False,gateway_error,0.59556,0,retry,retry,True,[],[],Relaxed
txn_001771,cust_001564,1393.97,wallet,230,29,20,0.6897,4,False,gateway_error,0.21794000000000002,0,retry,reminder,True,[],"[{'action': 'retry', 'reasons': ['maximum_retry_attempts_exceeded']}]",Relaxed
txn_001889,cust_001187,1249.34,upi,1011,16,12,0.75,1,False,gateway_error,0.75,0,retry,retry,True,[],[],Relaxed
txn_002153,cust_002724,674.12,card,1182,28,19,0.6786,4,False,gateway_error,0.24572,1,retry,payment_link,True,[],"[{'action': 'retry', 'reasons': ['maximum_retry_attempts_exceeded']}]",Relaxed
txn_001643,cust_002884,345.64,netbanking,1087,9,6,0.6667,2,False,bank_decline,0.53334,0,retry,retry,True,[],[],Relaxed
txn_007847,cust_001109,9003.19,upi,1012,29,23,0.7931,1,False,insufficient_balance,0.55862,0,payment_link,payment_link,True,[],[],Relaxed
txn_004194,cust_000023,932.73,card,1106,22,17,0.7727,3,False,authentication_failed,0.49454,1,payment_link,payment_link,True,[],[],Relaxed
txn_009433,cust_002399,3193.47,upi,1034,2,1,0.5,3,False,insufficient_balance,0.42000000000000004,0,reminder,reminder,True,[],[],Relaxed
txn_008899,cust_000773,383.41,card,1197,2,0,0.0,2,False,insufficient_balance,0.39999999999999997,0,reminder,reminder,True,[],[],Relaxed
txn_000534,cust_002644,1034.03,wallet,580,8,5,0.625,1,False,authentication_failed,0.575,1,reminder,reminder,True,[],[],Relaxed
txn_000133,cust_002332,2896.77,netbanking,1096,16,12,0.75,4,False,bank_decline,0.29000000000000004,1,retry,payment_link,True,[],"[{'action': 'retry', 'reasons': ['maximum_retry_attempts_exceeded']}]",Relaxed
txn_007723,cust_000202,2793.57,netbanking,997,18,15,0.8333,1,False,network_error,0.8166599999999999,1,retry,retry,True,[],[],Relaxed
txn_008459,cust_001367,1197.24,card,370,18,12,0.6667,1,False,bank_decline,0.61334,1,retry,retry,True,[],[],Relaxed
txn_000965,cust_000523,923.9,netbanking,82,13,10,0.7692,3,False,gateway_error,0.59384,1,retry,retry,True,[],[],Relaxed
txn_008720,cust_003017,647.33,netbanking,1398,15,13,0.8667,4,False,gateway_error,0.28334000000000004,0,retry,payment_link,True,[],"[{'action': 'retry', 'reasons': ['maximum_retry_attempts_exceeded']}]",Relaxed
txn_006413,cust_002699,1686.13,upi,1039,25,20,0.8,2,False,insufficient_balance,0.56,0,reminder,reminder,True,[],[],Relaxed
txn_008286,cust_001315,1137.91,upi,59,13,10,0.7692,3,False,gateway_error,0.59384,1,retry,retry,True,[],[],Relaxed
txn_007854,cust_003005,4356.16,card,421,24,18,0.75,1,False,authentication_failed,0.65,1,payment_link,payment_link,True,[],[],Relaxed
txn_001096,cust_001771,1276.49,card,845,17,12,0.7059,1,False,expired_card,0.79118,0,payment_link,payment_link,True,[],[],Relaxed
txn_006930,cust_002675,1869.4,upi,918,18,12,0.6667,2,False,bank_decline,0.53334,1,retry,retry,True,[],[],Relaxed
txn_006253,cust_002000,673.13,upi,1229,23,19,0.8261,3,False,authentication_failed,0.5052199999999999,0,payment_link,payment_link,True,[],[],Current
txn_004685,cust_002869,1169.48,wallet,1036,28,22,0.7857,1,False,gateway_error,0.7571399999999999,1,retry,retry,True,[],[],Current
txn_001732,cust_000978,4028.17,card,218,2,2,1.0,1,False,authentication_failed,0.65,0,reminder,reminder,True,[],[],Current
txn_004743,cust_002332,1666.27,wallet,1379,12,9,0.75,4,False,bank_decline,0.29000000000000004,0,retry,payment_link,True,[],"[{'action': 'retry', 'reasons': ['maximum_retry_attempts_exceeded']}]",Current
txn_004522,cust_003270,1285.06,wallet,700,11,9,0.8182,1,False,bank_decline,0.64364,1,retry,retry,True,[],[],Current
txn_006341,cust_001609,2493.64,netbanking,895,21,18,0.8571,1,False,network_error,0.82142,0,retry,retry,True,[],[],Current
txn_000577,cust_000373,2170.23,netbanking,317,13,8,0.6154,1,False,network_error,0.77308,1,retry,retry,True,[],[],Current
txn_005203,cust_002070,643.06,card,371,18,14,0.7778,4,False,gateway_error,0.26556,0,retry,payment_link,True,[],"[{'action': 'retry', 'reasons': ['maximum_retry_attempts_exceeded']}]",Current
txn_006364,cust_001172,368.73,wallet,278,2,2,1.0,1,False,bank_decline,0.6799999999999999,1,retry,retry,True,[],[],Current
txn_000440,cust_002203,3581.98,wallet,804,22,13,0.5909,2,False,network_error,0.68818,1,retry,retry,True,[],[],Current
txn_002751,cust_000508,2671.59,card,609,15,11,0.7333,4,False,expired_card,0.5566599999999999,1,payment_link,payment_link,True,[],[],Current
txn_007488,cust_001164,931.91,wallet,627,2,1,0.5,4,False,bank_decline,0.24000000000000005,0,retry,payment_link,True,[],"[{'action': 'retry', 'reasons': ['maximum_retry_attempts_exceeded']}]",Current
txn_005273,cust_003163,1005.19,card,338,24,15,0.625,4,False,network_error,0.235,0,retry,payment_link,True,[],"[{'action': 'retry', 'reasons': ['maximum_retry_attempts_exceeded']}]",Current
txn_005654,cust_001185,3478.31,wallet,9,9,6,0.6667,3,False,network_error,0.32333999999999996,0,retry,payment_link,True,[],"[{'action': 'retry', 'reasons': ['maximum_retry_attempts_exceeded']}]",Current
txn_004000,cust_002477,2086.99,upi,154,17,13,0.7647,4,False,gateway_error,0.26294000000000006,0,retry,payment_link,True,[],"[{'action': 'retry', 'reasons': ['maximum_retry_attempts_exceeded']}]",Current
txn_006034,cust_002893,412.14,card,365,6,5,0.8333,4,False,authentication_failed,0.42666000000000004,1,payment_link,payment_link,True,[],[],Current
txn_000583,cust_001189,1024.04,card,1442,19,12,0.6316,1,False,gateway_error,0.7263200000000001,1,retry,retry,True,[],[],Current
txn_009931,cust_001123,7530.98,netbanking,1066,12,9,0.75,1,False,bank_decline,0.63,1,retry,retry,True,[],[],Current
txn_007052,cust_000262,504.69,card,1424,24,19,0.7917,3,False,network_error,0.34834,0,retry,payment_link,True,[],"[{'action': 'retry', 'reasons': ['maximum_retry_attempts_exceeded']}, {'action': 'reminder', 'reasons': ['temporary_network_error_should_be_retried_first']}]",Current
txn_008159,cust_000987,444.29,card,1292,17,10,0.5882,4,False,bank_decline,0.25764000000000004,0,payment_link,payment_link,True,[],[],Current
txn_009897,cust_002752,504.07,netbanking,534,4,4,1.0,2,False,network_error,0.77,1,retry,retry,True,[],[],Current
txn_002250,cust_001024,2058.84,upi,663,19,13,0.6842,2,False,expired_card,0.70684,1,payment_link,payment_link,True,[],[],Current
txn_004641,cust_000252,1752.14,netbanking,253,12,11,0.9167,3,False,network_error,0.37334,0,retry,payment_link,True,[],"[{'action': 'retry', 'reasons': ['maximum_retry_attempts_exceeded']}]",Current
txn_009486,cust_002942,675.86,upi,332,22,19,0.8636,3,False,expired_card,0.66272,0,payment_link,payment_link,True,[],[],Current
txn_004948,cust_001634,712.79,upi,73,29,24,0.8276,1,False,insufficient_balance,0.51552,0,retry,retry,True,[],[],Current
txn_009921,cust_001972,1377.62,card,759,21,20,0.9524,1,False,authentication_failed,0.69048,1,payment_link,payment_link,True,[],[],Current
txn_001964,cust_003117,1742.1,wallet,574,13,9,0.6923,2,False,bank_decline,0.53846,1,retry,retry,True,[],[],Current
txn_008244,cust_001532,1474.04,upi,680,1,0,0.0,2,False,insufficient_balance,0.39999999999999997,1,reminder,reminder,True,[],[],Current
txn_006591,cust_001981,2109.11,card,577,29,20,0.6897,3,False,insufficient_balance,0.4579399999999999,1,reminder,reminder,True,[],[],Current
txn_008848,cust_001406,500.78,card,452,14,8,0.5714,1,False,network_error,0.76428,1,retry,retry,True,[],[],Current
txn_000322,cust_001205,1859.44,upi,455,21,16,0.7619,3,False,gateway_error,0.31238,0,retry,reminder,True,[],"[{'action': 'retry', 'reasons': ['maximum_retry_attempts_exceeded']}]",Current
txn_002679,cust_000352,1593.71,wallet,1123,26,20,0.7692,2,False,expired_card,0.72384,0,payment_link,payment_link,True,[],[],Current
txn_004626,cust_002562,704.45,netbanking,29,10,4,0.4,2,False,insufficient_balance,0.48000000000000004,1,reminder,reminder,True,[],[],Current
txn_004950,cust_001735,749.52,wallet,173,11,10,0.9091,3,False,authentication_failed,0.47182,1,reminder,reminder,True,[],[],Current
txn_008329,cust_002831,1638.77,upi,1433,1,0,0.0,3,False,insufficient_balance,0.31999999999999995,0,reminder,reminder,True,[],[],Current
txn_003338,cust_001953,1334.5,wallet,1048,23,19,0.8261,2,False,network_error,0.73522,1,retry,retry,True,[],[],Current
txn_005590,cust_000756,1575.69,upi,93,11,8,0.7273,2,False,network_error,0.71546,1,retry,retry,True,[],[],Current
txn_000252,cust_001345,611.76,netbanking,202,29,22,0.7586,3,False,gateway_error,0.31172,0,retry,reminder,True,[],"[{'action': 'retry', 'reasons': ['maximum_retry_attempts_exceeded']}]",Current
txn_003974,cust_001408,784.78,netbanking,744,7,5,0.7143,2,False,authentication_failed,0.56286,1,payment_link,payment_link,True,[],[],Current
txn_006631,cust_003327,827.97,netbanking,1430,29,21,0.7241,2,False,bank_decline,0.54482,0,retry,retry,True,[],[],Current
txn_005548,cust_001498,1240.13,card,1428,21,19,0.9048,2,False,authentication_failed,0.60096,1,payment_link,payment_link,True,[],[],Current
txn_000036,cust_001397,1263.02,netbanking,1261,3,3,1.0,3,False,gateway_error,0.39,0,retry,payment_link,True,[],"[{'action': 'retry', 'reasons': ['maximum_retry_attempts_exceeded']}]",Current
txn_008363,cust_001105,662.48,netbanking,1474,17,16,0.9412,2,False,insufficient_balance,0.58824,0,reminder,reminder,True,[],[],Current
txn_001514,cust_001332,1602.86,card,1171,0,0,0.0,3,True,gateway_error,0.11,0,retry,reminder,True,[],"[{'action': 'retry', 'reasons': ['maximum_retry_attempts_exceeded']}]",Current
txn_009318,cust_001124,2388.5,card,1321,27,21,0.7778,1,False,insufficient_balance,0.63556,0,payment_link,reminder,True,[],"[{'action': 'payment_link', 'reasons': ['payment_link_not_preferred_for_insufficient_balance']}]",Current
txn_000040,cust_000351,391.53,card,1491,22,15,0.6818,4,False,bank_decline,0.27635999999999994,0,retry,payment_link,True,[],"[{'action': 'retry', 'reasons': ['maximum_retry_attempts_exceeded']}]",Current
txn_004820,cust_000719,526.11,wallet,1217,2,2,1.0,3,False,gateway_error,0.39,1,retry,payment_link,True,[],"[{'action': 'retry', 'reasons': ['maximum_retry_attempts_exceeded']}]",Current
txn_003466,cust_002691,7884.76,netbanking,1319,4,2,0.5,1,False,bank_decline,0.5800000000000001,1,retry,retry,True,[],[],Current
txn_001761,cust_002097,530.09,card,1229,5,2,0.4,3,False,expired_card,0.57,0,payment_link,payment_link,True,[],[],Current
txn_002305,cust_001506,2448.3,card,974,23,16,0.6957,1,False,network_error,0.78914,1,retry,retry,True,[],[],Current
txn_003724,cust_000258,613.81,wallet,374,24,18,0.75,1,False,expired_card,0.8,1,payment_link,payment_link,True,[],[],Current
txn_008285,cust_002760,676.81,netbanking,371,2,2,1.0,4,False,expired_card,0.61,1,payment_link,payment_link,True,[],[],Current
txn_004994,cust_000361,5977.69,upi,1134,9,8,0.8889,1,False,bank_decline,0.65778,0,retry,retry,True,[],[],Current
txn_008128,cust_001758,649.27,upi,634,16,14,0.875,1,False,gateway_error,0.7749999999999999,1,retry,retry,True,[],[],Current
txn_003033,cust_000754,627.3,netbanking,466,14,11,0.7857,4,False,expired_card,0.56714,0,payment_link,payment_link,True,[],[],Current
txn_007939,cust_000873,279.48,wallet,998,17,15,0.8824,1,False,expired_card,0.82648,1,payment_link,payment_link,True,[],[],Current
txn_003040,cust_002034,189.26,wallet,685,0,0,0.0,1,True,bank_decline,0.3,0,reminder,reminder,True,[],[],Current
txn_009656,cust_001541,442.64,card,1019,8,6,0.75,2,False,bank_decline,0.55,0,retry,retry,True,[],[],Current
txn_002546,cust_002552,1504.1,card,897,4,3,0.75,4,False,bank_decline,0.29000000000000004,1,retry,payment_link,True,[],"[{'action': 'retry', 'reasons': ['maximum_retry_attempts_exceeded']}]",Current
txn_002593,cust_002495,905.79,card,1312,14,8,0.5714,1,False,authentication_failed,0.6142799999999999,1,payment_link,payment_link,True,[],[],Current
txn_001189,cust_000745,1604.23,netbanking,639,7,6,0.8571,1,False,bank_decline,0.65142,0,retry,retry,True,[],[],Current
txn_007967,cust_001190,1625.86,card,192,25,17,0.68,4,False,bank_decline,0.276,0,retry,payment_link,True,[],"[{'action': 'retry', 'reasons': ['maximum_retry_attempts_exceeded']}]",Current
txn_006078,cust_000763,3650.97,card,1251,19,18,0.9474,1,False,bank_decline,0.6694800000000001,1,retry,retry,True,[],[],Current
txn_000108,cust_002915,382.43,upi,450,9,8,0.8889,2,False,insufficient_balance,0.5777800000000001,0,reminder,reminder,True,[],[],Current
txn_001316,cust_000857,6570.59,card,373,28,24,0.8571,1,False,bank_decline,0.65142,1,retry,retry,True,[],[],Current
txn_008188,cust_003140,564.95,upi,1356,1,1,1.0,3,False,bank_decline,0.41999999999999993,0,retry,payment_link,True,[],"[{'action': 'retry', 'reasons': ['maximum_retry_attempts_exceeded']}]",Current
txn_002754,cust_001799,1185.83,netbanking,1063,24,23,0.9583,1,False,gateway_error,0.79166,1,retry,retry,True,[],[],Current
txn_009754,cust_003262,100.0,upi,890,21,16,0.7619,3,False,gateway_error,0.34238,1,retry,payment_link,True,[],"[{'action': 'retry', 'reasons': ['maximum_retry_attempts_exceeded']}]",Current
txn_006232,cust_001645,990.31,card,88,10,6,0.6,3,False,gateway_error,0.30999999999999994,1,retry,payment_link,True,[],"[{'action': 'retry', 'reasons': ['maximum_retry_attempts_exceeded']}]",Current
txn_002877,cust_000221,3224.27,card,535,7,5,0.7143,3,False,bank_decline,0.36285999999999996,0,retry,payment_link,True,[],"[{'action': 'retry', 'reasons': ['maximum_retry_attempts_exceeded']}]",Current
txn_005324,cust_002145,3996.33,upi,201,6,3,0.5,4,False,insufficient_balance,0.3400000000000001,1,reminder,reminder,True,[],[],Current
txn_000800,cust_002028,865.91,card,677,26,19,0.7308,3,False,authentication_failed,0.43616,1,reminder,reminder,True,[],[],Current
txn_003571,cust_000167,1009.9,netbanking,987,21,17,0.8095,2,False,gateway_error,0.6819000000000001,0,retry,retry,True,[],[],Current
txn_002895,cust_002213,504.44,netbanking,890,6,6,1.0,2,False,insufficient_balance,0.6,1,reminder,reminder,True,[],[],Current
txn_002928,cust_000452,1924.14,upi,1222,10,8,0.8,4,False,network_error,0.27,1,retry,payment_link,True,[],"[{'action': 'retry', 'reasons': ['maximum_retry_attempts_exceeded']}]",Current
txn_008179,cust_002128,1572.41,upi,934,10,9,0.9,3,False,insufficient_balance,0.4999999999999999,1,reminder,reminder,True,[],[],Current
txn_000972,cust_002365,931.24,card,671,25,20,0.8,1,False,bank_decline,0.64,1,retry,retry,True,[],[],Current
txn_006688,cust_002672,440.03,card,652,12,10,0.8333,4,False,gateway_error,0.24666000000000005,0,retry,reminder,True,[],"[{'action': 'retry', 'reasons': ['maximum_retry_attempts_exceeded']}]",Current
txn_008576,cust_003289,1982.06,netbanking,205,0,0,0.0,2,True,bank_decline,0.21999999999999997,0,reminder,reminder,True,[],[],Current
txn_002021,cust_002519,710.51,card,87,19,13,0.6842,1,False,insufficient_balance,0.61684,0,reminder,reminder,True,[],[],Current
txn_009055,cust_000740,2255.22,upi,424,16,15,0.9375,1,False,insufficient_balance,0.6675,1,reminder,reminder,True,[],[],Current
txn_000953,cust_000434,659.42,upi,1217,18,15,0.8333,3,False,expired_card,0.6566599999999999,1,payment_link,payment_link,True,[],[],Current
txn_005360,cust_001523,920.12,netbanking,355,24,18,0.75,3,False,network_error,0.33999999999999997,0,retry,payment_link,True,[],"[{'action': 'retry', 'reasons': ['maximum_retry_attempts_exceeded']}]",Current
txn_003858,cust_001678,626.91,wallet,496,13,10,0.7692,1,False,bank_decline,0.63384,1,retry,retry,True,[],[],Current
txn_005862,cust_002209,679.11,wallet,1269,28,21,0.75,4,False,network_error,0.26,1,retry,payment_link,True,[],"[{'action': 'retry', 'reasons': ['maximum_retry_attempts_exceeded']}]",Current
txn_003146,cust_000822,1737.92,card,839,3,2,0.6667,3,False,authentication_failed,0.42333999999999994,1,reminder,reminder,True,[],[],Current
txn_003306,cust_001307,264.05,netbanking,148,3,3,1.0,3,False,gateway_error,0.36,0,retry,reminder,True,[],"[{'action': 'retry', 'reasons': ['maximum_retry_attempts_exceeded']}]",Current
txn_003007,cust_002222,865.7,card,1253,19,12,0.6316,1,False,gateway_error,0.7263200000000001,1,retry,retry,True,[],[],Current
txn_009002,cust_003310,775.37,card,1312,29,20,0.6897,2,False,network_error,0.70794,1,retry,retry,True,[],[],Current
txn_007771,cust_001541,1249.85,wallet,321,0,0,0.0,4,True,authentication_failed,0.21000000000000002,0,payment_link,payment_link,True,[],[],Current
txn_007439,cust_000629,344.12,wallet,1386,6,4,0.6667,3,False,bank_decline,0.32333999999999996,1,retry,reminder,True,[],"[{'action': 'retry', 'reasons': ['maximum_retry_attempts_exceeded']}]",Current
txn_007943,cust_000511,1328.09,wallet,1286,25,18,0.72,3,False,bank_decline,0.3639999999999999,0,retry,payment_link,True,[],"[{'action': 'retry', 'reasons': ['maximum_retry_attempts_exceeded']}]",Current
txn_009239,cust_002353,158.88,card,1134,11,7,0.6364,4,False,authentication_failed,0.38728000000000007,0,payment_link,payment_link,True,[],[],Current
txn_001057,cust_001235,2112.17,card,492,17,15,0.8824,1,False,bank_decline,0.65648,1,retry,retry,True,[],[],Current
txn_003155,cust_001888,448.49,upi,238,2,1,0.5,3,False,expired_card,0.59,1,payment_link,payment_link,True,[],[],Current
txn_003788,cust_000245,1414.01,upi,895,27,24,0.8889,3,False,gateway_error,0.33777999999999997,0,retry,reminder,True,[],"[{'action': 'retry', 'reasons': ['maximum_retry_attempts_exceeded']}]",Current
txn_009190,cust_003191,546.71,wallet,1135,6,4,0.6667,2,False,insufficient_balance,0.53334,1,reminder,reminder,True,[],[],Current
txn_007826,cust_001784,329.39,card,1206,9,8,0.8889,1,False,bank_decline,0.65778,1,retry,retry,True,[],[],Current
txn_007540,cust_002809,1744.64,card,436,9,6,0.6667,1,False,authentication_failed,0.63334,1,payment_link,payment_link,True,[],[],Current
txn_007232,cust_003156,419.18,wallet,205,16,12,0.75,4,False,insufficient_balance,0.39,0,payment_link,reminder,True,[],"[{'action': 'payment_link', 'reasons': ['payment_link_not_preferred_for_insufficient_balance']}]",Current
txn_000765,cust_000704,485.71,netbanking,1072,6,6,1.0,1,False,network_error,0.85,0,retry,retry,True,[],[],Current
txn_005020,cust_000728,508.77,netbanking,485,21,19,0.9048,3,False,authentication_failed,0.52096,0,payment_link,payment_link,True,[],[],Current
txn_004904,cust_001401,2556.05,wallet,962,18,12,0.6667,3,False,authentication_failed,0.42333999999999994,1,reminder,reminder,True,[],[],Current
txn_008094,cust_001158,1807.64,upi,651,2,2,1.0,3,False,gateway_error,0.39,0,retry,payment_link,True,[],"[{'action': 'retry', 'reasons': ['maximum_retry_attempts_exceeded']}]",Current
txn_006844,cust_002156,556.95,wallet,515,2,2,1.0,2,False,insufficient_balance,0.6,0,reminder,reminder,True,[],[],Current
txn_002166,cust_002818,3180.35,netbanking,1001,27,21,0.7778,1,False,insufficient_balance,0.63556,0,payment_link,reminder,True,[],"[{'action': 'payment_link', 'reasons': ['payment_link_not_preferred_for_insufficient_balance']}]",Current
txn_001863,cust_000910,280.76,wallet,65,0,0,0.0,3,True,gateway_error,0.11,0,reminder,reminder,True,[],[],Current
txn_007851,cust_000698,378.64,netbanking,269,1,0,0.0,2,False,expired_card,0.57,1,payment_link,payment_link,True,[],[],Current
txn_009124,cust_002981,1763.63,upi,1342,9,8,0.8889,1,False,insufficient_balance,0.65778,1,reminder,reminder,True,[],[],Current
txn_002341,cust_002227,1352.19,netbanking,64,3,3,1.0,3,False,network_error,0.39,0,retry,payment_link,True,[],"[{'action': 'retry', 'reasons': ['maximum_retry_attempts_exceeded']}]",Current
txn_005528,cust_001244,1109.49,upi,1062,25,16,0.64,1,False,expired_card,0.778,1,payment_link,payment_link,True,[],[],Current
txn_006744,cust_000909,1061.62,netbanking,33,23,20,0.8696,2,False,insufficient_balance,0.44392000000000004,1,retry,retry,True,[],[],Current
txn_004004,cust_000536,1223.27,netbanking,512,9,7,0.7778,1,False,bank_decline,0.63556,1,retry,retry,True,[],[],Current
txn_001124,cust_000482,2788.97,card,307,8,5,0.625,4,False,authentication_failed,0.385,0,payment_link,payment_link,True,[],[],Current
txn_008710,cust_001368,940.92,upi,1206,25,19,0.76,4,False,gateway_error,0.23200000000000004,1,retry,reminder,True,[],"[{'action': 'retry', 'reasons': ['maximum_retry_attempts_exceeded']}]",Current
txn_004050,cust_000640,1397.7,upi,974,9,7,0.7778,4,False,bank_decline,0.29556000000000004,0,retry,payment_link,True,[],"[{'action': 'retry', 'reasons': ['maximum_retry_attempts_exceeded']}]",Current
txn_007641,cust_000976,1018.81,upi,158,20,16,0.8,3,False,bank_decline,0.35,0,retry,reminder,True,[],"[{'action': 'retry', 'reasons': ['maximum_retry_attempts_exceeded']}]",Current
txn_000766,cust_000104,1059.37,card,18,11,9,0.8182,3,False,authentication_failed,0.50364,0,payment_link,payment_link,True,[],[],Current
txn_002345,cust_001243,3337.83,wallet,1002,8,5,0.625,3,False,insufficient_balance,0.44499999999999995,1,reminder,reminder,True,[],[],Current
txn_004072,cust_002953,668.9,netbanking,264,15,8,0.5333,3,False,gateway_error,0.29666000000000003,0,retry,payment_link,True,[],"[{'action': 'retry', 'reasons': ['maximum_retry_attempts_exceeded']}]",Current
txn_007217,cust_000545,766.28,wallet,1300,8,6,0.75,4,False,bank_decline,0.29000000000000004,0,retry,payment_link,True,[],"[{'action': 'retry', 'reasons': ['maximum_retry_attempts_exceeded']}]",Current
txn_004217,cust_000959,7391.14,upi,966,25,19,0.76,3,False,authentication_failed,0.44199999999999995,0,reminder,reminder,True,[],[],Current
txn_007953,cust_003290,2070.06,card,878,19,17,0.8947,1,False,network_error,0.82894,1,retry,retry,True,[],[],Current
txn_005971,cust_002920,2895.34,wallet,897,1,0,0.0,2,False,network_error,0.57,1,retry,retry,True,[],[],Current
txn_003351,cust_003270,2234.44,upi,363,5,3,0.6,1,False,gateway_error,0.72,1,retry,retry,True,[],[],Current
txn_004696,cust_003038,744.15,netbanking,937,3,2,0.6667,4,False,gateway_error,0.24333999999999995,0,retry,payment_link,True,[],"[{'action': 'retry', 'reasons': ['maximum_retry_attempts_exceeded']}]",Current
txn_003400,cust_000984,684.87,upi,1307,11,9,0.8182,2,False,bank_decline,0.56364,1,retry,retry,True,[],[],Current
txn_004082,cust_001429,725.43,wallet,307,0,0,0.0,3,True,bank_decline,0.13999999999999996,0,reminder,reminder,True,[],[],Current
txn_009150,cust_000593,1077.56,card,155,3,3,1.0,2,False,authentication_failed,0.5700000000000001,1,reminder,reminder,True,[],[],Current
txn_001225,cust_001492,1272.8,netbanking,896,4,2,0.5,2,False,insufficient_balance,0.5000000000000001,0,reminder,reminder,True,[],[],Current
txn_006293,cust_002793,891.81,wallet,1037,14,10,0.7143,1,False,bank_decline,0.62286,1,retry,retry,True,[],[],Current
txn_003123,cust_000899,1325.08,wallet,95,18,14,0.7778,2,False,gateway_error,0.67556,0,retry,retry,True,[],[],Current
txn_000511,cust_001090,1984.31,upi,96,5,5,1.0,3,False,bank_decline,0.39,0,retry,reminder,True,[],"[{'action': 'retry', 'reasons': ['maximum_retry_attempts_exceeded']}]",Current
txn_005795,cust_001974,501.17,netbanking,1311,15,13,0.8667,1,False,bank_decline,0.65334,1,retry,retry,True,[],[],Current
txn_008182,cust_000218,884.15,card,533,2,1,0.5,1,False,gateway_error,0.7,1,retry,retry,True,[],[],Current
txn_009418,cust_001332,1036.02,upi,529,9,7,0.7778,4,False,insufficient_balance,0.39556,1,reminder,reminder,True,[],[],Current
txn_000097,cust_000795,690.88,netbanking,128,6,4,0.6667,3,False,gateway_error,0.32333999999999996,0,retry,payment_link,True,[],"[{'action': 'retry', 'reasons': ['maximum_retry_attempts_exceeded']}]",Current
txn_006682,cust_000226,1785.1,upi,1174,2,2,1.0,3,False,authentication_failed,0.49,1,reminder,reminder,True,[],[],Current
txn_001513,cust_001140,1189.22,wallet,467,13,9,0.6923,2,False,bank_decline,0.53846,0,retry,retry,True,[],[],Current
txn_008792,cust_003034,1267.39,card,388,18,15,0.8333,4,False,bank_decline,0.30666000000000004,1,retry,payment_link,True,[],"[{'action': 'retry', 'reasons': ['maximum_retry_attempts_exceeded']}]",Current
txn_000120,cust_002852,4619.66,wallet,687,4,2,0.5,4,False,insufficient_balance,0.3400000000000001,0,reminder,reminder,True,[],[],Current
txn_007792,cust_000873,557.89,upi,726,1,0,0.0,1,False,insufficient_balance,0.48,0,reminder,reminder,True,[],[],Current
txn_006518,cust_003238,1091.19,wallet,1047,8,8,1.0,1,False,bank_decline,0.6799999999999999,0,retry,retry,True,[],[],Current
txn_000034,cust_003092,379.51,netbanking,1239,3,3,1.0,3,False,insufficient_balance,0.5199999999999999,0,reminder,reminder,True,[],[],Current
txn_007888,cust_000122,3254.57,upi,695,9,7,0.7778,2,False,gateway_error,0.67556,1,retry,retry,True,[],[],Current
txn_006831,cust_002657,506.31,wallet,1287,14,13,0.9286,4,False,bank_decline,0.32572,1,retry,payment_link,True,[],"[{'action': 'retry', 'reasons': ['maximum_retry_attempts_exceeded']}]",Current
txn_005422,cust_002288,1970.07,upi,1266,0,0,0.0,4,True,bank_decline,0.09000000000000001,0,retry,payment_link,True,[],"[{'action': 'retry', 'reasons': ['maximum_retry_attempts_exceeded']}]",Current
txn_001069,cust_002915,862.42,card,1060,0,0,0.0,4,True,network_error,0.059999999999999984,0,retry,payment_link,True,[],"[{'action': 'retry', 'reasons': ['maximum_retry_attempts_exceeded']}]",Current
txn_001348,cust_001339,1422.85,netbanking,1097,21,15,0.7143,3,False,authentication_failed,0.43286,0,reminder,reminder,True,[],[],Current
txn_004748,cust_000791,675.78,wallet,943,0,0,0.0,2,True,network_error,0.5199999999999999,1,retry,retry,True,[],[],Current
txn_006006,cust_000371,1019.81,wallet,26,13,9,0.6923,4,False,network_error,0.24845999999999996,0,retry,payment_link,True,[],"[{'action': 'retry', 'reasons': ['maximum_retry_attempts_exceeded']}]",Current
txn_006040,cust_003133,2228.21,netbanking,570,24,14,0.5833,3,False,network_error,0.30666000000000004,0,retry,payment_link,True,[],"[{'action': 'retry', 'reasons': ['maximum_retry_attempts_exceeded']}]",Current
txn_003818,cust_000126,789.45,wallet,10,6,4,0.6667,4,False,authentication_failed,0.39334,1,payment_link,payment_link,True,[],[],Current
txn_008447,cust_002684,3400.45,upi,1458,3,1,0.3333,3,False,expired_card,0.5566599999999999,1,payment_link,payment_link,True,[],[],Current
txn_005270,cust_002836,487.66,netbanking,628,12,9,0.75,1,False,insufficient_balance,0.63,1,reminder,reminder,True,[],[],Current
txn_006898,cust_001711,1169.32,card,962,2,1,0.5,3,False,gateway_error,0.29000000000000004,0,retry,payment_link,True,[],"[{'action': 'retry', 'reasons': ['maximum_retry_attempts_exceeded']}]",Current
txn_005310,cust_001710,1445.39,card,67,13,9,0.6923,3,False,bank_decline,0.32846,1,retry,reminder,True,[],"[{'action': 'retry', 'reasons': ['maximum_retry_attempts_exceeded']}]",Current
txn_000032,cust_000766,962.22,netbanking,1401,0,0,0.0,1,True,bank_decline,0.33,0,payment_link,payment_link,True,[],[],Current
txn_005675,cust_000255,287.61,upi,1011,25,18,0.72,2,False,gateway_error,0.664,0,retry,retry,True,[],[],Current
txn_004387,cust_002280,1426.16,wallet,1016,26,22,0.8462,4,False,network_error,0.27924000000000004,0,retry,payment_link,True,[],"[{'action': 'retry', 'reasons': ['maximum_retry_attempts_exceeded']}, {'action': 'reminder', 'reasons': ['temporary_network_error_should_be_retried_first']}]",Current
txn_000030,cust_002771,411.75,upi,1421,7,7,1.0,1,False,bank_decline,0.6799999999999999,1,retry,retry,True,[],[],Current
txn_004203,cust_000402,4801.78,upi,45,16,13,0.8125,3,False,network_error,0.35250000000000004,0,retry,payment_link,True,[],"[{'action': 'retry', 'reasons': ['maximum_retry_attempts_exceeded']}]",Current
txn_007508,cust_002863,1156.32,wallet,579,18,14,0.7778,4,False,insufficient_balance,0.39556,1,reminder,reminder,True,[],[],Current
txn_000736,cust_001489,1232.0,netbanking,972,0,0,0.0,1,True,bank_decline,0.3,1,reminder,reminder,True,[],[],Current
txn_002068,cust_001554,5034.75,upi,1358,6,5,0.8333,1,False,insufficient_balance,0.64666,1,reminder,reminder,True,[],[],Current
txn_000107,cust_000084,301.11,wallet,1363,9,6,0.6667,3,False,authentication_failed,0.42333999999999994,1,reminder,reminder,True,[],[],Current
txn_009645,cust_002014,500.2,wallet,405,9,6,0.6667,4,False,authentication_failed,0.39334,0,payment_link,payment_link,True,[],[],Current
txn_008895,cust_000209,574.57,wallet,944,27,21,0.7778,4,False,expired_card,0.5655600000000001,0,payment_link,payment_link,True,[],[],Current
txn_008021,cust_001526,1031.36,netbanking,401,24,18,0.75,2,False,network_error,0.7200000000000001,1,retry,retry,True,[],[],Current
txn_002233,cust_001575,1406.09,netbanking,213,12,9,0.75,1,False,expired_card,0.8,0,payment_link,payment_link,True,[],[],Current
txn_000994,cust_001636,1163.74,netbanking,170,8,7,0.875,4,False,insufficient_balance,0.41500000000000004,1,reminder,reminder,True,[],[],Current
txn_009413,cust_000474,220.31,wallet,950,6,4,0.6667,4,False,gateway_error,0.24333999999999995,0,retry,payment_link,True,[],"[{'action': 'retry', 'reasons': ['maximum_retry_attempts_exceeded']}]",Current
txn_007059,cust_002337,2660.13,netbanking,495,1,1,1.0,1,False,network_error,0.85,1,retry,retry,True,[],[],Current
txn_006790,cust_001738,1538.07,card,546,14,11,0.7857,3,False,authentication_failed,0.44714,0,reminder,reminder,True,[],[],Current
txn_000361,cust_003302,1567.64,netbanking,104,15,12,0.8,3,False,expired_card,0.65,1,payment_link,payment_link,True,[],[],Current
txn_000305,cust_003156,1970.3,upi,330,21,13,0.619,2,False,expired_card,0.6938000000000001,1,payment_link,payment_link,True,[],[],Current
txn_002628,cust_002327,731.08,upi,948,4,4,1.0,2,False,gateway_error,0.7200000000000001,1,retry,retry,True,[],[],Current
txn_008966,cust_002542,286.73,netbanking,1297,22,19,0.8636,4,False,bank_decline,0.2827200000000001,0,retry,reminder,True,[],"[{'action': 'retry', 'reasons': ['maximum_retry_attempts_exceeded']}]",Current
txn_004514,cust_002161,4566.11,card,217,23,15,0.6522,3,False,network_error,0.32043999999999995,0,retry,payment_link,True,[],"[{'action': 'retry', 'reasons': ['maximum_retry_attempts_exceeded']}]",Current
txn_005911,cust_001117,431.59,netbanking,912,3,3,1.0,1,False,insufficient_balance,0.6799999999999999,0,reminder,reminder,True,[],[],Current
txn_008314,cust_000050,1030.43,card,407,22,19,0.8636,4,False,authentication_failed,0.38272000000000006,0,reminder,reminder,True,[],[],Current
txn_003101,cust_002949,1919.38,card,849,29,21,0.7241,2,False,authentication_failed,0.56482,0,payment_link,payment_link,True,[],[],Current
txn_005704,cust_000394,1278.03,card,763,6,5,0.8333,4,False,authentication_failed,0.37666,0,reminder,reminder,True,[],[],Current
txn_003899,cust_000074,232.39,netbanking,1062,29,21,0.7241,3,False,gateway_error,0.30482,0,retry,reminder,True,[],"[{'action': 'retry', 'reasons': ['maximum_retry_attempts_exceeded']}]",Current
txn_005441,cust_001048,2568.3,upi,941,4,4,1.0,1,False,gateway_error,0.8,1,retry,retry,True,[],[],Current
txn_007931,cust_001181,1283.79,upi,1247,21,15,0.7143,4,False,authentication_failed,0.35286000000000006,0,reminder,reminder,True,[],[],Current
txn_000622,cust_001309,1202.48,upi,317,16,14,0.875,1,False,insufficient_balance,0.655,1,reminder,reminder,True,[],[],Current
txn_007236,cust_002450,565.74,upi,73,12,10,0.8333,3,False,insufficient_balance,0.48666,1,reminder,reminder,True,[],[],Current
txn_002499,cust_002350,349.0,upi,798,16,13,0.8125,4,False,authentication_failed,0.4225000000000001,0,payment_link,payment_link,True,[],[],Current
txn_000714,cust_001491,1414.72,upi,268,7,6,0.8571,1,False,insufficient_balance,0.65142,1,reminder,reminder,True,[],[],Current
txn_008404,cust_001391,5476.61,netbanking,343,28,16,0.5714,4,False,gateway_error,0.22427999999999998,0,retry,payment_link,True,[],"[{'action': 'retry', 'reasons': ['maximum_retry_attempts_exceeded']}]",Current
txn_002856,cust_001819,2832.47,upi,219,27,23,0.8519,1,False,insufficient_balance,0.65038,1,reminder,reminder,True,[],[],Current
txn_004270,cust_000556,367.26,upi,1083,14,10,0.7143,3,False,insufficient_balance,0.46285999999999994,1,reminder,reminder,True,[],[],Current
txn_002909,cust_001597,3596.44,upi,1169,6,6,1.0,1,False,authentication_failed,0.7,0,payment_link,payment_link,True,[],[],Current
txn_008081,cust_001780,1184.73,netbanking,770,22,16,0.7273,4,False,bank_decline,0.28545999999999994,1,retry,payment_link,True,[],"[{'action': 'retry', 'reasons': ['maximum_retry_attempts_exceeded']}]",Current
txn_004517,cust_001057,1213.1,wallet,223,7,6,0.8571,2,False,authentication_failed,0.54142,1,reminder,reminder,True,[],[],Current
txn_001262,cust_002228,9186.11,wallet,745,18,12,0.6667,1,False,gateway_error,0.7333399999999999,1,retry,retry,True,[],[],Current
txn_003161,cust_002432,291.03,card,1413,25,17,0.68,2,False,gateway_error,0.656,0,retry,retry,True,[],[],Current
txn_000971,cust_002808,210.94,wallet,307,28,21,0.75,2,False,bank_decline,0.55,1,retry,retry,True,[],[],Current
txn_003913,cust_001113,509.72,card,710,25,22,0.88,3,False,authentication_failed,0.5159999999999999,1,payment_link,payment_link,True,[],[],Current
txn_005199,cust_000394,2492.86,card,934,18,9,0.5,3,False,network_error,0.29000000000000004,0,retry,payment_link,True,[],"[{'action': 'retry', 'reasons': ['maximum_retry_attempts_exceeded']}]",Current
txn_008847,cust_001088,502.3,upi,57,3,2,0.6667,1,False,bank_decline,0.61334,0,retry,retry,True,[],[],Current
txn_000260,cust_001685,1842.2,upi,1480,7,5,0.7143,3,False,authentication_failed,0.43286,0,reminder,reminder,True,[],[],Current
txn_003791,cust_001196,775.79,upi,302,11,8,0.7273,4,False,bank_decline,0.28545999999999994,1,retry,payment_link,True,[],"[{'action': 'retry', 'reasons': ['maximum_retry_attempts_exceeded']}]",Current
txn_009203,cust_000169,1167.74,upi,676,19,13,0.6842,1,False,expired_card,0.78684,1,payment_link,payment_link,True,[],[],Current
txn_000488,cust_000256,644.16,netbanking,348,2,2,1.0,3,False,authentication_failed,0.49,1,reminder,reminder,True,[],[],Current
txn_007908,cust_000292,1213.86,netbanking,1467,3,3,1.0,4,False,expired_card,0.61,1,payment_link,payment_link,True,[],[],Current
txn_000519,cust_002894,481.64,upi,971,11,9,0.8182,1,False,gateway_error,0.76364,1,retry,retry,True,[],[],Current
txn_008343,cust_002359,775.68,netbanking,333,14,8,0.5714,2,False,bank_decline,0.51428,1,retry,retry,True,[],[],Current
txn_000312,cust_000828,2030.19,upi,1139,3,3,1.0,2,False,network_error,0.77,1,retry,retry,True,[],[],Current
txn_003232,cust_000299,481.2,wallet,1380,8,4,0.5,2,False,network_error,0.67,0,retry,retry,True,[],[],Current
txn_007933,cust_000791,753.07,card,897,16,9,0.5625,1,False,gateway_error,0.7124999999999999,1,retry,retry,True,[],[],Current
txn_007458,cust_000127,2644.67,netbanking,1431,14,9,0.6429,3,False,insufficient_balance,0.44857999999999987,1,reminder,reminder,True,[],[],Current
txn_009784,cust_002528,680.73,netbanking,1394,12,6,0.5,3,False,bank_decline,0.32000000000000006,0,retry,payment_link,True,[],"[{'action': 'retry', 'reasons': ['maximum_retry_attempts_exceeded']}]",Current
txn_005184,cust_002662,2343.9,wallet,22,15,12,0.8,4,False,network_error,0.27,0,retry,payment_link,True,[],"[{'action': 'retry', 'reasons': ['maximum_retry_attempts_exceeded']}]",Current
txn_008077,cust_001820,1620.73,card,1288,8,7,0.875,2,False,bank_decline,0.5750000000000001,0,retry,retry,True,[],[],Current
txn_006502,cust_002648,428.35,card,702,11,9,0.8182,2,False,bank_decline,0.56364,1,retry,retry,True,[],[],Current
txn_006791,cust_003089,1754.27,card,281,23,17,0.7391,4,False,network_error,0.25782,1,retry,payment_link,True,[],"[{'action': 'retry', 'reasons': ['maximum_retry_attempts_exceeded']}]",Current
txn_007773,cust_000519,695.31,wallet,1329,23,14,0.6087,4,False,bank_decline,0.26174,0,retry,payment_link,True,[],"[{'action': 'retry', 'reasons': ['maximum_retry_attempts_exceeded']}]",Current
txn_002738,cust_002096,253.82,wallet,61,0,0,0.0,2,True,network_error,0.5199999999999999,1,retry,retry,True,[],[],Current
txn_007842,cust_001845,981.88,netbanking,1236,20,13,0.65,3,False,bank_decline,0.35,1,retry,payment_link,True,[],"[{'action': 'retry', 'reasons': ['maximum_retry_attempts_exceeded']}]",Current
txn_006262,cust_003235,1729.26,netbanking,831,0,0,0.0,2,True,expired_card,0.5199999999999999,1,payment_link,payment_link,True,[],[],Current
txn_008206,cust_000921,2750.82,netbanking,694,3,2,0.6667,1,False,bank_decline,0.61334,0,retry,retry,True,[],[],Current
txn_001248,cust_001507,2157.68,card,667,2,2,1.0,2,False,gateway_error,0.7200000000000001,0,retry,retry,True,[],[],Current
txn_009336,cust_002230,2409.03,card,1148,11,9,0.8182,3,False,insufficient_balance,0.48363999999999996,1,reminder,reminder,True,[],[],Current
txn_004195,cust_002683,1300.26,card,232,19,13,0.6842,4,False,network_error,0.24684,0,retry,payment_link,True,[],"[{'action': 'retry', 'reasons': ['maximum_retry_attempts_exceeded']}]",Current
txn_008001,cust_000581,535.96,wallet,885,8,6,0.75,4,False,gateway_error,0.26,1,retry,payment_link,True,[],"[{'action': 'retry', 'reasons': ['maximum_retry_attempts_exceeded']}]",Current
txn_007378,cust_001738,1548.15,card,932,4,2,0.5,3,False,insufficient_balance,0.42000000000000004,0,reminder,reminder,True,[],[],Current
txn_003435,cust_002466,874.83,upi,996,0,0,0.0,4,True,expired_card,0.35999999999999993,0,payment_link,payment_link,True,[],[],Current
txn_005382,cust_002228,480.44,wallet,1145,26,16,0.6154,2,False,bank_decline,0.5230800000000001,1,retry,retry,True,[],[],Current
txn_000959,cust_000759,2072.2,card,219,16,14,0.875,3,False,network_error,0.365,1,retry,payment_link,True,[],"[{'action': 'retry', 'reasons': ['maximum_retry_attempts_exceeded']}]",Current
txn_000417,cust_002671,510.06,card,703,15,13,0.8667,4,False,bank_decline,0.31333999999999995,0,retry,payment_link,True,[],"[{'action': 'retry', 'reasons': ['maximum_retry_attempts_exceeded']}]",Current
txn_005742,cust_001331,877.63,netbanking,109,26,21,0.8077,1,False,network_error,0.8115399999999999,0,retry,retry,True,[],[],Current
txn_006728,cust_000318,921.09,card,972,13,11,0.8462,1,False,gateway_error,0.7692399999999999,1,retry,retry,True,[],[],Current
txn_004382,cust_002563,612.92,netbanking,1495,20,16,0.8,3,False,insufficient_balance,0.48,0,reminder,reminder,True,[],[],Current
txn_005197,cust_000234,443.51,upi,1124,7,5,0.7143,3,False,expired_card,0.63286,0,payment_link,payment_link,True,[],[],Current
txn_001113,cust_002352,2752.26,upi,321,13,10,0.7692,1,False,bank_decline,0.63384,1,retry,retry,True,[],[],Current
txn_002689,cust_002180,149.3,upi,642,13,8,0.6154,1,False,bank_decline,0.50308,0,payment_link,payment_link,True,[],[],Current
txn_006473,cust_000020,390.49,card,903,14,11,0.7857,4,False,gateway_error,0.23714000000000002,1,retry,reminder,True,[],"[{'action': 'retry', 'reasons': ['maximum_retry_attempts_exceeded']}]",Current
txn_008820,cust_002951,1786.68,card,953,11,9,0.8182,4,False,insufficient_balance,0.40364,1,reminder,reminder,True,[],[],Current
txn_007808,cust_000366,1763.6,card,170,7,7,1.0,2,False,insufficient_balance,0.6,0,reminder,reminder,True,[],[],Current
txn_003411,cust_001449,3723.39,upi,1096,3,3,1.0,1,False,authentication_failed,0.65,0,reminder,reminder,True,[],[],Current
txn_000081,cust_001499,2244.3,card,901,20,16,0.8,1,False,gateway_error,0.76,1,retry,retry,True,[],[],Current
txn_004614,cust_001873,445.6,card,1265,19,16,0.8421,3,False,bank_decline,0.35841999999999996,0,retry,reminder,True,[],"[{'action': 'retry', 'reasons': ['maximum_retry_attempts_exceeded']}]",Current
txn_001374,cust_000880,2869.53,netbanking,1121,12,9,0.75,4,False,network_error,0.26,0,retry,payment_link,True,[],"[{'action': 'retry', 'reasons': ['maximum_retry_attempts_exceeded']}]",Current
txn_001510,cust_000150,205.85,wallet,1250,3,3,1.0,4,False,bank_decline,0.33999999999999997,0,retry,payment_link,True,[],"[{'action': 'retry', 'reasons': ['maximum_retry_attempts_exceeded']}]",Current
txn_006443,cust_001786,471.24,upi,673,18,12,0.6667,2,False,bank_decline,0.53334,0,retry,retry,True,[],[],Current
txn_003071,cust_000267,827.55,wallet,647,20,13,0.65,1,False,bank_decline,0.61,1,retry,retry,True,[],[],Current
txn_003016,cust_002973,449.65,card,685,0,0,0.0,4,True,expired_card,0.35999999999999993,0,payment_link,payment_link,True,[],[],Current
txn_004823,cust_000764,1531.38,upi,538,10,8,0.8,2,False,insufficient_balance,0.43,1,retry,retry,True,[],[],Current
txn_007822,cust_001901,1501.22,card,941,10,7,0.7,3,False,network_error,0.32999999999999996,0,retry,payment_link,True,[],"[{'action': 'retry', 'reasons': ['maximum_retry_attempts_exceeded']}]",Current
txn_000093,cust_001536,2976.07,wallet,1142,19,13,0.6842,4,False,gateway_error,0.24684,0,retry,payment_link,True,[],"[{'action': 'retry', 'reasons': ['maximum_retry_attempts_exceeded']}]",Current
txn_009421,cust_002827,1742.72,upi,608,26,21,0.8077,2,False,insufficient_balance,0.56154,1,payment_link,reminder,True,[],"[{'action': 'payment_link', 'reasons': ['payment_link_not_preferred_for_insufficient_balance']}]",Current
txn_006600,cust_001933,1931.16,upi,1321,10,8,0.8,2,False,insufficient_balance,0.56,1,reminder,reminder,True,[],[],Current
txn_004443,cust_001547,609.22,card,679,26,20,0.7692,4,False,bank_decline,0.29384,1,retry,payment_link,True,[],"[{'action': 'retry', 'reasons': ['maximum_retry_attempts_exceeded']}]",Current
txn_007602,cust_003090,3752.95,card,990,6,6,1.0,1,False,gateway_error,0.8,1,retry,retry,True,[],[],Current
txn_003835,cust_002858,2747.83,card,1377,28,20,0.7143,4,False,insufficient_balance,0.38286,0,retry,reminder,True,[],"[{'action': 'retry', 'reasons': ['maximum_retry_attempts_exceeded']}]",Current
txn_009702,cust_000923,1261.96,netbanking,690,4,3,0.75,4,False,insufficient_balance,0.39,1,reminder,reminder,True,[],[],Current
txn_004322,cust_001165,1633.88,upi,1273,18,13,0.7222,4,False,gateway_error,0.25443999999999994,1,retry,payment_link,True,[],"[{'action': 'retry', 'reasons': ['maximum_retry_attempts_exceeded']}]",Current
txn_003394,cust_000092,496.94,upi,91,10,8,0.8,2,False,authentication_failed,0.53,0,reminder,reminder,True,[],[],Current
txn_004752,cust_001954,3458.81,card,1364,14,9,0.6429,3,False,expired_card,0.6185799999999999,1,payment_link,payment_link,True,[],[],Current
txn_007229,cust_002591,1999.85,upi,51,23,18,0.7826,3,False,insufficient_balance,0.47651999999999994,0,reminder,reminder,True,[],[],Current
txn_009191,cust_002775,397.22,netbanking,1042,10,9,0.9,1,False,insufficient_balance,0.6599999999999999,1,payment_link,reminder,True,[],"[{'action': 'payment_link', 'reasons': ['payment_link_not_preferred_for_insufficient_balance']}]",Current
txn_002361,cust_001061,938.14,card,433,9,5,0.5556,3,False,insufficient_balance,0.43111999999999995,1,payment_link,reminder,True,[],"[{'action': 'payment_link', 'reasons': ['payment_link_not_preferred_for_insufficient_balance']}]",Current
txn_001148,cust_001576,1536.01,card,1135,19,15,0.7895,3,False,network_error,0.3479,0,retry,payment_link,True,[],"[{'action': 'retry', 'reasons': ['maximum_retry_attempts_exceeded']}]",Current
txn_005666,cust_001245,857.53,netbanking,701,24,20,0.8333,2,False,authentication_failed,0.5866600000000001,1,payment_link,payment_link,True,[],[],Current
txn_008075,cust_002067,2401.86,card,858,24,20,0.8333,2,False,insufficient_balance,0.56666,1,payment_link,reminder,True,[],"[{'action': 'payment_link', 'reasons': ['payment_link_not_preferred_for_insufficient_balance']}]",Current
txn_004943,cust_000536,658.74,wallet,1281,4,2,0.5,1,False,gateway_error,0.7,1,retry,retry,True,[],[],Current
txn_003663,cust_001147,739.0,card,453,9,8,0.8889,1,False,gateway_error,0.7777799999999999,1,retry,retry,True,[],[],Current
txn_001563,cust_001045,1060.99,wallet,160,14,9,0.6429,2,False,network_error,0.69858,1,retry,retry,True,[],[],Current
txn_004113,cust_002978,2641.75,upi,276,18,13,0.7222,4,False,gateway_error,0.25443999999999994,1,retry,payment_link,True,[],"[{'action': 'retry', 'reasons': ['maximum_retry_attempts_exceeded']}]",Current
txn_009050,cust_002278,2492.12,card,645,18,13,0.7222,3,False,gateway_error,0.30443999999999993,1,retry,reminder,True,[],"[{'action': 'retry', 'reasons': ['maximum_retry_attempts_exceeded']}]",Current
txn_009276,cust_002534,2769.72,wallet,690,27,19,0.7037,4,False,expired_card,0.55074,1,payment_link,payment_link,True,[],[],Current
txn_008538,cust_001367,1001.23,wallet,629,4,4,1.0,2,False,bank_decline,0.6,1,retry,retry,True,[],[],Current
txn_000795,cust_003261,2985.84,upi,6,12,9,0.75,2,False,network_error,0.7200000000000001,1,retry,retry,True,[],[],Current
txn_005854,cust_001243,3065.13,wallet,614,16,9,0.5625,3,False,gateway_error,0.3025,0,retry,payment_link,True,[],"[{'action': 'retry', 'reasons': ['maximum_retry_attempts_exceeded']}]",Current
txn_007619,cust_000445,1033.05,netbanking,480,1,1,1.0,4,False,network_error,0.31000000000000005,0,retry,payment_link,True,[],"[{'action': 'retry', 'reasons': ['maximum_retry_attempts_exceeded']}]",Current
txn_001594,cust_000630,2041.9,wallet,907,0,0,0.0,2,True,gateway_error,0.47000000000000003,0,retry,retry,True,[],[],Current
txn_007418,cust_001055,2247.95,wallet,882,10,8,0.8,2,False,gateway_error,0.68,0,retry,retry,True,[],[],Current
txn_005267,cust_002684,13576.59,wallet,125,22,18,0.8182,1,False,authentication_failed,0.61364,0,reminder,reminder,True,[],[],Current
txn_007147,cust_000734,1125.84,upi,401,16,10,0.625,1,False,insufficient_balance,0.605,1,reminder,reminder,True,[],[],Current
txn_000089,cust_001943,5586.22,upi,757,12,9,0.75,4,False,gateway_error,0.26,1,retry,payment_link,True,[],"[{'action': 'retry', 'reasons': ['maximum_retry_attempts_exceeded']}]",Current
txn_008695,cust_000221,996.35,upi,1107,0,0,0.0,1,True,insufficient_balance,0.43,1,reminder,reminder,True,[],[],Current
txn_009732,cust_000652,782.95,wallet,420,10,8,0.8,4,False,bank_decline,0.27,1,retry,reminder,True,[],"[{'action': 'retry', 'reasons': ['maximum_retry_attempts_exceeded']}]",Current
txn_009446,cust_002718,2965.9,card,378,29,21,0.7241,2,False,network_error,0.71482,1,retry,retry,True,[],[],Current
txn_006754,cust_000420,789.64,netbanking,1073,3,2,0.6667,4,False,bank_decline,0.2733399999999999,0,retry,payment_link,True,[],"[{'action': 'retry', 'reasons': ['maximum_retry_attempts_exceeded']}]",Current
txn_003502,cust_003037,871.01,upi,1452,1,1,1.0,2,False,insufficient_balance,0.6,1,reminder,reminder,True,[],[],Current
txn_002234,cust_002249,730.83,wallet,1028,14,9,0.6429,3,False,gateway_error,0.31858,0,retry,payment_link,True,[],"[{'action': 'retry', 'reasons': ['maximum_retry_attempts_exceeded']}]",Current
txn_002803,cust_003133,1806.58,wallet,670,22,14,0.6364,4,False,insufficient_balance,0.36728000000000005,0,payment_link,reminder,True,[],"[{'action': 'payment_link', 'reasons': ['payment_link_not_preferred_for_insufficient_balance']}]",Current
txn_004424,cust_003030,449.71,upi,1217,25,19,0.76,4,False,gateway_error,0.23200000000000004,1,retry,reminder,True,[],"[{'action': 'retry', 'reasons': ['maximum_retry_attempts_exceeded']}]",Current
txn_005663,cust_002655,964.06,netbanking,207,24,16,0.6667,2,False,authentication_failed,0.55334,0,payment_link,payment_link,True,[],[],Current
txn_007170,cust_001979,950.43,wallet,841,1,1,1.0,4,False,gateway_error,0.31000000000000005,1,retry,payment_link,True,[],"[{'action': 'retry', 'reasons': ['maximum_retry_attempts_exceeded']}]",Current
txn_008337,cust_000666,3425.66,wallet,11,2,2,1.0,2,False,bank_decline,0.6,0,retry,retry,True,[],[],Current
txn_002148,cust_001690,588.18,netbanking,3,28,19,0.6786,2,False,insufficient_balance,0.5357200000000001,1,reminder,reminder,True,[],[],Current
txn_007969,cust_000554,1657.51,wallet,1351,20,17,0.85,1,False,authentication_failed,0.6699999999999999,0,payment_link,payment_link,True,[],[],Current
txn_006551,cust_002973,1816.67,upi,1154,4,2,0.5,1,False,bank_decline,0.5800000000000001,0,retry,retry,True,[],[],Current
txn_007643,cust_000427,673.95,upi,1480,16,12,0.75,4,False,gateway_error,0.26,0,retry,payment_link,True,[],"[{'action': 'retry', 'reasons': ['maximum_retry_attempts_exceeded']}]",Current
txn_006164,cust_001375,994.35,upi,887,7,7,1.0,4,False,bank_decline,0.33999999999999997,0,retry,payment_link,True,[],"[{'action': 'retry', 'reasons': ['maximum_retry_attempts_exceeded']}]",Current
txn_001495,cust_001165,477.88,upi,574,25,19,0.76,2,False,bank_decline,0.552,0,retry,retry,True,[],[],Current
txn_007696,cust_002623,866.18,wallet,1320,29,21,0.7241,4,False,gateway_error,0.25482,0,retry,payment_link,True,[],"[{'action': 'retry', 'reasons': ['maximum_retry_attempts_exceeded']}]",Current
txn_007094,cust_002204,738.48,upi,981,1,1,1.0,3,False,expired_card,0.69,0,payment_link,payment_link,True,[],[],Current
txn_001409,cust_000175,1095.42,wallet,474,28,21,0.75,1,False,gateway_error,0.75,1,retry,retry,True,[],[],Current
txn_006691,cust_000137,571.27,upi,827,22,18,0.8182,4,False,bank_decline,0.30364,0,retry,payment_link,True,[],"[{'action': 'retry', 'reasons': ['maximum_retry_attempts_exceeded']}]",Current
txn_003401,cust_000274,1739.67,upi,502,17,12,0.7059,2,False,gateway_error,0.66118,1,retry,retry,True,[],[],Current
txn_000109,cust_000853,1495.42,netbanking,1175,19,14,0.7368,2,False,gateway_error,0.6673600000000001,0,retry,retry,True,[],[],Current
txn_005636,cust_001407,2509.13,netbanking,45,22,18,0.8182,3,False,insufficient_balance,0.48363999999999996,1,reminder,reminder,True,[],[],Current
txn_008482,cust_000714,5506.27,netbanking,794,29,23,0.7931,1,False,gateway_error,0.7586200000000001,1,retry,retry,True,[],[],Current
txn_006604,cust_002144,700.48,upi,1440,27,18,0.6667,3,False,expired_card,0.6233399999999999,0,payment_link,payment_link,True,[],[],Current
txn_001091,cust_002936,467.12,upi,174,8,5,0.625,4,False,gateway_error,0.235,0,retry,payment_link,True,[],"[{'action': 'retry', 'reasons': ['maximum_retry_attempts_exceeded']}]",Current
txn_005560,cust_000565,628.15,upi,666,9,5,0.5556,1,False,gateway_error,0.71112,1,retry,retry,True,[],[],Current
txn_009412,cust_000688,808.78,card,564,22,17,0.7727,2,False,gateway_error,0.67454,1,retry,retry,True,[],[],Current
txn_008143,cust_002860,580.71,upi,816,7,6,0.8571,2,False,bank_decline,0.57142,1,retry,retry,True,[],[],Current
txn_008664,cust_001621,1620.1,upi,442,14,10,0.7143,4,False,network_error,0.25286000000000003,1,retry,payment_link,True,[],"[{'action': 'retry', 'reasons': ['maximum_retry_attempts_exceeded']}]",Current
txn_006596,cust_002403,816.51,upi,1488,9,8,0.8889,2,False,gateway_error,0.69778,1,retry,retry,True,[],[],Current
txn_000624,cust_001223,1040.07,upi,991,7,6,0.8571,2,False,authentication_failed,0.54142,1,reminder,reminder,True,[],[],Current
txn_006871,cust_001339,614.76,netbanking,951,23,18,0.7826,3,False,expired_card,0.6465199999999999,1,payment_link,payment_link,True,[],[],Current
txn_004814,cust_000034,772.49,card,196,23,18,0.7826,1,False,bank_decline,0.63652,1,retry,retry,True,[],[],Current
txn_006553,cust_000958,3101.4,netbanking,1099,22,18,0.8182,3,False,bank_decline,0.35363999999999995,0,retry,reminder,True,[],"[{'action': 'retry', 'reasons': ['maximum_retry_attempts_exceeded']}]",Current
txn_007530,cust_001794,266.39,wallet,529,14,9,0.6429,4,False,bank_decline,0.26857999999999993,0,retry,payment_link,True,[],"[{'action': 'retry', 'reasons': ['maximum_retry_attempts_exceeded']}]",Current
txn_005796,cust_002722,901.59,card,1200,10,5,0.5,1,False,expired_card,0.75,0,payment_link,payment_link,True,[],[],Current
txn_007437,cust_002520,2371.89,upi,1055,16,11,0.6875,3,False,network_error,0.3275,0,retry,payment_link,True,[],"[{'action': 'retry', 'reasons': ['maximum_retry_attempts_exceeded']}]",Current
txn_004218,cust_001887,403.35,wallet,569,11,8,0.7273,3,False,network_error,0.33546,0,retry,payment_link,True,[],"[{'action': 'retry', 'reasons': ['maximum_retry_attempts_exceeded']}, {'action': 'reminder', 'reasons': ['temporary_network_error_should_be_retried_first']}]",Current
txn_005941,cust_001730,643.19,upi,1080,8,8,1.0,1,False,gateway_error,0.8,1,retry,retry,True,[],[],Current
txn_008501,cust_003180,1108.05,card,1024,5,2,0.4,1,False,authentication_failed,0.5800000000000001,1,payment_link,payment_link,True,[],[],Current
txn_006429,cust_001732,1550.38,wallet,768,27,25,0.9259,4,False,network_error,0.29518,0,retry,payment_link,True,[],"[{'action': 'retry', 'reasons': ['maximum_retry_attempts_exceeded']}, {'action': 'reminder', 'reasons': ['temporary_network_error_should_be_retried_first']}]",Current
txn_006827,cust_000574,1609.03,card,274,2,1,0.5,3,False,authentication_failed,0.44000000000000006,0,payment_link,payment_link,True,[],[],Current
txn_004131,cust_001179,1557.42,upi,754,27,22,0.8148,2,False,insufficient_balance,0.56296,0,payment_link,reminder,True,[],"[{'action': 'payment_link', 'reasons': ['payment_link_not_preferred_for_insufficient_balance']}]",Current
txn_007802,cust_002760,553.15,card,287,24,20,0.8333,1,False,bank_decline,0.64666,1,retry,retry,True,[],[],Current
txn_007754,cust_002731,652.09,card,1350,8,7,0.875,3,False,bank_decline,0.3949999999999999,0,retry,payment_link,True,[],"[{'action': 'retry', 'reasons': ['maximum_retry_attempts_exceeded']}]",Current
txn_004722,cust_003062,1241.0,upi,1049,13,9,0.6923,4,False,network_error,0.24845999999999996,0,retry,payment_link,True,[],"[{'action': 'retry', 'reasons': ['maximum_retry_attempts_exceeded']}]",Current
txn_001651,cust_001936,1361.34,wallet,612,8,6,0.75,1,False,bank_decline,0.63,0,retry,retry,True,[],[],Current
txn_004141,cust_003181,571.56,wallet,121,11,7,0.6364,2,False,insufficient_balance,0.5272800000000001,1,reminder,reminder,True,[],[],Current
txn_001618,cust_003312,997.27,upi,201,3,3,1.0,2,False,authentication_failed,0.5700000000000001,0,reminder,reminder,True,[],[],Current
txn_002030,cust_001472,1425.95,netbanking,613,24,19,0.7917,2,False,gateway_error,0.67834,0,retry,retry,True,[],[],Current
txn_008518,cust_000773,433.96,netbanking,415,0,0,0.0,2,True,bank_decline,0.21999999999999997,1,reminder,reminder,True,[],[],Current
txn_004576,cust_000849,1320.42,wallet,1490,16,14,0.875,1,False,expired_card,0.825,1,payment_link,payment_link,True,[],[],Current
txn_003993,cust_002183,962.9,upi,1375,6,5,0.8333,2,False,gateway_error,0.68666,1,retry,retry,True,[],[],Current
txn_007377,cust_003299,1144.53,card,237,11,10,0.9091,2,False,bank_decline,0.5818200000000001,0,retry,retry,True,[],[],Current
txn_006150,cust_002158,2904.66,upi,239,9,8,0.8889,4,False,network_error,0.28778000000000004,1,retry,payment_link,True,[],"[{'action': 'retry', 'reasons': ['maximum_retry_attempts_exceeded']}]",Current
txn_004909,cust_000026,2390.18,netbanking,286,9,8,0.8889,1,False,gateway_error,0.7777799999999999,0,retry,retry,True,[],[],Current
txn_005027,cust_002765,641.97,netbanking,312,15,12,0.8,3,False,bank_decline,0.38,1,retry,payment_link,True,[],"[{'action': 'retry', 'reasons': ['maximum_retry_attempts_exceeded']}]",Current
txn_008261,cust_000844,1013.93,wallet,971,27,19,0.7037,1,False,authentication_failed,0.6407400000000001,0,payment_link,payment_link,True,[],[],Current
txn_004732,cust_003144,4887.67,card,611,19,12,0.6316,4,False,authentication_failed,0.33632000000000006,0,reminder,reminder,True,[],[],Current
txn_007549,cust_000533,1373.39,wallet,350,29,25,0.8621,1,False,insufficient_balance,0.52242,0,retry,retry,True,[],[],Current
txn_008135,cust_001809,1114.48,netbanking,1492,0,0,0.0,3,True,network_error,0.13999999999999996,0,retry,payment_link,True,[],"[{'action': 'retry', 'reasons': ['maximum_retry_attempts_exceeded']}]",Current
txn_001607,cust_003233,766.91,netbanking,1448,29,25,0.8621,2,False,bank_decline,0.57242,0,retry,retry,True,[],[],Current
txn_004774,cust_001755,466.57,card,561,8,4,0.5,1,False,expired_card,0.75,0,payment_link,payment_link,True,[],[],Current
txn_008110,cust_001046,360.61,upi,1156,1,1,1.0,2,False,gateway_error,0.7200000000000001,1,retry,retry,True,[],[],Current
txn_006952,cust_002947,2492.84,card,160,7,6,0.8571,2,False,insufficient_balance,0.57142,0,reminder,reminder,True,[],[],Current
txn_006005,cust_002475,3029.75,wallet,1477,22,17,0.7727,3,False,bank_decline,0.34453999999999996,1,retry,reminder,True,[],"[{'action': 'retry', 'reasons': ['maximum_retry_attempts_exceeded']}]",Current
txn_007729,cust_002204,662.97,card,1133,3,3,1.0,1,False,gateway_error,0.8,1,retry,retry,True,[],[],Current
txn_003542,cust_001352,1638.72,upi,135,15,14,0.9333,2,False,bank_decline,0.5866600000000001,1,retry,retry,True,[],[],Current
txn_000389,cust_003158,1862.28,wallet,939,8,7,0.875,4,False,gateway_error,0.28500000000000003,0,retry,payment_link,True,[],"[{'action': 'retry', 'reasons': ['maximum_retry_attempts_exceeded']}]",Current
txn_001795,cust_000538,463.08,card,771,6,6,1.0,1,False,network_error,0.85,1,retry,retry,True,[],[],Current
txn_008732,cust_000804,1417.18,wallet,597,7,6,0.8571,3,False,bank_decline,0.39142,0,retry,payment_link,True,[],"[{'action': 'retry', 'reasons': ['maximum_retry_attempts_exceeded']}]",Current
txn_004920,cust_003037,660.37,wallet,465,15,10,0.6667,1,False,insufficient_balance,0.61334,1,reminder,reminder,True,[],[],Current
txn_005538,cust_000651,378.9,card,425,25,20,0.8,4,False,expired_card,0.5700000000000001,0,payment_link,payment_link,True,[],[],Current
txn_003873,cust_001158,869.81,netbanking,1241,15,11,0.7333,3,False,bank_decline,0.33665999999999996,0,retry,reminder,True,[],"[{'action': 'retry', 'reasons': ['maximum_retry_attempts_exceeded']}]",Current
txn_008869,cust_002447,443.78,wallet,1444,9,7,0.7778,4,False,network_error,0.26556,0,retry,payment_link,True,[],"[{'action': 'retry', 'reasons': ['maximum_retry_attempts_exceeded']}]",Current
txn_002255,cust_000604,2628.39,upi,68,9,6,0.6667,2,False,insufficient_balance,0.4033399999999999,0,retry,retry,True,[],[],Current
txn_003413,cust_003306,381.16,wallet,698,12,11,0.9167,1,False,insufficient_balance,0.66334,0,reminder,reminder,True,[],[],Current
txn_005460,cust_002662,784.78,netbanking,868,1,0,0.0,2,False,gateway_error,0.52,1,retry,retry,True,[],[],Current
txn_004956,cust_002140,320.96,wallet,246,26,16,0.6154,2,False,network_error,0.69308,1,retry,retry,True,[],[],Current
txn_007397,cust_002294,504.12,upi,440,10,9,0.9,2,False,authentication_failed,0.55,1,reminder,reminder,True,[],[],Current
txn_005415,cust_001666,1556.74,wallet,1261,4,3,0.75,1,False,gateway_error,0.75,1,retry,retry,True,[],[],Current
txn_007400,cust_000856,3053.05,card,866,28,18,0.6429,1,False,expired_card,0.7785799999999999,1,payment_link,payment_link,True,[],[],Current
txn_007415,cust_001837,1098.97,wallet,977,10,8,0.8,2,False,expired_card,0.7300000000000001,0,payment_link,payment_link,True,[],[],Current
txn_009101,cust_003192,1374.47,wallet,1005,25,19,0.76,1,False,expired_card,0.802,1,payment_link,payment_link,True,[],[],Current
txn_004852,cust_002132,5016.53,netbanking,1200,13,9,0.6923,2,False,authentication_failed,0.50846,1,reminder,reminder,True,[],[],Current
txn_002026,cust_002664,2106.97,netbanking,1140,3,2,0.6667,2,False,insufficient_balance,0.53334,0,reminder,reminder,True,[],[],Current
txn_002616,cust_001285,1196.56,upi,1094,17,12,0.7059,2,False,insufficient_balance,0.5411800000000001,0,reminder,reminder,True,[],[],Current
txn_007389,cust_001906,281.19,wallet,1205,2,1,0.5,3,False,insufficient_balance,0.42000000000000004,1,reminder,reminder,True,[],[],Current
txn_002927,cust_003240,539.56,upi,626,14,13,0.9286,3,False,bank_decline,0.37571999999999994,1,retry,reminder,True,[],"[{'action': 'retry', 'reasons': ['maximum_retry_attempts_exceeded']}]",Current
txn_001122,cust_002396,1485.93,upi,802,18,12,0.6667,1,False,bank_decline,0.61334,1,retry,retry,True,[],[],Current
txn_002911,cust_000119,1799.94,card,82,6,5,0.8333,1,False,network_error,0.8166599999999999,1,retry,retry,True,[],[],Current
txn_008147,cust_000143,3223.47,card,1340,1,1,1.0,2,False,authentication_failed,0.5700000000000001,1,reminder,reminder,True,[],[],Current
txn_007384,cust_002820,556.23,card,272,16,13,0.8125,3,False,network_error,0.35250000000000004,0,retry,payment_link,True,[],"[{'action': 'retry', 'reasons': ['maximum_retry_attempts_exceeded']}, {'action': 'reminder', 'reasons': ['temporary_network_error_should_be_retried_first']}]",Current
txn_003483,cust_001542,1088.1,netbanking,206,17,11,0.6471,2,False,authentication_failed,0.5494200000000001,1,payment_link,payment_link,True,[],[],Current
txn_000796,cust_002163,446.16,wallet,752,3,3,1.0,3,False,expired_card,0.69,1,payment_link,payment_link,True,[],[],Current
txn_001576,cust_000199,504.86,netbanking,777,0,0,0.0,2,True,authentication_failed,0.31999999999999995,0,reminder,reminder,True,[],[],Current
txn_006177,cust_000571,455.96,upi,1256,7,5,0.7143,2,False,authentication_failed,0.56286,1,payment_link,payment_link,True,[],[],Current
txn_006267,cust_001084,704.76,card,887,13,10,0.7692,4,False,insufficient_balance,0.39383999999999997,0,reminder,reminder,True,[],[],Current
txn_002459,cust_000191,372.14,netbanking,18,24,19,0.7917,2,False,expired_card,0.72834,0,payment_link,payment_link,True,[],[],Current
txn_003313,cust_002162,324.57,wallet,192,12,11,0.9167,4,False,authentication_failed,0.44334000000000007,0,payment_link,payment_link,True,[],[],Current
txn_001254,cust_000148,1020.66,wallet,100,12,9,0.75,1,False,expired_card,0.8,1,payment_link,payment_link,True,[],[],Current
txn_006835,cust_002015,584.37,wallet,796,11,7,0.6364,4,False,gateway_error,0.23728,0,retry,payment_link,True,[],"[{'action': 'retry', 'reasons': ['maximum_retry_attempts_exceeded']}]",Current
txn_008795,cust_001003,1261.65,card,203,29,21,0.7241,3,False,network_error,0.33482,0,retry,payment_link,True,[],"[{'action': 'retry', 'reasons': ['maximum_retry_attempts_exceeded']}]",Current
txn_003838,cust_000291,2172.4,netbanking,489,29,19,0.6552,3,False,network_error,0.32104,0,retry,payment_link,True,[],"[{'action': 'retry', 'reasons': ['maximum_retry_attempts_exceeded']}]",Current
txn_004399,cust_002314,374.83,upi,891,6,5,0.8333,1,False,network_error,0.8166599999999999,1,retry,retry,True,[],[],Current
txn_003596,cust_000391,2376.02,netbanking,817,29,22,0.7586,4,False,authentication_failed,0.4117200000000001,0,payment_link,payment_link,True,[],[],Current
txn_006622,cust_001057,352.02,card,817,9,8,0.8889,3,False,network_error,0.36778,0,retry,payment_link,True,[],"[{'action': 'retry', 'reasons': ['maximum_retry_attempts_exceeded']}, {'action': 'reminder', 'reasons': ['temporary_network_error_should_be_retried_first']}]",Current
txn_008383,cust_001131,1210.18,netbanking,140,8,6,0.75,3,False,authentication_failed,0.49,1,payment_link,payment_link,True,[],[],Current
txn_002125,cust_002507,6595.83,wallet,1426,27,20,0.7407,2,False,network_error,0.71814,1,retry,retry,True,[],[],Current
txn_003239,cust_002134,1444.82,upi,392,11,7,0.6364,2,False,expired_card,0.69728,1,payment_link,payment_link,True,[],[],Current
txn_005404,cust_002106,6172.6,card,1053,3,2,0.6667,2,False,expired_card,0.70334,1,payment_link,payment_link,True,[],[],Current
txn_005999,cust_001441,1431.64,upi,912,25,21,0.84,4,False,network_error,0.278,0,retry,payment_link,True,[],"[{'action': 'retry', 'reasons': ['maximum_retry_attempts_exceeded']}]",Current
txn_005939,cust_001593,554.97,upi,173,18,16,0.8889,4,False,expired_card,0.58778,0,payment_link,payment_link,True,[],[],Current
txn_002046,cust_001204,1601.19,upi,260,1,0,0.0,1,False,bank_decline,0.48,1,retry,retry,True,[],[],Current
txn_001579,cust_003322,1262.72,netbanking,374,18,15,0.8333,4,False,insufficient_balance,0.40666,0,reminder,reminder,True,[],[],Current
txn_000015,cust_003199,1567.48,upi,669,4,4,1.0,2,False,authentication_failed,0.5700000000000001,1,reminder,reminder,True,[],[],Current
txn_002674,cust_000764,885.97,netbanking,528,17,13,0.7647,4,False,authentication_failed,0.4129400000000001,1,payment_link,payment_link,True,[],[],Current
txn_007017,cust_000688,691.98,card,1127,3,2,0.6667,2,False,gateway_error,0.6533399999999999,0,retry,retry,True,[],[],Current
txn_008721,cust_002192,2134.83,upi,256,1,1,1.0,3,False,authentication_failed,0.49,0,reminder,reminder,True,[],[],Current
txn_008850,cust_000294,2789.52,netbanking,1247,7,5,0.7143,3,False,insufficient_balance,0.46285999999999994,1,reminder,reminder,True,[],[],Current
txn_004813,cust_002798,1531.66,wallet,911,23,18,0.7826,2,False,network_error,0.7265199999999999,0,retry,retry,True,[],[],Current
txn_001085,cust_000330,1165.66,card,1389,3,3,1.0,3,False,bank_decline,0.41999999999999993,0,retry,payment_link,True,[],"[{'action': 'retry', 'reasons': ['maximum_retry_attempts_exceeded']}]",Current
txn_004984,cust_002430,396.45,wallet,772,26,18,0.6923,1,False,gateway_error,0.7384599999999999,1,retry,retry,True,[],[],Current
txn_007156,cust_000597,540.83,card,920,9,7,0.7778,3,False,bank_decline,0.37556,0,retry,payment_link,True,[],"[{'action': 'retry', 'reasons': ['maximum_retry_attempts_exceeded']}]",Current
txn_002885,cust_001375,900.01,upi,741,14,13,0.9286,2,False,network_error,0.7557200000000001,1,retry,retry,True,[],[],Current
txn_000334,cust_001675,1302.55,upi,1375,12,10,0.8333,3,False,insufficient_balance,0.48666,0,reminder,reminder,True,[],[],Current
txn_007205,cust_001368,979.82,netbanking,462,10,6,0.6,1,False,bank_decline,0.6,0,retry,retry,True,[],[],Current
txn_004368,cust_000881,1592.79,card,145,9,6,0.6667,4,False,expired_card,0.5433399999999999,0,payment_link,payment_link,True,[],[],Current
txn_003080,cust_003018,401.01,netbanking,160,27,18,0.6667,2,False,expired_card,0.70334,1,payment_link,payment_link,True,[],[],Current
txn_007204,cust_001777,877.07,card,944,18,15,0.8333,4,False,gateway_error,0.24666000000000005,0,retry,reminder,True,[],"[{'action': 'retry', 'reasons': ['maximum_retry_attempts_exceeded']}]",Current
txn_009910,cust_001883,891.38,upi,940,14,10,0.7143,1,False,authentication_failed,0.59286,1,reminder,reminder,True,[],[],Current
txn_008865,cust_002115,320.48,netbanking,329,11,8,0.7273,4,False,gateway_error,0.25545999999999996,1,retry,payment_link,True,[],"[{'action': 'retry', 'reasons': ['maximum_retry_attempts_exceeded']}]",Current
txn_000264,cust_002945,627.07,upi,901,11,5,0.4545,2,False,insufficient_balance,0.49089999999999995,1,reminder,reminder,True,[],[],Current
txn_004338,cust_002382,1203.15,netbanking,146,3,3,1.0,3,False,bank_decline,0.39,0,retry,reminder,True,[],"[{'action': 'retry', 'reasons': ['maximum_retry_attempts_exceeded']}]",Current
txn_008896,cust_002189,3110.66,wallet,1299,24,19,0.7917,1,False,network_error,0.80834,1,retry,retry,True,[],[],Current
txn_008448,cust_002496,364.4,wallet,316,12,8,0.6667,3,False,insufficient_balance,0.45333999999999997,0,reminder,reminder,True,[],[],Current
txn_005904,cust_002386,2772.53,wallet,1214,0,0,0.0,1,True,insufficient_balance,0.3,0,payment_link,retry,True,[],"[{'action': 'payment_link', 'reasons': ['payment_link_not_preferred_for_insufficient_balance']}]",Current
txn_001499,cust_003030,4821.63,wallet,1482,0,0,0.0,2,True,insufficient_balance,0.21999999999999997,1,payment_link,retry,True,[],"[{'action': 'payment_link', 'reasons': ['payment_link_not_preferred_for_insufficient_balance']}]",Current
txn_004191,cust_002450,6300.85,netbanking,647,19,16,0.8421,1,False,bank_decline,0.64842,1,retry,retry,True,[],[],Current
txn_007486,cust_000206,740.05,netbanking,1236,10,8,0.8,2,False,network_error,0.7300000000000001,1,retry,retry,True,[],[],Current
txn_009644,cust_002796,1599.46,netbanking,864,27,20,0.7407,3,False,insufficient_balance,0.4681399999999999,0,reminder,reminder,True,[],[],Current
txn_008311,cust_000495,6372.77,netbanking,1168,8,5,0.625,4,False,bank_decline,0.265,0,retry,payment_link,True,[],"[{'action': 'retry', 'reasons': ['maximum_retry_attempts_exceeded']}]",Current
txn_007591,cust_002119,1477.25,upi,1105,5,3,0.6,4,False,bank_decline,0.26,1,retry,payment_link,True,[],"[{'action': 'retry', 'reasons': ['maximum_retry_attempts_exceeded']}]",Current
txn_000501,cust_000920,2041.51,card,1457,15,12,0.8,3,False,network_error,0.35,0,retry,payment_link,True,[],"[{'action': 'retry', 'reasons': ['maximum_retry_attempts_exceeded']}]",Current
txn_009156,cust_000711,2686.67,upi,516,11,6,0.5455,3,False,network_error,0.29910000000000003,1,retry,payment_link,True,[],"[{'action': 'retry', 'reasons': ['maximum_retry_attempts_exceeded']}]",Current
txn_009415,cust_000192,365.57,card,376,22,18,0.8182,2,False,bank_decline,0.56364,0,retry,retry,True,[],[],Current
txn_003096,cust_000769,524.31,upi,939,4,1,0.25,2,False,authentication_failed,0.47000000000000003,0,payment_link,payment_link,True,[],[],Current
txn_004632,cust_003034,1181.87,card,1249,10,6,0.6,1,False,expired_card,0.77,0,payment_link,payment_link,True,[],[],Current
txn_000368,cust_000240,10036.15,wallet,405,1,1,1.0,1,False,authentication_failed,0.65,0,reminder,reminder,True,[],[],Current
txn_004059,cust_000371,3110.53,card,248,16,12,0.75,3,False,expired_card,0.64,0,payment_link,payment_link,True,[],[],Current
txn_008175,cust_002339,1931.9,upi,971,0,0,0.0,4,True,bank_decline,0.09000000000000001,1,retry,payment_link,True,[],"[{'action': 'retry', 'reasons': ['maximum_retry_attempts_exceeded']}]",Current
txn_004631,cust_000596,844.12,netbanking,771,20,17,0.85,3,False,bank_decline,0.36,1,retry,reminder,True,[],"[{'action': 'retry', 'reasons': ['maximum_retry_attempts_exceeded']}]",Current
txn_006071,cust_000614,2791.36,upi,703,26,18,0.6923,4,False,bank_decline,0.27845999999999993,1,retry,payment_link,True,[],"[{'action': 'retry', 'reasons': ['maximum_retry_attempts_exceeded']}]",Current
txn_002665,cust_002118,2389.95,wallet,9,0,0,0.0,4,True,bank_decline,0.09000000000000001,0,payment_link,payment_link,True,[],[],Current
txn_001027,cust_000254,1205.21,wallet,1274,28,20,0.7143,2,False,expired_card,0.71286,0,payment_link,payment_link,True,[],[],Current
txn_005909,cust_001057,176.89,netbanking,187,13,11,0.8462,2,False,gateway_error,0.68924,1,retry,retry,True,[],[],Current
txn_005051,cust_002370,352.63,netbanking,1354,7,4,0.5714,1,False,authentication_failed,0.6142799999999999,0,payment_link,payment_link,True,[],[],Current
txn_006329,cust_001779,662.92,card,1378,20,16,0.8,2,False,authentication_failed,0.5800000000000001,1,payment_link,payment_link,True,[],[],Current
txn_009734,cust_000940,5625.62,wallet,254,10,7,0.7,3,False,insufficient_balance,0.45999999999999985,0,reminder,reminder,True,[],[],Current
txn_001692,cust_002010,1039.63,netbanking,774,15,8,0.5333,4,False,insufficient_balance,0.34665999999999997,1,reminder,reminder,True,[],[],Current
txn_000674,cust_001707,578.55,card,55,8,7,0.875,2,False,bank_decline,0.5750000000000001,1,retry,retry,True,[],[],Current
txn_005573,cust_001000,515.07,netbanking,566,6,4,0.6667,1,False,gateway_error,0.7333399999999999,1,retry,retry,True,[],[],Current
txn_005767,cust_001628,1531.33,upi,1340,6,6,1.0,2,False,authentication_failed,0.62,0,payment_link,payment_link,True,[],[],Current
txn_005157,cust_000380,309.1,netbanking,268,16,12,0.75,4,False,bank_decline,0.29000000000000004,0,retry,payment_link,True,[],"[{'action': 'retry', 'reasons': ['maximum_retry_attempts_exceeded']}]",Current
txn_000734,cust_001680,671.27,wallet,1374,27,20,0.7407,4,False,gateway_error,0.25814,1,retry,payment_link,True,[],"[{'action': 'retry', 'reasons': ['maximum_retry_attempts_exceeded']}]",Current
txn_003527,cust_001670,1964.58,netbanking,1285,8,6,0.75,1,False,network_error,0.8,1,retry,retry,True,[],[],Current
txn_000569,cust_002626,360.82,netbanking,923,10,10,1.0,2,False,authentication_failed,0.5700000000000001,1,reminder,reminder,True,[],[],Current
txn_009188,cust_000322,1146.26,card,1203,1,1,1.0,3,False,gateway_error,0.39,0,retry,payment_link,True,[],"[{'action': 'retry', 'reasons': ['maximum_retry_attempts_exceeded']}]",Current
txn_002923,cust_001599,821.91,wallet,1015,2,2,1.0,4,False,bank_decline,0.33999999999999997,0,retry,payment_link,True,[],"[{'action': 'retry', 'reasons': ['maximum_retry_attempts_exceeded']}]",Current
txn_007912,cust_003259,4194.44,netbanking,644,1,1,1.0,2,False,gateway_error,0.7200000000000001,1,retry,retry,True,[],[],Current
txn_001559,cust_002714,742.21,card,1420,14,11,0.7857,4,False,insufficient_balance,0.39714000000000005,1,payment_link,reminder,True,[],"[{'action': 'payment_link', 'reasons': ['payment_link_not_preferred_for_insufficient_balance']}]",Current
txn_000102,cust_000626,855.44,netbanking,172,8,4,0.5,4,False,bank_decline,0.24000000000000005,1,retry,payment_link,True,[],"[{'action': 'retry', 'reasons': ['maximum_retry_attempts_exceeded']}]",Current
txn_003008,cust_002269,6235.06,netbanking,164,27,20,0.7407,4,False,authentication_failed,0.35814,0,reminder,reminder,True,[],[],Current
txn_007202,cust_000137,668.9,card,676,27,19,0.7037,4,False,network_error,0.25074,0,retry,payment_link,True,[],"[{'action': 'retry', 'reasons': ['maximum_retry_attempts_exceeded']}]",Current
txn_000304,cust_003232,2705.91,wallet,1084,15,12,0.8,4,False,expired_card,0.5700000000000001,0,payment_link,payment_link,True,[],[],Current
txn_000077,cust_000428,439.86,netbanking,939,15,11,0.7333,2,False,expired_card,0.71666,1,payment_link,payment_link,True,[],[],Current
txn_006755,cust_001761,391.39,netbanking,17,9,7,0.7778,3,False,network_error,0.34556,0,retry,payment_link,True,[],"[{'action': 'retry', 'reasons': ['maximum_retry_attempts_exceeded']}]",Current
txn_008630,cust_002434,470.03,netbanking,1107,1,1,1.0,1,False,gateway_error,0.8,1,retry,retry,True,[],[],Current
txn_001209,cust_000010,322.63,wallet,1314,12,11,0.9167,2,False,authentication_failed,0.55334,0,reminder,reminder,True,[],[],Current
txn_007743,cust_002490,1465.12,card,1494,2,1,0.5,1,False,authentication_failed,0.6000000000000001,1,payment_link,payment_link,True,[],[],Current
txn_008215,cust_003330,195.95,upi,1255,15,10,0.6667,1,False,network_error,0.7833399999999999,1,retry,retry,True,[],[],Current
txn_008945,cust_002776,923.14,upi,1372,21,17,0.8095,4,False,insufficient_balance,0.4018999999999999,0,reminder,reminder,True,[],[],Current
txn_008414,cust_000799,575.31,upi,527,25,14,0.56,4,False,bank_decline,0.22200000000000003,0,retry,reminder,True,[],"[{'action': 'retry', 'reasons': ['maximum_retry_attempts_exceeded']}]",Current
txn_001776,cust_000905,1152.89,upi,1343,25,20,0.8,4,False,gateway_error,0.24000000000000005,0,retry,reminder,True,[],"[{'action': 'retry', 'reasons': ['maximum_retry_attempts_exceeded']}]",Current
txn_003474,cust_000881,3158.73,upi,213,18,14,0.7778,2,False,insufficient_balance,0.55556,1,payment_link,reminder,True,[],"[{'action': 'payment_link', 'reasons': ['payment_link_not_preferred_for_insufficient_balance']}]",Current
txn_000484,cust_003320,1100.26,wallet,25,9,8,0.8889,2,False,bank_decline,0.5777800000000001,1,retry,retry,True,[],[],Current
txn_002190,cust_000634,880.36,netbanking,762,27,19,0.7037,3,False,insufficient_balance,0.46074000000000004,1,reminder,reminder,True,[],[],Current
txn_000347,cust_000998,712.21,wallet,1158,0,0,0.0,2,True,authentication_failed,0.31999999999999995,0,reminder,reminder,True,[],[],Current
txn_005482,cust_000316,1168.61,netbanking,69,16,12,0.75,4,False,expired_card,0.56,1,payment_link,payment_link,True,[],[],Current
txn_008362,cust_000311,296.33,netbanking,683,22,16,0.7273,1,False,network_error,0.79546,1,retry,retry,True,[],[],Current
txn_001473,cust_002353,233.05,card,944,0,0,0.0,1,True,bank_decline,0.3,1,reminder,reminder,True,[],[],Current
txn_005101,cust_002875,694.27,card,852,26,23,0.8846,4,False,authentication_failed,0.43692,1,payment_link,payment_link,True,[],[],Current
txn_006766,cust_000817,659.28,wallet,1182,8,5,0.625,3,False,expired_card,0.6149999999999999,1,payment_link,payment_link,True,[],[],Current
txn_008707,cust_000087,1730.73,netbanking,493,0,0,0.0,4,True,network_error,0.059999999999999984,0,retry,payment_link,True,[],"[{'action': 'retry', 'reasons': ['maximum_retry_attempts_exceeded']}]",Current
txn_004930,cust_003291,461.16,card,286,2,2,1.0,2,False,bank_decline,0.6,0,retry,retry,True,[],[],Current
txn_006330,cust_001060,1221.59,wallet,922,4,4,1.0,3,False,gateway_error,0.36,0,retry,reminder,True,[],"[{'action': 'retry', 'reasons': ['maximum_retry_attempts_exceeded']}]",Current
txn_002610,cust_000484,5187.96,netbanking,881,28,22,0.7857,4,False,bank_decline,0.29713999999999996,0,retry,payment_link,True,[],"[{'action': 'retry', 'reasons': ['maximum_retry_attempts_exceeded']}]",Current
txn_000004,cust_002977,945.87,netbanking,1051,10,5,0.5,2,False,expired_card,0.67,1,payment_link,payment_link,True,[],[],Current
txn_002214,cust_002503,6520.9,wallet,402,0,0,0.0,1,True,network_error,0.5999999999999999,1,retry,retry,True,[],[],Current
txn_004828,cust_000169,1009.66,wallet,1125,11,8,0.7273,3,False,bank_decline,0.3654599999999999,1,retry,payment_link,True,[],"[{'action': 'retry', 'reasons': ['maximum_retry_attempts_exceeded']}]",Current
txn_000857,cust_000864,950.81,upi,1318,26,21,0.8077,2,False,authentication_failed,0.5815400000000001,1,payment_link,payment_link,True,[],[],Current
txn_006978,cust_001456,2307.41,netbanking,10,24,19,0.7917,1,False,bank_decline,0.6383399999999999,1,retry,retry,True,[],[],Current
txn_005886,cust_003125,1152.27,upi,1209,11,7,0.6364,2,False,insufficient_balance,0.5272800000000001,1,reminder,reminder,True,[],[],Current
txn_000625,cust_001036,2408.1,card,821,14,9,0.6429,2,False,gateway_error,0.64858,1,retry,retry,True,[],[],Current
txn_000291,cust_000350,685.5,netbanking,191,12,7,0.5833,1,False,network_error,0.76666,1,retry,retry,True,[],[],Current
txn_002019,cust_002547,681.87,wallet,938,1,1,1.0,2,False,insufficient_balance,0.6,1,reminder,reminder,True,[],[],Current
txn_000669,cust_002275,1291.39,wallet,38,23,15,0.6522,3,False,bank_decline,0.35044,0,retry,payment_link,True,[],"[{'action': 'retry', 'reasons': ['maximum_retry_attempts_exceeded']}]",Current
txn_008922,cust_002110,1741.52,netbanking,1048,15,9,0.6,4,False,network_error,0.22999999999999998,0,retry,payment_link,True,[],"[{'action': 'retry', 'reasons': ['maximum_retry_attempts_exceeded']}]",Current
txn_008265,cust_002568,2295.39,wallet,924,26,19,0.7308,2,False,expired_card,0.71616,1,payment_link,payment_link,True,[],[],Current
txn_009697,cust_001117,446.94,netbanking,88,4,3,0.75,4,False,authentication_failed,0.41000000000000003,1,payment_link,payment_link,True,[],[],Current
txn_001632,cust_000290,893.99,netbanking,591,12,10,0.8333,3,False,expired_card,0.6566599999999999,0,payment_link,payment_link,True,[],[],Current
txn_005171,cust_001294,618.74,card,854,9,6,0.6667,3,False,insufficient_balance,0.45333999999999997,0,reminder,reminder,True,[],[],Current
txn_007206,cust_000450,753.66,card,1299,12,7,0.5833,4,False,bank_decline,0.25666000000000005,0,retry,payment_link,True,[],"[{'action': 'retry', 'reasons': ['maximum_retry_attempts_exceeded']}]",Current
txn_002523,cust_003319,4498.28,wallet,470,10,8,0.8,4,False,insufficient_balance,0.4,0,reminder,reminder,True,[],[],Current
txn_002216,cust_000864,1325.56,card,300,29,21,0.7241,2,False,expired_card,0.71482,1,payment_link,payment_link,True,[],[],Current
txn_006969,cust_000334,1006.51,netbanking,1483,13,10,0.7692,3,False,bank_decline,0.34384000000000003,0,retry,reminder,True,[],"[{'action': 'retry', 'reasons': ['maximum_retry_attempts_exceeded']}]",Current
txn_006497,cust_000181,1505.19,wallet,760,0,0,0.0,4,True,gateway_error,0.059999999999999984,0,retry,payment_link,True,[],"[{'action': 'retry', 'reasons': ['maximum_retry_attempts_exceeded']}]",Current
txn_006214,cust_000216,1893.29,card,1410,17,12,0.7059,1,False,insufficient_balance,0.6211800000000001,0,payment_link,reminder,True,[],"[{'action': 'payment_link', 'reasons': ['payment_link_not_preferred_for_insufficient_balance']}]",Current
txn_007033,cust_002651,998.48,netbanking,246,23,18,0.7826,2,False,insufficient_balance,0.55652,0,reminder,reminder,True,[],[],Current
txn_007421,cust_002877,920.63,card,1267,1,1,1.0,4,False,insufficient_balance,0.43999999999999995,0,payment_link,reminder,True,[],"[{'action': 'payment_link', 'reasons': ['payment_link_not_preferred_for_insufficient_balance']}]",Current
txn_001108,cust_000903,674.92,upi,845,19,14,0.7368,2,False,network_error,0.71736,1,retry,retry,True,[],[],Current
txn_000451,cust_001715,538.17,card,885,7,5,0.7143,3,False,insufficient_balance,0.46285999999999994,0,reminder,reminder,True,[],[],Current
txn_006290,cust_002314,5066.56,wallet,138,20,14,0.7,3,False,bank_decline,0.3599999999999999,1,retry,payment_link,True,[],"[{'action': 'retry', 'reasons': ['maximum_retry_attempts_exceeded']}]",Current
txn_009967,cust_003264,883.03,card,750,27,23,0.8519,2,False,network_error,0.74038,0,retry,retry,True,[],[],Current
txn_000136,cust_001559,622.78,netbanking,16,18,11,0.6111,3,False,bank_decline,0.34221999999999997,0,retry,payment_link,True,[],"[{'action': 'retry', 'reasons': ['maximum_retry_attempts_exceeded']}]",Current
txn_001786,cust_000227,405.18,wallet,292,27,18,0.6667,4,False,insufficient_balance,0.37334,1,payment_link,reminder,True,[],"[{'action': 'payment_link', 'reasons': ['payment_link_not_preferred_for_insufficient_balance']}]",Current
txn_003405,cust_002210,5117.28,wallet,1034,10,7,0.7,3,False,network_error,0.32999999999999996,1,retry,payment_link,True,[],"[{'action': 'retry', 'reasons': ['maximum_retry_attempts_exceeded']}]",Current
txn_002907,cust_002102,745.02,wallet,694,4,3,0.75,3,False,expired_card,0.64,0,payment_link,payment_link,True,[],[],Current
txn_008305,cust_001675,1231.24,card,1094,27,21,0.7778,2,False,bank_decline,0.55556,1,retry,retry,True,[],[],Current
txn_007493,cust_003300,803.26,wallet,1158,23,15,0.6522,4,False,network_error,0.24044,0,retry,payment_link,True,[],"[{'action': 'retry', 'reasons': ['maximum_retry_attempts_exceeded']}]",Current
txn_006101,cust_002084,735.29,upi,677,12,9,0.75,1,False,bank_decline,0.63,1,retry,retry,True,[],[],Current
txn_004505,cust_000317,698.32,upi,713,9,6,0.6667,4,False,insufficient_balance,0.37334,1,reminder,reminder,True,[],[],Current
txn_005054,cust_000254,456.98,wallet,1396,11,9,0.8182,4,False,insufficient_balance,0.40364,1,reminder,reminder,True,[],[],Current
txn_005206,cust_001139,865.89,wallet,1093,22,13,0.5909,1,False,network_error,0.76818,1,retry,retry,True,[],[],Current
txn_004081,cust_003041,4727.37,card,1447,26,20,0.7692,3,False,gateway_error,0.31384,1,retry,reminder,True,[],"[{'action': 'retry', 'reasons': ['maximum_retry_attempts_exceeded']}]",Current
txn_006919,cust_003196,296.75,netbanking,1117,17,13,0.7647,4,False,authentication_failed,0.4129400000000001,0,payment_link,payment_link,True,[],[],Current
txn_006803,cust_000491,2908.3,netbanking,1082,17,15,0.8824,1,False,expired_card,0.82648,0,payment_link,payment_link,True,[],[],Current
txn_005207,cust_003271,5221.47,netbanking,169,9,5,0.5556,4,False,expired_card,0.52112,1,payment_link,payment_link,True,[],[],Current
txn_000533,cust_001571,506.74,card,1353,0,0,0.0,1,True,expired_card,0.5999999999999999,1,payment_link,payment_link,True,[],[],Current
txn_004831,cust_002357,2239.33,netbanking,536,10,8,0.8,3,False,bank_decline,0.38,0,retry,payment_link,True,[],"[{'action': 'retry', 'reasons': ['maximum_retry_attempts_exceeded']}]",Current
txn_004039,cust_003053,922.55,card,1064,4,2,0.5,1,False,insufficient_balance,0.5800000000000001,1,reminder,reminder,True,[],[],Current
txn_004085,cust_003300,302.38,wallet,1442,24,19,0.7917,1,False,network_error,0.80834,1,retry,retry,True,[],[],Current
txn_003205,cust_000578,1412.59,wallet,840,17,14,0.8235,4,False,expired_card,0.5747,0,payment_link,payment_link,True,[],[],Current
txn_007111,cust_002829,306.3,netbanking,784,17,13,0.7647,3,False,network_error,0.34294,0,retry,payment_link,True,[],"[{'action': 'retry', 'reasons': ['maximum_retry_attempts_exceeded']}]",Current
txn_000331,cust_002230,258.14,wallet,1491,13,12,0.9231,4,False,authentication_failed,0.44462,0,payment_link,payment_link,True,[],[],Current
txn_004958,cust_001409,224.79,netbanking,249,16,11,0.6875,2,False,network_error,0.7075,1,retry,retry,True,[],[],Current
txn_003034,cust_002423,325.96,card,712,27,22,0.8148,4,False,bank_decline,0.27296,0,retry,reminder,True,[],"[{'action': 'retry', 'reasons': ['maximum_retry_attempts_exceeded']}]",Current
txn_007685,cust_000469,1178.12,netbanking,1066,2,2,1.0,3,False,insufficient_balance,0.5199999999999999,0,reminder,reminder,True,[],[],Current
txn_001598,cust_002745,1529.63,upi,189,20,14,0.7,2,False,network_error,0.71,1,retry,retry,True,[],[],Current
txn_009920,cust_002614,360.68,netbanking,1301,12,11,0.9167,2,False,insufficient_balance,0.5833400000000001,0,reminder,reminder,True,[],[],Current
txn_003598,cust_001951,1146.4,upi,1490,7,7,1.0,1,False,insufficient_balance,0.6799999999999999,1,reminder,reminder,True,[],[],Current
txn_009039,cust_001981,1319.94,card,564,12,8,0.6667,4,False,bank_decline,0.24333999999999995,1,retry,reminder,True,[],"[{'action': 'retry', 'reasons': ['maximum_retry_attempts_exceeded']}]",Current
txn_008002,cust_001513,1329.38,upi,209,0,0,0.0,3,True,network_error,0.13999999999999996,0,retry,payment_link,True,[],"[{'action': 'retry', 'reasons': ['maximum_retry_attempts_exceeded']}]",Current
txn_000591,cust_002375,1817.91,upi,931,23,17,0.7391,2,False,insufficient_balance,0.5478200000000001,1,reminder,reminder,True,[],[],Current
txn_000648,cust_002488,2039.79,card,1271,3,2,0.6667,1,False,expired_card,0.7833399999999999,1,payment_link,payment_link,True,[],[],Current
txn_009103,cust_002306,372.42,upi,1118,23,13,0.5652,3,False,bank_decline,0.33304,0,retry,payment_link,True,[],"[{'action': 'retry', 'reasons': ['maximum_retry_attempts_exceeded']}]",Current
txn_008016,cust_002202,479.32,upi,159,20,16,0.8,3,False,insufficient_balance,0.48,0,reminder,reminder,True,[],[],Current
txn_003772,cust_003058,486.6,netbanking,1226,14,9,0.6429,4,False,expired_card,0.53858,0,payment_link,payment_link,True,[],[],Current
txn_009040,cust_002600,693.35,upi,375,16,8,0.5,1,False,bank_decline,0.5800000000000001,0,retry,retry,True,[],[],Current
txn_005083,cust_000021,2804.65,card,1120,19,12,0.6316,4,False,bank_decline,0.26632,0,retry,payment_link,True,[],"[{'action': 'retry', 'reasons': ['maximum_retry_attempts_exceeded']}]",Current
txn_007883,cust_002020,1508.38,netbanking,1437,7,6,0.8571,3,False,expired_card,0.66142,1,payment_link,payment_link,True,[],[],Current
txn_009363,cust_001886,1608.09,wallet,1152,2,0,0.0,4,False,expired_card,0.4099999999999999,0,payment_link,payment_link,True,[],[],Current
txn_004211,cust_000881,523.55,wallet,69,14,11,0.7857,2,False,insufficient_balance,0.5571400000000001,1,reminder,reminder,True,[],[],Current
txn_008835,cust_002438,3596.88,netbanking,127,14,11,0.7857,3,False,expired_card,0.6471399999999999,1,payment_link,payment_link,True,[],[],Current
txn_008700,cust_002430,2052.94,upi,1042,28,22,0.7857,1,False,insufficient_balance,0.63714,0,payment_link,reminder,True,[],"[{'action': 'payment_link', 'reasons': ['payment_link_not_preferred_for_insufficient_balance']}]",Current
txn_001796,cust_002426,423.14,wallet,303,27,16,0.5926,2,False,bank_decline,0.51852,1,retry,retry,True,[],[],Current
txn_002587,cust_002107,828.54,wallet,652,18,17,0.9444,3,False,authentication_failed,0.47888,1,reminder,reminder,True,[],[],Current
txn_008356,cust_001523,854.34,card,207,0,0,0.0,1,True,authentication_failed,0.45,1,payment_link,payment_link,True,[],[],Current
txn_002317,cust_001437,200.24,wallet,1282,3,2,0.6667,4,False,authentication_failed,0.39334,1,payment_link,payment_link,True,[],[],Current
txn_004186,cust_002914,480.75,upi,355,22,18,0.8182,1,False,insufficient_balance,0.64364,0,payment_link,reminder,True,[],"[{'action': 'payment_link', 'reasons': ['payment_link_not_preferred_for_insufficient_balance']}]",Current
txn_008828,cust_000631,1023.37,netbanking,1389,26,21,0.8077,3,False,insufficient_balance,0.48153999999999997,1,payment_link,reminder,True,[],"[{'action': 'payment_link', 'reasons': ['payment_link_not_preferred_for_insufficient_balance']}]",Current
txn_007073,cust_000765,427.6,upi,1168,24,16,0.6667,4,False,bank_decline,0.2733399999999999,1,retry,payment_link,True,[],"[{'action': 'retry', 'reasons': ['maximum_retry_attempts_exceeded']}]",Current
txn_005235,cust_003212,1804.33,wallet,1051,2,2,1.0,1,False,bank_decline,0.6799999999999999,1,retry,retry,True,[],[],Current
txn_008744,cust_000192,778.78,wallet,752,19,14,0.7368,4,False,gateway_error,0.25736,0,retry,payment_link,True,[],"[{'action': 'retry', 'reasons': ['maximum_retry_attempts_exceeded']}]",Current
txn_008671,cust_001898,1204.47,netbanking,870,25,19,0.76,4,False,gateway_error,0.262,0,retry,payment_link,True,[],"[{'action': 'retry', 'reasons': ['maximum_retry_attempts_exceeded']}]",Current
txn_004769,cust_002803,2158.46,wallet,1492,7,6,0.8571,4,False,insufficient_balance,0.41142,0,payment_link,reminder,True,[],"[{'action': 'payment_link', 'reasons': ['payment_link_not_preferred_for_insufficient_balance']}]",Current
txn_009973,cust_000153,1562.92,upi,1150,24,17,0.7083,1,False,authentication_failed,0.59166,1,reminder,reminder,True,[],[],Current
txn_007145,cust_001326,1312.78,upi,587,7,4,0.5714,2,False,gateway_error,0.6342800000000001,1,retry,retry,True,[],[],Current
txn_002914,cust_003299,869.76,wallet,458,22,14,0.6364,4,False,authentication_failed,0.38728000000000007,0,payment_link,payment_link,True,[],[],Current
txn_009872,cust_001210,619.61,wallet,995,16,15,0.9375,1,False,gateway_error,0.7875,1,retry,retry,True,[],[],Current
txn_009894,cust_001300,560.12,wallet,808,19,17,0.8947,3,False,gateway_error,0.36894000000000005,0,retry,payment_link,True,[],"[{'action': 'retry', 'reasons': ['maximum_retry_attempts_exceeded']}]",Current
txn_002076,cust_000680,1174.61,upi,230,11,8,0.7273,2,False,network_error,0.71546,1,retry,retry,True,[],[],Current
txn_004303,cust_003298,1857.11,netbanking,802,18,15,0.8333,1,False,insufficient_balance,0.64666,0,payment_link,reminder,True,[],"[{'action': 'payment_link', 'reasons': ['payment_link_not_preferred_for_insufficient_balance']}]",Current
txn_005823,cust_002830,767.38,upi,1241,17,11,0.6471,4,False,authentication_failed,0.3894200000000001,1,payment_link,payment_link,True,[],[],Current
txn_002150,cust_002542,2645.55,wallet,76,17,13,0.7647,3,False,insufficient_balance,0.47294,1,payment_link,reminder,True,[],"[{'action': 'payment_link', 'reasons': ['payment_link_not_preferred_for_insufficient_balance']}]",Current
txn_000145,cust_000205,915.67,netbanking,151,11,7,0.6364,2,False,bank_decline,0.5272800000000001,0,retry,retry,True,[],[],Current
txn_004964,cust_000654,2415.27,wallet,1479,0,0,0.0,3,True,gateway_error,0.13999999999999996,0,retry,payment_link,True,[],"[{'action': 'retry', 'reasons': ['maximum_retry_attempts_exceeded']}]",Current
txn_008160,cust_002740,1024.02,wallet,328,6,6,1.0,1,False,authentication_failed,0.65,0,reminder,reminder,True,[],[],Current
txn_009031,cust_000149,743.5,wallet,1202,24,19,0.7917,4,False,insufficient_balance,0.3983399999999999,0,payment_link,reminder,True,[],"[{'action': 'payment_link', 'reasons': ['payment_link_not_preferred_for_insufficient_balance']}]",Current
txn_004776,cust_000561,843.46,netbanking,626,20,17,0.85,2,False,authentication_failed,0.59,0,payment_link,payment_link,True,[],[],Current
txn_008934,cust_002259,1189.41,card,919,2,2,1.0,2,False,insufficient_balance,0.6,0,reminder,reminder,True,[],[],Current
txn_007750,cust_002679,1942.22,netbanking,265,18,12,0.6667,2,False,insufficient_balance,0.53334,1,reminder,reminder,True,[],[],Current
txn_009829,cust_000828,768.68,upi,1361,22,16,0.7273,2,False,insufficient_balance,0.54546,0,reminder,reminder,True,[],[],Current
txn_009215,cust_001475,894.16,netbanking,1118,13,13,1.0,3,False,authentication_failed,0.49,0,reminder,reminder,True,[],[],Current
txn_006061,cust_001141,4128.31,wallet,1436,21,13,0.619,1,False,gateway_error,0.7238,0,retry,retry,True,[],[],Current
txn_009476,cust_000411,1201.82,netbanking,436,25,22,0.88,2,False,gateway_error,0.6960000000000001,1,retry,retry,True,[],[],Current
txn_006410,cust_000798,869.17,wallet,1025,0,0,0.0,3,True,expired_card,0.4399999999999999,0,payment_link,payment_link,True,[],[],Current
txn_003318,cust_002934,1070.0,wallet,1429,28,21,0.75,1,False,insufficient_balance,0.63,1,payment_link,reminder,True,[],"[{'action': 'payment_link', 'reasons': ['payment_link_not_preferred_for_insufficient_balance']}]",Current
txn_007465,cust_000543,3266.18,wallet,1133,6,4,0.6667,2,False,gateway_error,0.6533399999999999,1,retry,retry,True,[],[],Current
txn_003062,cust_000667,977.27,wallet,767,25,21,0.84,2,False,authentication_failed,0.588,1,payment_link,payment_link,True,[],[],Current
txn_001356,cust_002001,1927.59,netbanking,565,17,13,0.7647,3,False,bank_decline,0.37293999999999994,0,retry,payment_link,True,[],"[{'action': 'retry', 'reasons': ['maximum_retry_attempts_exceeded']}]",Current
txn_004515,cust_001847,402.84,wallet,1487,5,3,0.6,4,False,gateway_error,0.22999999999999998,0,retry,payment_link,True,[],"[{'action': 'retry', 'reasons': ['maximum_retry_attempts_exceeded']}]",Current
txn_005506,cust_000953,1330.64,card,1182,16,12,0.75,1,False,network_error,0.8,1,retry,retry,True,[],[],Current
txn_005251,cust_000385,430.09,card,834,10,8,0.8,1,False,network_error,0.81,1,retry,retry,True,[],[],Current
txn_004512,cust_002587,1190.16,wallet,745,23,18,0.7826,3,False,bank_decline,0.37651999999999997,1,retry,payment_link,True,[],"[{'action': 'retry', 'reasons': ['maximum_retry_attempts_exceeded']}]",Current
txn_001731,cust_002784,1137.1,wallet,565,13,9,0.6923,3,False,insufficient_balance,0.45846,1,reminder,reminder,True,[],[],Current
txn_001759,cust_003125,874.73,upi,1466,28,21,0.75,4,False,bank_decline,0.26,0,retry,reminder,True,[],"[{'action': 'retry', 'reasons': ['maximum_retry_attempts_exceeded']}]",Current
txn_006651,cust_001647,1574.14,netbanking,861,10,10,1.0,2,False,authentication_failed,0.62,1,payment_link,payment_link,True,[],[],Current
txn_006647,cust_000236,318.82,upi,1266,22,16,0.7273,4,False,network_error,0.25545999999999996,0,retry,payment_link,True,[],"[{'action': 'retry', 'reasons': ['maximum_retry_attempts_exceeded']}]",Current
txn_009861,cust_002033,1323.29,upi,656,12,6,0.5,1,False,insufficient_balance,0.5800000000000001,0,reminder,reminder,True,[],[],Current
txn_004140,cust_002233,212.75,wallet,1123,20,14,0.7,1,False,bank_decline,0.6199999999999999,1,retry,retry,True,[],[],Current
txn_009394,cust_002907,782.37,wallet,185,9,7,0.7778,1,False,authentication_failed,0.60556,1,reminder,reminder,True,[],[],Current
txn_005124,cust_002336,1623.64,netbanking,1,12,9,0.75,3,False,bank_decline,0.37,0,retry,payment_link,True,[],"[{'action': 'retry', 'reasons': ['maximum_retry_attempts_exceeded']}]",Current
txn_000001,cust_002453,1399.36,netbanking,658,12,8,0.6667,4,False,bank_decline,0.2733399999999999,0,retry,payment_link,True,[],"[{'action': 'retry', 'reasons': ['maximum_retry_attempts_exceeded']}]",Current
txn_001865,cust_000398,865.11,card,1150,4,4,1.0,3,False,bank_decline,0.41999999999999993,0,retry,payment_link,True,[],"[{'action': 'retry', 'reasons': ['maximum_retry_attempts_exceeded']}]",Current
txn_000544,cust_001615,2656.61,upi,1398,4,2,0.5,4,False,bank_decline,0.24000000000000005,0,retry,payment_link,True,[],"[{'action': 'retry', 'reasons': ['maximum_retry_attempts_exceeded']}]",Current
txn_000350,cust_002515,334.14,netbanking,897,18,13,0.7222,2,False,gateway_error,0.66444,1,retry,retry,True,[],[],Current
txn_006907,cust_001546,2091.65,netbanking,246,25,15,0.6,2,False,gateway_error,0.64,0,retry,retry,True,[],[],Current
txn_009766,cust_000340,2463.5,wallet,1431,2,2,1.0,4,False,authentication_failed,0.45999999999999996,0,payment_link,payment_link,True,[],[],Current
txn_002524,cust_001231,1091.39,upi,651,12,10,0.8333,2,False,authentication_failed,0.53666,0,reminder,reminder,True,[],[],Current
txn_003465,cust_002317,1848.22,wallet,376,9,3,0.3333,1,False,authentication_failed,0.5666599999999999,0,payment_link,payment_link,True,[],[],Current
txn_000458,cust_003102,713.6,card,300,19,16,0.8421,2,False,network_error,0.73842,0,retry,retry,True,[],[],Current
txn_003024,cust_000634,3624.37,netbanking,728,27,22,0.8148,3,False,bank_decline,0.35295999999999994,0,retry,reminder,True,[],"[{'action': 'retry', 'reasons': ['maximum_retry_attempts_exceeded']}]",Current
txn_007262,cust_002396,3127.14,netbanking,1475,24,21,0.875,4,False,gateway_error,0.28500000000000003,1,retry,payment_link,True,[],"[{'action': 'retry', 'reasons': ['maximum_retry_attempts_exceeded']}]",Current
txn_009516,cust_001763,683.53,card,1023,0,0,0.0,3,True,network_error,0.13999999999999996,0,retry,payment_link,True,[],"[{'action': 'retry', 'reasons': ['maximum_retry_attempts_exceeded']}, {'action': 'reminder', 'reasons': ['temporary_network_error_should_be_retried_first']}]",Current
txn_007873,cust_002864,254.61,wallet,799,20,16,0.8,2,False,expired_card,0.7300000000000001,1,payment_link,payment_link,True,[],[],Current
txn_006626,cust_001529,5899.33,wallet,559,27,23,0.8519,4,False,bank_decline,0.2803800000000001,0,retry,reminder,True,[],"[{'action': 'retry', 'reasons': ['maximum_retry_attempts_exceeded']}]",Current
txn_002535,cust_002137,1967.29,netbanking,568,23,15,0.6522,2,False,bank_decline,0.53044,0,retry,retry,True,[],[],Current
txn_000132,cust_002928,432.83,wallet,514,14,10,0.7143,3,False,insufficient_balance,0.46285999999999994,0,reminder,reminder,True,[],[],Current
txn_003705,cust_003138,3474.59,card,498,27,22,0.8148,4,False,authentication_failed,0.37295999999999996,0,reminder,reminder,True,[],[],Current
txn_001373,cust_000891,2788.48,wallet,610,2,2,1.0,4,False,bank_decline,0.33999999999999997,1,retry,payment_link,True,[],"[{'action': 'retry', 'reasons': ['maximum_retry_attempts_exceeded']}]",Current
txn_006201,cust_000157,379.5,netbanking,621,7,6,0.8571,1,False,expired_card,0.82142,1,payment_link,payment_link,True,[],[],Current
txn_004857,cust_002107,1006.44,netbanking,1000,23,18,0.7826,3,False,gateway_error,0.31652,0,retry,reminder,True,[],"[{'action': 'retry', 'reasons': ['maximum_retry_attempts_exceeded']}]",Current
txn_004713,cust_000596,828.19,wallet,838,13,10,0.7692,4,False,gateway_error,0.2638400000000001,0,retry,payment_link,True,[],"[{'action': 'retry', 'reasons': ['maximum_retry_attempts_exceeded']}]",Current
txn_005545,cust_000087,1111.96,wallet,814,17,15,0.8824,4,False,bank_decline,0.31648,1,retry,payment_link,True,[],"[{'action': 'retry', 'reasons': ['maximum_retry_attempts_exceeded']}]",Current
txn_001414,cust_000534,949.49,upi,563,20,18,0.9,2,False,gateway_error,0.7000000000000001,1,retry,retry,True,[],[],Current
txn_004114,cust_001065,2301.32,wallet,123,12,10,0.8333,4,False,authentication_failed,0.37666,0,reminder,reminder,True,[],[],Current
txn_000656,cust_000102,1464.04,card,24,25,22,0.88,4,False,network_error,0.28600000000000003,0,retry,payment_link,True,[],"[{'action': 'retry', 'reasons': ['maximum_retry_attempts_exceeded']}, {'action': 'reminder', 'reasons': ['temporary_network_error_should_be_retried_first']}]",Current
txn_008138,cust_002458,931.81,netbanking,1214,12,9,0.75,1,False,bank_decline,0.63,0,retry,retry,True,[],[],Current
txn_004099,cust_000334,894.36,wallet,359,18,13,0.7222,2,False,bank_decline,0.5444399999999999,1,retry,retry,True,[],[],Current
txn_000593,cust_001688,935.36,upi,1098,19,16,0.8421,3,False,insufficient_balance,0.48841999999999997,0,reminder,reminder,True,[],[],Current
txn_008709,cust_000943,1504.12,wallet,1253,18,14,0.7778,2,False,bank_decline,0.55556,1,retry,retry,True,[],[],Current
txn_003124,cust_001483,1019.96,card,579,3,2,0.6667,2,False,bank_decline,0.53334,0,retry,retry,True,[],[],Current
txn_003048,cust_001416,1843.44,wallet,1257,17,11,0.6471,4,False,gateway_error,0.23942000000000002,1,retry,payment_link,True,[],"[{'action': 'retry', 'reasons': ['maximum_retry_attempts_exceeded']}]",Current
txn_003888,cust_000650,781.8,wallet,808,10,6,0.6,4,False,bank_decline,0.26,0,retry,payment_link,True,[],"[{'action': 'retry', 'reasons': ['maximum_retry_attempts_exceeded']}]",Current
txn_005736,cust_002315,347.63,upi,123,20,16,0.8,2,False,expired_card,0.7300000000000001,0,payment_link,payment_link,True,[],[],Current
txn_002185,cust_003020,3604.15,netbanking,936,19,13,0.6842,4,False,bank_decline,0.27684,0,retry,payment_link,True,[],"[{'action': 'retry', 'reasons': ['maximum_retry_attempts_exceeded']}]",Current
txn_002146,cust_001520,1452.32,card,1330,12,9,0.75,4,False,insufficient_balance,0.39,0,reminder,reminder,True,[],[],Current
txn_007048,cust_000634,621.5,upi,522,18,13,0.7222,2,False,expired_card,0.71444,1,payment_link,payment_link,True,[],[],Current
txn_003106,cust_000902,492.67,card,1262,17,13,0.7647,4,False,bank_decline,0.29294,0,retry,payment_link,True,[],"[{'action': 'retry', 'reasons': ['maximum_retry_attempts_exceeded']}]",Current
txn_009234,cust_000216,2480.12,wallet,276,16,11,0.6875,3,False,network_error,0.3275,1,retry,payment_link,True,[],"[{'action': 'retry', 'reasons': ['maximum_retry_attempts_exceeded']}]",Current
txn_009097,cust_002068,2885.28,upi,294,28,21,0.75,4,False,bank_decline,0.29000000000000004,1,retry,payment_link,True,[],"[{'action': 'retry', 'reasons': ['maximum_retry_attempts_exceeded']}]",Current
txn_002770,cust_003053,733.06,upi,1398,12,8,0.6667,4,False,network_error,0.24333999999999995,0,retry,payment_link,True,[],"[{'action': 'retry', 'reasons': ['maximum_retry_attempts_exceeded']}]",Current
txn_005222,cust_003316,687.96,upi,1023,4,4,1.0,4,False,insufficient_balance,0.43999999999999995,0,payment_link,reminder,True,[],"[{'action': 'payment_link', 'reasons': ['payment_link_not_preferred_for_insufficient_balance']}, {'action': 'retry', 'reasons': ['maximum_retry_attempts_exceeded']}]",Current
txn_005834,cust_001703,1156.01,card,718,11,6,0.5455,4,False,network_error,0.21910000000000002,0,retry,payment_link,True,[],"[{'action': 'retry', 'reasons': ['maximum_retry_attempts_exceeded']}]",Current
txn_001733,cust_000616,5188.05,card,93,9,9,1.0,4,False,gateway_error,0.31000000000000005,0,retry,payment_link,True,[],"[{'action': 'retry', 'reasons': ['maximum_retry_attempts_exceeded']}]",Current
txn_000266,cust_001161,713.19,netbanking,908,14,13,0.9286,2,False,gateway_error,0.70572,0,retry,retry,True,[],[],Current
txn_005145,cust_001132,2187.74,wallet,104,23,15,0.6522,1,False,bank_decline,0.61044,0,retry,retry,True,[],[],Current
txn_008268,cust_000709,3552.52,netbanking,876,4,4,1.0,2,False,bank_decline,0.6,1,retry,retry,True,[],[],Current
txn_003938,cust_002513,1317.93,wallet,302,4,4,1.0,1,False,network_error,0.85,1,retry,retry,True,[],[],Current
txn_000762,cust_001984,1744.98,netbanking,598,25,22,0.88,1,False,gateway_error,0.776,1,retry,retry,True,[],[],Current
txn_007221,cust_000005,981.94,card,999,13,9,0.6923,3,False,gateway_error,0.29845999999999995,0,retry,reminder,True,[],"[{'action': 'retry', 'reasons': ['maximum_retry_attempts_exceeded']}]",Current
txn_008440,cust_000288,1195.25,card,86,28,24,0.8571,1,False,gateway_error,0.77142,1,retry,retry,True,[],[],Current
txn_003258,cust_002812,871.57,upi,646,14,8,0.5714,1,False,expired_card,0.76428,1,payment_link,payment_link,True,[],[],Current
txn_004339,cust_001340,1709.05,upi,750,27,20,0.7407,1,False,bank_decline,0.6281399999999999,0,retry,retry,True,[],[],Current
txn_004363,cust_001057,1851.85,netbanking,1300,3,0,0.0,4,False,network_error,0.10999999999999999,1,retry,payment_link,True,[],"[{'action': 'retry', 'reasons': ['maximum_retry_attempts_exceeded']}]",Current
txn_000317,cust_000063,450.9,card,1264,15,11,0.7333,2,False,gateway_error,0.6666599999999999,1,retry,retry,True,[],[],Current
txn_008070,cust_002705,554.53,upi,731,5,4,0.8,1,False,network_error,0.81,0,retry,retry,True,[],[],Current
txn_001852,cust_000583,416.05,netbanking,1336,2,0,0.0,2,False,insufficient_balance,0.39999999999999997,0,reminder,reminder,True,[],[],Current
txn_002485,cust_000607,526.0,upi,36,23,19,0.8261,2,False,gateway_error,0.68522,1,retry,retry,True,[],[],Current
txn_009874,cust_002221,612.41,wallet,633,2,1,0.5,4,False,authentication_failed,0.3600000000000001,0,payment_link,payment_link,True,[],[],Current
txn_009575,cust_001108,871.05,card,821,6,4,0.6667,2,False,gateway_error,0.6533399999999999,1,retry,retry,True,[],[],Current
txn_001079,cust_002496,225.11,upi,1114,2,1,0.5,4,False,network_error,0.21000000000000002,0,retry,payment_link,True,[],"[{'action': 'retry', 'reasons': ['maximum_retry_attempts_exceeded']}]",Current
txn_008359,cust_001829,601.17,upi,823,24,17,0.7083,4,False,authentication_failed,0.40166,1,payment_link,payment_link,True,[],[],Current
txn_007334,cust_003219,4995.69,netbanking,378,9,6,0.6667,4,False,gateway_error,0.24333999999999995,0,retry,payment_link,True,[],"[{'action': 'retry', 'reasons': ['maximum_retry_attempts_exceeded']}]",Current
txn_001072,cust_000961,1069.27,card,643,21,16,0.7619,2,False,network_error,0.72238,1,retry,retry,True,[],[],Current
txn_000104,cust_001657,274.64,netbanking,91,11,6,0.5455,1,False,bank_decline,0.5891,1,retry,retry,True,[],[],Current
txn_005749,cust_003318,1383.95,netbanking,1287,29,24,0.8276,2,False,network_error,0.7355200000000001,0,retry,retry,True,[],[],Current
txn_001419,cust_003097,1977.06,upi,529,0,0,0.0,1,True,gateway_error,0.5499999999999999,1,retry,retry,True,[],[],Current
txn_001659,cust_002226,1870.39,netbanking,269,25,19,0.76,3,False,gateway_error,0.31200000000000006,1,retry,reminder,True,[],"[{'action': 'retry', 'reasons': ['maximum_retry_attempts_exceeded']}]",Current
txn_005285,cust_001305,189.79,upi,765,29,25,0.8621,1,False,gateway_error,0.77242,1,retry,retry,True,[],[],Current
txn_001150,cust_001908,6182.97,wallet,533,19,14,0.7368,1,False,bank_decline,0.6273599999999999,0,retry,retry,True,[],[],Current
txn_007151,cust_002157,1187.85,upi,822,28,22,0.7857,4,False,insufficient_balance,0.39714000000000005,0,reminder,reminder,True,[],[],Current
txn_001569,cust_001357,1057.25,wallet,477,24,20,0.8333,4,False,bank_decline,0.27666,0,retry,reminder,True,[],"[{'action': 'retry', 'reasons': ['maximum_retry_attempts_exceeded']}]",Current
txn_001088,cust_000042,2071.82,card,460,12,10,0.8333,4,False,insufficient_balance,0.40666,1,reminder,reminder,True,[],[],Current
txn_006086,cust_003261,1763.63,upi,390,2,2,1.0,4,False,bank_decline,0.31000000000000005,0,retry,reminder,True,[],"[{'action': 'retry', 'reasons': ['maximum_retry_attempts_exceeded']}]",Current
txn_008675,cust_002926,992.42,netbanking,817,5,5,1.0,2,False,insufficient_balance,0.6,1,reminder,reminder,True,[],[],Current
txn_008342,cust_002986,927.32,wallet,1229,28,25,0.8929,2,False,bank_decline,0.57858,1,retry,retry,True,[],[],Current
txn_007812,cust_002918,581.5,netbanking,37,16,9,0.5625,4,False,gateway_error,0.22249999999999998,0,retry,payment_link,True,[],"[{'action': 'retry', 'reasons': ['maximum_retry_attempts_exceeded']}]",Current
txn_006085,cust_002086,1716.54,netbanking,841,17,13,0.7647,3,False,bank_decline,0.34294,0,retry,reminder,True,[],"[{'action': 'retry', 'reasons': ['maximum_retry_attempts_exceeded']}]",Current
txn_008774,cust_001004,961.61,wallet,646,17,12,0.7059,2,False,network_error,0.71118,1,retry,retry,True,[],[],Current
txn_008758,cust_000314,2602.55,card,740,1,0,0.0,4,False,bank_decline,0.14,0,retry,payment_link,True,[],"[{'action': 'retry', 'reasons': ['maximum_retry_attempts_exceeded']}]",Current
txn_001693,cust_003140,1245.45,wallet,1369,29,21,0.7241,2,False,insufficient_balance,0.54482,0,payment_link,reminder,True,[],"[{'action': 'payment_link', 'reasons': ['payment_link_not_preferred_for_insufficient_balance']}]",Current
txn_004735,cust_002526,1321.65,netbanking,410,3,1,0.3333,1,False,expired_card,0.71666,1,payment_link,payment_link,True,[],[],Current
txn_003388,cust_001893,12183.24,wallet,876,0,0,0.0,2,True,bank_decline,0.35,1,retry,retry,True,[],[],Current
txn_003647,cust_001308,1173.84,netbanking,408,14,10,0.7143,3,False,gateway_error,0.33286000000000004,0,retry,payment_link,True,[],"[{'action': 'retry', 'reasons': ['maximum_retry_attempts_exceeded']}]",Current
txn_001684,cust_001423,1396.56,netbanking,1381,27,16,0.5926,4,False,authentication_failed,0.37851999999999997,1,payment_link,payment_link,True,[],[],Current
txn_000009,cust_000125,1382.01,wallet,997,14,9,0.6429,3,False,network_error,0.31858,1,retry,payment_link,True,[],"[{'action': 'retry', 'reasons': ['maximum_retry_attempts_exceeded']}]",Current
txn_006063,cust_000681,142.83,wallet,167,9,8,0.8889,4,False,insufficient_balance,0.41778000000000004,1,reminder,reminder,True,[],[],Current
txn_006517,cust_003104,839.06,card,307,29,18,0.6207,3,False,gateway_error,0.31414,0,retry,payment_link,True,[],"[{'action': 'retry', 'reasons': ['maximum_retry_attempts_exceeded']}]",Current
txn_004124,cust_001458,338.48,card,902,10,7,0.7,3,False,gateway_error,0.29999999999999993,0,retry,reminder,True,[],"[{'action': 'retry', 'reasons': ['maximum_retry_attempts_exceeded']}]",Current
txn_008730,cust_002795,858.48,card,564,0,0,0.0,2,True,expired_card,0.29,0,reminder,reminder,True,[],[],Current
txn_006046,cust_001224,2305.28,wallet,783,3,2,0.6667,3,False,bank_decline,0.32333999999999996,0,retry,reminder,True,[],"[{'action': 'retry', 'reasons': ['maximum_retry_attempts_exceeded']}]",Current
txn_000568,cust_000615,778.96,netbanking,1485,12,9,0.75,1,False,bank_decline,0.63,0,retry,retry,True,[],[],Current
txn_009162,cust_000085,10657.22,upi,583,15,9,0.6,2,False,expired_card,0.6900000000000001,0,payment_link,payment_link,True,[],[],Current
txn_001804,cust_000667,1708.01,netbanking,1011,6,4,0.6667,1,False,insufficient_balance,0.61334,1,reminder,reminder,True,[],[],Current
txn_008502,cust_000001,617.16,netbanking,887,5,3,0.6,3,False,gateway_error,0.30999999999999994,1,retry,payment_link,True,[],"[{'action': 'retry', 'reasons': ['maximum_retry_attempts_exceeded']}]",Current
txn_004901,cust_000917,401.23,card,1125,25,18,0.72,4,False,authentication_failed,0.4039999999999999,0,payment_link,payment_link,True,[],[],Current
txn_001600,cust_000372,1675.46,wallet,1205,0,0,0.0,3,True,bank_decline,0.16999999999999998,0,retry,payment_link,True,[],"[{'action': 'retry', 'reasons': ['maximum_retry_attempts_exceeded']}]",Current
txn_007932,cust_001573,1924.38,netbanking,1196,12,9,0.75,2,False,bank_decline,0.55,1,retry,retry,True,[],[],Current
txn_009548,cust_003120,2515.72,card,290,24,19,0.7917,2,False,expired_card,0.72834,0,payment_link,payment_link,True,[],[],Current
txn_002824,cust_003236,2376.7,card,668,0,0,0.0,1,True,insufficient_balance,0.43,0,reminder,reminder,True,[],[],Current
txn_005468,cust_000078,1742.09,card,1356,21,16,0.7619,1,False,insufficient_balance,0.6323799999999999,0,payment_link,reminder,True,[],"[{'action': 'payment_link', 'reasons': ['payment_link_not_preferred_for_insufficient_balance']}]",Current
txn_003530,cust_000260,2528.97,upi,1445,10,9,0.9,1,False,network_error,0.83,1,retry,retry,True,[],[],Current
txn_008684,cust_002187,1135.97,netbanking,1095,29,20,0.6897,2,False,insufficient_balance,0.53794,0,reminder,reminder,True,[],[],Current
txn_001156,cust_001672,1113.31,upi,814,19,18,0.9474,1,False,expired_card,0.83948,1,payment_link,payment_link,True,[],[],Current
txn_006548,cust_002246,531.97,upi,682,1,1,1.0,3,False,bank_decline,0.39,1,retry,reminder,True,[],"[{'action': 'retry', 'reasons': ['maximum_retry_attempts_exceeded']}]",Current
txn_009089,cust_000503,923.16,wallet,1433,14,10,0.7143,4,False,bank_decline,0.28286,0,retry,payment_link,True,[],"[{'action': 'retry', 'reasons': ['maximum_retry_attempts_exceeded']}]",Current
txn_007621,cust_002685,1113.93,upi,391,16,15,0.9375,4,False,gateway_error,0.26749999999999996,1,retry,reminder,True,[],"[{'action': 'retry', 'reasons': ['maximum_retry_attempts_exceeded']}]",Current
txn_008297,cust_000922,993.95,card,789,26,22,0.8462,1,False,bank_decline,0.64924,0,retry,retry,True,[],[],Current
txn_004541,cust_001394,549.47,card,758,11,8,0.7273,4,False,authentication_failed,0.40545999999999993,1,payment_link,payment_link,True,[],[],Current
txn_009135,cust_001039,1166.77,card,68,12,7,0.5833,4,False,authentication_failed,0.32666000000000006,0,reminder,reminder,True,[],[],Current
txn_006483,cust_002751,690.16,netbanking,62,17,12,0.7059,2,False,insufficient_balance,0.5411800000000001,0,reminder,reminder,True,[],[],Current
txn_005827,cust_002367,5116.65,wallet,415,27,22,0.8148,4,False,insufficient_balance,0.40296,0,reminder,reminder,True,[],[],Current
txn_001191,cust_002610,13271.36,wallet,590,27,22,0.8148,1,False,authentication_failed,0.66296,1,payment_link,payment_link,True,[],[],Current
txn_007445,cust_000936,1208.84,upi,372,10,8,0.8,2,False,insufficient_balance,0.43,0,retry,retry,True,[],[],Current
txn_008521,cust_002909,4395.82,wallet,888,23,13,0.5652,4,False,network_error,0.22304000000000002,0,retry,payment_link,True,[],"[{'action': 'retry', 'reasons': ['maximum_retry_attempts_exceeded']}]",Current
txn_000961,cust_000075,365.76,netbanking,631,24,16,0.6667,3,False,network_error,0.32333999999999996,0,retry,payment_link,True,[],"[{'action': 'retry', 'reasons': ['maximum_retry_attempts_exceeded']}]",Current
txn_007455,cust_000047,1055.54,upi,1091,2,1,0.5,4,False,bank_decline,0.24000000000000005,0,retry,payment_link,True,[],"[{'action': 'retry', 'reasons': ['maximum_retry_attempts_exceeded']}]",Current
txn_000037,cust_000960,554.13,netbanking,1206,12,8,0.6667,2,False,bank_decline,0.53334,0,retry,retry,True,[],[],Current
txn_007517,cust_000094,664.81,wallet,94,10,7,0.7,2,False,network_error,0.71,0,retry,retry,True,[],[],Current
txn_007645,cust_000687,801.54,upi,753,14,12,0.8571,2,False,bank_decline,0.57142,1,retry,retry,True,[],[],Current
txn_004439,cust_000225,683.48,card,1350,25,19,0.76,3,False,insufficient_balance,0.472,0,reminder,reminder,True,[],[],Current
txn_006162,cust_002677,1169.45,upi,652,29,20,0.6897,4,False,gateway_error,0.21794000000000002,1,retry,reminder,True,[],"[{'action': 'retry', 'reasons': ['maximum_retry_attempts_exceeded']}]",Current
txn_007745,cust_001204,596.12,upi,330,20,16,0.8,1,False,authentication_failed,0.61,0,reminder,reminder,True,[],[],Current
txn_009588,cust_002154,898.84,netbanking,1380,5,5,1.0,2,False,gateway_error,0.7200000000000001,0,retry,retry,True,[],[],Current
txn_008120,cust_002818,648.98,upi,1352,10,7,0.7,1,False,gateway_error,0.74,1,retry,retry,True,[],[],Current
txn_006968,cust_000655,1796.17,card,143,16,11,0.6875,3,False,bank_decline,0.35749999999999993,0,retry,payment_link,True,[],"[{'action': 'retry', 'reasons': ['maximum_retry_attempts_exceeded']}]",Current
txn_005719,cust_000384,6212.04,card,950,19,12,0.6316,4,False,bank_decline,0.26632,1,retry,payment_link,True,[],"[{'action': 'retry', 'reasons': ['maximum_retry_attempts_exceeded']}]",Current
txn_000578,cust_000668,1100.42,netbanking,1291,26,21,0.8077,3,False,bank_decline,0.35153999999999996,0,retry,reminder,True,[],"[{'action': 'retry', 'reasons': ['maximum_retry_attempts_exceeded']}]",Current
txn_009834,cust_000795,3382.78,card,1448,11,10,0.9091,2,False,authentication_failed,0.6018200000000001,1,payment_link,payment_link,True,[],[],Current
txn_004103,cust_003293,957.6,card,199,21,16,0.7619,4,False,bank_decline,0.29238,1,retry,payment_link,True,[],"[{'action': 'retry', 'reasons': ['maximum_retry_attempts_exceeded']}]",Current
txn_007647,cust_001712,590.94,card,1297,23,17,0.7391,2,False,network_error,0.71782,1,retry,retry,True,[],[],Current
txn_004152,cust_003072,7183.43,card,1104,23,20,0.8696,4,False,gateway_error,0.25392000000000003,1,retry,reminder,True,[],"[{'action': 'retry', 'reasons': ['maximum_retry_attempts_exceeded']}]",Current
txn_003131,cust_002080,1353.59,upi,1414,15,11,0.7333,3,False,gateway_error,0.33665999999999996,0,retry,payment_link,True,[],"[{'action': 'retry', 'reasons': ['maximum_retry_attempts_exceeded']}]",Current
txn_004891,cust_002508,748.18,card,282,15,11,0.7333,2,False,insufficient_balance,0.54666,1,reminder,reminder,True,[],[],Current
txn_009976,cust_000177,1735.96,netbanking,955,14,12,0.8571,4,False,network_error,0.28142,0,retry,payment_link,True,[],"[{'action': 'retry', 'reasons': ['maximum_retry_attempts_exceeded']}]",Current
txn_007472,cust_000989,641.12,wallet,431,15,8,0.5333,2,False,gateway_error,0.6266600000000001,1,retry,retry,True,[],[],Current
txn_001834,cust_000359,389.59,wallet,1330,11,5,0.4545,4,False,expired_card,0.5009,1,payment_link,payment_link,True,[],[],Current
txn_009149,cust_000097,1120.25,upi,1496,24,15,0.625,4,False,bank_decline,0.265,0,retry,payment_link,True,[],"[{'action': 'retry', 'reasons': ['maximum_retry_attempts_exceeded']}]",Current
txn_004892,cust_000261,424.93,upi,483,15,12,0.8,1,False,bank_decline,0.64,1,retry,retry,True,[],[],Current
txn_002288,cust_002982,2907.11,upi,985,26,21,0.8077,2,False,insufficient_balance,0.56154,0,payment_link,reminder,True,[],"[{'action': 'payment_link', 'reasons': ['payment_link_not_preferred_for_insufficient_balance']}]",Current
txn_001331,cust_000037,1138.07,wallet,956,13,10,0.7692,1,False,insufficient_balance,0.63384,1,payment_link,reminder,True,[],"[{'action': 'payment_link', 'reasons': ['payment_link_not_preferred_for_insufficient_balance']}]",Current
txn_002772,cust_000348,2267.82,wallet,1001,29,19,0.6552,3,False,gateway_error,0.32104,1,retry,payment_link,True,[],"[{'action': 'retry', 'reasons': ['maximum_retry_attempts_exceeded']}]",Current
txn_003687,cust_001623,1566.06,wallet,907,11,5,0.4545,3,False,gateway_error,0.28090000000000004,0,retry,payment_link,True,[],"[{'action': 'retry', 'reasons': ['maximum_retry_attempts_exceeded']}]",Current
txn_008284,cust_001391,2476.38,card,650,5,4,0.8,2,False,expired_card,0.7300000000000001,1,payment_link,payment_link,True,[],[],Current
txn_005929,cust_000309,1887.05,wallet,1437,8,7,0.875,3,False,bank_decline,0.3949999999999999,1,retry,payment_link,True,[],"[{'action': 'retry', 'reasons': ['maximum_retry_attempts_exceeded']}]",Current
txn_000638,cust_002653,1069.47,card,119,25,18,0.72,1,False,insufficient_balance,0.6239999999999999,1,reminder,reminder,True,[],[],Current
txn_000048,cust_000466,907.34,upi,1029,19,15,0.7895,1,False,network_error,0.8079,0,retry,retry,True,[],[],Current
txn_002603,cust_002968,4459.01,card,324,26,19,0.7308,1,False,insufficient_balance,0.62616,1,reminder,reminder,True,[],[],Current
txn_001966,cust_001937,1244.3,netbanking,1315,5,5,1.0,3,False,gateway_error,0.39,0,retry,payment_link,True,[],"[{'action': 'retry', 'reasons': ['maximum_retry_attempts_exceeded']}]",Current
txn_002169,cust_001283,1302.97,card,85,29,23,0.7931,3,False,bank_decline,0.37861999999999996,0,retry,payment_link,True,[],"[{'action': 'retry', 'reasons': ['maximum_retry_attempts_exceeded']}]",Current
txn_005050,cust_001187,420.16,card,677,18,12,0.6667,1,False,gateway_error,0.7333399999999999,1,retry,retry,True,[],[],Current
txn_003335,cust_002357,469.69,card,1165,6,6,1.0,1,False,gateway_error,0.8,1,retry,retry,True,[],[],Current
txn_003020,cust_000917,439.18,upi,485,12,10,0.8333,3,False,insufficient_balance,0.48666,0,reminder,reminder,True,[],[],Current
txn_008765,cust_000618,1440.45,wallet,195,22,16,0.7273,1,False,gateway_error,0.74546,0,retry,retry,True,[],[],Current
txn_009177,cust_002791,2796.93,upi,932,10,7,0.7,3,False,gateway_error,0.32999999999999996,1,retry,payment_link,True,[],"[{'action': 'retry', 'reasons': ['maximum_retry_attempts_exceeded']}]",Current
txn_001361,cust_001829,2517.08,netbanking,1435,15,8,0.5333,1,False,bank_decline,0.58666,1,retry,retry,True,[],[],Current
txn_005799,cust_001353,1497.46,wallet,1346,27,17,0.6296,1,False,gateway_error,0.7259199999999999,1,retry,retry,True,[],[],Current
txn_009401,cust_001659,1713.88,netbanking,155,29,24,0.8276,3,False,network_error,0.35551999999999995,0,retry,payment_link,True,[],"[{'action': 'retry', 'reasons': ['maximum_retry_attempts_exceeded']}]",Current
txn_003252,cust_001800,2967.82,upi,459,19,15,0.7895,4,False,insufficient_balance,0.3978999999999999,0,reminder,reminder,True,[],[],Current
txn_006301,cust_001964,646.44,wallet,838,18,12,0.6667,4,False,gateway_error,0.24333999999999995,1,retry,payment_link,True,[],"[{'action': 'retry', 'reasons': ['maximum_retry_attempts_exceeded']}]",Current
txn_002252,cust_001743,1577.45,card,942,5,4,0.8,3,False,expired_card,0.65,1,payment_link,payment_link,True,[],[],Current
txn_006028,cust_002775,326.0,card,987,0,0,0.0,2,True,gateway_error,0.19,0,reminder,reminder,True,[],[],Current
txn_001176,cust_001697,781.08,wallet,1433,1,0,0.0,2,False,authentication_failed,0.36999999999999994,1,reminder,reminder,True,[],[],Current
txn_008800,cust_001816,630.62,netbanking,375,25,19,0.76,2,False,insufficient_balance,0.422,0,retry,retry,True,[],[],Current
txn_003280,cust_002661,462.0,card,1398,14,11,0.7857,4,False,insufficient_balance,0.39714000000000005,0,payment_link,reminder,True,[],"[{'action': 'payment_link', 'reasons': ['payment_link_not_preferred_for_insufficient_balance']}]",Current
txn_002974,cust_002848,1122.72,upi,9,8,7,0.875,4,False,authentication_failed,0.385,1,reminder,reminder,True,[],[],Current
txn_003397,cust_002473,10106.11,wallet,40,11,6,0.5455,1,False,gateway_error,0.7091000000000001,1,retry,retry,True,[],[],Current
txn_006940,cust_002288,1184.5,wallet,387,2,2,1.0,1,False,expired_card,0.85,1,payment_link,payment_link,True,[],[],Current
txn_000966,cust_001538,745.07,wallet,253,0,0,0.0,4,True,bank_decline,0.09000000000000001,0,payment_link,payment_link,True,[],[],Current
txn_008575,cust_001789,1115.57,netbanking,1012,2,2,1.0,3,False,gateway_error,0.39,1,retry,payment_link,True,[],"[{'action': 'retry', 'reasons': ['maximum_retry_attempts_exceeded']}]",Current
txn_000743,cust_001498,1017.28,card,355,21,16,0.7619,3,False,network_error,0.34238,1,retry,payment_link,True,[],"[{'action': 'retry', 'reasons': ['maximum_retry_attempts_exceeded']}]",Current
txn_007515,cust_001991,873.96,upi,709,3,3,1.0,4,False,insufficient_balance,0.43999999999999995,1,retry,reminder,True,[],"[{'action': 'retry', 'reasons': ['maximum_retry_attempts_exceeded']}]",Current
txn_003315,cust_003007,639.01,wallet,250,25,16,0.64,3,False,gateway_error,0.31799999999999995,1,retry,payment_link,True,[],"[{'action': 'retry', 'reasons': ['maximum_retry_attempts_exceeded']}]",Current
txn_004899,cust_000280,405.64,wallet,1374,10,9,0.9,2,False,authentication_failed,0.55,0,reminder,reminder,True,[],[],Current
txn_009341,cust_000385,727.81,card,904,13,11,0.8462,3,False,authentication_failed,0.45924,1,reminder,reminder,True,[],[],Current
txn_004673,cust_002840,661.53,wallet,1444,16,12,0.75,1,False,insufficient_balance,0.63,1,reminder,reminder,True,[],[],Current
txn_008619,cust_002405,216.22,wallet,850,7,3,0.4286,2,False,insufficient_balance,0.48572,0,reminder,reminder,True,[],[],Current
txn_001218,cust_002079,698.64,card,1293,9,7,0.7778,3,False,gateway_error,0.34556,0,retry,payment_link,True,[],"[{'action': 'retry', 'reasons': ['maximum_retry_attempts_exceeded']}]",Current
txn_004398,cust_000803,132.81,netbanking,446,1,1,1.0,4,False,network_error,0.31000000000000005,1,retry,payment_link,True,[],"[{'action': 'retry', 'reasons': ['maximum_retry_attempts_exceeded']}, {'action': 'reminder', 'reasons': ['temporary_network_error_should_be_retried_first']}]",Current
txn_006081,cust_000983,3480.8,upi,913,25,19,0.76,1,False,insufficient_balance,0.632,0,payment_link,reminder,True,[],"[{'action': 'payment_link', 'reasons': ['payment_link_not_preferred_for_insufficient_balance']}]",Current
txn_002615,cust_002370,4844.91,upi,1151,0,0,0.0,1,True,gateway_error,0.5499999999999999,0,retry,retry,True,[],[],Current
txn_002621,cust_000298,1159.23,card,1418,25,21,0.84,4,False,network_error,0.278,1,retry,payment_link,True,[],"[{'action': 'retry', 'reasons': ['maximum_retry_attempts_exceeded']}, {'action': 'reminder', 'reasons': ['temporary_network_error_should_be_retried_first']}]",Current
txn_008715,cust_000225,1016.03,upi,1242,13,11,0.8462,3,False,gateway_error,0.32924,0,retry,reminder,True,[],"[{'action': 'retry', 'reasons': ['maximum_retry_attempts_exceeded']}]",Current
txn_007283,cust_001737,256.49,wallet,557,12,11,0.9167,2,False,network_error,0.75334,0,retry,retry,True,[],[],Current
txn_003380,cust_000450,966.87,netbanking,736,13,8,0.6154,1,False,bank_decline,0.6030800000000001,1,retry,retry,True,[],[],Current
txn_007302,cust_001327,566.88,netbanking,801,2,2,1.0,1,False,network_error,0.85,0,retry,retry,True,[],[],Current
txn_009858,cust_002797,309.97,card,1071,22,14,0.6364,4,False,gateway_error,0.23728,0,retry,payment_link,True,[],"[{'action': 'retry', 'reasons': ['maximum_retry_attempts_exceeded']}]",Current
txn_005606,cust_002375,343.15,wallet,1214,18,15,0.8333,1,False,authentication_failed,0.66666,1,payment_link,payment_link,True,[],[],Current
txn_009814,cust_001103,409.72,card,1351,15,12,0.8,3,False,network_error,0.35,0,retry,payment_link,True,[],"[{'action': 'retry', 'reasons': ['maximum_retry_attempts_exceeded']}]",Current
txn_005787,cust_001941,1970.04,card,1037,12,9,0.75,4,False,authentication_failed,0.36,0,reminder,reminder,True,[],[],Current
txn_008519,cust_002970,1596.87,netbanking,500,4,4,1.0,2,False,gateway_error,0.7200000000000001,0,retry,retry,True,[],[],Current
txn_006851,cust_000258,920.58,netbanking,1371,29,26,0.8966,3,False,bank_decline,0.36932,1,retry,reminder,True,[],"[{'action': 'retry', 'reasons': ['maximum_retry_attempts_exceeded']}]",Current
txn_001517,cust_001550,3850.59,upi,14,17,13,0.7647,1,False,gateway_error,0.7529399999999999,0,retry,retry,True,[],[],Current
txn_005099,cust_000236,390.46,upi,805,2,2,1.0,2,False,expired_card,0.77,1,payment_link,payment_link,True,[],[],Current
txn_007637,cust_001622,949.5,upi,637,16,12,0.75,4,False,network_error,0.26,1,retry,payment_link,True,[],"[{'action': 'retry', 'reasons': ['maximum_retry_attempts_exceeded']}]",Current
txn_009086,cust_000237,1439.74,wallet,609,5,4,0.8,1,False,authentication_failed,0.61,1,reminder,reminder,True,[],[],Current
txn_008024,cust_000556,787.65,wallet,1099,5,5,1.0,2,False,gateway_error,0.7200000000000001,1,retry,retry,True,[],[],Current
txn_002393,cust_002278,600.96,card,853,12,8,0.6667,1,False,bank_decline,0.61334,1,retry,retry,True,[],[],Current
txn_000587,cust_003123,1565.49,card,237,13,9,0.6923,3,False,gateway_error,0.32846,1,retry,payment_link,True,[],"[{'action': 'retry', 'reasons': ['maximum_retry_attempts_exceeded']}]",Current
txn_003520,cust_002430,1007.46,wallet,277,5,4,0.8,3,False,network_error,0.35,1,retry,payment_link,True,[],"[{'action': 'retry', 'reasons': ['maximum_retry_attempts_exceeded']}, {'action': 'reminder', 'reasons': ['temporary_network_error_should_be_retried_first']}]",Current
txn_007654,cust_000818,3789.1,wallet,522,7,5,0.7143,2,False,network_error,0.71286,1,retry,retry,True,[],[],Current
txn_008947,cust_001442,3700.59,card,993,12,10,0.8333,1,False,insufficient_balance,0.64666,1,reminder,reminder,True,[],[],Current
txn_000851,cust_000954,402.83,netbanking,264,14,12,0.8571,1,False,network_error,0.82142,1,retry,retry,True,[],[],Current
txn_000336,cust_002794,7117.25,upi,12,23,13,0.5652,3,False,bank_decline,0.33304,0,retry,payment_link,True,[],"[{'action': 'retry', 'reasons': ['maximum_retry_attempts_exceeded']}]",Current
txn_006635,cust_002312,1235.47,card,1339,20,16,0.8,2,False,bank_decline,0.56,0,retry,retry,True,[],[],Current
txn_008973,cust_003321,699.18,wallet,701,21,14,0.6667,3,False,authentication_failed,0.47334,1,payment_link,payment_link,True,[],[],Current
txn_007494,cust_002876,1397.22,netbanking,16,4,3,0.75,2,False,insufficient_balance,0.55,0,reminder,reminder,True,[],[],Current
txn_002869,cust_000962,597.62,wallet,1181,16,8,0.5,3,False,gateway_error,0.29000000000000004,0,retry,payment_link,True,[],"[{'action': 'retry', 'reasons': ['maximum_retry_attempts_exceeded']}]",Current
txn_004873,cust_002933,1513.0,netbanking,212,26,21,0.8077,3,False,bank_decline,0.35153999999999996,1,retry,reminder,True,[],"[{'action': 'retry', 'reasons': ['maximum_retry_attempts_exceeded']}]",Current
txn_003551,cust_002761,438.89,card,971,4,2,0.5,2,False,network_error,0.67,1,retry,retry,True,[],[],Current
txn_003843,cust_001243,2700.53,card,398,18,15,0.8333,3,False,bank_decline,0.38666,0,retry,payment_link,True,[],"[{'action': 'retry', 'reasons': ['maximum_retry_attempts_exceeded']}]",Current
txn_007263,cust_001200,493.87,card,961,25,19,0.76,1,False,insufficient_balance,0.632,1,payment_link,reminder,True,[],"[{'action': 'payment_link', 'reasons': ['payment_link_not_preferred_for_insufficient_balance']}]",Current
txn_005825,cust_002533,368.69,netbanking,24,19,11,0.5789,1,False,bank_decline,0.59578,1,retry,retry,True,[],[],Current
txn_000024,cust_001847,2572.89,card,15,26,22,0.8462,2,False,bank_decline,0.5692400000000001,0,retry,retry,True,[],[],Current
txn_001454,cust_000688,2188.2,upi,549,25,19,0.76,3,False,authentication_failed,0.44199999999999995,1,reminder,reminder,True,[],[],Current
txn_001685,cust_002063,1116.94,card,790,25,18,0.72,3,False,insufficient_balance,0.46399999999999986,1,reminder,reminder,True,[],[],Current
txn_002311,cust_002378,864.24,upi,1084,9,6,0.6667,4,False,gateway_error,0.24333999999999995,0,retry,payment_link,True,[],"[{'action': 'retry', 'reasons': ['maximum_retry_attempts_exceeded']}]",Current
txn_009064,cust_000784,1013.8,netbanking,1289,6,5,0.8333,2,False,network_error,0.73666,1,retry,retry,True,[],[],Current
txn_009407,cust_003183,1088.27,upi,1034,14,10,0.7143,1,False,insufficient_balance,0.62286,1,payment_link,reminder,True,[],"[{'action': 'payment_link', 'reasons': ['payment_link_not_preferred_for_insufficient_balance']}]",Current
txn_000382,cust_001684,2716.31,card,241,11,6,0.5455,2,False,bank_decline,0.5091,0,retry,retry,True,[],[],Current
txn_005815,cust_001152,917.09,upi,693,17,12,0.7059,4,False,bank_decline,0.28118,0,retry,payment_link,True,[],"[{'action': 'retry', 'reasons': ['maximum_retry_attempts_exceeded']}]",Current
txn_005551,cust_000314,857.16,netbanking,1294,14,8,0.5714,3,False,insufficient_balance,0.4342799999999999,0,payment_link,reminder,True,[],"[{'action': 'payment_link', 'reasons': ['payment_link_not_preferred_for_insufficient_balance']}]",Current
txn_009309,cust_002108,550.99,netbanking,294,20,8,0.4,4,False,expired_card,0.49,0,payment_link,payment_link,True,[],[],Current
txn_001619,cust_000776,366.06,upi,1425,19,12,0.6316,2,False,gateway_error,0.6463200000000001,1,retry,retry,True,[],[],Current
txn_000790,cust_001842,892.15,netbanking,160,12,9,0.75,4,False,bank_decline,0.29000000000000004,1,retry,payment_link,True,[],"[{'action': 'retry', 'reasons': ['maximum_retry_attempts_exceeded']}]",Current
txn_005984,cust_003191,2083.0,card,248,19,12,0.6316,3,False,bank_decline,0.34631999999999996,0,retry,payment_link,True,[],"[{'action': 'retry', 'reasons': ['maximum_retry_attempts_exceeded']}]",Current
txn_008673,cust_002703,1352.22,wallet,270,14,10,0.7143,2,False,gateway_error,0.6628600000000001,1,retry,retry,True,[],[],Current
txn_004476,cust_002708,707.27,netbanking,512,3,2,0.6667,1,False,network_error,0.7833399999999999,1,retry,retry,True,[],[],Current
txn_005607,cust_002441,2334.17,netbanking,341,13,8,0.6154,1,False,gateway_error,0.72308,0,retry,retry,True,[],[],Current
txn_009313,cust_000587,1111.31,upi,1183,12,9,0.75,2,False,expired_card,0.7200000000000001,1,payment_link,payment_link,True,[],[],Current
txn_005649,cust_000010,3717.32,netbanking,1481,14,12,0.8571,3,False,gateway_error,0.36141999999999996,0,retry,payment_link,True,[],"[{'action': 'retry', 'reasons': ['maximum_retry_attempts_exceeded']}]",Current
txn_006217,cust_002271,148.15,upi,145,19,16,0.8421,4,False,insufficient_balance,0.40842,1,reminder,reminder,True,[],[],Current
txn_002287,cust_002990,4336.02,upi,1148,24,21,0.875,4,False,network_error,0.28500000000000003,0,retry,payment_link,True,[],"[{'action': 'retry', 'reasons': ['maximum_retry_attempts_exceeded']}]",Current
txn_009994,cust_000384,1371.45,upi,336,24,19,0.7917,1,False,expired_card,0.80834,1,payment_link,payment_link,True,[],[],Current
txn_007579,cust_001826,1410.03,upi,809,26,19,0.7308,2,False,insufficient_balance,0.5461600000000001,0,reminder,reminder,True,[],[],Current
txn_001184,cust_001506,399.71,wallet,573,29,21,0.7241,3,False,gateway_error,0.30482,0,retry,reminder,True,[],"[{'action': 'retry', 'reasons': ['maximum_retry_attempts_exceeded']}]",Current
txn_006002,cust_001613,1777.93,netbanking,840,4,3,0.75,1,False,network_error,0.8,1,retry,retry,True,[],[],Current
txn_005091,cust_000933,238.83,upi,1487,28,22,0.7857,1,False,authentication_failed,0.6571400000000001,0,payment_link,payment_link,True,[],[],Current
txn_002517,cust_001446,780.23,card,301,28,23,0.8214,3,False,network_error,0.35428000000000004,0,retry,payment_link,True,[],"[{'action': 'retry', 'reasons': ['maximum_retry_attempts_exceeded']}]",Current
txn_004123,cust_000971,1069.67,upi,1332,21,12,0.5714,4,False,bank_decline,0.25428,0,retry,payment_link,True,[],"[{'action': 'retry', 'reasons': ['maximum_retry_attempts_exceeded']}]",Current
txn_005522,cust_002511,1053.92,upi,684,18,15,0.8333,1,False,gateway_error,0.76666,1,retry,retry,True,[],[],Current
txn_005628,cust_000784,1468.71,netbanking,47,27,15,0.5556,4,False,authentication_failed,0.37112,0,payment_link,payment_link,True,[],[],Current
txn_008361,cust_000803,392.77,wallet,844,13,11,0.8462,4,False,insufficient_balance,0.40924000000000005,0,reminder,reminder,True,[],[],Current
txn_005873,cust_000695,451.87,wallet,1080,2,2,1.0,1,False,insufficient_balance,0.6799999999999999,1,reminder,reminder,True,[],[],Current
txn_008613,cust_000603,620.73,card,1119,19,12,0.6316,3,False,bank_decline,0.34631999999999996,1,retry,payment_link,True,[],"[{'action': 'retry', 'reasons': ['maximum_retry_attempts_exceeded']}]",Current
txn_007728,cust_000694,3034.71,wallet,765,7,4,0.5714,2,False,insufficient_balance,0.51428,0,reminder,reminder,True,[],[],Current
txn_005969,cust_000235,1962.27,wallet,271,0,0,0.0,2,True,bank_decline,0.21999999999999997,0,reminder,reminder,True,[],[],Current
txn_001181,cust_002020,661.22,wallet,634,5,3,0.6,4,False,gateway_error,0.22999999999999998,0,retry,payment_link,True,[],"[{'action': 'retry', 'reasons': ['maximum_retry_attempts_exceeded']}]",Current
txn_008763,cust_002058,4897.95,wallet,1496,22,13,0.5909,4,False,bank_decline,0.25818,1,retry,payment_link,True,[],"[{'action': 'retry', 'reasons': ['maximum_retry_attempts_exceeded']}]",Current
txn_008236,cust_000073,1097.91,wallet,397,6,4,0.6667,2,False,authentication_failed,0.55334,0,payment_link,payment_link,True,[],[],Current
txn_002819,cust_003320,471.88,netbanking,570,24,18,0.75,4,False,network_error,0.26,0,retry,payment_link,True,[],"[{'action': 'retry', 'reasons': ['maximum_retry_attempts_exceeded']}]",Current
txn_009965,cust_002266,279.6,upi,877,14,9,0.6429,3,False,authentication_failed,0.4685799999999999,0,payment_link,payment_link,True,[],[],Current
txn_008704,cust_000123,4266.47,wallet,310,22,14,0.6364,4,False,expired_card,0.53728,1,payment_link,payment_link,True,[],[],Current
txn_006609,cust_003110,365.78,card,685,8,6,0.75,4,False,expired_card,0.56,0,payment_link,payment_link,True,[],[],Current
txn_002821,cust_002142,787.14,upi,402,17,11,0.6471,2,False,bank_decline,0.5294200000000001,1,retry,retry,True,[],[],Current
txn_007536,cust_002575,241.57,netbanking,1403,25,21,0.84,2,False,bank_decline,0.568,1,retry,retry,True,[],[],Current
txn_002261,cust_002724,261.33,wallet,123,1,0,0.0,1,False,insufficient_balance,0.48,0,reminder,reminder,True,[],[],Current
txn_002240,cust_001048,764.89,netbanking,956,2,1,0.5,4,False,insufficient_balance,0.3400000000000001,0,reminder,reminder,True,[],[],Current
txn_006022,cust_003117,1354.54,netbanking,27,24,18,0.75,1,False,expired_card,0.8,1,payment_link,payment_link,True,[],[],Current
txn_000783,cust_001381,2693.19,upi,732,14,11,0.7857,1,False,authentication_failed,0.6571400000000001,1,payment_link,payment_link,True,[],[],Current
txn_000933,cust_003121,548.78,card,818,1,1,1.0,4,False,bank_decline,0.33999999999999997,0,retry,payment_link,True,[],"[{'action': 'retry', 'reasons': ['maximum_retry_attempts_exceeded']}]",Current
txn_006203,cust_001336,3236.97,netbanking,1031,25,12,0.48,2,False,bank_decline,0.49600000000000005,0,retry,retry,True,[],[],Current
txn_002413,cust_002734,1532.64,upi,907,16,12,0.75,1,False,expired_card,0.8,1,payment_link,payment_link,True,[],[],Current
txn_006998,cust_003303,596.05,netbanking,206,16,13,0.8125,3,False,bank_decline,0.35250000000000004,0,retry,reminder,True,[],"[{'action': 'retry', 'reasons': ['maximum_retry_attempts_exceeded']}]",Current
txn_009116,cust_002953,1893.75,netbanking,917,16,10,0.625,2,False,expired_card,0.695,0,payment_link,payment_link,True,[],[],Current
txn_001157,cust_000103,518.22,wallet,799,19,11,0.5789,3,False,gateway_error,0.30577999999999994,0,retry,payment_link,True,[],"[{'action': 'retry', 'reasons': ['maximum_retry_attempts_exceeded']}]",Current
txn_008108,cust_000651,306.95,upi,680,20,14,0.7,1,False,network_error,0.7899999999999999,1,retry,retry,True,[],[],Current
txn_005806,cust_000731,409.18,card,1111,24,15,0.625,4,False,authentication_failed,0.385,0,payment_link,payment_link,True,[],[],Current
txn_004880,cust_002436,330.0,wallet,66,1,0,0.0,2,False,bank_decline,0.26999999999999996,1,reminder,reminder,True,[],[],Current
txn_003310,cust_000259,2062.34,netbanking,277,20,17,0.85,4,False,expired_card,0.58,0,payment_link,payment_link,True,[],[],Current
txn_008962,cust_001028,734.1,wallet,79,4,3,0.75,1,False,network_error,0.8,0,retry,retry,True,[],[],Current
txn_001703,cust_000123,930.0,upi,684,4,2,0.5,3,False,gateway_error,0.29000000000000004,0,retry,payment_link,True,[],"[{'action': 'retry', 'reasons': ['maximum_retry_attempts_exceeded']}]",Current
txn_002493,cust_002593,550.47,upi,909,22,18,0.8182,4,False,gateway_error,0.24364000000000002,1,retry,reminder,True,[],"[{'action': 'retry', 'reasons': ['maximum_retry_attempts_exceeded']}]",Current
txn_003707,cust_000478,377.82,card,542,26,20,0.7692,2,False,authentication_failed,0.57384,1,payment_link,payment_link,True,[],[],Current
txn_008277,cust_001188,1941.38,card,11,9,6,0.6667,2,False,expired_card,0.70334,0,payment_link,payment_link,True,[],[],Current
txn_000287,cust_002406,1256.57,netbanking,874,22,11,0.5,4,False,network_error,0.21000000000000002,1,retry,payment_link,True,[],"[{'action': 'retry', 'reasons': ['maximum_retry_attempts_exceeded']}]",Current
txn_001609,cust_000621,742.5,upi,639,27,26,0.963,3,False,authentication_failed,0.5326,0,payment_link,payment_link,True,[],[],Current
txn_006632,cust_001719,955.79,netbanking,774,29,16,0.5517,4,False,gateway_error,0.22033999999999998,0,retry,payment_link,True,[],"[{'action': 'retry', 'reasons': ['maximum_retry_attempts_exceeded']}]",Current
txn_008279,cust_000785,877.66,netbanking,1332,19,15,0.7895,3,False,gateway_error,0.31789999999999996,0,retry,reminder,True,[],"[{'action': 'retry', 'reasons': ['maximum_retry_attempts_exceeded']}]",Current
txn_007316,cust_000899,1060.71,card,765,6,5,0.8333,1,False,gateway_error,0.76666,0,retry,retry,True,[],[],Current
txn_002253,cust_000880,3528.58,upi,839,5,3,0.6,4,False,gateway_error,0.22999999999999998,0,retry,payment_link,True,[],"[{'action': 'retry', 'reasons': ['maximum_retry_attempts_exceeded']}]",Current
txn_007416,cust_001672,1470.43,upi,637,16,12,0.75,2,False,expired_card,0.7200000000000001,1,payment_link,payment_link,True,[],[],Current
txn_008366,cust_002354,1200.03,netbanking,1149,5,4,0.8,3,False,authentication_failed,0.5,0,payment_link,payment_link,True,[],[],Current
txn_001892,cust_001530,977.08,upi,1028,12,9,0.75,3,False,bank_decline,0.33999999999999997,0,retry,reminder,True,[],"[{'action': 'retry', 'reasons': ['maximum_retry_attempts_exceeded']}]",Current
txn_005063,cust_002497,3055.18,upi,375,27,20,0.7407,1,False,insufficient_balance,0.6281399999999999,1,reminder,reminder,True,[],[],Current
txn_006121,cust_001530,2742.82,upi,1189,28,20,0.7143,2,False,expired_card,0.71286,1,payment_link,payment_link,True,[],[],Current
txn_000564,cust_002932,2054.86,upi,753,4,3,0.75,3,False,bank_decline,0.33999999999999997,0,retry,reminder,True,[],"[{'action': 'retry', 'reasons': ['maximum_retry_attempts_exceeded']}]",Current
txn_000292,cust_001055,448.25,wallet,266,0,0,0.0,4,True,bank_decline,0.059999999999999984,0,reminder,reminder,True,[],[],Current
txn_004717,cust_002289,907.33,netbanking,401,23,18,0.7826,1,False,authentication_failed,0.60652,1,reminder,reminder,True,[],[],Current
txn_007709,cust_002211,2465.74,netbanking,1075,5,4,0.8,2,False,expired_card,0.7300000000000001,1,payment_link,payment_link,True,[],[],Current
txn_006350,cust_001849,681.53,netbanking,321,7,4,0.5714,4,False,expired_card,0.52428,1,payment_link,payment_link,True,[],[],Current
txn_000170,cust_000462,465.18,card,682,23,15,0.6522,1,False,expired_card,0.78044,1,payment_link,payment_link,True,[],[],Current
txn_000268,cust_002598,1264.89,netbanking,447,6,5,0.8333,2,False,bank_decline,0.56666,1,retry,retry,True,[],[],Current
txn_004639,cust_000552,1343.32,card,153,6,3,0.5,2,False,bank_decline,0.5000000000000001,0,retry,retry,True,[],[],Current
txn_007078,cust_001991,1436.32,upi,371,10,5,0.5,4,False,gateway_error,0.21000000000000002,0,retry,payment_link,True,[],"[{'action': 'retry', 'reasons': ['maximum_retry_attempts_exceeded']}]",Current
txn_003356,cust_002702,907.55,wallet,1239,14,11,0.7857,3,False,insufficient_balance,0.47714,0,reminder,reminder,True,[],[],Current
txn_008280,cust_001191,2137.31,wallet,530,21,16,0.7619,1,False,bank_decline,0.6323799999999999,1,retry,retry,True,[],[],Current
txn_000316,cust_001121,643.74,card,1439,16,14,0.875,4,False,gateway_error,0.28500000000000003,1,retry,payment_link,True,[],"[{'action': 'retry', 'reasons': ['maximum_retry_attempts_exceeded']}]",Current
txn_006729,cust_003014,1137.47,upi,854,8,7,0.875,4,False,bank_decline,0.31499999999999995,0,retry,payment_link,True,[],"[{'action': 'retry', 'reasons': ['maximum_retry_attempts_exceeded']}]",Current
txn_009496,cust_000699,714.18,upi,1437,19,15,0.7895,4,False,authentication_failed,0.41789999999999994,0,payment_link,payment_link,True,[],[],Current
txn_004068,cust_001936,563.73,upi,1003,9,7,0.7778,1,False,insufficient_balance,0.63556,1,reminder,reminder,True,[],[],Current
txn_000246,cust_000585,364.77,upi,5,20,17,0.85,3,False,expired_card,0.6599999999999999,1,payment_link,payment_link,True,[],[],Current
txn_000253,cust_001345,466.81,card,1132,29,22,0.7586,1,False,bank_decline,0.6317200000000001,1,retry,retry,True,[],[],Current
txn_001112,cust_002303,415.54,netbanking,813,24,21,0.875,4,False,authentication_failed,0.43500000000000005,0,payment_link,payment_link,True,[],[],Current
txn_004802,cust_001895,2104.5,upi,270,29,24,0.8276,3,False,bank_decline,0.38552,0,retry,payment_link,True,[],"[{'action': 'retry', 'reasons': ['maximum_retry_attempts_exceeded']}]",Current
txn_001714,cust_001734,2522.81,upi,93,10,8,0.8,3,False,bank_decline,0.38,1,retry,payment_link,True,[],"[{'action': 'retry', 'reasons': ['maximum_retry_attempts_exceeded']}]",Current
txn_000051,cust_000118,1558.06,card,1206,16,11,0.6875,3,False,insufficient_balance,0.4574999999999999,1,reminder,reminder,True,[],[],Current
txn_001836,cust_000338,1170.39,upi,1341,11,6,0.5455,3,False,insufficient_balance,0.4290999999999999,0,reminder,reminder,True,[],[],Current
txn_007897,cust_002138,293.33,upi,787,17,13,0.7647,2,False,insufficient_balance,0.5529400000000001,0,reminder,reminder,True,[],[],Current
txn_003384,cust_001852,1827.72,wallet,1389,4,4,1.0,3,False,authentication_failed,0.49,0,reminder,reminder,True,[],[],Current
txn_006411,cust_001321,6721.84,wallet,1172,0,0,0.0,2,True,authentication_failed,0.37,0,payment_link,payment_link,True,[],[],Current
txn_004314,cust_003002,207.87,card,718,7,6,0.8571,2,False,insufficient_balance,0.57142,1,reminder,reminder,True,[],[],Current
txn_000873,cust_000151,964.59,wallet,1120,22,20,0.9091,2,False,network_error,0.75182,1,retry,retry,True,[],[],Current
txn_001255,cust_003076,1771.07,upi,389,10,8,0.8,2,False,authentication_failed,0.5800000000000001,1,payment_link,payment_link,True,[],[],Current
txn_008882,cust_002209,674.91,upi,254,6,5,0.8333,3,False,authentication_failed,0.50666,0,payment_link,payment_link,True,[],[],Current
txn_005852,cust_001228,325.5,netbanking,1100,25,19,0.76,2,False,network_error,0.7220000000000001,0,retry,retry,True,[],[],Current
txn_005703,cust_002094,697.92,upi,1052,18,11,0.6111,3,False,expired_card,0.6122199999999999,0,payment_link,payment_link,True,[],[],Current
txn_008104,cust_000926,100.0,upi,731,21,17,0.8095,4,False,network_error,0.27190000000000003,0,retry,payment_link,True,[],"[{'action': 'retry', 'reasons': ['maximum_retry_attempts_exceeded']}, {'action': 'reminder', 'reasons': ['temporary_network_error_should_be_retried_first']}]",Current
txn_002099,cust_002000,2578.48,card,80,29,24,0.8276,2,False,bank_decline,0.56552,0,retry,retry,True,[],[],Current
txn_005129,cust_000243,3386.84,wallet,1142,21,13,0.619,3,False,bank_decline,0.3438,0,retry,payment_link,True,[],"[{'action': 'retry', 'reasons': ['maximum_retry_attempts_exceeded']}]",Current
txn_000249,cust_002943,1085.34,netbanking,1252,25,24,0.96,1,False,network_error,0.842,1,retry,retry,True,[],[],Current
txn_006562,cust_002734,1522.43,card,405,11,6,0.5455,3,False,network_error,0.29910000000000003,1,retry,payment_link,True,[],"[{'action': 'retry', 'reasons': ['maximum_retry_attempts_exceeded']}]",Current
txn_001340,cust_000118,3046.68,netbanking,288,0,0,0.0,3,True,expired_card,0.4399999999999999,1,payment_link,payment_link,True,[],[],Current
txn_007018,cust_000130,2658.97,upi,12,9,6,0.6667,4,False,gateway_error,0.24333999999999995,0,retry,payment_link,True,[],"[{'action': 'retry', 'reasons': ['maximum_retry_attempts_exceeded']}]",Current
txn_002111,cust_000524,508.28,wallet,97,3,3,1.0,1,False,bank_decline,0.6799999999999999,1,retry,retry,True,[],[],Current
txn_001570,cust_002910,484.06,card,712,8,6,0.75,3,False,authentication_failed,0.49,0,payment_link,payment_link,True,[],[],Current
txn_001727,cust_000848,1973.32,wallet,991,9,6,0.6667,3,False,authentication_failed,0.42333999999999994,0,reminder,reminder,True,[],[],Current
txn_008385,cust_000290,392.32,card,365,5,4,0.8,1,False,network_error,0.81,1,retry,retry,True,[],[],Current
txn_006941,cust_001864,2404.95,netbanking,330,4,3,0.75,2,False,bank_decline,0.55,1,retry,retry,True,[],[],Current
txn_004396,cust_002648,928.36,wallet,625,10,9,0.9,2,False,bank_decline,0.58,1,retry,retry,True,[],[],Current
txn_002421,cust_003261,196.23,upi,1365,9,7,0.7778,4,False,gateway_error,0.23556000000000005,1,retry,reminder,True,[],"[{'action': 'retry', 'reasons': ['maximum_retry_attempts_exceeded']}]",Current
txn_003046,cust_002463,1838.85,upi,1320,22,20,0.9091,4,False,bank_decline,0.32182,0,retry,payment_link,True,[],"[{'action': 'retry', 'reasons': ['maximum_retry_attempts_exceeded']}]",Current
txn_005504,cust_001260,613.4,upi,53,19,13,0.6842,2,False,bank_decline,0.5368400000000001,0,retry,retry,True,[],[],Current
txn_003704,cust_002782,1794.25,card,1373,9,8,0.8889,2,False,insufficient_balance,0.5777800000000001,0,reminder,reminder,True,[],[],Current
txn_008192,cust_001889,1554.85,wallet,411,18,13,0.7222,4,False,insufficient_balance,0.3844399999999999,1,reminder,reminder,True,[],[],Current
txn_005332,cust_000961,28863.65,upi,550,21,19,0.9048,4,False,expired_card,0.5909599999999999,1,payment_link,payment_link,True,[],[],Current
txn_009809,cust_002340,2860.18,upi,796,0,0,0.0,1,True,expired_card,0.5999999999999999,1,payment_link,payment_link,True,[],[],Current
txn_000448,cust_003076,958.82,upi,449,29,25,0.8621,2,False,network_error,0.74242,0,retry,retry,True,[],[],Current
txn_007895,cust_002336,374.01,card,1047,19,15,0.7895,4,False,bank_decline,0.29789999999999994,0,retry,payment_link,True,[],"[{'action': 'retry', 'reasons': ['maximum_retry_attempts_exceeded']}]",Current
txn_008729,cust_001210,2492.26,card,931,28,21,0.75,3,False,insufficient_balance,0.47,1,reminder,reminder,True,[],[],Current
txn_007829,cust_002163,1063.73,card,853,20,15,0.75,2,False,bank_decline,0.55,0,retry,retry,True,[],[],Current
txn_001769,cust_000643,1185.23,netbanking,435,20,14,0.7,4,False,network_error,0.24999999999999994,1,retry,payment_link,True,[],"[{'action': 'retry', 'reasons': ['maximum_retry_attempts_exceeded']}]",Current
txn_006809,cust_001378,886.73,wallet,868,12,11,0.9167,1,False,insufficient_balance,0.66334,0,reminder,reminder,True,[],[],Current
txn_004705,cust_002991,760.47,upi,545,2,2,1.0,3,False,authentication_failed,0.49,1,reminder,reminder,True,[],[],Current
txn_003870,cust_001993,2375.67,netbanking,1239,0,0,0.0,2,True,expired_card,0.5199999999999999,1,payment_link,payment_link,True,[],[],Current
txn_001656,cust_001205,4371.11,netbanking,804,7,5,0.7143,2,False,insufficient_balance,0.54286,0,reminder,reminder,True,[],[],Current
txn_003188,cust_001269,8721.6,wallet,1377,28,22,0.7857,2,False,authentication_failed,0.5771400000000001,1,payment_link,payment_link,True,[],[],Current
txn_000684,cust_000788,4767.21,upi,9,17,11,0.6471,2,False,insufficient_balance,0.39942,0,payment_link,retry,True,[],"[{'action': 'payment_link', 'reasons': ['payment_link_not_preferred_for_insufficient_balance']}]",Current
txn_004171,cust_001295,805.1,upi,924,24,18,0.75,4,False,network_error,0.26,0,retry,payment_link,True,[],"[{'action': 'retry', 'reasons': ['maximum_retry_attempts_exceeded']}]",Current
txn_004478,cust_002967,10653.92,netbanking,456,2,2,1.0,4,False,insufficient_balance,0.43999999999999995,1,reminder,reminder,True,[],[],Current
txn_000462,cust_000327,854.65,upi,200,6,2,0.3333,4,False,gateway_error,0.17665999999999998,0,retry,payment_link,True,[],"[{'action': 'retry', 'reasons': ['maximum_retry_attempts_exceeded']}]",Current
txn_005765,cust_000450,9416.32,netbanking,1312,3,3,1.0,4,False,insufficient_balance,0.43999999999999995,0,reminder,reminder,True,[],[],Current
txn_007523,cust_002231,4527.87,netbanking,764,21,17,0.8095,1,False,expired_card,0.8119,0,payment_link,payment_link,True,[],[],Current
txn_004503,cust_000224,687.52,wallet,10,13,9,0.6923,2,False,insufficient_balance,0.53846,1,payment_link,reminder,True,[],"[{'action': 'payment_link', 'reasons': ['payment_link_not_preferred_for_insufficient_balance']}]",Current
txn_009710,cust_001372,1725.39,netbanking,1152,12,8,0.6667,4,False,authentication_failed,0.34334,0,reminder,reminder,True,[],[],Current
txn_000319,cust_001379,582.9,wallet,388,26,17,0.6538,3,False,network_error,0.32076000000000005,1,retry,payment_link,True,[],"[{'action': 'retry', 'reasons': ['maximum_retry_attempts_exceeded']}]",Current
txn_001146,cust_001448,1011.34,netbanking,1319,0,0,0.0,2,True,bank_decline,0.21999999999999997,0,reminder,reminder,True,[],[],Current
txn_005095,cust_001490,3414.71,upi,539,10,7,0.7,4,False,gateway_error,0.24999999999999994,1,retry,payment_link,True,[],"[{'action': 'retry', 'reasons': ['maximum_retry_attempts_exceeded']}]",Current
txn_001394,cust_001026,998.17,card,1061,10,7,0.7,1,False,bank_decline,0.6199999999999999,0,retry,retry,True,[],[],Current
txn_006624,cust_000037,1500.17,card,773,8,3,0.375,4,False,bank_decline,0.21500000000000002,0,retry,payment_link,True,[],"[{'action': 'retry', 'reasons': ['maximum_retry_attempts_exceeded']}]",Current
txn_001502,cust_001280,114.02,card,414,19,14,0.7368,2,False,network_error,0.71736,0,retry,retry,True,[],[],Current
txn_006409,cust_002607,299.41,netbanking,520,10,7,0.7,4,False,gateway_error,0.24999999999999994,0,retry,payment_link,True,[],"[{'action': 'retry', 'reasons': ['maximum_retry_attempts_exceeded']}]",Current
txn_000377,cust_001151,539.17,wallet,857,1,1,1.0,1,False,authentication_failed,0.65,1,reminder,reminder,True,[],[],Current
txn_000411,cust_001890,495.58,upi,1342,18,13,0.7222,1,False,network_error,0.7944399999999999,1,retry,retry,True,[],[],Current
txn_001661,cust_001488,1391.91,netbanking,374,15,10,0.6667,2,False,expired_card,0.70334,1,payment_link,payment_link,True,[],[],Current
txn_003152,cust_001259,1061.59,upi,1351,25,17,0.68,1,False,bank_decline,0.616,1,retry,retry,True,[],[],Current
txn_001624,cust_002175,834.16,upi,490,13,7,0.5385,4,False,bank_decline,0.2177,1,retry,reminder,True,[],"[{'action': 'retry', 'reasons': ['maximum_retry_attempts_exceeded']}]",Current
txn_005610,cust_002224,745.95,wallet,492,11,7,0.6364,3,False,gateway_error,0.31728,1,retry,payment_link,True,[],"[{'action': 'retry', 'reasons': ['maximum_retry_attempts_exceeded']}]",Current
txn_008533,cust_000842,2620.81,wallet,1173,6,5,0.8333,4,False,expired_card,0.57666,0,payment_link,payment_link,True,[],[],Current
txn_005803,cust_002500,884.9,wallet,575,27,18,0.6667,4,False,authentication_failed,0.39334,0,payment_link,payment_link,True,[],[],Current
txn_005307,cust_000203,725.25,wallet,1067,18,16,0.8889,3,False,insufficient_balance,0.49778,0,reminder,reminder,True,[],[],Current
txn_007087,cust_000166,1675.63,card,210,19,13,0.6842,1,False,gateway_error,0.7368399999999999,1,retry,retry,True,[],[],Current
txn_008898,cust_002825,919.42,upi,181,27,22,0.8148,2,False,gateway_error,0.68296,1,retry,retry,True,[],[],Current
txn_007489,cust_000594,184.93,card,717,6,5,0.8333,3,False,expired_card,0.6566599999999999,1,payment_link,payment_link,True,[],[],Current
txn_009616,cust_002384,677.72,card,550,23,15,0.6522,4,False,bank_decline,0.27044,1,retry,payment_link,True,[],"[{'action': 'retry', 'reasons': ['maximum_retry_attempts_exceeded']}]",Current
txn_009218,cust_001091,496.94,wallet,980,23,13,0.5652,2,False,network_error,0.68304,1,retry,retry,True,[],[],Current
txn_001673,cust_001296,266.46,wallet,1208,0,0,0.0,1,True,gateway_error,0.5499999999999999,1,retry,retry,True,[],[],Current
txn_002359,cust_002333,2831.73,netbanking,164,24,21,0.875,1,False,gateway_error,0.7749999999999999,0,retry,retry,True,[],[],Current
txn_008468,cust_001285,651.92,wallet,644,1,0,0.0,3,False,bank_decline,0.18999999999999997,0,reminder,reminder,True,[],[],Current
txn_000275,cust_003177,569.18,wallet,391,12,10,0.8333,1,False,gateway_error,0.76666,1,retry,retry,True,[],[],Current
txn_002474,cust_001549,805.99,card,313,23,17,0.7391,4,False,insufficient_balance,0.38782000000000005,0,payment_link,reminder,True,[],"[{'action': 'payment_link', 'reasons': ['payment_link_not_preferred_for_insufficient_balance']}]",Current
txn_005490,cust_003168,699.77,upi,333,1,1,1.0,3,False,expired_card,0.69,1,payment_link,payment_link,True,[],[],Current
txn_004772,cust_001070,1152.25,netbanking,989,29,21,0.7241,1,False,insufficient_balance,0.49482,0,payment_link,retry,True,[],"[{'action': 'payment_link', 'reasons': ['payment_link_not_preferred_for_insufficient_balance']}]",Current
txn_002108,cust_003107,422.04,netbanking,1406,18,13,0.7222,4,False,insufficient_balance,0.3844399999999999,1,reminder,reminder,True,[],[],Current
txn_007501,cust_001728,699.38,netbanking,674,21,16,0.7619,1,False,network_error,0.80238,0,retry,retry,True,[],[],Current
txn_004415,cust_000097,616.51,wallet,1415,26,22,0.8462,4,False,bank_decline,0.30923999999999996,0,retry,payment_link,True,[],"[{'action': 'retry', 'reasons': ['maximum_retry_attempts_exceeded']}]",Current
txn_008139,cust_002432,1491.58,card,1456,26,22,0.8462,3,False,network_error,0.35924,0,retry,payment_link,True,[],"[{'action': 'retry', 'reasons': ['maximum_retry_attempts_exceeded']}]",Current
txn_008661,cust_000019,1878.06,netbanking,25,27,16,0.5926,4,False,gateway_error,0.22852,0,retry,payment_link,True,[],"[{'action': 'retry', 'reasons': ['maximum_retry_attempts_exceeded']}]",Current
txn_008240,cust_000714,1035.82,wallet,1137,27,24,0.8889,2,False,bank_decline,0.5777800000000001,1,retry,retry,True,[],[],Current
txn_002418,cust_002673,952.54,netbanking,103,12,12,1.0,1,False,bank_decline,0.6799999999999999,0,retry,retry,True,[],[],Current
txn_008772,cust_003263,793.47,wallet,500,26,22,0.8462,1,False,expired_card,0.81924,1,payment_link,payment_link,True,[],[],Current
txn_002237,cust_003036,113.88,netbanking,709,1,1,1.0,4,False,gateway_error,0.31000000000000005,1,retry,payment_link,True,[],"[{'action': 'retry', 'reasons': ['maximum_retry_attempts_exceeded']}]",Current
txn_003768,cust_003156,6662.65,upi,1173,24,15,0.625,3,False,insufficient_balance,0.44499999999999995,1,reminder,reminder,True,[],[],Current
txn_009792,cust_001069,696.25,wallet,809,23,17,0.7391,2,False,insufficient_balance,0.5478200000000001,0,reminder,reminder,True,[],[],Current
txn_009990,cust_002024,704.34,card,343,15,12,0.8,3,False,authentication_failed,0.5,0,payment_link,payment_link,True,[],[],Current
txn_009966,cust_002409,632.71,upi,1263,20,16,0.8,4,False,expired_card,0.5700000000000001,0,payment_link,payment_link,True,[],[],Current
txn_007324,cust_002368,1680.72,wallet,850,4,3,0.75,3,False,bank_decline,0.33999999999999997,0,retry,reminder,True,[],"[{'action': 'retry', 'reasons': ['maximum_retry_attempts_exceeded']}]",Current
txn_001384,cust_001775,1218.41,card,1082,21,15,0.7143,4,False,network_error,0.25286000000000003,1,retry,payment_link,True,[],"[{'action': 'retry', 'reasons': ['maximum_retry_attempts_exceeded']}]",Current
txn_003102,cust_002285,313.23,wallet,874,10,8,0.8,2,False,insufficient_balance,0.56,0,reminder,reminder,True,[],[],Current
txn_003922,cust_001393,372.74,wallet,1488,15,11,0.7333,1,False,authentication_failed,0.59666,1,reminder,reminder,True,[],[],Current
txn_006686,cust_002607,500.38,upi,708,20,17,0.85,2,False,network_error,0.74,1,retry,retry,True,[],[],Current
txn_003195,cust_003263,715.65,card,712,17,11,0.6471,3,False,bank_decline,0.34941999999999995,1,retry,payment_link,True,[],"[{'action': 'retry', 'reasons': ['maximum_retry_attempts_exceeded']}]",Current
txn_001942,cust_001568,1207.57,wallet,134,9,9,1.0,2,False,network_error,0.77,0,retry,retry,True,[],[],Current
txn_007714,cust_000875,232.41,card,1232,0,0,0.0,2,True,gateway_error,0.19,0,reminder,reminder,True,[],[],Current
txn_004897,cust_003244,1320.57,wallet,652,20,14,0.7,4,False,bank_decline,0.2799999999999999,1,retry,payment_link,True,[],"[{'action': 'retry', 'reasons': ['maximum_retry_attempts_exceeded']}]",Current
txn_004783,cust_002756,592.01,upi,1065,18,12,0.6667,4,False,expired_card,0.5433399999999999,1,payment_link,payment_link,True,[],[],Current
txn_001497,cust_001452,784.26,netbanking,1184,12,8,0.6667,3,False,insufficient_balance,0.45333999999999997,1,reminder,reminder,True,[],[],Current
txn_001958,cust_001918,799.8,upi,1119,19,15,0.7895,4,False,gateway_error,0.2379,1,retry,reminder,True,[],"[{'action': 'retry', 'reasons': ['maximum_retry_attempts_exceeded']}]",Current
txn_009172,cust_001737,927.6,netbanking,1399,3,2,0.6667,1,False,insufficient_balance,0.61334,0,reminder,reminder,True,[],[],Current
txn_009746,cust_002772,1011.78,card,71,14,13,0.9286,3,False,gateway_error,0.3457199999999999,0,retry,reminder,True,[],"[{'action': 'retry', 'reasons': ['maximum_retry_attempts_exceeded']}]",Current
txn_007333,cust_002440,225.25,netbanking,677,29,25,0.8621,2,False,network_error,0.74242,0,retry,retry,True,[],[],Current
txn_007950,cust_002845,1288.59,upi,1148,14,11,0.7857,4,False,authentication_failed,0.36714,1,reminder,reminder,True,[],[],Current
txn_003018,cust_003286,1396.79,wallet,31,28,18,0.6429,4,False,expired_card,0.53858,0,payment_link,payment_link,True,[],[],Current
txn_006747,cust_000163,224.91,netbanking,486,4,4,1.0,2,False,bank_decline,0.6,1,retry,retry,True,[],[],Current
txn_000514,cust_002944,4086.49,card,281,10,8,0.8,3,False,insufficient_balance,0.48,0,reminder,reminder,True,[],[],Current
txn_003935,cust_000017,489.49,netbanking,1199,20,13,0.65,4,False,insufficient_balance,0.37,0,reminder,reminder,True,[],[],Current
txn_003026,cust_002740,2473.5,card,1416,19,13,0.6842,3,False,bank_decline,0.32684,0,retry,reminder,True,[],"[{'action': 'retry', 'reasons': ['maximum_retry_attempts_exceeded']}]",Current
txn_001200,cust_002311,387.27,netbanking,384,11,6,0.5455,2,False,gateway_error,0.6291000000000001,0,retry,retry,True,[],[],Current
txn_005029,cust_001598,1347.48,card,324,19,14,0.7368,4,False,bank_decline,0.28735999999999995,0,retry,payment_link,True,[],"[{'action': 'retry', 'reasons': ['maximum_retry_attempts_exceeded']}]",Current
txn_009785,cust_001786,287.48,netbanking,1467,5,5,1.0,4,False,insufficient_balance,0.43999999999999995,1,reminder,reminder,True,[],[],Current
txn_000922,cust_002758,876.84,card,1359,15,11,0.7333,2,False,insufficient_balance,0.54666,0,reminder,reminder,True,[],[],Current
txn_004650,cust_002015,2535.86,wallet,176,26,18,0.6923,3,False,network_error,0.32846,0,retry,payment_link,True,[],"[{'action': 'retry', 'reasons': ['maximum_retry_attempts_exceeded']}]",Current
txn_005333,cust_002327,2008.57,wallet,389,19,14,0.7368,1,False,insufficient_balance,0.6273599999999999,1,payment_link,reminder,True,[],"[{'action': 'payment_link', 'reasons': ['payment_link_not_preferred_for_insufficient_balance']}]",Current
txn_001077,cust_002544,464.17,wallet,82,2,2,1.0,1,False,bank_decline,0.6799999999999999,1,retry,retry,True,[],[],Current
txn_006769,cust_001734,1156.94,card,818,23,17,0.7391,3,False,insufficient_balance,0.46782,0,reminder,reminder,True,[],[],Current
txn_009411,cust_000590,1170.01,card,547,15,9,0.6,2,False,gateway_error,0.64,0,retry,retry,True,[],[],Current
txn_001672,cust_002416,3143.46,card,161,21,18,0.8571,4,False,expired_card,0.58142,0,payment_link,payment_link,True,[],[],Current
txn_000475,cust_003100,1981.69,card,171,7,4,0.5714,3,False,expired_card,0.6042799999999999,1,payment_link,payment_link,True,[],[],Current
txn_009187,cust_002335,2209.89,card,1068,19,15,0.7895,1,False,expired_card,0.8079,1,payment_link,payment_link,True,[],[],Current
txn_008840,cust_000161,1404.28,card,1265,10,7,0.7,4,False,bank_decline,0.24999999999999994,0,retry,reminder,True,[],"[{'action': 'retry', 'reasons': ['maximum_retry_attempts_exceeded']}]",Current
txn_005759,cust_000734,2725.99,card,175,0,0,0.0,2,True,bank_decline,0.21999999999999997,0,reminder,reminder,True,[],[],Current
txn_006298,cust_001136,539.35,wallet,404,7,5,0.7143,2,False,bank_decline,0.54286,1,retry,retry,True,[],[],Current
txn_002479,cust_000231,495.27,card,112,24,21,0.875,2,False,bank_decline,0.5750000000000001,0,retry,retry,True,[],[],Current
txn_005494,cust_002967,1159.17,card,723,10,6,0.6,1,False,bank_decline,0.6,1,retry,retry,True,[],[],Current
txn_003915,cust_000418,3404.3,wallet,1186,28,24,0.8571,1,False,bank_decline,0.65142,1,retry,retry,True,[],[],Current
txn_002139,cust_002016,8965.26,card,679,5,4,0.8,4,False,network_error,0.27,0,retry,payment_link,True,[],"[{'action': 'retry', 'reasons': ['maximum_retry_attempts_exceeded']}]",Current
txn_005455,cust_001536,217.67,netbanking,291,20,15,0.75,3,False,insufficient_balance,0.47,0,reminder,reminder,True,[],[],Current
txn_005380,cust_001499,1456.58,netbanking,1090,16,13,0.8125,3,False,authentication_failed,0.4525,0,reminder,reminder,True,[],[],Current
txn_008986,cust_002627,2034.15,card,259,8,6,0.75,3,False,gateway_error,0.33999999999999997,0,retry,payment_link,True,[],"[{'action': 'retry', 'reasons': ['maximum_retry_attempts_exceeded']}]",Current
txn_004024,cust_001411,578.2,wallet,959,8,7,0.875,3,False,bank_decline,0.3949999999999999,0,retry,payment_link,True,[],"[{'action': 'retry', 'reasons': ['maximum_retry_attempts_exceeded']}]",Current
txn_003486,cust_000638,878.15,card,421,19,15,0.7895,3,False,bank_decline,0.3778999999999999,1,retry,payment_link,True,[],"[{'action': 'retry', 'reasons': ['maximum_retry_attempts_exceeded']}]",Current
txn_002456,cust_000555,2176.03,wallet,1409,20,16,0.8,2,False,authentication_failed,0.5800000000000001,1,payment_link,payment_link,True,[],[],Current
txn_002465,cust_003164,988.38,wallet,231,27,20,0.7407,3,False,bank_decline,0.33814,0,retry,reminder,True,[],"[{'action': 'retry', 'reasons': ['maximum_retry_attempts_exceeded']}]",Current
txn_008697,cust_002600,317.93,wallet,118,18,18,1.0,1,False,network_error,0.85,1,retry,retry,True,[],[],Current
txn_001370,cust_000121,844.55,card,399,17,11,0.6471,3,False,expired_card,0.61942,1,payment_link,payment_link,True,[],[],Current
txn_006689,cust_000941,1664.02,card,805,12,9,0.75,1,False,bank_decline,0.63,0,retry,retry,True,[],[],Current
txn_007457,cust_000766,1183.73,netbanking,27,7,7,1.0,3,False,bank_decline,0.41999999999999993,0,retry,payment_link,True,[],"[{'action': 'retry', 'reasons': ['maximum_retry_attempts_exceeded']}]",Current
txn_009975,cust_002857,114.8,card,516,6,4,0.6667,2,False,expired_card,0.70334,1,payment_link,payment_link,True,[],[],Current
txn_001902,cust_000746,698.68,upi,282,17,15,0.8824,3,False,network_error,0.36648000000000003,1,retry,payment_link,True,[],"[{'action': 'retry', 'reasons': ['maximum_retry_attempts_exceeded']}, {'action': 'reminder', 'reasons': ['temporary_network_error_should_be_retried_first']}]",Current
txn_004872,cust_003199,597.92,wallet,908,0,0,0.0,4,True,bank_decline,0.09000000000000001,0,payment_link,payment_link,True,[],[],Current
txn_004711,cust_003257,2592.46,wallet,758,16,11,0.6875,4,False,network_error,0.2475,1,retry,payment_link,True,[],"[{'action': 'retry', 'reasons': ['maximum_retry_attempts_exceeded']}]",Current
txn_007887,cust_001987,175.68,netbanking,1165,27,19,0.7037,1,False,authentication_failed,0.6407400000000001,0,payment_link,payment_link,True,[],[],Current
txn_001794,cust_003262,1932.41,netbanking,290,9,8,0.8889,4,False,insufficient_balance,0.41778000000000004,0,reminder,reminder,True,[],[],Current
txn_002875,cust_000033,134.64,upi,588,5,3,0.6,2,False,bank_decline,0.52,1,retry,retry,True,[],[],Current
txn_006218,cust_002971,3306.95,upi,277,23,16,0.6957,2,False,authentication_failed,0.5591400000000001,0,payment_link,payment_link,True,[],[],Current
txn_005214,cust_002927,601.6,netbanking,59,29,26,0.8966,2,False,network_error,0.74932,1,retry,retry,True,[],[],Current
txn_002246,cust_001009,1446.82,netbanking,643,25,21,0.84,3,False,network_error,0.358,1,retry,payment_link,True,[],"[{'action': 'retry', 'reasons': ['maximum_retry_attempts_exceeded']}, {'action': 'reminder', 'reasons': ['temporary_network_error_should_be_retried_first']}]",Current
txn_001742,cust_001205,714.45,wallet,195,6,3,0.5,2,False,bank_decline,0.5000000000000001,1,retry,retry,True,[],[],Current
txn_001021,cust_001254,644.54,netbanking,19,6,4,0.6667,4,False,authentication_failed,0.39334,1,payment_link,payment_link,True,[],[],Current
txn_000706,cust_000252,601.74,card,1375,2,2,1.0,3,False,authentication_failed,0.49,0,reminder,reminder,True,[],[],Current
txn_004295,cust_000014,480.91,wallet,661,13,7,0.5385,1,False,authentication_failed,0.5577,0,reminder,reminder,True,[],[],Current
txn_005577,cust_002362,911.83,card,1262,13,11,0.8462,3,False,network_error,0.35924,1,retry,payment_link,True,[],"[{'action': 'retry', 'reasons': ['maximum_retry_attempts_exceeded']}]",Current
txn_007167,cust_002465,1933.69,wallet,983,26,17,0.6538,2,False,authentication_failed,0.55076,1,payment_link,payment_link,True,[],[],Current
txn_008178,cust_001075,1143.39,netbanking,1444,8,6,0.75,4,False,network_error,0.26,0,retry,payment_link,True,[],"[{'action': 'retry', 'reasons': ['maximum_retry_attempts_exceeded']}]",Current
txn_000909,cust_000687,943.32,netbanking,1165,8,5,0.625,1,False,network_error,0.7749999999999999,0,retry,retry,True,[],[],Current
txn_005194,cust_002227,949.61,netbanking,239,20,14,0.7,1,False,authentication_failed,0.59,0,reminder,reminder,True,[],[],Current
txn_003078,cust_002893,551.18,wallet,553,6,6,1.0,3,False,authentication_failed,0.49,1,reminder,reminder,True,[],[],Current
txn_009367,cust_002408,1310.12,wallet,554,27,17,0.6296,1,False,gateway_error,0.7259199999999999,1,retry,retry,True,[],[],Current
txn_000595,cust_000027,1998.87,upi,123,0,0,0.0,2,True,bank_decline,0.21999999999999997,0,reminder,reminder,True,[],[],Current
txn_005305,cust_001776,712.31,wallet,1344,10,9,0.9,1,False,authentication_failed,0.6799999999999999,0,payment_link,payment_link,True,[],[],Current
txn_000441,cust_002783,693.48,wallet,622,20,16,0.8,3,False,bank_decline,0.38,0,retry,payment_link,True,[],"[{'action': 'retry', 'reasons': ['maximum_retry_attempts_exceeded']}]",Current
txn_007607,cust_001346,1834.04,card,675,1,1,1.0,4,False,insufficient_balance,0.43999999999999995,0,reminder,reminder,True,[],[],Current
txn_004093,cust_000414,1536.31,wallet,1184,25,20,0.8,1,False,bank_decline,0.64,1,retry,retry,True,[],[],Current
txn_006135,cust_003214,1050.71,card,1421,22,16,0.7273,1,False,expired_card,0.79546,1,payment_link,payment_link,True,[],[],Current
txn_000011,cust_000922,1752.81,card,839,23,21,0.913,2,False,network_error,0.7526,0,retry,retry,True,[],[],Current
txn_003777,cust_001611,497.65,wallet,1117,22,18,0.8182,4,False,gateway_error,0.27364,0,retry,payment_link,True,[],"[{'action': 'retry', 'reasons': ['maximum_retry_attempts_exceeded']}]",Current
txn_009000,cust_000834,2399.46,card,877,6,4,0.6667,2,False,network_error,0.70334,1,retry,retry,True,[],[],Current
txn_003709,cust_001142,1641.72,card,1214,2,2,1.0,4,False,insufficient_balance,0.43999999999999995,0,reminder,reminder,True,[],[],Current
txn_003781,cust_000635,411.6,card,1471,14,8,0.5714,2,False,expired_card,0.68428,0,payment_link,payment_link,True,[],[],Current
txn_000094,cust_001844,1942.08,wallet,761,21,16,0.7619,3,False,authentication_failed,0.44238,1,reminder,reminder,True,[],[],Current
txn_009240,cust_000510,653.62,card,1035,7,6,0.8571,3,False,insufficient_balance,0.49141999999999997,0,reminder,reminder,True,[],[],Current
txn_003950,cust_002803,1789.64,card,839,26,18,0.6923,4,False,gateway_error,0.24845999999999996,0,retry,payment_link,True,[],"[{'action': 'retry', 'reasons': ['maximum_retry_attempts_exceeded']}]",Current
txn_005786,cust_000704,335.05,upi,1055,13,8,0.6154,3,False,gateway_error,0.28308,0,retry,reminder,True,[],"[{'action': 'retry', 'reasons': ['maximum_retry_attempts_exceeded']}]",Current
txn_004871,cust_001001,656.34,upi,819,5,4,0.8,1,False,network_error,0.81,1,retry,retry,True,[],[],Current
txn_004803,cust_002965,1532.9,wallet,1207,14,11,0.7857,3,False,bank_decline,0.34714,1,retry,reminder,True,[],"[{'action': 'retry', 'reasons': ['maximum_retry_attempts_exceeded']}]",Current
txn_004868,cust_003038,1985.38,upi,737,4,2,0.5,1,False,network_error,0.75,0,retry,retry,True,[],[],Current
txn_000293,cust_000075,863.1,netbanking,98,0,0,0.0,1,True,authentication_failed,0.45,0,payment_link,payment_link,True,[],[],Current
txn_007889,cust_003225,1225.33,wallet,1422,27,18,0.6667,4,False,gateway_error,0.24333999999999995,0,retry,payment_link,True,[],"[{'action': 'retry', 'reasons': ['maximum_retry_attempts_exceeded']}]",Current
txn_007406,cust_001858,635.88,netbanking,1227,17,14,0.8235,4,False,bank_decline,0.27470000000000006,0,retry,reminder,True,[],"[{'action': 'retry', 'reasons': ['maximum_retry_attempts_exceeded']}]",Current
txn_005596,cust_001027,441.08,card,635,27,20,0.7407,2,False,expired_card,0.71814,0,payment_link,payment_link,True,[],[],Current
txn_002887,cust_001481,1709.43,wallet,1260,8,5,0.625,1,False,authentication_failed,0.575,0,reminder,reminder,True,[],[],Current
txn_006455,cust_001001,6130.98,wallet,981,28,21,0.75,4,False,expired_card,0.56,0,payment_link,payment_link,True,[],[],Current
txn_002543,cust_000681,214.87,wallet,69,15,11,0.7333,3,False,bank_decline,0.33665999999999996,0,retry,reminder,True,[],"[{'action': 'retry', 'reasons': ['maximum_retry_attempts_exceeded']}]",Current
txn_001766,cust_002628,1427.94,card,741,0,0,0.0,2,True,insufficient_balance,0.35,0,reminder,reminder,True,[],[],Current
txn_006801,cust_001366,468.72,card,431,19,15,0.7895,1,False,authentication_failed,0.6578999999999999,1,payment_link,payment_link,True,[],[],Current
txn_001878,cust_002807,1314.08,wallet,493,18,14,0.7778,4,False,insufficient_balance,0.39556,0,reminder,reminder,True,[],[],Current
txn_001982,cust_001425,446.18,wallet,765,5,4,0.8,3,False,expired_card,0.65,1,payment_link,payment_link,True,[],[],Current
txn_009730,cust_001019,1261.42,upi,85,21,17,0.8095,1,False,gateway_error,0.7619,1,retry,retry,True,[],[],Current
txn_009609,cust_002017,1840.74,upi,822,14,9,0.6429,2,False,bank_decline,0.5285799999999999,0,retry,retry,True,[],[],Current
txn_002686,cust_001875,900.28,card,620,1,1,1.0,1,False,authentication_failed,0.65,1,reminder,reminder,True,[],[],Current
txn_008931,cust_002358,1826.89,netbanking,267,25,18,0.72,1,False,bank_decline,0.6239999999999999,1,retry,retry,True,[],[],Current
txn_003459,cust_000186,1393.04,upi,60,1,1,1.0,1,False,insufficient_balance,0.6799999999999999,0,reminder,reminder,True,[],[],Current
txn_004542,cust_000543,872.79,upi,211,8,6,0.75,3,False,bank_decline,0.33999999999999997,0,retry,reminder,True,[],"[{'action': 'retry', 'reasons': ['maximum_retry_attempts_exceeded']}]",Current
txn_002179,cust_000141,858.66,upi,600,10,7,0.7,3,False,gateway_error,0.32999999999999996,1,retry,payment_link,True,[],"[{'action': 'retry', 'reasons': ['maximum_retry_attempts_exceeded']}]",Current
txn_004451,cust_001121,451.25,netbanking,38,23,22,0.9565,4,False,gateway_error,0.3013,1,retry,payment_link,True,[],"[{'action': 'retry', 'reasons': ['maximum_retry_attempts_exceeded']}]",Current
txn_003860,cust_000690,1092.38,card,454,21,18,0.8571,3,False,expired_card,0.66142,1,payment_link,payment_link,True,[],[],Current
txn_007624,cust_001128,2169.43,upi,523,29,24,0.8276,2,False,gateway_error,0.68552,0,retry,retry,True,[],[],Current
txn_007655,cust_002610,229.82,wallet,406,25,21,0.84,3,False,authentication_failed,0.45799999999999996,0,reminder,reminder,True,[],[],Current
txn_004520,cust_000074,689.7,wallet,532,0,0,0.0,2,True,authentication_failed,0.31999999999999995,1,reminder,reminder,True,[],[],Current
txn_002518,cust_002024,953.18,netbanking,152,2,2,1.0,4,False,gateway_error,0.31000000000000005,0,retry,payment_link,True,[],"[{'action': 'retry', 'reasons': ['maximum_retry_attempts_exceeded']}]",Current
txn_004837,cust_001481,1620.93,card,896,2,1,0.5,2,False,gateway_error,0.62,1,retry,retry,True,[],[],Current
txn_002886,cust_000533,1118.35,wallet,797,4,4,1.0,2,False,gateway_error,0.7200000000000001,1,retry,retry,True,[],[],Current
txn_007282,cust_000812,752.21,upi,1486,28,22,0.7857,1,False,bank_decline,0.63714,0,retry,retry,True,[],[],Current
txn_006256,cust_001178,5089.9,wallet,169,22,16,0.7273,2,False,bank_decline,0.54546,1,retry,retry,True,[],[],Current
txn_004540,cust_000577,1076.64,netbanking,1358,28,22,0.7857,3,False,network_error,0.34714,1,retry,payment_link,True,[],"[{'action': 'retry', 'reasons': ['maximum_retry_attempts_exceeded']}, {'action': 'reminder', 'reasons': ['temporary_network_error_should_be_retried_first']}]",Current
txn_005640,cust_000024,286.43,upi,23,19,16,0.8421,2,False,network_error,0.73842,1,retry,retry,True,[],[],Current
txn_009460,cust_000181,346.16,netbanking,695,18,14,0.7778,1,False,gateway_error,0.75556,1,retry,retry,True,[],[],Current
txn_003482,cust_003188,739.5,netbanking,339,12,10,0.8333,4,False,insufficient_balance,0.40666,0,reminder,reminder,True,[],[],Current
txn_001278,cust_002294,1890.05,netbanking,164,13,13,1.0,2,False,insufficient_balance,0.6,0,reminder,reminder,True,[],[],Current
txn_003147,cust_003154,238.48,netbanking,451,0,0,0.0,4,True,authentication_failed,0.21000000000000002,1,payment_link,payment_link,True,[],[],Current
txn_008263,cust_000892,1155.86,upi,827,20,16,0.8,4,False,expired_card,0.5700000000000001,1,payment_link,payment_link,True,[],[],Current
txn_003206,cust_001700,360.64,netbanking,1002,14,10,0.7143,1,False,insufficient_balance,0.62286,0,reminder,reminder,True,[],[],Current
txn_009893,cust_002525,2103.31,upi,606,2,2,1.0,4,False,bank_decline,0.33999999999999997,1,retry,payment_link,True,[],"[{'action': 'retry', 'reasons': ['maximum_retry_attempts_exceeded']}]",Current
txn_002743,cust_002151,2991.76,wallet,1310,12,10,0.8333,1,False,bank_decline,0.64666,0,retry,retry,True,[],[],Current
txn_006077,cust_000459,524.36,netbanking,679,24,19,0.7917,3,False,bank_decline,0.34834,0,retry,reminder,True,[],"[{'action': 'retry', 'reasons': ['maximum_retry_attempts_exceeded']}]",Current
txn_004048,cust_001363,813.54,card,438,29,23,0.7931,3,False,bank_decline,0.37861999999999996,1,retry,payment_link,True,[],"[{'action': 'retry', 'reasons': ['maximum_retry_attempts_exceeded']}]",Current
txn_005732,cust_000505,1688.63,netbanking,1163,27,21,0.7778,1,False,authentication_failed,0.65556,0,payment_link,payment_link,True,[],[],Current
txn_002946,cust_000216,523.17,card,747,18,13,0.7222,3,False,bank_decline,0.3644399999999999,1,retry,payment_link,True,[],"[{'action': 'retry', 'reasons': ['maximum_retry_attempts_exceeded']}]",Current
txn_005791,cust_000295,969.37,netbanking,1351,28,19,0.6786,1,False,network_error,0.78572,1,retry,retry,True,[],[],Current
txn_006795,cust_000380,4179.48,netbanking,691,21,17,0.8095,1,False,gateway_error,0.7619,1,retry,retry,True,[],[],Current
txn_006544,cust_002451,1139.85,netbanking,1152,12,11,0.9167,1,False,insufficient_balance,0.66334,1,reminder,reminder,True,[],[],Current
txn_000701,cust_000731,507.77,netbanking,413,21,17,0.8095,4,False,expired_card,0.5719,0,payment_link,payment_link,True,[],[],Current
txn_003575,cust_001254,1288.73,netbanking,766,0,0,0.0,3,True,gateway_error,0.13999999999999996,0,retry,payment_link,True,[],"[{'action': 'retry', 'reasons': ['maximum_retry_attempts_exceeded']}]",Current
txn_007700,cust_002917,646.93,netbanking,631,9,4,0.4444,1,False,bank_decline,0.56888,0,retry,retry,True,[],[],Current
txn_002516,cust_001378,151.26,card,982,21,15,0.7143,1,False,insufficient_balance,0.62286,0,reminder,reminder,True,[],[],Current
txn_003001,cust_000931,927.07,wallet,1062,2,2,1.0,2,False,expired_card,0.77,1,payment_link,payment_link,True,[],[],Current
txn_005821,cust_000048,946.99,wallet,1255,21,14,0.6667,4,False,expired_card,0.5433399999999999,1,payment_link,payment_link,True,[],[],Current
txn_008582,cust_001174,4953.91,card,309,14,9,0.6429,2,False,gateway_error,0.64858,0,retry,retry,True,[],[],Current
txn_003685,cust_000175,1413.7,upi,175,9,7,0.7778,1,False,expired_card,0.80556,0,payment_link,payment_link,True,[],[],Current
txn_002996,cust_003252,1785.88,card,1123,19,15,0.7895,3,False,insufficient_balance,0.4778999999999999,1,reminder,reminder,True,[],[],Current
txn_004253,cust_001570,2076.38,netbanking,919,1,1,1.0,3,False,authentication_failed,0.49,1,reminder,reminder,True,[],[],Current
txn_003412,cust_001923,1709.5,upi,1321,24,18,0.75,1,False,gateway_error,0.75,1,retry,retry,True,[],[],Current
txn_007963,cust_000332,4645.8,netbanking,61,0,0,0.0,3,True,expired_card,0.4399999999999999,1,payment_link,payment_link,True,[],[],Current
txn_006310,cust_000382,438.35,upi,63,24,20,0.8333,1,False,gateway_error,0.76666,1,retry,retry,True,[],[],Current
txn_008612,cust_003294,2648.37,wallet,298,11,8,0.7273,4,False,bank_decline,0.28545999999999994,0,retry,payment_link,True,[],"[{'action': 'retry', 'reasons': ['maximum_retry_attempts_exceeded']}]",Current
txn_005013,cust_000031,1233.3,upi,697,3,2,0.6667,3,False,bank_decline,0.32333999999999996,0,retry,reminder,True,[],"[{'action': 'retry', 'reasons': ['maximum_retry_attempts_exceeded']}]",Current
txn_007751,cust_000164,1011.48,upi,1168,22,13,0.5909,2,False,gateway_error,0.6381800000000001,0,retry,retry,True,[],[],Current
txn_005980,cust_003327,829.26,wallet,523,14,12,0.8571,1,False,bank_decline,0.65142,0,retry,retry,True,[],[],Current
txn_004049,cust_000783,689.8,upi,887,13,7,0.5385,2,False,authentication_failed,0.5277000000000001,1,payment_link,payment_link,True,[],[],Current
txn_004900,cust_002951,2039.53,wallet,402,12,8,0.6667,1,False,authentication_failed,0.58334,1,reminder,reminder,True,[],[],Current
txn_001319,cust_001455,839.63,upi,1016,26,21,0.8077,3,False,gateway_error,0.32154000000000005,0,retry,reminder,True,[],"[{'action': 'retry', 'reasons': ['maximum_retry_attempts_exceeded']}]",Current
txn_009773,cust_001388,2466.84,upi,673,15,11,0.7333,1,False,network_error,0.7966599999999999,0,retry,retry,True,[],[],Current
txn_009138,cust_000835,657.45,netbanking,265,6,4,0.6667,3,False,authentication_failed,0.47334,0,payment_link,payment_link,True,[],[],Current
txn_007143,cust_000122,504.65,wallet,1340,10,7,0.7,3,False,expired_card,0.6299999999999999,0,payment_link,payment_link,True,[],[],Current
txn_001898,cust_001515,441.67,card,675,4,4,1.0,3,False,gateway_error,0.36,1,retry,reminder,True,[],"[{'action': 'retry', 'reasons': ['maximum_retry_attempts_exceeded']}]",Current
txn_007466,cust_002186,2106.05,upi,1469,16,8,0.5,2,False,network_error,0.67,0,retry,retry,True,[],[],Current
txn_000604,cust_002202,842.82,upi,606,15,11,0.7333,2,False,network_error,0.71666,1,retry,retry,True,[],[],Current
txn_002847,cust_002497,1506.41,card,727,25,22,0.88,2,False,gateway_error,0.6960000000000001,1,retry,retry,True,[],[],Current
txn_008208,cust_003153,1448.81,card,404,13,10,0.7692,3,False,expired_card,0.64384,1,payment_link,payment_link,True,[],[],Current
txn_000394,cust_000875,2938.05,upi,1488,0,0,0.0,1,True,network_error,0.5999999999999999,1,retry,retry,True,[],[],Current
txn_004437,cust_001649,419.97,upi,902,3,2,0.6667,3,False,expired_card,0.6233399999999999,1,payment_link,payment_link,True,[],[],Current
txn_009448,cust_001966,1859.72,upi,281,19,15,0.7895,3,False,gateway_error,0.31789999999999996,1,retry,reminder,True,[],"[{'action': 'retry', 'reasons': ['maximum_retry_attempts_exceeded']}]",Current
txn_007235,cust_001700,1434.02,upi,1273,24,19,0.7917,2,False,gateway_error,0.67834,1,retry,retry,True,[],[],Current
txn_005399,cust_001481,4088.52,wallet,687,27,22,0.8148,2,False,bank_decline,0.56296,0,retry,retry,True,[],[],Current
txn_000096,cust_001550,781.42,card,1444,14,7,0.5,4,False,gateway_error,0.21000000000000002,1,retry,payment_link,True,[],"[{'action': 'retry', 'reasons': ['maximum_retry_attempts_exceeded']}]",Current
txn_001663,cust_003103,2688.42,card,727,25,18,0.72,2,False,insufficient_balance,0.5439999999999999,0,payment_link,reminder,True,[],"[{'action': 'payment_link', 'reasons': ['payment_link_not_preferred_for_insufficient_balance']}]",Current
txn_008971,cust_002890,2802.84,wallet,886,2,2,1.0,4,False,bank_decline,0.33999999999999997,0,retry,payment_link,True,[],"[{'action': 'retry', 'reasons': ['maximum_retry_attempts_exceeded']}]",Current
txn_005131,cust_000119,1964.02,upi,492,27,18,0.6667,2,False,expired_card,0.70334,1,payment_link,payment_link,True,[],[],Current
txn_001489,cust_002120,426.54,upi,1229,2,2,1.0,2,False,gateway_error,0.7200000000000001,1,retry,retry,True,[],[],Current
txn_008317,cust_001726,1627.04,card,436,15,13,0.8667,4,False,bank_decline,0.28334000000000004,0,retry,reminder,True,[],"[{'action': 'retry', 'reasons': ['maximum_retry_attempts_exceeded']}]",Current
txn_002708,cust_002044,738.51,card,138,26,19,0.7308,1,False,insufficient_balance,0.62616,0,reminder,reminder,True,[],[],Current
txn_001596,cust_001882,1248.05,wallet,1455,25,19,0.76,1,False,insufficient_balance,0.632,1,payment_link,reminder,True,[],"[{'action': 'payment_link', 'reasons': ['payment_link_not_preferred_for_insufficient_balance']}]",Current
txn_009278,cust_001097,1089.54,wallet,1288,9,4,0.4444,2,False,bank_decline,0.48888000000000004,0,retry,retry,True,[],[],Current
txn_002378,cust_001810,1122.1,upi,1479,19,16,0.8421,3,False,bank_decline,0.38842,1,retry,payment_link,True,[],"[{'action': 'retry', 'reasons': ['maximum_retry_attempts_exceeded']}]",Current
txn_005141,cust_001576,184.12,upi,730,13,12,0.9231,2,False,insufficient_balance,0.58462,1,reminder,reminder,True,[],[],Current
txn_006148,cust_001925,192.9,upi,490,11,10,0.9091,2,False,bank_decline,0.5818200000000001,0,retry,retry,True,[],[],Current
txn_008242,cust_002054,308.07,upi,506,3,2,0.6667,2,False,authentication_failed,0.50334,1,reminder,reminder,True,[],[],Current
txn_003949,cust_002961,832.74,upi,1283,11,9,0.8182,3,False,network_error,0.35363999999999995,0,retry,payment_link,True,[],"[{'action': 'retry', 'reasons': ['maximum_retry_attempts_exceeded']}]",Current
txn_003934,cust_000128,947.4,wallet,352,0,0,0.0,4,True,bank_decline,0.09000000000000001,0,retry,payment_link,True,[],"[{'action': 'retry', 'reasons': ['maximum_retry_attempts_exceeded']}]",Current
txn_004798,cust_000608,191.4,netbanking,1168,8,7,0.875,1,False,gateway_error,0.7749999999999999,1,retry,retry,True,[],[],Current
txn_004373,cust_000746,1087.81,card,677,0,0,0.0,3,True,bank_decline,0.13999999999999996,0,reminder,reminder,True,[],[],Current
txn_009863,cust_001756,1132.93,card,301,10,8,0.8,2,False,gateway_error,0.68,1,retry,retry,True,[],[],Current
txn_008243,cust_000916,205.17,card,261,11,9,0.8182,4,False,insufficient_balance,0.40364,1,reminder,reminder,True,[],[],Current
txn_003449,cust_002108,1251.13,netbanking,1308,23,16,0.6957,2,False,insufficient_balance,0.5391400000000001,1,reminder,reminder,True,[],[],Current
txn_002944,cust_001828,1710.18,netbanking,1294,13,8,0.6154,3,False,bank_decline,0.34307999999999994,0,retry,payment_link,True,[],"[{'action': 'retry', 'reasons': ['maximum_retry_attempts_exceeded']}]",Current
txn_002466,cust_001606,629.2,card,516,3,2,0.6667,3,False,network_error,0.32333999999999996,1,retry,payment_link,True,[],"[{'action': 'retry', 'reasons': ['maximum_retry_attempts_exceeded']}]",Current
txn_008583,cust_002513,2171.39,upi,541,1,1,1.0,1,False,network_error,0.85,1,retry,retry,True,[],[],Current
txn_005507,cust_001851,578.12,wallet,115,17,11,0.6471,2,False,network_error,0.69942,1,retry,retry,True,[],[],Current
txn_002699,cust_000013,584.54,card,165,27,21,0.7778,3,False,authentication_failed,0.49556,1,payment_link,payment_link,True,[],[],Current
txn_002448,cust_003304,714.82,netbanking,1119,19,12,0.6316,4,False,authentication_failed,0.38632,0,payment_link,payment_link,True,[],[],Current
txn_000020,cust_000482,1307.66,upi,270,14,11,0.7857,3,False,bank_decline,0.34714,0,retry,reminder,True,[],"[{'action': 'retry', 'reasons': ['maximum_retry_attempts_exceeded']}]",Current
txn_002749,cust_000227,1091.28,card,601,18,15,0.8333,3,False,network_error,0.35666,0,retry,payment_link,True,[],"[{'action': 'retry', 'reasons': ['maximum_retry_attempts_exceeded']}]",Current
txn_005400,cust_003164,1283.36,upi,1327,12,7,0.5833,3,False,bank_decline,0.33666000000000007,1,retry,payment_link,True,[],"[{'action': 'retry', 'reasons': ['maximum_retry_attempts_exceeded']}]",Current
txn_008079,cust_001322,1123.63,wallet,613,21,13,0.619,2,False,expired_card,0.6938000000000001,1,payment_link,payment_link,True,[],[],Current
txn_006872,cust_002245,733.71,netbanking,1184,8,7,0.875,1,False,bank_decline,0.655,1,retry,retry,True,[],[],Current
txn_004709,cust_002401,1127.36,wallet,765,23,15,0.6522,3,False,gateway_error,0.32043999999999995,0,retry,payment_link,True,[],"[{'action': 'retry', 'reasons': ['maximum_retry_attempts_exceeded']}]",Current
txn_009477,cust_003164,1448.74,upi,438,0,0,0.0,3,True,insufficient_balance,0.26999999999999996,0,reminder,reminder,True,[],[],Current
txn_000810,cust_002506,1353.89,upi,584,7,4,0.5714,2,False,gateway_error,0.6342800000000001,0,retry,retry,True,[],[],Current
txn_007478,cust_002919,344.12,upi,1181,1,1,1.0,2,False,expired_card,0.77,0,payment_link,payment_link,True,[],[],Current
txn_002274,cust_001691,2745.93,netbanking,848,23,17,0.7391,1,False,expired_card,0.79782,1,payment_link,payment_link,True,[],[],Current
txn_001924,cust_002444,414.29,upi,416,7,6,0.8571,1,False,bank_decline,0.65142,1,retry,retry,True,[],[],Current
txn_001471,cust_000090,353.43,card,133,4,1,0.25,4,False,network_error,0.15999999999999998,0,retry,payment_link,True,[],"[{'action': 'retry', 'reasons': ['maximum_retry_attempts_exceeded']}]",Current
txn_007935,cust_001998,1175.76,wallet,1374,16,8,0.5,4,False,insufficient_balance,0.3400000000000001,1,payment_link,reminder,True,[],"[{'action': 'payment_link', 'reasons': ['payment_link_not_preferred_for_insufficient_balance']}]",Current
txn_007408,cust_000707,1545.75,upi,803,26,17,0.6538,3,False,insufficient_balance,0.45075999999999994,0,reminder,reminder,True,[],[],Current
txn_002407,cust_002326,1257.0,wallet,326,7,6,0.8571,3,False,insufficient_balance,0.49141999999999997,0,reminder,reminder,True,[],[],Current
txn_001143,cust_000698,637.65,netbanking,987,11,9,0.8182,4,False,gateway_error,0.27364,0,retry,payment_link,True,[],"[{'action': 'retry', 'reasons': ['maximum_retry_attempts_exceeded']}]",Current
txn_001748,cust_002026,725.12,netbanking,601,24,14,0.5833,4,False,gateway_error,0.22666000000000003,0,retry,payment_link,True,[],"[{'action': 'retry', 'reasons': ['maximum_retry_attempts_exceeded']}]",Current
txn_005710,cust_001145,886.72,wallet,1202,28,23,0.8214,2,False,bank_decline,0.56428,0,retry,retry,True,[],[],Current
txn_004976,cust_002039,334.44,netbanking,1463,6,5,0.8333,4,False,authentication_failed,0.42666000000000004,1,payment_link,payment_link,True,[],[],Current
txn_007301,cust_000104,293.24,wallet,206,6,5,0.8333,4,False,authentication_failed,0.37666,1,reminder,reminder,True,[],[],Current
txn_008149,cust_000325,1574.35,upi,291,20,14,0.7,3,False,network_error,0.32999999999999996,0,retry,payment_link,True,[],"[{'action': 'retry', 'reasons': ['maximum_retry_attempts_exceeded']}]",Current
txn_002834,cust_001041,1470.68,wallet,961,4,4,1.0,1,False,authentication_failed,0.65,1,reminder,reminder,True,[],[],Current
txn_003132,cust_000717,1543.69,netbanking,1485,7,4,0.5714,3,False,bank_decline,0.33428,1,retry,payment_link,True,[],"[{'action': 'retry', 'reasons': ['maximum_retry_attempts_exceeded']}]",Current
txn_001311,cust_001717,2669.41,upi,1021,10,7,0.7,2,False,bank_decline,0.5399999999999999,1,retry,retry,True,[],[],Current
txn_008651,cust_001930,380.22,upi,459,8,5,0.625,1,False,network_error,0.7749999999999999,1,retry,retry,True,[],[],Current
txn_006775,cust_003271,2712.3,wallet,704,7,7,1.0,2,False,gateway_error,0.7200000000000001,0,retry,retry,True,[],[],Current
txn_006757,cust_003202,3465.37,upi,1266,11,8,0.7273,1,False,bank_decline,0.6254599999999999,1,retry,retry,True,[],[],Current
txn_000621,cust_000601,2642.15,upi,978,20,15,0.75,3,False,gateway_error,0.31000000000000005,0,retry,reminder,True,[],"[{'action': 'retry', 'reasons': ['maximum_retry_attempts_exceeded']}]",Current
txn_002702,cust_001345,2699.9,upi,902,13,8,0.6154,3,False,gateway_error,0.31308,1,retry,payment_link,True,[],"[{'action': 'retry', 'reasons': ['maximum_retry_attempts_exceeded']}]",Current
txn_002200,cust_002038,516.82,upi,1081,25,19,0.76,2,False,bank_decline,0.452,0,payment_link,payment_link,True,[],[],Current
txn_006197,cust_001898,516.67,card,715,1,1,1.0,4,False,expired_card,0.61,1,payment_link,payment_link,True,[],[],Current
txn_008825,cust_000108,480.12,wallet,628,27,23,0.8519,3,False,bank_decline,0.36038000000000003,0,retry,reminder,True,[],"[{'action': 'retry', 'reasons': ['maximum_retry_attempts_exceeded']}]",Current
txn_001047,cust_000383,1501.17,netbanking,873,4,3,0.75,3,False,expired_card,0.64,0,payment_link,payment_link,True,[],[],Current
txn_005769,cust_002598,4169.61,wallet,147,20,14,0.7,1,False,insufficient_balance,0.6199999999999999,1,reminder,reminder,True,[],[],Current
txn_009948,cust_002190,2506.09,card,450,14,9,0.6429,3,False,bank_decline,0.3485799999999999,1,retry,payment_link,True,[],"[{'action': 'retry', 'reasons': ['maximum_retry_attempts_exceeded']}]",Current
txn_009020,cust_003271,2124.98,card,1472,16,12,0.75,1,False,expired_card,0.8,1,payment_link,payment_link,True,[],[],Current
txn_000744,cust_001341,1959.14,upi,563,21,16,0.7619,2,False,bank_decline,0.55238,0,retry,retry,True,[],[],Current
txn_000223,cust_002877,1911.68,upi,1368,7,5,0.7143,3,False,bank_decline,0.36285999999999996,0,retry,payment_link,True,[],"[{'action': 'retry', 'reasons': ['maximum_retry_attempts_exceeded']}]",Current
txn_003150,cust_002167,902.28,netbanking,795,7,4,0.5714,1,False,expired_card,0.76428,1,payment_link,payment_link,True,[],[],Current
txn_000626,cust_002346,905.44,wallet,637,24,14,0.5833,3,False,bank_decline,0.33666000000000007,0,retry,payment_link,True,[],"[{'action': 'retry', 'reasons': ['maximum_retry_attempts_exceeded']}]",Current
txn_009335,cust_001730,1862.93,upi,388,23,19,0.8261,4,False,gateway_error,0.24522,0,retry,reminder,True,[],"[{'action': 'retry', 'reasons': ['maximum_retry_attempts_exceeded']}]",Current
txn_007567,cust_000667,630.94,card,289,26,23,0.8846,2,False,insufficient_balance,0.57692,1,reminder,reminder,True,[],[],Current
txn_004583,cust_001788,520.49,wallet,1399,22,17,0.7727,2,False,gateway_error,0.67454,0,retry,retry,True,[],[],Current
txn_005712,cust_003293,3582.96,netbanking,1140,0,0,0.0,1,True,insufficient_balance,0.3,1,payment_link,retry,True,[],"[{'action': 'payment_link', 'reasons': ['payment_link_not_preferred_for_insufficient_balance']}]",Current
txn_003285,cust_000886,2348.01,upi,603,26,18,0.6923,1,False,insufficient_balance,0.61846,1,payment_link,reminder,True,[],"[{'action': 'payment_link', 'reasons': ['payment_link_not_preferred_for_insufficient_balance']}]",Current
txn_007586,cust_002625,313.07,upi,882,7,4,0.5714,3,False,insufficient_balance,0.4342799999999999,0,reminder,reminder,True,[],[],Current
txn_009647,cust_000535,2793.1,wallet,1144,11,10,0.9091,2,False,authentication_failed,0.6018200000000001,1,payment_link,payment_link,True,[],[],Current
txn_001531,cust_002501,7542.19,card,1457,21,19,0.9048,3,False,expired_card,0.6709599999999999,0,payment_link,payment_link,True,[],[],Current
txn_009686,cust_000938,1978.63,card,80,15,11,0.7333,1,False,gateway_error,0.7466599999999999,1,retry,retry,True,[],[],Current
txn_000354,cust_000017,667.53,upi,110,21,19,0.9048,4,False,expired_card,0.5909599999999999,1,payment_link,payment_link,True,[],[],Current
txn_002475,cust_003109,920.66,upi,1077,9,4,0.4444,2,False,authentication_failed,0.5088800000000001,1,payment_link,payment_link,True,[],[],Current
txn_008014,cust_002041,614.94,netbanking,1085,14,10,0.7143,1,False,authentication_failed,0.64286,1,payment_link,payment_link,True,[],[],Current
txn_006476,cust_001831,2869.2,upi,658,9,6,0.6667,2,False,authentication_failed,0.55334,1,payment_link,payment_link,True,[],[],Current
txn_006450,cust_001067,1041.47,upi,822,5,4,0.8,4,False,bank_decline,0.30000000000000004,1,retry,payment_link,True,[],"[{'action': 'retry', 'reasons': ['maximum_retry_attempts_exceeded']}]",Current
txn_000240,cust_002144,1297.55,card,89,27,20,0.7407,3,False,gateway_error,0.30813999999999997,0,retry,reminder,True,[],"[{'action': 'retry', 'reasons': ['maximum_retry_attempts_exceeded']}]",Current
txn_002626,cust_000156,3324.41,upi,783,25,17,0.68,2,False,network_error,0.7060000000000001,1,retry,retry,True,[],[],Current
txn_009787,cust_001927,2820.48,wallet,463,20,14,0.7,1,False,bank_decline,0.6199999999999999,1,retry,retry,True,[],[],Current
txn_007199,cust_003114,5105.26,wallet,615,14,12,0.8571,2,False,bank_decline,0.57142,1,retry,retry,True,[],[],Current
txn_007693,cust_001857,486.21,card,1042,27,22,0.8148,1,False,insufficient_balance,0.64296,1,payment_link,reminder,True,[],"[{'action': 'payment_link', 'reasons': ['payment_link_not_preferred_for_insufficient_balance']}]",Current
txn_002998,cust_000514,629.05,card,1363,0,0,0.0,4,True,insufficient_balance,0.19,0,payment_link,reminder,True,[],"[{'action': 'payment_link', 'reasons': ['payment_link_not_preferred_for_insufficient_balance']}]",Current
txn_006441,cust_001817,703.37,upi,1416,12,9,0.75,3,False,authentication_failed,0.49,0,payment_link,payment_link,True,[],[],Current
txn_004563,cust_001386,215.32,upi,1440,3,3,1.0,4,False,network_error,0.31000000000000005,1,retry,payment_link,True,[],"[{'action': 'retry', 'reasons': ['maximum_retry_attempts_exceeded']}, {'action': 'reminder', 'reasons': ['temporary_network_error_should_be_retried_first']}]",Current
txn_008615,cust_000216,425.29,wallet,1336,8,4,0.5,3,False,network_error,0.29000000000000004,0,retry,payment_link,True,[],"[{'action': 'retry', 'reasons': ['maximum_retry_attempts_exceeded']}]",Current
txn_001480,cust_001803,420.66,upi,1216,10,7,0.7,3,False,network_error,0.32999999999999996,0,retry,payment_link,True,[],"[{'action': 'retry', 'reasons': ['maximum_retry_attempts_exceeded']}]",Current
txn_001019,cust_001005,2955.25,upi,385,12,11,0.9167,3,False,gateway_error,0.34334,1,retry,reminder,True,[],"[{'action': 'retry', 'reasons': ['maximum_retry_attempts_exceeded']}]",Current
txn_003095,cust_002616,376.38,netbanking,1016,21,19,0.9048,2,False,bank_decline,0.58096,1,retry,retry,True,[],[],Current
txn_006183,cust_001001,843.15,netbanking,213,4,3,0.75,4,False,bank_decline,0.29000000000000004,1,retry,payment_link,True,[],"[{'action': 'retry', 'reasons': ['maximum_retry_attempts_exceeded']}]",Current
txn_004961,cust_001095,474.38,card,187,6,5,0.8333,4,False,gateway_error,0.27666,0,retry,payment_link,True,[],"[{'action': 'retry', 'reasons': ['maximum_retry_attempts_exceeded']}]",Current
txn_008493,cust_001231,2102.9,card,33,6,5,0.8333,4,False,authentication_failed,0.37666,1,reminder,reminder,True,[],[],Current
txn_001104,cust_001392,1514.47,upi,639,23,14,0.6087,1,False,authentication_failed,0.62174,0,payment_link,payment_link,True,[],[],Current
txn_006082,cust_001686,221.7,netbanking,1323,12,11,0.9167,4,False,insufficient_balance,0.42334000000000005,0,reminder,reminder,True,[],[],Current
txn_009526,cust_001519,2655.24,card,1390,18,12,0.6667,4,False,network_error,0.24333999999999995,0,retry,payment_link,True,[],"[{'action': 'retry', 'reasons': ['maximum_retry_attempts_exceeded']}]",Current
txn_005191,cust_000641,483.95,wallet,779,16,11,0.6875,4,False,network_error,0.2475,0,retry,payment_link,True,[],"[{'action': 'retry', 'reasons': ['maximum_retry_attempts_exceeded']}]",Current
txn_004182,cust_002740,270.63,wallet,1027,4,4,1.0,1,False,gateway_error,0.8,0,retry,retry,True,[],[],Current
txn_004468,cust_001425,1058.55,upi,1006,15,12,0.8,3,False,authentication_failed,0.5,1,payment_link,payment_link,True,[],[],Current
txn_001627,cust_001830,904.31,netbanking,365,24,18,0.75,4,False,insufficient_balance,0.39,0,reminder,reminder,True,[],[],Current
txn_006718,cust_002708,679.72,upi,1101,17,12,0.7059,4,False,insufficient_balance,0.3811800000000001,1,payment_link,reminder,True,[],"[{'action': 'payment_link', 'reasons': ['payment_link_not_preferred_for_insufficient_balance']}]",Current
txn_003799,cust_001876,851.84,netbanking,346,2,1,0.5,1,False,bank_decline,0.5800000000000001,0,retry,retry,True,[],[],Current
txn_003054,cust_002276,856.13,card,627,18,13,0.7222,4,False,bank_decline,0.2844399999999999,0,retry,payment_link,True,[],"[{'action': 'retry', 'reasons': ['maximum_retry_attempts_exceeded']}]",Current
txn_002868,cust_000562,543.17,card,604,27,22,0.8148,1,False,authentication_failed,0.66296,0,payment_link,payment_link,True,[],[],Current
txn_001433,cust_000436,635.06,card,124,6,5,0.8333,1,False,bank_decline,0.64666,1,retry,retry,True,[],[],Current
txn_007984,cust_001578,423.07,card,672,10,7,0.7,4,False,network_error,0.24999999999999994,0,retry,payment_link,True,[],"[{'action': 'retry', 'reasons': ['maximum_retry_attempts_exceeded']}]",Current
txn_009347,cust_003108,2043.62,wallet,547,21,11,0.5238,4,False,network_error,0.21476,0,retry,payment_link,True,[],"[{'action': 'retry', 'reasons': ['maximum_retry_attempts_exceeded']}]",Current
txn_009420,cust_000889,698.94,netbanking,730,22,16,0.7273,2,False,bank_decline,0.54546,1,retry,retry,True,[],[],Current
txn_004077,cust_002650,677.76,wallet,171,17,13,0.7647,4,False,insufficient_balance,0.39294000000000007,0,reminder,reminder,True,[],[],Current
txn_000218,cust_001819,303.62,wallet,939,3,2,0.6667,2,False,network_error,0.70334,1,retry,retry,True,[],[],Current
txn_003556,cust_002870,1047.65,upi,1437,29,20,0.6897,3,False,insufficient_balance,0.4579399999999999,1,reminder,reminder,True,[],[],Current
txn_007937,cust_002355,358.12,wallet,566,14,12,0.8571,2,False,authentication_failed,0.54142,0,reminder,reminder,True,[],[],Current
txn_008422,cust_000672,747.09,netbanking,510,28,18,0.6429,2,False,insufficient_balance,0.5285799999999999,1,reminder,reminder,True,[],[],Current
txn_001035,cust_002801,1070.26,upi,1258,18,12,0.6667,3,False,authentication_failed,0.47334,1,payment_link,payment_link,True,[],[],Current
txn_003774,cust_002218,1301.11,wallet,901,24,17,0.7083,1,False,bank_decline,0.62166,1,retry,retry,True,[],[],Current
txn_004133,cust_001790,1643.18,wallet,1087,14,10,0.7143,2,False,bank_decline,0.54286,1,retry,retry,True,[],[],Current
txn_002336,cust_000355,2361.08,wallet,334,13,10,0.7692,1,False,gateway_error,0.7538400000000001,0,retry,retry,True,[],[],Current
txn_006493,cust_002156,461.05,wallet,379,13,9,0.6923,4,False,insufficient_balance,0.37846,0,reminder,reminder,True,[],[],Current
txn_001483,cust_002468,614.56,card,16,20,15,0.75,1,False,expired_card,0.8,1,payment_link,payment_link,True,[],[],Current
txn_000907,cust_001596,1663.33,upi,1178,21,16,0.7619,4,False,bank_decline,0.29238,0,retry,payment_link,True,[],"[{'action': 'retry', 'reasons': ['maximum_retry_attempts_exceeded']}]",Current
txn_006089,cust_001078,372.15,netbanking,1461,14,9,0.6429,4,False,expired_card,0.53858,1,payment_link,payment_link,True,[],[],Current
txn_006467,cust_000198,1315.77,upi,1159,3,3,1.0,3,False,insufficient_balance,0.5199999999999999,0,reminder,reminder,True,[],[],Current
txn_005677,cust_001502,702.31,wallet,886,11,7,0.6364,3,False,bank_decline,0.3472799999999999,0,retry,payment_link,True,[],"[{'action': 'retry', 'reasons': ['maximum_retry_attempts_exceeded']}]",Current
txn_002771,cust_002095,1713.48,card,1214,4,4,1.0,3,False,gateway_error,0.39,0,retry,payment_link,True,[],"[{'action': 'retry', 'reasons': ['maximum_retry_attempts_exceeded']}]",Current
txn_001806,cust_001423,2751.12,wallet,1443,15,13,0.8667,3,False,network_error,0.36334,0,retry,payment_link,True,[],"[{'action': 'retry', 'reasons': ['maximum_retry_attempts_exceeded']}]",Current
txn_007375,cust_000008,2091.47,upi,285,3,2,0.6667,2,False,gateway_error,0.6533399999999999,1,retry,retry,True,[],[],Current
txn_002115,cust_002493,189.76,card,1159,11,8,0.7273,1,False,gateway_error,0.74546,1,retry,retry,True,[],[],Current
txn_004535,cust_000495,978.69,netbanking,1222,6,3,0.5,4,False,gateway_error,0.21000000000000002,0,retry,payment_link,True,[],"[{'action': 'retry', 'reasons': ['maximum_retry_attempts_exceeded']}]",Current
txn_002532,cust_002029,1161.71,upi,624,29,20,0.6897,4,False,network_error,0.24794,0,retry,payment_link,True,[],"[{'action': 'retry', 'reasons': ['maximum_retry_attempts_exceeded']}]",Current
txn_008526,cust_003035,1028.54,card,184,14,11,0.7857,1,False,authentication_failed,0.60714,0,reminder,reminder,True,[],[],Current
txn_003471,cust_002667,1471.27,card,645,24,17,0.7083,3,False,insufficient_balance,0.46165999999999996,0,reminder,reminder,True,[],[],Current
txn_001403,cust_001913,706.96,upi,1455,11,8,0.7273,2,False,network_error,0.71546,1,retry,retry,True,[],[],Current
txn_000853,cust_001379,1750.99,wallet,1216,21,14,0.6667,2,False,network_error,0.70334,1,retry,retry,True,[],[],Current
txn_003083,cust_001905,462.76,netbanking,653,5,5,1.0,3,False,authentication_failed,0.49,1,reminder,reminder,True,[],[],Current
txn_008025,cust_003005,997.3,card,1025,7,6,0.8571,1,False,gateway_error,0.77142,1,retry,retry,True,[],[],Current
txn_007566,cust_002611,976.95,netbanking,403,11,10,0.9091,1,False,bank_decline,0.6618200000000001,1,retry,retry,True,[],[],Current
txn_005530,cust_000351,3642.96,card,171,10,8,0.8,3,False,gateway_error,0.35,0,retry,payment_link,True,[],"[{'action': 'retry', 'reasons': ['maximum_retry_attempts_exceeded']}]",Current
txn_007855,cust_000308,4297.54,netbanking,129,5,4,0.8,1,False,bank_decline,0.64,1,retry,retry,True,[],[],Current
txn_004933,cust_000241,634.65,upi,1031,20,17,0.85,1,False,expired_card,0.82,1,payment_link,payment_link,True,[],[],Current
txn_005160,cust_000401,851.14,wallet,665,16,12,0.75,4,False,network_error,0.26,0,retry,payment_link,True,[],"[{'action': 'retry', 'reasons': ['maximum_retry_attempts_exceeded']}]",Current
txn_009716,cust_000102,1460.14,upi,101,0,0,0.0,1,True,expired_card,0.5999999999999999,0,payment_link,payment_link,True,[],[],Current
txn_003847,cust_003160,229.86,card,686,11,7,0.6364,1,False,gateway_error,0.7272799999999999,1,retry,retry,True,[],[],Current
txn_006484,cust_002308,959.72,netbanking,587,26,23,0.8846,2,False,network_error,0.74692,0,retry,retry,True,[],[],Current
txn_000748,cust_002438,967.92,netbanking,1122,23,19,0.8261,2,False,expired_card,0.73522,0,payment_link,payment_link,True,[],[],Current
txn_003035,cust_000972,2882.6,card,933,4,4,1.0,2,False,gateway_error,0.7200000000000001,1,retry,retry,True,[],[],Current
txn_000348,cust_001431,761.34,netbanking,1367,23,20,0.8696,3,False,authentication_failed,0.51392,0,payment_link,payment_link,True,[],[],Current
txn_003352,cust_000342,611.91,upi,122,24,15,0.625,2,False,gateway_error,0.645,1,retry,retry,True,[],[],Current
txn_002865,cust_001345,1934.99,card,337,11,9,0.8182,4,False,gateway_error,0.27364,0,retry,payment_link,True,[],"[{'action': 'retry', 'reasons': ['maximum_retry_attempts_exceeded']}]",Current
txn_002168,cust_002787,738.86,wallet,218,1,1,1.0,2,False,gateway_error,0.7200000000000001,1,retry,retry,True,[],[],Current
txn_006955,cust_002060,1081.21,netbanking,277,26,22,0.8462,2,False,authentication_failed,0.5892400000000001,0,payment_link,payment_link,True,[],[],Current
txn_006210,cust_002621,745.98,wallet,224,23,18,0.7826,1,False,expired_card,0.8065199999999999,1,payment_link,payment_link,True,[],[],Current
txn_002778,cust_001332,704.95,card,1338,17,10,0.5882,2,False,authentication_failed,0.53764,1,payment_link,payment_link,True,[],[],Current
txn_001442,cust_001157,951.03,netbanking,96,23,17,0.7391,3,False,expired_card,0.6378199999999999,1,payment_link,payment_link,True,[],[],Current
txn_005658,cust_002216,4286.33,card,1392,10,6,0.6,1,False,authentication_failed,0.62,0,payment_link,payment_link,True,[],[],Current
txn_009658,cust_000557,1128.11,wallet,886,13,9,0.6923,4,False,insufficient_balance,0.37846,0,reminder,reminder,True,[],[],Current
txn_003028,cust_002730,2186.57,wallet,371,4,2,0.5,2,False,authentication_failed,0.5200000000000001,1,payment_link,payment_link,True,[],[],Current
txn_006118,cust_002226,4893.93,card,411,3,2,0.6667,1,False,network_error,0.7833399999999999,1,retry,retry,True,[],[],Current
txn_002484,cust_002805,2108.94,card,879,26,17,0.6538,3,False,network_error,0.32076000000000005,0,retry,payment_link,True,[],"[{'action': 'retry', 'reasons': ['maximum_retry_attempts_exceeded']}]",Current
txn_002883,cust_002990,1236.68,card,1009,19,15,0.7895,2,False,network_error,0.7279,1,retry,retry,True,[],[],Current
txn_005562,cust_001280,2311.9,upi,311,18,15,0.8333,1,False,bank_decline,0.64666,1,retry,retry,True,[],[],Current
txn_000764,cust_000789,230.94,netbanking,1316,29,24,0.8276,4,False,gateway_error,0.24552000000000002,1,retry,reminder,True,[],"[{'action': 'retry', 'reasons': ['maximum_retry_attempts_exceeded']}]",Current
txn_006482,cust_000234,2153.62,upi,561,5,4,0.8,4,False,bank_decline,0.30000000000000004,0,retry,payment_link,True,[],"[{'action': 'retry', 'reasons': ['maximum_retry_attempts_exceeded']}]",Current
txn_001617,cust_002704,571.58,wallet,1344,5,5,1.0,4,False,expired_card,0.61,1,payment_link,payment_link,True,[],[],Current
txn_001223,cust_000463,679.36,card,836,23,19,0.8261,1,False,authentication_failed,0.6652199999999999,0,payment_link,payment_link,True,[],[],Current
txn_008665,cust_002141,767.39,card,1412,23,21,0.913,3,False,bank_decline,0.40259999999999996,1,retry,payment_link,True,[],"[{'action': 'retry', 'reasons': ['maximum_retry_attempts_exceeded']}]",Current
txn_006222,cust_002746,1692.84,wallet,916,23,20,0.8696,4,False,insufficient_balance,0.41392000000000007,0,reminder,reminder,True,[],[],Current
txn_001577,cust_002026,1397.29,netbanking,994,24,17,0.7083,3,False,expired_card,0.63166,1,payment_link,payment_link,True,[],[],Current
txn_009392,cust_001371,899.24,card,1336,22,15,0.6818,4,False,network_error,0.24635999999999997,1,retry,payment_link,True,[],"[{'action': 'retry', 'reasons': ['maximum_retry_attempts_exceeded']}]",Current
txn_006351,cust_002819,1052.71,card,593,23,20,0.8696,2,False,bank_decline,0.5739200000000001,0,retry,retry,True,[],[],Current
txn_003783,cust_003169,554.76,netbanking,1459,5,3,0.6,3,False,gateway_error,0.30999999999999994,0,retry,payment_link,True,[],"[{'action': 'retry', 'reasons': ['maximum_retry_attempts_exceeded']}]",Current
txn_004375,cust_001234,1124.34,netbanking,213,29,29,1.0,2,False,bank_decline,0.6,1,retry,retry,True,[],[],Current
txn_000709,cust_001129,4481.16,wallet,652,6,5,0.8333,1,False,insufficient_balance,0.64666,0,payment_link,reminder,True,[],"[{'action': 'payment_link', 'reasons': ['payment_link_not_preferred_for_insufficient_balance']}]",Current
txn_000510,cust_003123,3669.82,card,481,2,1,0.5,4,False,network_error,0.21000000000000002,0,retry,payment_link,True,[],"[{'action': 'retry', 'reasons': ['maximum_retry_attempts_exceeded']}]",Current
txn_002955,cust_002368,410.81,upi,798,9,8,0.8889,4,False,bank_decline,0.31777999999999995,0,retry,payment_link,True,[],"[{'action': 'retry', 'reasons': ['maximum_retry_attempts_exceeded']}]",Current
txn_007538,cust_001657,2113.57,wallet,471,8,7,0.875,2,False,network_error,0.745,1,retry,retry,True,[],[],Current
txn_006339,cust_002431,2411.15,upi,710,12,8,0.6667,1,False,bank_decline,0.61334,1,retry,retry,True,[],[],Current
txn_008923,cust_001451,6428.84,wallet,19,3,1,0.3333,3,False,authentication_failed,0.4066599999999999,0,payment_link,payment_link,True,[],[],Current
txn_007064,cust_000417,763.0,upi,1277,15,11,0.7333,1,False,insufficient_balance,0.62666,1,reminder,reminder,True,[],[],Current
txn_007163,cust_001832,2624.93,wallet,988,12,10,0.8333,4,False,network_error,0.27666,1,retry,payment_link,True,[],"[{'action': 'retry', 'reasons': ['maximum_retry_attempts_exceeded']}]",Current
txn_007372,cust_003011,910.68,card,813,29,21,0.7241,1,False,expired_card,0.79482,0,payment_link,payment_link,True,[],[],Current
txn_006829,cust_002607,3600.33,upi,1184,16,11,0.6875,2,False,insufficient_balance,0.5375,1,reminder,reminder,True,[],[],Current
txn_003616,cust_001100,566.59,card,1317,15,11,0.7333,4,False,insufficient_balance,0.38666,0,reminder,reminder,True,[],[],Current
txn_004657,cust_002508,4516.47,upi,1110,27,17,0.6296,1,False,gateway_error,0.7259199999999999,0,retry,retry,True,[],[],Current
txn_006976,cust_003183,2223.24,upi,624,21,18,0.8571,3,False,expired_card,0.66142,1,payment_link,payment_link,True,[],[],Current
txn_004351,cust_000233,427.31,netbanking,761,19,16,0.8421,2,False,authentication_failed,0.58842,1,payment_link,payment_link,True,[],[],Current
txn_000712,cust_001489,889.0,upi,873,4,3,0.75,3,False,network_error,0.33999999999999997,0,retry,payment_link,True,[],"[{'action': 'retry', 'reasons': ['maximum_retry_attempts_exceeded']}, {'action': 'reminder', 'reasons': ['temporary_network_error_should_be_retried_first']}]",Current
txn_006479,cust_002430,442.96,card,1072,15,8,0.5333,1,False,gateway_error,0.7066600000000001,1,retry,retry,True,[],[],Current
txn_009130,cust_000203,6261.79,wallet,655,24,18,0.75,3,False,authentication_failed,0.43999999999999995,1,reminder,reminder,True,[],[],Current
txn_008205,cust_001511,878.82,card,1173,25,19,0.76,2,False,gateway_error,0.672,0,retry,retry,True,[],[],Current
txn_009204,cust_000653,688.91,upi,1002,4,2,0.5,1,False,insufficient_balance,0.5800000000000001,0,reminder,reminder,True,[],[],Current
txn_000713,cust_002900,2094.97,wallet,958,27,23,0.8519,4,False,authentication_failed,0.38038000000000005,1,reminder,reminder,True,[],[],Current
txn_009113,cust_000220,1385.44,upi,719,7,7,1.0,3,False,insufficient_balance,0.5199999999999999,1,reminder,reminder,True,[],[],Current
txn_001246,cust_002729,362.79,netbanking,972,17,15,0.8824,3,False,gateway_error,0.33648,0,retry,reminder,True,[],"[{'action': 'retry', 'reasons': ['maximum_retry_attempts_exceeded']}]",Current
txn_009786,cust_000291,812.24,card,407,18,12,0.6667,3,False,insufficient_balance,0.45333999999999997,1,reminder,reminder,True,[],[],Current
txn_006849,cust_002608,864.05,netbanking,121,16,14,0.875,1,False,gateway_error,0.7749999999999999,1,retry,retry,True,[],[],Current
txn_005134,cust_000064,724.75,upi,1197,23,17,0.7391,4,False,insufficient_balance,0.38782000000000005,0,reminder,reminder,True,[],[],Current
txn_000716,cust_000910,1089.88,card,25,14,13,0.9286,2,False,gateway_error,0.70572,1,retry,retry,True,[],[],Current
txn_003464,cust_001597,5038.4,netbanking,359,10,10,1.0,1,False,bank_decline,0.6799999999999999,1,retry,retry,True,[],[],Current
txn_004395,cust_002498,657.43,netbanking,429,4,3,0.75,2,False,expired_card,0.7200000000000001,1,payment_link,payment_link,True,[],[],Current
txn_004569,cust_000091,3269.0,wallet,975,25,21,0.84,1,False,gateway_error,0.768,1,retry,retry,True,[],[],Current
txn_008804,cust_003236,745.74,upi,569,24,12,0.5,4,False,bank_decline,0.24000000000000005,0,retry,payment_link,True,[],"[{'action': 'retry', 'reasons': ['maximum_retry_attempts_exceeded']}]",Current
txn_008490,cust_002782,659.05,netbanking,811,21,18,0.8571,1,False,bank_decline,0.65142,1,retry,retry,True,[],[],Current
txn_007702,cust_002129,2506.67,card,529,3,3,1.0,2,False,insufficient_balance,0.6,1,reminder,reminder,True,[],[],Current
txn_000213,cust_000679,1544.16,upi,54,6,2,0.3333,3,False,gateway_error,0.25666,0,retry,payment_link,True,[],"[{'action': 'retry', 'reasons': ['maximum_retry_attempts_exceeded']}]",Current
txn_009768,cust_002004,247.87,netbanking,508,27,21,0.7778,3,False,bank_decline,0.34556,1,retry,reminder,True,[],"[{'action': 'retry', 'reasons': ['maximum_retry_attempts_exceeded']}]",Current
txn_006839,cust_002324,1327.76,wallet,1097,23,16,0.6957,3,False,bank_decline,0.3591399999999999,1,retry,payment_link,True,[],"[{'action': 'retry', 'reasons': ['maximum_retry_attempts_exceeded']}]",Current
txn_001011,cust_003104,5071.85,card,679,14,12,0.8571,2,False,gateway_error,0.69142,1,retry,retry,True,[],[],Current
txn_000324,cust_002022,1470.21,card,445,24,15,0.625,1,False,authentication_failed,0.625,1,payment_link,payment_link,True,[],[],Current
txn_005397,cust_001456,5338.52,card,1333,17,12,0.7059,3,False,bank_decline,0.33118000000000003,1,retry,reminder,True,[],"[{'action': 'retry', 'reasons': ['maximum_retry_attempts_exceeded']}]",Current
txn_005991,cust_001359,722.77,wallet,459,2,0,0.0,1,False,expired_card,0.6499999999999999,0,payment_link,payment_link,True,[],[],Current
txn_003173,cust_001639,739.45,card,738,25,19,0.76,1,False,expired_card,0.802,1,payment_link,payment_link,True,[],[],Current
txn_000335,cust_003217,1072.33,card,228,23,17,0.7391,2,False,insufficient_balance,0.5478200000000001,0,reminder,reminder,True,[],[],Current
txn_008306,cust_003313,782.45,netbanking,1327,0,0,0.0,3,True,insufficient_balance,0.26999999999999996,0,reminder,reminder,True,[],[],Current
txn_002211,cust_001452,1348.71,upi,349,1,1,1.0,3,False,bank_decline,0.41999999999999993,1,retry,payment_link,True,[],"[{'action': 'retry', 'reasons': ['maximum_retry_attempts_exceeded']}]",Current
txn_004272,cust_001208,1763.8,upi,728,23,16,0.6957,2,False,gateway_error,0.65914,1,retry,retry,True,[],[],Current
txn_006741,cust_002683,1172.62,wallet,1194,11,10,0.9091,4,False,insufficient_balance,0.4218200000000001,0,reminder,reminder,True,[],[],Current
txn_000234,cust_000972,341.82,card,1203,4,4,1.0,2,False,network_error,0.77,1,retry,retry,True,[],[],Current
txn_005951,cust_001310,231.1,netbanking,1451,0,0,0.0,1,True,bank_decline,0.33,0,payment_link,payment_link,True,[],[],Current
txn_005738,cust_000682,825.7,card,879,25,16,0.64,2,False,network_error,0.6980000000000001,1,retry,retry,True,[],[],Current
txn_007922,cust_001521,1206.21,upi,1497,24,18,0.75,3,False,bank_decline,0.33999999999999997,1,retry,reminder,True,[],"[{'action': 'retry', 'reasons': ['maximum_retry_attempts_exceeded']}]",Current
txn_002349,cust_002049,943.57,netbanking,1326,6,5,0.8333,2,False,bank_decline,0.56666,1,retry,retry,True,[],[],Current
txn_002037,cust_001116,884.86,wallet,1242,4,3,0.75,1,False,insufficient_balance,0.63,0,reminder,reminder,True,[],[],Current
txn_007485,cust_002191,1447.26,upi,814,28,25,0.8929,4,False,bank_decline,0.31858,0,retry,payment_link,True,[],"[{'action': 'retry', 'reasons': ['maximum_retry_attempts_exceeded']}]",Current
txn_006007,cust_002397,641.93,card,904,2,2,1.0,2,False,insufficient_balance,0.6,1,reminder,reminder,True,[],[],Current
txn_004554,cust_001790,1252.24,upi,898,4,2,0.5,1,False,expired_card,0.75,1,payment_link,payment_link,True,[],[],Current
txn_008073,cust_002529,775.15,upi,527,2,0,0.0,4,False,bank_decline,0.14,0,retry,payment_link,True,[],"[{'action': 'retry', 'reasons': ['maximum_retry_attempts_exceeded']}]",Current
txn_001459,cust_003318,1076.49,upi,38,3,3,1.0,2,False,gateway_error,0.7200000000000001,0,retry,retry,True,[],[],Current
txn_003289,cust_002892,2560.21,upi,968,9,7,0.7778,1,False,expired_card,0.80556,1,payment_link,payment_link,True,[],[],Current
txn_003065,cust_000993,338.91,card,1176,11,10,0.9091,1,False,expired_card,0.83182,0,payment_link,payment_link,True,[],[],Current
txn_009437,cust_002753,908.13,upi,396,25,18,0.72,2,False,authentication_failed,0.564,0,payment_link,payment_link,True,[],[],Current
txn_000775,cust_001722,1119.48,upi,952,9,7,0.7778,3,False,insufficient_balance,0.47556,1,reminder,reminder,True,[],[],Current
txn_006833,cust_000202,2453.91,upi,425,23,18,0.7826,2,False,gateway_error,0.67652,1,retry,retry,True,[],[],Current
txn_000872,cust_000677,2099.97,upi,284,10,8,0.8,4,False,gateway_error,0.27,0,retry,payment_link,True,[],"[{'action': 'retry', 'reasons': ['maximum_retry_attempts_exceeded']}]",Current
txn_008750,cust_001397,1541.08,upi,482,8,5,0.625,1,False,expired_card,0.7749999999999999,1,payment_link,payment_link,True,[],[],Current
txn_001264,cust_001977,1280.77,card,228,29,23,0.7931,3,False,insufficient_balance,0.47861999999999993,0,payment_link,reminder,True,[],"[{'action': 'payment_link', 'reasons': ['payment_link_not_preferred_for_insufficient_balance']}, {'action': 'retry', 'reasons': ['maximum_retry_attempts_exceeded']}]",Current
txn_004834,cust_002341,506.08,upi,194,25,18,0.72,2,False,network_error,0.714,0,retry,retry,True,[],[],Current
txn_003895,cust_002216,2565.55,upi,939,11,9,0.8182,1,False,bank_decline,0.64364,1,retry,retry,True,[],[],Current
txn_006324,cust_002011,2371.92,wallet,265,24,19,0.7917,1,False,bank_decline,0.6383399999999999,1,retry,retry,True,[],[],Current
txn_009213,cust_001846,543.34,upi,406,29,22,0.7586,3,False,bank_decline,0.34172,0,retry,reminder,True,[],"[{'action': 'retry', 'reasons': ['maximum_retry_attempts_exceeded']}]",Current
txn_007020,cust_001250,1342.82,netbanking,687,5,4,0.8,1,False,expired_card,0.81,1,payment_link,payment_link,True,[],[],Current
txn_001221,cust_003141,3610.89,wallet,1394,9,6,0.6667,2,False,insufficient_balance,0.53334,0,reminder,reminder,True,[],[],Current
txn_001447,cust_001121,812.95,wallet,737,14,11,0.7857,4,False,network_error,0.26714000000000004,0,retry,payment_link,True,[],"[{'action': 'retry', 'reasons': ['maximum_retry_attempts_exceeded']}]",Current
txn_003185,cust_002526,1253.54,upi,794,1,1,1.0,1,False,insufficient_balance,0.6799999999999999,1,reminder,reminder,True,[],[],Current
txn_000409,cust_001791,1939.91,upi,1117,2,1,0.5,2,False,insufficient_balance,0.5000000000000001,1,reminder,reminder,True,[],[],Current
txn_004345,cust_001481,1876.55,card,140,5,2,0.4,2,False,gateway_error,0.6,0,retry,retry,True,[],[],Current
txn_003022,cust_001523,770.89,upi,1382,16,10,0.625,2,False,bank_decline,0.525,1,retry,retry,True,[],[],Current
txn_002304,cust_002599,681.65,wallet,123,15,14,0.9333,4,False,bank_decline,0.32665999999999995,0,retry,payment_link,True,[],"[{'action': 'retry', 'reasons': ['maximum_retry_attempts_exceeded']}]",Current
txn_006272,cust_003114,1775.18,netbanking,445,14,11,0.7857,4,False,bank_decline,0.29713999999999996,0,retry,payment_link,True,[],"[{'action': 'retry', 'reasons': ['maximum_retry_attempts_exceeded']}]",Current
txn_008281,cust_002493,537.16,card,382,3,1,0.3333,3,False,bank_decline,0.28666,0,retry,payment_link,True,[],"[{'action': 'retry', 'reasons': ['maximum_retry_attempts_exceeded']}]",Current
txn_006642,cust_002654,246.14,upi,120,15,12,0.8,1,False,insufficient_balance,0.64,0,reminder,reminder,True,[],[],Current
txn_006956,cust_000872,2105.51,card,63,10,8,0.8,2,False,bank_decline,0.56,0,retry,retry,True,[],[],Current
txn_002110,cust_003319,196.65,wallet,241,5,4,0.8,4,False,network_error,0.27,0,retry,payment_link,True,[],"[{'action': 'retry', 'reasons': ['maximum_retry_attempts_exceeded']}]",Current
txn_005352,cust_001949,1361.6,wallet,940,2,2,1.0,3,False,expired_card,0.69,1,payment_link,payment_link,True,[],[],Current
txn_009684,cust_002394,478.31,card,1448,17,14,0.8235,2,False,bank_decline,0.5647000000000001,0,retry,retry,True,[],[],Current
txn_008344,cust_000887,4454.51,wallet,515,28,16,0.5714,1,False,network_error,0.76428,1,retry,retry,True,[],[],Current
txn_004550,cust_000702,1758.04,card,1485,29,21,0.7241,3,False,bank_decline,0.33482,0,retry,reminder,True,[],"[{'action': 'retry', 'reasons': ['maximum_retry_attempts_exceeded']}]",Current
txn_001881,cust_002459,1736.75,card,222,8,6,0.75,1,False,bank_decline,0.63,0,retry,retry,True,[],[],Current
txn_005946,cust_001526,3488.84,netbanking,826,15,13,0.8667,2,False,insufficient_balance,0.5733400000000001,0,reminder,reminder,True,[],[],Current
txn_001738,cust_000456,661.37,wallet,88,8,8,1.0,2,False,network_error,0.77,1,retry,retry,True,[],[],Current
txn_007794,cust_001387,1729.77,netbanking,1145,10,8,0.8,4,False,authentication_failed,0.37,0,reminder,reminder,True,[],[],Current
txn_005213,cust_000771,2445.35,card,429,1,0,0.0,3,False,bank_decline,0.18999999999999997,0,reminder,reminder,True,[],[],Current
txn_003209,cust_000363,257.41,wallet,1394,19,16,0.8421,3,False,gateway_error,0.35841999999999996,0,retry,payment_link,True,[],"[{'action': 'retry', 'reasons': ['maximum_retry_attempts_exceeded']}]",Current
txn_007083,cust_002709,482.42,card,139,0,0,0.0,4,True,expired_card,0.35999999999999993,0,payment_link,payment_link,True,[],[],Current
txn_002056,cust_002199,1285.23,card,108,23,13,0.5652,1,False,authentication_failed,0.56304,1,reminder,reminder,True,[],[],Current
txn_001689,cust_003293,675.88,netbanking,1441,18,14,0.7778,4,False,bank_decline,0.29556000000000004,1,retry,payment_link,True,[],"[{'action': 'retry', 'reasons': ['maximum_retry_attempts_exceeded']}]",Current
txn_004780,cust_002074,2376.34,card,1397,2,2,1.0,1,False,network_error,0.85,1,retry,retry,True,[],[],Current
txn_007476,cust_002163,2486.73,card,1104,9,8,0.8889,2,False,authentication_failed,0.5977800000000001,0,payment_link,payment_link,True,[],[],Current
txn_007877,cust_002382,742.92,card,1280,12,11,0.9167,3,False,bank_decline,0.4033399999999999,0,retry,payment_link,True,[],"[{'action': 'retry', 'reasons': ['maximum_retry_attempts_exceeded']}]",Current
txn_006750,cust_002745,2075.89,card,492,7,4,0.5714,2,False,gateway_error,0.6342800000000001,0,retry,retry,True,[],[],Current
txn_008556,cust_000605,502.07,upi,41,4,3,0.75,3,False,insufficient_balance,0.47,0,reminder,reminder,True,[],[],Current
txn_008123,cust_002171,1116.62,netbanking,398,22,16,0.7273,1,False,gateway_error,0.74546,1,retry,retry,True,[],[],Current
txn_006991,cust_000314,648.02,wallet,1138,18,14,0.7778,4,False,authentication_failed,0.41556000000000004,1,payment_link,payment_link,True,[],[],Current
txn_008267,cust_001790,2103.61,wallet,1329,9,7,0.7778,2,False,expired_card,0.7255600000000001,1,payment_link,payment_link,True,[],[],Current
txn_008540,cust_003132,296.06,upi,571,4,3,0.75,3,False,authentication_failed,0.43999999999999995,0,reminder,reminder,True,[],[],Current
txn_003393,cust_001606,1278.56,netbanking,1454,16,13,0.8125,2,False,network_error,0.7325,1,retry,retry,True,[],[],Current
txn_006326,cust_001631,1821.58,card,821,18,14,0.7778,4,False,expired_card,0.5655600000000001,1,payment_link,payment_link,True,[],[],Current
txn_003529,cust_000135,326.0,upi,1220,13,11,0.8462,1,False,gateway_error,0.7692399999999999,0,retry,retry,True,[],[],Current
txn_004605,cust_002633,994.32,wallet,375,13,11,0.8462,1,False,insufficient_balance,0.64924,0,reminder,reminder,True,[],[],Current
txn_007024,cust_000609,4212.69,card,1456,25,16,0.64,3,False,gateway_error,0.31799999999999995,1,retry,payment_link,True,[],"[{'action': 'retry', 'reasons': ['maximum_retry_attempts_exceeded']}]",Current
txn_006322,cust_002108,1619.31,wallet,1213,23,18,0.7826,4,False,authentication_failed,0.41652,1,payment_link,payment_link,True,[],[],Current
txn_000746,cust_000410,823.52,upi,1328,2,2,1.0,4,False,bank_decline,0.31000000000000005,1,retry,reminder,True,[],"[{'action': 'retry', 'reasons': ['maximum_retry_attempts_exceeded']}]",Current
txn_000711,cust_002700,2074.66,card,1459,4,4,1.0,4,False,authentication_failed,0.45999999999999996,1,payment_link,payment_link,True,[],[],Current
txn_000380,cust_001978,280.84,netbanking,23,22,15,0.6818,2,False,authentication_failed,0.5563600000000001,1,payment_link,payment_link,True,[],[],Current
txn_008783,cust_002635,477.29,netbanking,929,24,17,0.7083,1,False,insufficient_balance,0.62166,1,payment_link,reminder,True,[],"[{'action': 'payment_link', 'reasons': ['payment_link_not_preferred_for_insufficient_balance']}]",Current
txn_003012,cust_001864,952.62,netbanking,644,7,4,0.5714,1,False,expired_card,0.76428,0,payment_link,payment_link,True,[],[],Current
txn_008859,cust_000269,2355.79,wallet,91,4,4,1.0,4,False,authentication_failed,0.41000000000000003,0,reminder,reminder,True,[],[],Current
txn_007153,cust_002643,1925.42,upi,1359,4,4,1.0,4,False,insufficient_balance,0.43999999999999995,0,reminder,reminder,True,[],[],Current
txn_008567,cust_002280,3247.29,upi,1376,8,5,0.625,2,False,network_error,0.695,1,retry,retry,True,[],[],Current
txn_003498,cust_002472,453.2,netbanking,754,12,11,0.9167,2,False,insufficient_balance,0.5833400000000001,0,reminder,reminder,True,[],[],Current
txn_003890,cust_003262,1626.49,wallet,625,15,13,0.8667,2,False,insufficient_balance,0.5733400000000001,0,reminder,reminder,True,[],[],Current
txn_004485,cust_001424,512.45,upi,436,13,8,0.6154,4,False,gateway_error,0.23308,0,retry,payment_link,True,[],"[{'action': 'retry', 'reasons': ['maximum_retry_attempts_exceeded']}]",Current
txn_004012,cust_000807,2432.81,netbanking,1023,14,12,0.8571,1,False,gateway_error,0.77142,0,retry,retry,True,[],[],Current
txn_002620,cust_002219,2457.03,netbanking,564,12,10,0.8333,3,False,authentication_failed,0.45665999999999995,1,reminder,reminder,True,[],[],Current
txn_006671,cust_001697,984.72,card,1276,25,19,0.76,1,False,insufficient_balance,0.632,1,payment_link,reminder,True,[],"[{'action': 'payment_link', 'reasons': ['payment_link_not_preferred_for_insufficient_balance']}]",Current
txn_006513,cust_000992,1479.08,upi,672,18,13,0.7222,2,False,insufficient_balance,0.5444399999999999,1,reminder,reminder,True,[],[],Current
txn_003468,cust_002999,3795.81,netbanking,750,12,9,0.75,4,False,insufficient_balance,0.39,0,reminder,reminder,True,[],[],Current
txn_001314,cust_002736,1915.12,wallet,542,4,2,0.5,1,False,authentication_failed,0.55,0,reminder,reminder,True,[],[],Current
txn_008606,cust_000606,727.55,netbanking,1360,24,19,0.7917,2,False,bank_decline,0.55834,1,retry,retry,True,[],[],Current
txn_002070,cust_000784,3252.91,wallet,202,22,18,0.8182,3,False,insufficient_balance,0.48363999999999996,0,reminder,reminder,True,[],[],Current
txn_002983,cust_001576,1326.13,upi,782,6,3,0.5,2,False,authentication_failed,0.5200000000000001,0,payment_link,payment_link,True,[],[],Current
txn_005915,cust_001436,2314.25,upi,504,1,0,0.0,3,False,expired_card,0.4899999999999999,1,payment_link,payment_link,True,[],[],Current
txn_009171,cust_003021,1153.36,card,1208,11,10,0.9091,1,False,bank_decline,0.6618200000000001,1,retry,retry,True,[],[],Current
txn_001286,cust_002090,2401.73,netbanking,828,24,18,0.75,2,False,bank_decline,0.55,0,retry,retry,True,[],[],Current
txn_008991,cust_002863,2348.38,wallet,121,10,9,0.9,4,False,gateway_error,0.29000000000000004,0,retry,payment_link,True,[],"[{'action': 'retry', 'reasons': ['maximum_retry_attempts_exceeded']}]",Current
txn_008430,cust_000388,455.59,netbanking,1416,20,18,0.9,2,False,expired_card,0.75,1,payment_link,payment_link,True,[],[],Current
txn_001350,cust_001309,4715.87,card,305,8,7,0.875,1,False,bank_decline,0.655,1,retry,retry,True,[],[],Current
txn_002612,cust_001967,3694.55,netbanking,965,2,1,0.5,1,False,bank_decline,0.5800000000000001,0,retry,retry,True,[],[],Current
txn_009495,cust_001971,697.06,netbanking,505,11,9,0.8182,1,False,gateway_error,0.76364,1,retry,retry,True,[],[],Current
txn_003669,cust_000106,970.99,card,220,21,17,0.8095,3,False,insufficient_balance,0.4818999999999999,0,reminder,reminder,True,[],[],Current
txn_002222,cust_002461,1107.89,netbanking,1013,8,4,0.5,2,False,gateway_error,0.62,1,retry,retry,True,[],[],Current
txn_000428,cust_000451,979.34,upi,832,15,12,0.8,3,False,bank_decline,0.35,1,retry,reminder,True,[],"[{'action': 'retry', 'reasons': ['maximum_retry_attempts_exceeded']}]",Current
txn_000654,cust_001696,808.76,netbanking,1472,24,18,0.75,2,False,authentication_failed,0.5700000000000001,1,payment_link,payment_link,True,[],[],Current
txn_009914,cust_001008,1713.62,netbanking,1071,22,17,0.7727,2,False,bank_decline,0.55454,1,retry,retry,True,[],[],Current
txn_003536,cust_002144,1353.87,card,360,6,4,0.6667,2,False,network_error,0.70334,1,retry,retry,True,[],[],Current
txn_007737,cust_000492,1573.19,wallet,799,25,22,0.88,4,False,network_error,0.28600000000000003,0,retry,payment_link,True,[],"[{'action': 'retry', 'reasons': ['maximum_retry_attempts_exceeded']}]",Current
txn_003246,cust_001799,1182.94,card,385,23,18,0.7826,1,False,bank_decline,0.63652,0,retry,retry,True,[],[],Current
txn_004741,cust_002225,748.02,upi,194,20,15,0.75,3,False,authentication_failed,0.49,1,payment_link,payment_link,True,[],[],Current
txn_009069,cust_000545,2504.49,upi,35,4,4,1.0,3,False,authentication_failed,0.49,1,reminder,reminder,True,[],[],Current
txn_004100,cust_000529,642.32,wallet,182,6,5,0.8333,2,False,bank_decline,0.56666,1,retry,retry,True,[],[],Current
txn_004101,cust_002052,3620.57,upi,1216,4,3,0.75,2,False,expired_card,0.7200000000000001,1,payment_link,payment_link,True,[],[],Current
txn_006960,cust_002027,1474.86,netbanking,1046,10,8,0.8,4,False,insufficient_balance,0.4,0,reminder,reminder,True,[],[],Current
txn_000612,cust_003180,793.9,upi,283,12,11,0.9167,3,False,bank_decline,0.37334,1,retry,reminder,True,[],"[{'action': 'retry', 'reasons': ['maximum_retry_attempts_exceeded']}]",Current
txn_004289,cust_000139,203.89,upi,1319,12,11,0.9167,4,False,authentication_failed,0.44334000000000007,0,payment_link,payment_link,True,[],[],Current
txn_008571,cust_002578,3546.44,wallet,889,12,11,0.9167,4,False,network_error,0.29334000000000005,1,retry,payment_link,True,[],"[{'action': 'retry', 'reasons': ['maximum_retry_attempts_exceeded']}]",Current
txn_009713,cust_002196,3232.18,upi,1383,24,21,0.875,4,False,insufficient_balance,0.41500000000000004,0,reminder,reminder,True,[],[],Current
txn_001544,cust_000147,295.02,card,681,21,16,0.7619,1,False,bank_decline,0.6323799999999999,1,retry,retry,True,[],[],Current
txn_009536,cust_001818,3199.6,upi,68,4,2,0.5,3,False,network_error,0.29000000000000004,0,retry,payment_link,True,[],"[{'action': 'retry', 'reasons': ['maximum_retry_attempts_exceeded']}]",Current
txn_003854,cust_002648,5469.63,wallet,1300,4,3,0.75,1,False,insufficient_balance,0.63,1,reminder,reminder,True,[],[],Current
txn_000555,cust_003289,989.61,upi,1426,7,6,0.8571,2,False,bank_decline,0.57142,1,retry,retry,True,[],[],Current
txn_006366,cust_001323,1118.64,netbanking,58,24,19,0.7917,4,False,network_error,0.26834,0,retry,payment_link,True,[],"[{'action': 'retry', 'reasons': ['maximum_retry_attempts_exceeded']}]",Current
txn_000512,cust_002015,1616.63,card,1196,21,14,0.6667,3,False,gateway_error,0.29333999999999993,0,retry,reminder,True,[],"[{'action': 'retry', 'reasons': ['maximum_retry_attempts_exceeded']}]",Current
txn_003207,cust_000486,265.66,netbanking,588,10,7,0.7,3,False,gateway_error,0.32999999999999996,0,retry,payment_link,True,[],"[{'action': 'retry', 'reasons': ['maximum_retry_attempts_exceeded']}]",Current
txn_008085,cust_001097,1666.47,card,689,3,2,0.6667,3,False,network_error,0.32333999999999996,0,retry,payment_link,True,[],"[{'action': 'retry', 'reasons': ['maximum_retry_attempts_exceeded']}]",Current
txn_000968,cust_000289,926.43,card,1044,8,6,0.75,2,False,gateway_error,0.67,1,retry,retry,True,[],[],Current
txn_006044,cust_001527,275.86,netbanking,170,10,8,0.8,2,False,gateway_error,0.68,0,retry,retry,True,[],[],Current
txn_006880,cust_002941,207.41,wallet,1015,15,11,0.7333,4,False,bank_decline,0.2866599999999999,0,retry,payment_link,True,[],"[{'action': 'retry', 'reasons': ['maximum_retry_attempts_exceeded']}]",Current
txn_006776,cust_001706,1227.99,card,1004,23,16,0.6957,4,False,network_error,0.24913999999999997,0,retry,payment_link,True,[],"[{'action': 'retry', 'reasons': ['maximum_retry_attempts_exceeded']}]",Current
txn_003296,cust_003299,155.74,wallet,62,9,7,0.7778,3,False,network_error,0.34556,0,retry,payment_link,True,[],"[{'action': 'retry', 'reasons': ['maximum_retry_attempts_exceeded']}]",Current
txn_008702,cust_000562,982.6,wallet,1040,24,17,0.7083,3,False,bank_decline,0.36166,0,retry,payment_link,True,[],"[{'action': 'retry', 'reasons': ['maximum_retry_attempts_exceeded']}]",Current
txn_003430,cust_001901,1358.6,wallet,43,25,18,0.72,2,False,insufficient_balance,0.5439999999999999,0,reminder,reminder,True,[],[],Current
txn_008871,cust_000449,2332.03,upi,362,3,1,0.3333,1,False,bank_decline,0.5466599999999999,1,retry,retry,True,[],[],Current
txn_006963,cust_002980,1769.8,wallet,1312,22,19,0.8636,3,False,insufficient_balance,0.49271999999999994,1,reminder,reminder,True,[],[],Current
txn_002089,cust_002845,2525.45,card,1121,2,2,1.0,4,False,gateway_error,0.31000000000000005,0,retry,payment_link,True,[],"[{'action': 'retry', 'reasons': ['maximum_retry_attempts_exceeded']}]",Current
txn_008500,cust_001115,1982.14,wallet,731,25,15,0.6,4,False,bank_decline,0.26,0,retry,payment_link,True,[],"[{'action': 'retry', 'reasons': ['maximum_retry_attempts_exceeded']}]",Current
txn_006163,cust_000543,1294.52,wallet,1120,17,13,0.7647,1,False,expired_card,0.80294,1,payment_link,payment_link,True,[],[],Current
txn_003211,cust_001337,383.45,netbanking,1499,14,8,0.5714,4,False,authentication_failed,0.37427999999999995,0,payment_link,payment_link,True,[],[],Current
txn_009201,cust_000681,1042.4,wallet,1272,3,2,0.6667,4,False,bank_decline,0.2733399999999999,1,retry,payment_link,True,[],"[{'action': 'retry', 'reasons': ['maximum_retry_attempts_exceeded']}]",Current
txn_006606,cust_000426,1667.42,upi,967,20,15,0.75,3,False,authentication_failed,0.43999999999999995,0,reminder,reminder,True,[],[],Current
txn_001110,cust_003274,330.0,upi,1318,0,0,0.0,3,True,authentication_failed,0.23999999999999994,1,reminder,reminder,True,[],[],Current
txn_005729,cust_001735,1966.37,upi,35,24,23,0.9583,1,False,gateway_error,0.79166,1,retry,retry,True,[],[],Current
txn_007830,cust_002727,995.14,netbanking,468,11,9,0.8182,1,False,insufficient_balance,0.64364,1,payment_link,reminder,True,[],"[{'action': 'payment_link', 'reasons': ['payment_link_not_preferred_for_insufficient_balance']}]",Current
txn_001039,cust_001223,3604.7,card,543,9,9,1.0,1,False,bank_decline,0.6799999999999999,0,retry,retry,True,[],[],Current
txn_001195,cust_001946,574.64,wallet,401,5,3,0.6,4,False,insufficient_balance,0.36,0,payment_link,reminder,True,[],"[{'action': 'payment_link', 'reasons': ['payment_link_not_preferred_for_insufficient_balance']}]",Current
txn_004475,cust_001017,1253.9,netbanking,1337,4,2,0.5,4,False,gateway_error,0.21000000000000002,0,retry,payment_link,True,[],"[{'action': 'retry', 'reasons': ['maximum_retry_attempts_exceeded']}]",Current
txn_009875,cust_001490,1468.32,wallet,1133,23,17,0.7391,2,False,bank_decline,0.5478200000000001,1,retry,retry,True,[],[],Current
txn_002123,cust_003142,1577.91,upi,639,23,18,0.7826,1,False,network_error,0.8065199999999999,0,retry,retry,True,[],[],Current
txn_004983,cust_001378,1162.86,card,41,24,16,0.6667,1,False,network_error,0.7833399999999999,1,retry,retry,True,[],[],Current
txn_008974,cust_001984,172.02,netbanking,421,27,22,0.8148,3,False,expired_card,0.6529599999999999,1,payment_link,payment_link,True,[],[],Current
txn_005701,cust_002221,154.39,card,207,17,13,0.7647,2,False,network_error,0.72294,1,retry,retry,True,[],[],Current
txn_000935,cust_001969,903.25,wallet,499,28,21,0.75,4,False,bank_decline,0.29000000000000004,0,retry,payment_link,True,[],"[{'action': 'retry', 'reasons': ['maximum_retry_attempts_exceeded']}]",Current
txn_006102,cust_002701,471.99,netbanking,612,5,3,0.6,1,False,authentication_failed,0.62,0,payment_link,payment_link,True,[],[],Current
txn_004690,cust_000453,1299.48,wallet,519,21,15,0.7143,3,False,bank_decline,0.36285999999999996,0,retry,payment_link,True,[],"[{'action': 'retry', 'reasons': ['maximum_retry_attempts_exceeded']}]",Current
txn_000395,cust_001589,2904.98,netbanking,1017,3,2,0.6667,3,False,authentication_failed,0.47334,0,payment_link,payment_link,True,[],[],Current
txn_004686,cust_002902,1506.31,upi,1316,27,24,0.8889,1,False,bank_decline,0.65778,1,retry,retry,True,[],[],Current
txn_008777,cust_002704,918.44,card,56,8,6,0.75,3,False,authentication_failed,0.49,1,payment_link,payment_link,True,[],[],Current
txn_009166,cust_001285,941.7,upi,66,19,12,0.6316,3,False,insufficient_balance,0.44631999999999994,0,reminder,reminder,True,[],[],Current
txn_005981,cust_001033,310.43,wallet,1406,26,16,0.6154,2,False,gateway_error,0.64308,1,retry,retry,True,[],[],Current
txn_009943,cust_000001,1544.31,wallet,17,27,18,0.6667,4,False,insufficient_balance,0.37334,1,reminder,reminder,True,[],[],Current
txn_002192,cust_000744,1155.4,card,208,28,25,0.8929,4,False,expired_card,0.58858,1,payment_link,payment_link,True,[],[],Current
txn_001298,cust_001143,402.19,upi,790,19,11,0.5789,1,False,network_error,0.7657799999999999,1,retry,retry,True,[],[],Current
txn_005045,cust_001861,1070.75,netbanking,879,6,4,0.6667,3,False,authentication_failed,0.47334,0,payment_link,payment_link,True,[],[],Current
txn_001163,cust_000946,821.54,upi,1464,14,11,0.7857,3,False,network_error,0.34714,0,retry,payment_link,True,[],"[{'action': 'retry', 'reasons': ['maximum_retry_attempts_exceeded']}]",Current
txn_004255,cust_000275,876.83,card,1216,12,10,0.8333,2,False,authentication_failed,0.5866600000000001,1,payment_link,payment_link,True,[],[],Current
txn_006373,cust_000667,1583.22,upi,1258,0,0,0.0,1,True,insufficient_balance,0.3,0,retry,retry,True,[],[],Current
txn_001528,cust_001063,3019.86,netbanking,35,16,11,0.6875,3,False,gateway_error,0.2975,0,retry,reminder,True,[],"[{'action': 'retry', 'reasons': ['maximum_retry_attempts_exceeded']}]",Current
txn_004343,cust_000430,1690.81,card,836,21,16,0.7619,1,False,network_error,0.80238,1,retry,retry,True,[],[],Current
txn_002031,cust_002456,1514.59,netbanking,309,11,10,0.9091,4,False,insufficient_balance,0.4218200000000001,0,reminder,reminder,True,[],[],Current
txn_003061,cust_000282,5473.15,netbanking,1275,6,4,0.6667,3,False,authentication_failed,0.47334,1,payment_link,payment_link,True,[],[],Current
txn_000059,cust_001203,2440.26,netbanking,657,22,15,0.6818,2,False,network_error,0.70636,0,retry,retry,True,[],[],Current
txn_002406,cust_001856,351.17,upi,1218,20,18,0.9,3,False,insufficient_balance,0.4999999999999999,1,reminder,reminder,True,[],[],Current
txn_005007,cust_001344,1037.9,netbanking,805,9,6,0.6667,2,False,network_error,0.70334,1,retry,retry,True,[],[],Current
txn_006158,cust_002444,575.69,netbanking,1162,23,15,0.6522,1,False,bank_decline,0.61044,1,retry,retry,True,[],[],Current
txn_007376,cust_001744,1856.1,wallet,1038,9,5,0.5556,3,False,bank_decline,0.33111999999999997,0,retry,payment_link,True,[],"[{'action': 'retry', 'reasons': ['maximum_retry_attempts_exceeded']}]",Current
txn_004507,cust_002790,1898.92,netbanking,572,27,18,0.6667,1,False,gateway_error,0.7333399999999999,1,retry,retry,True,[],[],Current
txn_005215,cust_001020,1056.16,netbanking,618,9,8,0.8889,1,False,insufficient_balance,0.65778,1,reminder,reminder,True,[],[],Current
txn_006030,cust_003314,969.28,upi,1099,11,9,0.8182,1,False,authentication_failed,0.66364,0,payment_link,payment_link,True,[],[],Current
txn_001781,cust_002626,2247.25,wallet,1263,19,15,0.7895,1,False,gateway_error,0.7579,1,retry,retry,True,[],[],Current
txn_005448,cust_002300,3153.66,card,537,15,13,0.8667,1,False,network_error,0.82334,1,retry,retry,True,[],[],Current
txn_004607,cust_000345,373.29,card,910,12,7,0.5833,2,False,expired_card,0.68666,1,payment_link,payment_link,True,[],[],Current
txn_006915,cust_002617,1026.35,upi,662,24,22,0.9167,2,False,expired_card,0.75334,1,payment_link,payment_link,True,[],[],Current
txn_000677,cust_000164,4246.51,card,873,16,11,0.6875,1,False,network_error,0.7875,1,retry,retry,True,[],[],Current
txn_003583,cust_002975,880.63,netbanking,59,0,0,0.0,1,True,insufficient_balance,0.43,1,reminder,reminder,True,[],[],Current
txn_003654,cust_001804,1985.64,card,838,0,0,0.0,3,True,insufficient_balance,0.26999999999999996,1,reminder,reminder,True,[],[],Current
txn_007921,cust_002759,588.82,upi,327,17,12,0.7059,2,False,bank_decline,0.5411800000000001,0,retry,retry,True,[],[],Current
txn_009500,cust_000261,523.45,upi,226,21,17,0.8095,4,False,network_error,0.27190000000000003,0,retry,payment_link,True,[],"[{'action': 'retry', 'reasons': ['maximum_retry_attempts_exceeded']}]",Current
txn_002733,cust_001306,388.7,upi,323,7,2,0.2857,4,False,network_error,0.16714,0,retry,payment_link,True,[],"[{'action': 'retry', 'reasons': ['maximum_retry_attempts_exceeded']}, {'action': 'reminder', 'reasons': ['temporary_network_error_should_be_retried_first']}]",Current
txn_004788,cust_000205,618.25,card,195,4,4,1.0,4,False,network_error,0.31000000000000005,0,retry,payment_link,True,[],"[{'action': 'retry', 'reasons': ['maximum_retry_attempts_exceeded']}]",Current
txn_002755,cust_002162,1758.78,card,292,1,0,0.0,3,False,gateway_error,0.18999999999999997,0,retry,payment_link,True,[],"[{'action': 'retry', 'reasons': ['maximum_retry_attempts_exceeded']}]",Current
txn_002338,cust_002097,910.68,netbanking,91,9,7,0.7778,1,False,bank_decline,0.63556,0,retry,retry,True,[],[],Current
txn_003644,cust_002469,1336.87,netbanking,1121,26,19,0.7308,1,False,bank_decline,0.62616,1,retry,retry,True,[],[],Current
txn_007738,cust_000367,1673.59,wallet,398,4,4,1.0,2,False,bank_decline,0.6,0,retry,retry,True,[],[],Current
txn_005517,cust_002748,731.72,wallet,728,17,14,0.8235,4,False,bank_decline,0.30469999999999997,0,retry,payment_link,True,[],"[{'action': 'retry', 'reasons': ['maximum_retry_attempts_exceeded']}]",Current
txn_005247,cust_002679,638.25,wallet,172,19,14,0.7368,2,False,bank_decline,0.54736,0,retry,retry,True,[],[],Current
txn_000867,cust_002928,624.47,netbanking,664,8,6,0.75,2,False,authentication_failed,0.5700000000000001,1,payment_link,payment_link,True,[],[],Current
txn_004448,cust_000375,2326.67,card,401,25,22,0.88,4,False,gateway_error,0.256,1,retry,reminder,True,[],"[{'action': 'retry', 'reasons': ['maximum_retry_attempts_exceeded']}]",Current
txn_005072,cust_002932,943.95,upi,1175,22,15,0.6818,4,False,network_error,0.24635999999999997,1,retry,payment_link,True,[],"[{'action': 'retry', 'reasons': ['maximum_retry_attempts_exceeded']}]",Current
txn_004882,cust_000077,1110.35,wallet,1343,18,11,0.6111,1,False,network_error,0.7722199999999999,1,retry,retry,True,[],[],Current
txn_009511,cust_001419,763.52,netbanking,1099,20,16,0.8,4,False,expired_card,0.5700000000000001,1,payment_link,payment_link,True,[],[],Current
txn_003003,cust_002141,951.09,card,1165,20,18,0.9,2,False,bank_decline,0.58,1,retry,retry,True,[],[],Current
txn_002226,cust_002332,305.48,upi,719,3,3,1.0,2,False,insufficient_balance,0.6,1,reminder,reminder,True,[],[],Current
txn_009057,cust_002639,1462.88,card,1320,17,9,0.5294,4,False,gateway_error,0.21588000000000002,0,retry,payment_link,True,[],"[{'action': 'retry', 'reasons': ['maximum_retry_attempts_exceeded']}]",Current
txn_004827,cust_002265,467.72,netbanking,386,24,17,0.7083,2,False,gateway_error,0.66166,0,retry,retry,True,[],[],Current
txn_007622,cust_001962,1579.18,card,972,19,15,0.7895,1,False,bank_decline,0.6378999999999999,1,retry,retry,True,[],[],Current
txn_009690,cust_001479,2135.67,card,282,1,1,1.0,1,False,gateway_error,0.8,1,retry,retry,True,[],[],Current
txn_005501,cust_000908,835.6,netbanking,135,23,17,0.7391,4,False,network_error,0.25782,0,retry,payment_link,True,[],"[{'action': 'retry', 'reasons': ['maximum_retry_attempts_exceeded']}]",Current
txn_009701,cust_002904,881.5,wallet,756,0,0,0.0,3,True,insufficient_balance,0.26999999999999996,0,reminder,reminder,True,[],[],Current
txn_008479,cust_002371,2468.5,wallet,13,15,9,0.6,4,False,bank_decline,0.26,0,retry,payment_link,True,[],"[{'action': 'retry', 'reasons': ['maximum_retry_attempts_exceeded']}]",Current
txn_005503,cust_002360,743.47,upi,516,10,8,0.8,2,False,bank_decline,0.56,0,retry,retry,True,[],[],Current
txn_001211,cust_002470,710.58,wallet,725,1,0,0.0,2,False,bank_decline,0.26999999999999996,0,reminder,reminder,True,[],[],Current
txn_009084,cust_002111,1005.37,card,356,26,18,0.6923,1,False,bank_decline,0.61846,1,retry,retry,True,[],[],Current
txn_002289,cust_000921,3218.69,wallet,791,4,4,1.0,1,False,insufficient_balance,0.6799999999999999,1,reminder,reminder,True,[],[],Current
txn_002184,cust_002839,1399.27,card,1199,23,16,0.6957,3,False,expired_card,0.6291399999999999,1,payment_link,payment_link,True,[],[],Current
txn_002863,cust_001321,1068.13,wallet,403,9,7,0.7778,4,False,expired_card,0.5655600000000001,0,payment_link,payment_link,True,[],[],Current
txn_006862,cust_001816,418.64,upi,29,10,7,0.7,3,False,gateway_error,0.32999999999999996,0,retry,payment_link,True,[],"[{'action': 'retry', 'reasons': ['maximum_retry_attempts_exceeded']}]",Current
txn_002363,cust_002748,449.2,upi,491,9,5,0.5556,1,False,insufficient_balance,0.59112,1,reminder,reminder,True,[],[],Current
txn_008464,cust_003022,942.18,card,837,11,5,0.4545,3,False,bank_decline,0.31090000000000007,0,retry,payment_link,True,[],"[{'action': 'retry', 'reasons': ['maximum_retry_attempts_exceeded']}]",Current
txn_006333,cust_001014,1704.89,upi,523,27,20,0.7407,3,False,authentication_failed,0.43814,1,reminder,reminder,True,[],[],Current
txn_004065,cust_002079,790.01,card,479,26,19,0.7308,3,False,gateway_error,0.30616,1,retry,reminder,True,[],"[{'action': 'retry', 'reasons': ['maximum_retry_attempts_exceeded']}]",Current
txn_009547,cust_001629,458.02,upi,189,15,10,0.6667,4,False,gateway_error,0.21333999999999997,1,retry,reminder,True,[],"[{'action': 'retry', 'reasons': ['maximum_retry_attempts_exceeded']}]",Current
txn_000618,cust_002041,183.18,card,1196,4,4,1.0,1,False,insufficient_balance,0.6799999999999999,1,reminder,reminder,True,[],[],Current
txn_003282,cust_002763,2545.8,wallet,1344,8,6,0.75,2,False,network_error,0.7200000000000001,0,retry,retry,True,[],[],Current
txn_005227,cust_001173,3161.58,card,783,20,15,0.75,3,False,network_error,0.33999999999999997,0,retry,payment_link,True,[],"[{'action': 'retry', 'reasons': ['maximum_retry_attempts_exceeded']}]",Current
txn_003398,cust_001791,7421.29,card,1146,9,6,0.6667,3,False,expired_card,0.6233399999999999,0,payment_link,payment_link,True,[],[],Current
txn_003066,cust_001012,1018.04,netbanking,814,19,16,0.8421,3,False,bank_decline,0.35841999999999996,0,retry,reminder,True,[],"[{'action': 'retry', 'reasons': ['maximum_retry_attempts_exceeded']}]",Current
txn_000767,cust_001710,848.04,card,476,20,15,0.75,4,False,insufficient_balance,0.39,1,payment_link,reminder,True,[],"[{'action': 'payment_link', 'reasons': ['payment_link_not_preferred_for_insufficient_balance']}, {'action': 'retry', 'reasons': ['maximum_retry_attempts_exceeded']}]",Current
txn_007079,cust_003000,3763.43,card,1180,6,0,0.0,1,False,authentication_failed,0.5,1,payment_link,payment_link,True,[],[],Current
txn_005280,cust_000942,1561.66,upi,1333,8,4,0.5,2,False,expired_card,0.67,0,payment_link,payment_link,True,[],[],Current
txn_004150,cust_002095,1128.68,card,736,20,12,0.6,1,False,expired_card,0.77,1,payment_link,payment_link,True,[],[],Current
txn_001145,cust_002447,383.77,netbanking,243,9,5,0.5556,3,False,gateway_error,0.30111999999999994,0,retry,payment_link,True,[],"[{'action': 'retry', 'reasons': ['maximum_retry_attempts_exceeded']}]",Current
txn_004249,cust_003245,2127.63,netbanking,318,2,2,1.0,3,False,bank_decline,0.41999999999999993,1,retry,payment_link,True,[],"[{'action': 'retry', 'reasons': ['maximum_retry_attempts_exceeded']}]",Current
txn_004111,cust_000402,3249.8,upi,1012,17,15,0.8824,4,False,network_error,0.28648000000000007,0,retry,payment_link,True,[],"[{'action': 'retry', 'reasons': ['maximum_retry_attempts_exceeded']}]",Current
txn_000463,cust_001106,122.53,upi,1118,2,1,0.5,1,False,authentication_failed,0.55,0,reminder,reminder,True,[],[],Current
txn_002933,cust_001982,1862.52,card,273,28,19,0.6786,1,False,network_error,0.78572,1,retry,retry,True,[],[],Current
txn_004624,cust_000328,712.87,netbanking,667,24,21,0.875,4,False,bank_decline,0.31499999999999995,1,retry,payment_link,True,[],"[{'action': 'retry', 'reasons': ['maximum_retry_attempts_exceeded']}]",Current
txn_003814,cust_002374,575.68,wallet,1322,16,13,0.8125,3,False,bank_decline,0.35250000000000004,0,retry,reminder,True,[],"[{'action': 'retry', 'reasons': ['maximum_retry_attempts_exceeded']}]",Current
txn_006309,cust_000238,795.73,netbanking,806,23,14,0.6087,2,False,gateway_error,0.6417400000000001,1,retry,retry,True,[],[],Current
txn_004342,cust_000112,967.95,wallet,1192,9,6,0.6667,1,False,bank_decline,0.61334,1,retry,retry,True,[],[],Current
txn_005301,cust_001712,456.43,wallet,356,1,1,1.0,4,False,gateway_error,0.31000000000000005,0,retry,payment_link,True,[],"[{'action': 'retry', 'reasons': ['maximum_retry_attempts_exceeded']}]",Current
txn_006805,cust_001349,357.76,wallet,520,12,9,0.75,3,False,insufficient_balance,0.47,1,reminder,reminder,True,[],[],Current
txn_003283,cust_000900,2734.24,wallet,175,15,13,0.8667,4,False,expired_card,0.58334,0,payment_link,payment_link,True,[],[],Current
txn_002575,cust_003063,787.97,card,1403,23,20,0.8696,2,False,bank_decline,0.5739200000000001,0,retry,retry,True,[],[],Current
txn_007962,cust_001350,1119.62,card,1141,14,10,0.7143,2,False,insufficient_balance,0.54286,1,reminder,reminder,True,[],[],Current
txn_007880,cust_001654,1380.39,card,1074,3,3,1.0,3,False,insufficient_balance,0.5199999999999999,0,reminder,reminder,True,[],[],Current
txn_000829,cust_001955,2549.43,card,975,15,12,0.8,3,False,expired_card,0.65,1,payment_link,payment_link,True,[],[],Current
txn_006487,cust_001063,770.81,netbanking,1420,3,3,1.0,2,False,bank_decline,0.6,1,retry,retry,True,[],[],Current
txn_007600,cust_000598,252.0,wallet,484,20,16,0.8,3,False,bank_decline,0.35,0,retry,reminder,True,[],"[{'action': 'retry', 'reasons': ['maximum_retry_attempts_exceeded']}]",Current
txn_002541,cust_002895,3139.56,card,1112,10,6,0.6,2,False,gateway_error,0.64,0,retry,retry,True,[],[],Current
txn_005747,cust_000823,1690.62,upi,273,20,16,0.8,3,False,gateway_error,0.32000000000000006,1,retry,reminder,True,[],"[{'action': 'retry', 'reasons': ['maximum_retry_attempts_exceeded']}]",Current
txn_008527,cust_001251,903.01,card,879,15,13,0.8667,1,False,gateway_error,0.7733399999999999,1,retry,retry,True,[],[],Current
txn_009567,cust_000225,1365.76,upi,650,4,3,0.75,2,False,gateway_error,0.67,1,retry,retry,True,[],[],Current
txn_003743,cust_001197,619.22,card,1281,12,11,0.9167,1,False,expired_card,0.83334,1,payment_link,payment_link,True,[],[],Current
txn_007499,cust_000286,698.88,netbanking,907,10,8,0.8,2,False,gateway_error,0.68,1,retry,retry,True,[],[],Current
txn_003525,cust_002258,706.83,netbanking,837,17,13,0.7647,2,False,network_error,0.72294,1,retry,retry,True,[],[],Current
txn_000021,cust_000505,657.34,upi,1387,29,23,0.7931,3,False,authentication_failed,0.49861999999999995,0,payment_link,payment_link,True,[],[],Current
txn_001916,cust_002126,1228.59,wallet,1320,0,0,0.0,4,True,bank_decline,0.09000000000000001,0,retry,payment_link,True,[],"[{'action': 'retry', 'reasons': ['maximum_retry_attempts_exceeded']}]",Current
txn_006572,cust_002975,1032.59,upi,1485,17,10,0.5882,3,False,insufficient_balance,0.4376399999999999,1,reminder,reminder,True,[],[],Current
txn_009019,cust_003116,2162.08,upi,1388,21,16,0.7619,2,False,authentication_failed,0.57238,1,payment_link,payment_link,True,[],[],Current
txn_002013,cust_000206,4402.29,card,1168,13,9,0.6923,3,False,gateway_error,0.29845999999999995,0,retry,reminder,True,[],"[{'action': 'retry', 'reasons': ['maximum_retry_attempts_exceeded']}]",Current
txn_005406,cust_003197,2557.67,netbanking,1212,3,2,0.6667,3,False,insufficient_balance,0.45333999999999997,0,reminder,reminder,True,[],[],Current
txn_001296,cust_001668,1165.19,netbanking,1026,20,14,0.7,1,False,authentication_failed,0.59,0,reminder,reminder,True,[],[],Current
txn_003746,cust_000822,3100.79,netbanking,659,20,10,0.5,3,False,bank_decline,0.32000000000000006,0,retry,payment_link,True,[],"[{'action': 'retry', 'reasons': ['maximum_retry_attempts_exceeded']}]",Current
txn_000592,cust_002275,875.13,netbanking,1141,23,19,0.8261,2,False,authentication_failed,0.58522,0,payment_link,payment_link,True,[],[],Current
txn_001407,cust_000118,1654.44,upi,1437,20,15,0.75,2,False,insufficient_balance,0.55,0,reminder,reminder,True,[],[],Current
txn_000222,cust_000512,355.01,wallet,61,7,7,1.0,2,False,bank_decline,0.6,1,retry,retry,True,[],[],Current
txn_005618,cust_003042,792.86,netbanking,663,28,23,0.8214,1,False,bank_decline,0.64428,1,retry,retry,True,[],[],Current
txn_006249,cust_001707,1234.34,card,43,17,13,0.7647,3,False,authentication_failed,0.49294000000000004,0,payment_link,payment_link,True,[],[],Current
txn_004419,cust_001330,2179.33,card,1080,3,2,0.6667,1,False,gateway_error,0.7333399999999999,1,retry,retry,True,[],[],Current
txn_000859,cust_001156,639.24,netbanking,291,17,15,0.8824,4,False,bank_decline,0.31648,0,retry,payment_link,True,[],"[{'action': 'retry', 'reasons': ['maximum_retry_attempts_exceeded']}]",Current
txn_001784,cust_001472,311.69,netbanking,447,25,19,0.76,1,False,bank_decline,0.632,0,retry,retry,True,[],[],Current
txn_007260,cust_003117,1139.31,card,1312,7,4,0.5714,2,False,bank_decline,0.51428,1,retry,retry,True,[],[],Current
txn_006857,cust_003265,2043.74,upi,470,21,15,0.7143,4,False,insufficient_balance,0.38286,0,reminder,reminder,True,[],[],Current
txn_001955,cust_003308,2162.39,upi,1337,23,14,0.6087,2,False,bank_decline,0.52174,1,retry,retry,True,[],[],Current
txn_001747,cust_000327,1546.74,upi,503,26,17,0.6538,3,False,bank_decline,0.35075999999999996,1,retry,payment_link,True,[],"[{'action': 'retry', 'reasons': ['maximum_retry_attempts_exceeded']}]",Current
txn_003133,cust_000119,212.86,netbanking,573,15,12,0.8,4,False,gateway_error,0.27,0,retry,payment_link,True,[],"[{'action': 'retry', 'reasons': ['maximum_retry_attempts_exceeded']}]",Current
txn_008037,cust_001839,1530.38,upi,7,11,7,0.6364,2,False,gateway_error,0.64728,1,retry,retry,True,[],[],Current
txn_008851,cust_001267,1220.58,netbanking,160,9,8,0.8889,4,False,bank_decline,0.31777999999999995,0,retry,payment_link,True,[],"[{'action': 'retry', 'reasons': ['maximum_retry_attempts_exceeded']}]",Current
txn_000995,cust_000532,438.7,netbanking,708,2,2,1.0,3,False,authentication_failed,0.49,0,reminder,reminder,True,[],[],Current
txn_006109,cust_001576,1083.44,upi,1430,0,0,0.0,1,True,authentication_failed,0.45,0,payment_link,payment_link,True,[],[],Current
txn_000731,cust_001838,1060.47,upi,957,17,14,0.8235,1,False,expired_card,0.8147,1,payment_link,payment_link,True,[],[],Current
txn_006975,cust_003060,492.58,card,1496,26,17,0.6538,2,False,bank_decline,0.53076,1,retry,retry,True,[],[],Current
txn_006274,cust_003106,689.56,upi,282,26,21,0.8077,2,False,insufficient_balance,0.56154,1,reminder,reminder,True,[],[],Current
txn_006752,cust_000318,3758.27,wallet,1245,23,15,0.6522,3,False,network_error,0.32043999999999995,1,retry,payment_link,True,[],"[{'action': 'retry', 'reasons': ['maximum_retry_attempts_exceeded']}]",Current
txn_003510,cust_001488,515.52,card,436,20,16,0.8,4,False,bank_decline,0.30000000000000004,0,retry,payment_link,True,[],"[{'action': 'retry', 'reasons': ['maximum_retry_attempts_exceeded']}]",Current
txn_003534,cust_001783,1600.18,netbanking,936,8,6,0.75,1,False,insufficient_balance,0.63,1,reminder,reminder,True,[],[],Current
txn_002514,cust_002532,3072.17,netbanking,113,12,7,0.5833,4,False,network_error,0.22666000000000003,1,retry,payment_link,True,[],"[{'action': 'retry', 'reasons': ['maximum_retry_attempts_exceeded']}]",Current
txn_005437,cust_002735,802.59,upi,454,28,21,0.75,1,False,insufficient_balance,0.63,0,payment_link,reminder,True,[],"[{'action': 'payment_link', 'reasons': ['payment_link_not_preferred_for_insufficient_balance']}]",Current
txn_003626,cust_002583,1169.59,netbanking,1194,11,6,0.5455,1,False,expired_card,0.7591,1,payment_link,payment_link,True,[],[],Current
txn_000466,cust_000471,199.83,netbanking,169,17,14,0.8235,2,False,insufficient_balance,0.5647000000000001,1,reminder,reminder,True,[],[],Current
txn_006756,cust_001095,683.74,upi,1173,5,4,0.8,4,False,gateway_error,0.27,1,retry,payment_link,True,[],"[{'action': 'retry', 'reasons': ['maximum_retry_attempts_exceeded']}]",Current
txn_006760,cust_002780,1157.6,upi,1003,8,6,0.75,4,False,bank_decline,0.29000000000000004,0,retry,payment_link,True,[],"[{'action': 'retry', 'reasons': ['maximum_retry_attempts_exceeded']}]",Current
txn_007992,cust_001298,2344.53,upi,1136,29,21,0.7241,4,False,bank_decline,0.28481999999999996,0,retry,payment_link,True,[],"[{'action': 'retry', 'reasons': ['maximum_retry_attempts_exceeded']}]",Current
txn_000158,cust_003159,860.84,wallet,1126,19,15,0.7895,2,False,insufficient_balance,0.5579,1,reminder,reminder,True,[],[],Current
txn_003961,cust_000455,439.59,card,1065,1,1,1.0,4,False,bank_decline,0.33999999999999997,0,retry,payment_link,True,[],"[{'action': 'retry', 'reasons': ['maximum_retry_attempts_exceeded']}]",Current
txn_008833,cust_002247,1530.62,netbanking,1271,25,21,0.84,2,False,network_error,0.738,0,retry,retry,True,[],[],Current
txn_005471,cust_000759,1007.05,upi,186,0,0,0.0,3,True,bank_decline,0.13999999999999996,0,reminder,reminder,True,[],[],Current
txn_000186,cust_001621,788.87,netbanking,796,1,1,1.0,2,False,insufficient_balance,0.6,1,reminder,reminder,True,[],[],Current
txn_001003,cust_000688,576.17,netbanking,883,26,18,0.6923,3,False,bank_decline,0.32846,1,retry,reminder,True,[],"[{'action': 'retry', 'reasons': ['maximum_retry_attempts_exceeded']}]",Current
txn_009509,cust_002988,1285.92,upi,461,25,16,0.64,1,False,bank_decline,0.608,0,retry,retry,True,[],[],Current
txn_005624,cust_003087,900.48,netbanking,1074,1,0,0.0,3,False,bank_decline,0.22,0,retry,payment_link,True,[],"[{'action': 'retry', 'reasons': ['maximum_retry_attempts_exceeded']}]",Current
txn_000401,cust_001541,1519.57,wallet,1001,15,10,0.6667,2,False,bank_decline,0.53334,0,retry,retry,True,[],[],Current
txn_006241,cust_002927,520.26,netbanking,866,22,17,0.7727,3,False,authentication_failed,0.49454,0,payment_link,payment_link,True,[],[],Current
txn_008941,cust_001728,520.48,card,619,1,1,1.0,4,False,insufficient_balance,0.43999999999999995,1,reminder,reminder,True,[],[],Current
txn_009933,cust_000484,2893.68,wallet,959,5,2,0.4,1,False,authentication_failed,0.5800000000000001,0,payment_link,payment_link,True,[],[],Current
txn_007343,cust_002978,1636.63,netbanking,582,6,4,0.6667,4,False,network_error,0.24333999999999995,0,retry,payment_link,True,[],"[{'action': 'retry', 'reasons': ['maximum_retry_attempts_exceeded']}]",Current
txn_009833,cust_003271,276.05,card,781,12,9,0.75,2,False,network_error,0.7200000000000001,0,retry,retry,True,[],[],Current
txn_008467,cust_002978,155.21,netbanking,604,8,8,1.0,3,False,bank_decline,0.41999999999999993,0,retry,payment_link,True,[],"[{'action': 'retry', 'reasons': ['maximum_retry_attempts_exceeded']}]",Current
txn_008757,cust_000472,4954.64,wallet,593,27,20,0.7407,3,False,gateway_error,0.30813999999999997,0,retry,reminder,True,[],"[{'action': 'retry', 'reasons': ['maximum_retry_attempts_exceeded']}]",Current
txn_007959,cust_002668,195.15,upi,700,1,1,1.0,1,False,network_error,0.85,1,retry,retry,True,[],[],Current
txn_001251,cust_001237,1079.21,netbanking,1406,6,5,0.8333,3,False,insufficient_balance,0.48666,0,reminder,reminder,True,[],[],Current
txn_003144,cust_000103,10484.88,wallet,1113,28,17,0.6071,3,False,insufficient_balance,0.44142000000000003,0,reminder,reminder,True,[],[],Current
txn_007431,cust_000691,209.63,upi,1281,27,22,0.8148,3,False,bank_decline,0.35295999999999994,0,retry,reminder,True,[],"[{'action': 'retry', 'reasons': ['maximum_retry_attempts_exceeded']}]",Current
txn_000060,cust_002393,2154.92,wallet,210,11,5,0.4545,1,False,gateway_error,0.6909000000000001,1,retry,retry,True,[],[],Current
txn_007856,cust_000808,1526.83,card,665,14,12,0.8571,4,False,network_error,0.28142,1,retry,payment_link,True,[],"[{'action': 'retry', 'reasons': ['maximum_retry_attempts_exceeded']}]",Current
txn_001114,cust_003296,1365.27,card,356,9,8,0.8889,4,False,insufficient_balance,0.41778000000000004,1,reminder,reminder,True,[],[],Current
txn_003058,cust_002892,3770.34,netbanking,492,5,4,0.8,3,False,authentication_failed,0.5,0,payment_link,payment_link,True,[],[],Current
txn_009570,cust_001756,2447.5,netbanking,1477,14,11,0.7857,2,False,network_error,0.72714,1,retry,retry,True,[],[],Current
txn_001329,cust_002734,527.51,card,1404,5,5,1.0,3,False,authentication_failed,0.5399999999999999,0,payment_link,payment_link,True,[],[],Current
txn_004996,cust_002364,352.95,card,162,8,6,0.75,3,False,insufficient_balance,0.47,1,reminder,reminder,True,[],[],Current
txn_006683,cust_002442,767.54,wallet,1128,11,6,0.5455,2,False,gateway_error,0.6291000000000001,0,retry,retry,True,[],[],Current
txn_002073,cust_002216,318.86,wallet,654,27,19,0.7037,2,False,gateway_error,0.66074,0,retry,retry,True,[],[],Current
txn_004794,cust_002454,825.99,upi,381,9,7,0.7778,2,False,authentication_failed,0.5755600000000001,1,payment_link,payment_link,True,[],[],Current
txn_006830,cust_002846,604.94,upi,581,3,2,0.6667,1,False,gateway_error,0.7333399999999999,0,retry,retry,True,[],[],Current
txn_009630,cust_000490,1267.5,card,473,29,20,0.6897,1,False,insufficient_balance,0.6179399999999999,0,payment_link,reminder,True,[],"[{'action': 'payment_link', 'reasons': ['payment_link_not_preferred_for_insufficient_balance']}]",Current
txn_008219,cust_001049,1452.59,wallet,350,2,1,0.5,2,False,bank_decline,0.5000000000000001,0,retry,retry,True,[],[],Current
txn_007568,cust_002024,394.95,card,1336,9,6,0.6667,1,False,bank_decline,0.61334,1,retry,retry,True,[],[],Current
txn_005923,cust_002446,1695.14,card,1287,17,13,0.7647,2,False,bank_decline,0.5529400000000001,0,retry,retry,True,[],[],Current
txn_001551,cust_002655,381.05,upi,260,19,15,0.7895,1,False,expired_card,0.8079,0,payment_link,payment_link,True,[],[],Current
txn_001010,cust_002847,713.8,wallet,1204,4,3,0.75,2,False,bank_decline,0.55,0,retry,retry,True,[],[],Current
txn_003756,cust_003258,2203.77,netbanking,1441,1,0,0.0,1,False,bank_decline,0.48,0,retry,retry,True,[],[],Current
txn_008682,cust_001773,955.23,netbanking,1172,2,1,0.5,1,False,gateway_error,0.7,0,retry,retry,True,[],[],Current
txn_009343,cust_002927,1440.98,wallet,1384,21,14,0.6667,4,False,gateway_error,0.24333999999999995,0,retry,payment_link,True,[],"[{'action': 'retry', 'reasons': ['maximum_retry_attempts_exceeded']}]",Current
txn_008010,cust_002490,1274.4,card,220,14,9,0.6429,3,False,bank_decline,0.3485799999999999,0,retry,payment_link,True,[],"[{'action': 'retry', 'reasons': ['maximum_retry_attempts_exceeded']}]",Current
txn_003861,cust_002039,1980.42,netbanking,1188,18,13,0.7222,2,False,network_error,0.71444,1,retry,retry,True,[],[],Current
txn_003149,cust_002835,2038.3,card,1240,1,1,1.0,4,False,gateway_error,0.31000000000000005,0,retry,payment_link,True,[],"[{'action': 'retry', 'reasons': ['maximum_retry_attempts_exceeded']}]",Current
txn_002520,cust_002072,2625.44,netbanking,198,9,9,1.0,2,False,bank_decline,0.6,1,retry,retry,True,[],[],Current
txn_003128,cust_000192,489.6,wallet,105,16,11,0.6875,3,False,authentication_failed,0.4275,1,reminder,reminder,True,[],[],Current
txn_009085,cust_000119,4712.97,upi,462,2,1,0.5,1,False,bank_decline,0.5800000000000001,0,retry,retry,True,[],[],Current
txn_005317,cust_000998,856.2,upi,1311,6,5,0.8333,3,False,bank_decline,0.35666,1,retry,reminder,True,[],"[{'action': 'retry', 'reasons': ['maximum_retry_attempts_exceeded']}]",Current
txn_001196,cust_001172,1708.74,card,435,10,7,0.7,4,False,gateway_error,0.24999999999999994,0,retry,payment_link,True,[],"[{'action': 'retry', 'reasons': ['maximum_retry_attempts_exceeded']}]",Current
txn_009051,cust_002173,1160.67,wallet,575,26,21,0.8077,3,False,gateway_error,0.32154000000000005,0,retry,reminder,True,[],"[{'action': 'retry', 'reasons': ['maximum_retry_attempts_exceeded']}]",Current
txn_000880,cust_002798,1282.73,wallet,134,12,7,0.5833,2,False,bank_decline,0.51666,0,retry,retry,True,[],[],Current
txn_006990,cust_002975,1981.72,netbanking,1200,14,12,0.8571,4,False,expired_card,0.58142,0,payment_link,payment_link,True,[],[],Current
txn_002488,cust_002903,1853.08,upi,950,12,8,0.6667,1,False,bank_decline,0.61334,1,retry,retry,True,[],[],Current
txn_002841,cust_000090,2665.2,netbanking,1405,18,13,0.7222,4,False,network_error,0.25443999999999994,0,retry,payment_link,True,[],"[{'action': 'retry', 'reasons': ['maximum_retry_attempts_exceeded']}]",Current
txn_004330,cust_002933,781.27,netbanking,151,6,3,0.5,4,False,insufficient_balance,0.3400000000000001,1,reminder,reminder,True,[],[],Current
txn_002931,cust_002988,719.08,netbanking,1155,15,11,0.7333,4,False,bank_decline,0.2866599999999999,0,retry,payment_link,True,[],"[{'action': 'retry', 'reasons': ['maximum_retry_attempts_exceeded']}]",Current
txn_006425,cust_001788,493.11,netbanking,1058,9,8,0.8889,3,False,gateway_error,0.36778,0,retry,payment_link,True,[],"[{'action': 'retry', 'reasons': ['maximum_retry_attempts_exceeded']}]",Current
txn_002486,cust_000627,1192.77,wallet,1003,28,25,0.8929,4,False,authentication_failed,0.38858000000000004,0,reminder,reminder,True,[],[],Current
txn_005748,cust_001131,682.67,card,460,4,4,1.0,4,False,authentication_failed,0.45999999999999996,1,payment_link,payment_link,True,[],[],Current
txn_000884,cust_002986,1416.91,upi,890,26,19,0.7308,4,False,bank_decline,0.28615999999999997,1,retry,payment_link,True,[],"[{'action': 'retry', 'reasons': ['maximum_retry_attempts_exceeded']}]",Current
txn_004915,cust_001474,576.57,wallet,14,24,21,0.875,1,False,insufficient_balance,0.525,0,retry,retry,True,[],[],Current
txn_006211,cust_000242,3962.77,netbanking,1273,24,16,0.6667,1,False,gateway_error,0.7333399999999999,1,retry,retry,True,[],[],Current
txn_009579,cust_003312,910.15,upi,114,29,21,0.7241,3,False,bank_decline,0.33482,0,retry,reminder,True,[],"[{'action': 'retry', 'reasons': ['maximum_retry_attempts_exceeded']}]",Current
txn_000212,cust_002905,4854.18,wallet,368,2,1,0.5,4,False,authentication_failed,0.3600000000000001,1,payment_link,payment_link,True,[],[],Current
txn_002276,cust_003092,1265.13,card,976,10,6,0.6,2,False,expired_card,0.6900000000000001,1,payment_link,payment_link,True,[],[],Current
txn_002329,cust_001725,4200.2,netbanking,1243,1,1,1.0,1,False,insufficient_balance,0.6799999999999999,0,reminder,reminder,True,[],[],Current
txn_004951,cust_002145,1443.09,wallet,1144,7,6,0.8571,4,False,network_error,0.28142,1,retry,payment_link,True,[],"[{'action': 'retry', 'reasons': ['maximum_retry_attempts_exceeded']}]",Current
txn_003320,cust_002178,515.32,wallet,1217,29,20,0.6897,4,False,network_error,0.24794,0,retry,payment_link,True,[],"[{'action': 'retry', 'reasons': ['maximum_retry_attempts_exceeded']}]",Current
txn_009835,cust_000229,1112.62,wallet,809,28,23,0.8214,1,False,expired_card,0.81428,0,payment_link,payment_link,True,[],[],Current
txn_004608,cust_002561,1107.57,card,724,29,21,0.7241,1,False,network_error,0.79482,1,retry,retry,True,[],[],Current
txn_001439,cust_001400,1526.81,wallet,568,0,0,0.0,3,True,authentication_failed,0.29,0,payment_link,payment_link,True,[],[],Current
txn_000468,cust_000615,635.69,wallet,1076,18,18,1.0,2,False,authentication_failed,0.5700000000000001,1,reminder,reminder,True,[],[],Current
txn_005467,cust_002714,1131.34,card,898,12,6,0.5,1,False,authentication_failed,0.6000000000000001,0,payment_link,payment_link,True,[],[],Current
txn_003330,cust_001387,477.57,upi,544,25,19,0.76,2,False,insufficient_balance,0.552,0,reminder,reminder,True,[],[],Current
txn_005829,cust_002210,291.84,upi,1157,10,6,0.6,3,False,bank_decline,0.33999999999999997,0,retry,payment_link,True,[],"[{'action': 'retry', 'reasons': ['maximum_retry_attempts_exceeded']}]",Current
txn_008608,cust_002139,1914.5,netbanking,1354,26,19,0.7308,1,False,authentication_failed,0.6461600000000001,1,payment_link,payment_link,True,[],[],Current
txn_000697,cust_003091,600.87,netbanking,1145,29,25,0.8621,1,False,insufficient_balance,0.65242,1,payment_link,reminder,True,[],"[{'action': 'payment_link', 'reasons': ['payment_link_not_preferred_for_insufficient_balance']}]",Current
txn_007268,cust_003099,1369.71,netbanking,1093,28,20,0.7143,3,False,authentication_failed,0.43286,0,reminder,reminder,True,[],[],Current
txn_009145,cust_002548,4696.48,upi,107,7,5,0.7143,4,False,insufficient_balance,0.38286,1,payment_link,reminder,True,[],"[{'action': 'payment_link', 'reasons': ['payment_link_not_preferred_for_insufficient_balance']}]",Current
txn_008181,cust_001445,1137.27,wallet,268,22,17,0.7727,1,False,gateway_error,0.75454,1,retry,retry,True,[],[],Current
txn_009939,cust_000229,722.07,upi,526,15,12,0.8,4,False,authentication_failed,0.42000000000000004,1,payment_link,payment_link,True,[],[],Current
txn_001315,cust_002114,907.74,netbanking,963,12,10,0.8333,1,False,gateway_error,0.76666,0,retry,retry,True,[],[],Current
txn_002302,cust_002240,1036.73,wallet,38,7,7,1.0,1,False,network_error,0.85,1,retry,retry,True,[],[],Current
txn_002040,cust_002184,899.96,netbanking,983,16,11,0.6875,2,False,bank_decline,0.5375,0,retry,retry,True,[],[],Current
txn_007109,cust_001064,1297.35,upi,1265,28,19,0.6786,1,False,network_error,0.78572,1,retry,retry,True,[],[],Current
txn_003667,cust_000094,2006.18,netbanking,403,23,15,0.6522,1,False,insufficient_balance,0.61044,1,reminder,reminder,True,[],[],Current
txn_000915,cust_003218,6755.6,card,829,0,0,0.0,1,True,insufficient_balance,0.43,0,payment_link,reminder,True,[],"[{'action': 'payment_link', 'reasons': ['payment_link_not_preferred_for_insufficient_balance']}]",Current
txn_000013,cust_001115,779.15,netbanking,1176,29,22,0.7586,3,False,expired_card,0.64172,1,payment_link,payment_link,True,[],[],Current
txn_008584,cust_000151,1212.98,netbanking,765,5,4,0.8,3,False,insufficient_balance,0.48,0,reminder,reminder,True,[],[],Current
txn_006428,cust_002586,2467.14,upi,90,11,8,0.7273,1,False,authentication_failed,0.6454599999999999,1,payment_link,payment_link,True,[],[],Current
txn_001537,cust_000639,413.52,netbanking,24,16,13,0.8125,1,False,authentication_failed,0.6125,0,reminder,reminder,True,[],[],Current
txn_000737,cust_003077,514.94,upi,123,22,16,0.7273,2,False,insufficient_balance,0.54546,0,reminder,reminder,True,[],[],Current
txn_008202,cust_002195,1085.16,wallet,632,7,6,0.8571,1,False,bank_decline,0.65142,1,retry,retry,True,[],[],Current
txn_008653,cust_001251,292.03,upi,485,9,5,0.5556,3,False,bank_decline,0.30111999999999994,0,retry,reminder,True,[],"[{'action': 'retry', 'reasons': ['maximum_retry_attempts_exceeded']}]",Current
txn_000454,cust_002661,1505.87,card,1116,12,10,0.8333,3,False,gateway_error,0.32666000000000006,1,retry,reminder,True,[],"[{'action': 'retry', 'reasons': ['maximum_retry_attempts_exceeded']}]",Current
txn_004346,cust_000254,295.45,card,1145,12,10,0.8333,2,False,insufficient_balance,0.56666,0,reminder,reminder,True,[],[],Current
txn_000928,cust_002978,3056.37,wallet,1055,28,16,0.5714,3,False,bank_decline,0.33428,0,retry,payment_link,True,[],"[{'action': 'retry', 'reasons': ['maximum_retry_attempts_exceeded']}]",Current
txn_006292,cust_002958,1656.7,netbanking,1493,28,18,0.6429,1,False,bank_decline,0.6085799999999999,0,retry,retry,True,[],[],Current
txn_008282,cust_000051,1023.07,upi,657,18,12,0.6667,1,False,bank_decline,0.61334,1,retry,retry,True,[],[],Current
txn_008723,cust_000919,1159.86,card,477,4,2,0.5,1,False,gateway_error,0.7,1,retry,retry,True,[],[],Current
txn_006474,cust_000472,380.57,card,930,2,2,1.0,1,False,authentication_failed,0.65,1,reminder,reminder,True,[],[],Current
txn_000038,cust_002020,649.81,wallet,695,6,5,0.8333,4,False,gateway_error,0.27666,1,retry,payment_link,True,[],"[{'action': 'retry', 'reasons': ['maximum_retry_attempts_exceeded']}]",Current
txn_005771,cust_002544,787.55,upi,1137,2,0,0.0,3,False,authentication_failed,0.2899999999999999,1,reminder,reminder,True,[],[],Current
txn_002555,cust_000267,992.29,netbanking,82,18,12,0.6667,3,False,authentication_failed,0.47334,1,payment_link,payment_link,True,[],[],Current
txn_007633,cust_000815,1590.86,netbanking,674,7,6,0.8571,3,False,bank_decline,0.39142,0,retry,payment_link,True,[],"[{'action': 'retry', 'reasons': ['maximum_retry_attempts_exceeded']}]",Current
txn_009999,cust_002330,389.58,wallet,775,0,0,0.0,4,True,expired_card,0.35999999999999993,1,payment_link,payment_link,True,[],[],Current
txn_006621,cust_002239,2226.64,upi,813,9,8,0.8889,3,False,gateway_error,0.36778,1,retry,payment_link,True,[],"[{'action': 'retry', 'reasons': ['maximum_retry_attempts_exceeded']}]",Current
txn_000941,cust_000144,344.23,upi,1252,21,12,0.5714,2,False,gateway_error,0.6342800000000001,0,retry,retry,True,[],[],Current
txn_007399,cust_000420,801.24,wallet,942,2,1,0.5,4,False,bank_decline,0.24000000000000005,0,retry,payment_link,True,[],"[{'action': 'retry', 'reasons': ['maximum_retry_attempts_exceeded']}]",Current
txn_006129,cust_002267,1239.13,upi,762,7,4,0.5714,3,False,bank_decline,0.33428,0,retry,payment_link,True,[],"[{'action': 'retry', 'reasons': ['maximum_retry_attempts_exceeded']}]",Current
txn_009830,cust_002760,587.27,wallet,930,18,15,0.8333,3,False,network_error,0.35666,0,retry,payment_link,True,[],"[{'action': 'retry', 'reasons': ['maximum_retry_attempts_exceeded']}]",Current
txn_002681,cust_001065,871.53,card,71,4,3,0.75,3,False,authentication_failed,0.49,0,payment_link,payment_link,True,[],[],Current
txn_004355,cust_002638,100.0,card,701,16,13,0.8125,4,False,insufficient_balance,0.4025000000000001,0,reminder,reminder,True,[],[],Current
txn_003059,cust_001286,1172.17,wallet,456,13,9,0.6923,4,False,gateway_error,0.24845999999999996,0,retry,payment_link,True,[],"[{'action': 'retry', 'reasons': ['maximum_retry_attempts_exceeded']}]",Current
txn_007881,cust_001729,450.98,upi,774,18,14,0.7778,1,False,authentication_failed,0.65556,0,payment_link,payment_link,True,[],[],Current
txn_000739,cust_000778,767.47,upi,737,24,19,0.7917,1,False,gateway_error,0.75834,1,retry,retry,True,[],[],Current
txn_000539,cust_003002,1216.25,netbanking,1224,6,4,0.6667,3,False,insufficient_balance,0.45333999999999997,1,reminder,reminder,True,[],[],Current
txn_003326,cust_002463,1650.76,card,792,3,3,1.0,1,False,authentication_failed,0.65,1,reminder,reminder,True,[],[],Current
txn_004240,cust_003042,1594.89,card,57,3,3,1.0,3,False,authentication_failed,0.49,1,reminder,reminder,True,[],[],Current
txn_001401,cust_000116,1352.08,netbanking,1230,0,0,0.0,3,True,insufficient_balance,0.26999999999999996,0,reminder,reminder,True,[],[],Current
txn_004047,cust_001546,1825.34,wallet,1466,29,25,0.8621,1,False,gateway_error,0.77242,1,retry,retry,True,[],[],Current
txn_005138,cust_000353,6283.37,netbanking,700,10,7,0.7,1,False,authentication_failed,0.6399999999999999,1,payment_link,payment_link,True,[],[],Current
txn_004230,cust_002934,2235.39,card,153,11,6,0.5455,4,False,network_error,0.21910000000000002,0,retry,payment_link,True,[],"[{'action': 'retry', 'reasons': ['maximum_retry_attempts_exceeded']}]",Current
txn_004192,cust_002096,2689.05,upi,614,10,6,0.6,1,False,network_error,0.77,0,retry,retry,True,[],[],Current
txn_009143,cust_000236,1071.7,wallet,1048,10,8,0.8,3,False,insufficient_balance,0.48,1,reminder,reminder,True,[],[],Current
txn_005539,cust_000780,395.36,wallet,1052,22,17,0.7727,3,False,expired_card,0.64454,0,payment_link,payment_link,True,[],[],Current
txn_002693,cust_000685,824.33,upi,347,23,17,0.7391,3,False,bank_decline,0.33782,0,retry,reminder,True,[],"[{'action': 'retry', 'reasons': ['maximum_retry_attempts_exceeded']}]",Current
txn_005341,cust_001216,1124.25,netbanking,829,23,18,0.7826,3,False,network_error,0.34651999999999994,1,retry,payment_link,True,[],"[{'action': 'retry', 'reasons': ['maximum_retry_attempts_exceeded']}]",Current
txn_009918,cust_003326,966.93,upi,676,8,7,0.875,3,False,authentication_failed,0.515,0,payment_link,payment_link,True,[],[],Current
txn_007671,cust_001054,2271.79,netbanking,852,21,17,0.8095,4,False,bank_decline,0.30189999999999995,0,retry,payment_link,True,[],"[{'action': 'retry', 'reasons': ['maximum_retry_attempts_exceeded']}]",Current
txn_009174,cust_002661,2591.09,netbanking,17,2,2,1.0,1,False,authentication_failed,0.7,1,payment_link,payment_link,True,[],[],Current
txn_001808,cust_001925,1929.78,wallet,1224,9,6,0.6667,1,False,gateway_error,0.7333399999999999,1,retry,retry,True,[],[],Current
txn_005112,cust_001642,957.59,wallet,696,5,4,0.8,1,False,network_error,0.81,0,retry,retry,True,[],[],Current
txn_003990,cust_001673,527.13,wallet,1088,15,14,0.9333,4,False,bank_decline,0.32665999999999995,1,retry,payment_link,True,[],"[{'action': 'retry', 'reasons': ['maximum_retry_attempts_exceeded']}]",Current
txn_003456,cust_001760,367.87,wallet,1100,8,6,0.75,3,False,authentication_failed,0.43999999999999995,0,reminder,reminder,True,[],[],Current
txn_002908,cust_002373,412.8,netbanking,1218,7,4,0.5714,2,False,bank_decline,0.51428,1,retry,retry,True,[],[],Current
txn_006652,cust_001559,464.1,upi,15,7,6,0.8571,1,False,expired_card,0.82142,1,payment_link,payment_link,True,[],[],Current
txn_008288,cust_003233,276.27,netbanking,181,15,15,1.0,1,False,bank_decline,0.6799999999999999,1,retry,retry,True,[],[],Current
txn_006245,cust_001854,854.01,netbanking,656,0,0,0.0,1,True,bank_decline,0.3,0,reminder,reminder,True,[],[],Current
txn_002698,cust_000359,816.64,netbanking,410,27,19,0.7037,2,False,bank_decline,0.5407400000000001,0,retry,retry,True,[],[],Current
txn_004017,cust_000586,837.26,netbanking,891,3,2,0.6667,2,False,authentication_failed,0.55334,1,payment_link,payment_link,True,[],[],Current
txn_004340,cust_001891,851.25,wallet,475,8,5,0.625,2,False,bank_decline,0.525,0,retry,retry,True,[],[],Current
txn_004646,cust_002973,1709.11,card,511,28,17,0.6071,3,False,gateway_error,0.31142000000000003,0,retry,payment_link,True,[],"[{'action': 'retry', 'reasons': ['maximum_retry_attempts_exceeded']}]",Current
txn_007740,cust_001072,420.74,wallet,861,8,4,0.5,4,False,bank_decline,0.24000000000000005,0,retry,payment_link,True,[],"[{'action': 'retry', 'reasons': ['maximum_retry_attempts_exceeded']}]",Current
txn_007092,cust_000985,1295.26,wallet,39,10,6,0.6,2,False,network_error,0.6900000000000001,1,retry,retry,True,[],[],Current
txn_004693,cust_000622,645.33,upi,1145,26,23,0.8846,1,False,bank_decline,0.55692,1,payment_link,payment_link,True,[],[],Current
txn_001740,cust_001359,3803.42,card,1173,4,4,1.0,1,False,insufficient_balance,0.6799999999999999,1,reminder,reminder,True,[],[],Current
txn_005407,cust_000768,1771.67,upi,361,0,0,0.0,1,True,bank_decline,0.3,1,reminder,reminder,True,[],[],Current
txn_004589,cust_003236,908.58,upi,735,5,5,1.0,4,False,gateway_error,0.31000000000000005,1,retry,payment_link,True,[],"[{'action': 'retry', 'reasons': ['maximum_retry_attempts_exceeded']}]",Current
txn_003126,cust_002502,843.91,card,134,2,2,1.0,2,False,authentication_failed,0.5700000000000001,1,reminder,reminder,True,[],[],Current
txn_002158,cust_000196,2297.06,wallet,401,29,23,0.7931,2,False,gateway_error,0.6786200000000001,0,retry,retry,True,[],[],Current
txn_005334,cust_001047,2365.42,upi,359,19,15,0.7895,1,False,insufficient_balance,0.6378999999999999,1,payment_link,reminder,True,[],"[{'action': 'payment_link', 'reasons': ['payment_link_not_preferred_for_insufficient_balance']}]",Current
txn_008637,cust_002816,1575.76,wallet,396,14,11,0.7857,3,False,bank_decline,0.3771399999999999,0,retry,payment_link,True,[],"[{'action': 'retry', 'reasons': ['maximum_retry_attempts_exceeded']}]",Current
txn_001826,cust_001751,2170.13,netbanking,719,8,5,0.625,4,False,gateway_error,0.235,0,retry,payment_link,True,[],"[{'action': 'retry', 'reasons': ['maximum_retry_attempts_exceeded']}]",Current
txn_004231,cust_000966,869.09,wallet,286,18,14,0.7778,1,False,insufficient_balance,0.63556,0,reminder,reminder,True,[],[],Current
txn_003488,cust_001699,587.39,upi,847,6,3,0.5,3,False,bank_decline,0.29000000000000004,0,retry,reminder,True,[],"[{'action': 'retry', 'reasons': ['maximum_retry_attempts_exceeded']}]",Current
txn_009054,cust_000521,1799.15,wallet,519,5,4,0.8,1,False,insufficient_balance,0.64,1,reminder,reminder,True,[],[],Current
txn_009769,cust_000399,1329.67,upi,918,25,18,0.72,2,False,expired_card,0.714,1,payment_link,payment_link,True,[],[],Current
txn_003648,cust_001665,2555.95,wallet,1463,0,0,0.0,1,True,insufficient_balance,0.3,0,payment_link,retry,True,[],"[{'action': 'payment_link', 'reasons': ['payment_link_not_preferred_for_insufficient_balance']}]",Current
txn_005903,cust_002385,488.25,card,971,1,1,1.0,4,False,gateway_error,0.31000000000000005,0,retry,payment_link,True,[],"[{'action': 'retry', 'reasons': ['maximum_retry_attempts_exceeded']}]",Current
txn_006386,cust_003092,678.32,netbanking,924,27,22,0.8148,3,False,bank_decline,0.35295999999999994,0,retry,reminder,True,[],"[{'action': 'retry', 'reasons': ['maximum_retry_attempts_exceeded']}]",Current
txn_005639,cust_001969,611.59,card,183,9,6,0.6667,1,False,bank_decline,0.61334,1,retry,retry,True,[],[],Current
txn_006424,cust_001406,370.34,upi,1361,24,19,0.7917,3,False,bank_decline,0.34834,0,retry,reminder,True,[],"[{'action': 'retry', 'reasons': ['maximum_retry_attempts_exceeded']}]",Current
txn_007827,cust_001037,999.68,wallet,1461,17,13,0.7647,1,False,network_error,0.80294,1,retry,retry,True,[],[],Current
txn_007744,cust_000623,302.97,wallet,498,18,11,0.6111,2,False,network_error,0.69222,1,retry,retry,True,[],[],Current
txn_003013,cust_001357,399.7,upi,1173,4,4,1.0,2,False,network_error,0.77,1,retry,retry,True,[],[],Current
txn_007672,cust_003009,365.44,netbanking,257,18,14,0.7778,2,False,insufficient_balance,0.55556,0,reminder,reminder,True,[],[],Current
txn_009549,cust_002209,2794.56,card,2,1,1,1.0,2,False,insufficient_balance,0.6,1,reminder,reminder,True,[],[],Current
txn_009978,cust_003327,4077.68,upi,394,25,18,0.72,4,False,bank_decline,0.2839999999999999,0,retry,payment_link,True,[],"[{'action': 'retry', 'reasons': ['maximum_retry_attempts_exceeded']}]",Current
txn_003081,cust_003179,2114.13,card,1063,23,16,0.6957,2,False,insufficient_balance,0.5391400000000001,0,reminder,reminder,True,[],[],Current
txn_003521,cust_000241,1429.92,card,675,9,7,0.7778,4,False,authentication_failed,0.36556,0,reminder,reminder,True,[],[],Current
txn_004979,cust_002968,645.94,upi,773,3,2,0.6667,2,False,gateway_error,0.6533399999999999,1,retry,retry,True,[],[],Current
txn_007620,cust_001674,807.25,card,6,14,10,0.7143,3,False,authentication_failed,0.48285999999999996,1,payment_link,payment_link,True,[],[],Current
txn_004348,cust_000959,302.42,card,880,19,16,0.8421,4,False,gateway_error,0.24842000000000003,1,retry,reminder,True,[],"[{'action': 'retry', 'reasons': ['maximum_retry_attempts_exceeded']}]",Current
txn_008441,cust_001260,1091.27,upi,677,29,24,0.8276,2,False,bank_decline,0.56552,1,retry,retry,True,[],[],Current
txn_001347,cust_002426,1711.16,wallet,806,22,15,0.6818,2,False,authentication_failed,0.5563600000000001,1,payment_link,payment_link,True,[],[],Current
txn_007088,cust_002210,736.58,card,110,22,17,0.7727,2,False,bank_decline,0.55454,0,retry,retry,True,[],[],Current
txn_008948,cust_000755,1307.95,upi,1143,1,1,1.0,1,False,network_error,0.85,1,retry,retry,True,[],[],Current
txn_005652,cust_001123,2901.38,wallet,1474,16,11,0.6875,1,False,expired_card,0.7875,1,payment_link,payment_link,True,[],[],Current
txn_008082,cust_001781,1507.62,wallet,648,18,13,0.7222,2,False,bank_decline,0.5444399999999999,0,retry,retry,True,[],[],Current
txn_001792,cust_002859,1187.86,card,322,6,4,0.6667,1,False,bank_decline,0.61334,1,retry,retry,True,[],[],Current
txn_007429,cust_002551,777.92,card,337,5,5,1.0,3,False,bank_decline,0.41999999999999993,0,retry,payment_link,True,[],"[{'action': 'retry', 'reasons': ['maximum_retry_attempts_exceeded']}]",Current
txn_009580,cust_002958,371.12,upi,1226,8,3,0.375,3,False,gateway_error,0.265,1,retry,payment_link,True,[],"[{'action': 'retry', 'reasons': ['maximum_retry_attempts_exceeded']}]",Current
txn_009960,cust_001608,834.69,netbanking,575,14,13,0.9286,3,False,insufficient_balance,0.50572,0,reminder,reminder,True,[],[],Current
txn_002271,cust_000182,872.28,wallet,501,16,13,0.8125,4,False,expired_card,0.5725,1,payment_link,payment_link,True,[],[],Current
txn_009767,cust_002217,167.18,netbanking,383,17,13,0.7647,4,False,authentication_failed,0.4129400000000001,0,payment_link,payment_link,True,[],[],Current
txn_002956,cust_001693,1499.68,upi,165,14,9,0.6429,3,False,expired_card,0.6185799999999999,1,payment_link,payment_link,True,[],[],Current
txn_003444,cust_002083,1824.79,wallet,471,23,20,0.8696,2,False,gateway_error,0.69392,0,retry,retry,True,[],[],Current
txn_007736,cust_001797,1374.49,upi,593,1,1,1.0,1,False,bank_decline,0.6799999999999999,1,retry,retry,True,[],[],Current
txn_000834,cust_002727,323.54,netbanking,240,4,4,1.0,3,False,insufficient_balance,0.5199999999999999,0,reminder,reminder,True,[],[],Current
txn_006499,cust_002282,1563.76,wallet,414,4,3,0.75,3,False,bank_decline,0.33999999999999997,0,retry,reminder,True,[],"[{'action': 'retry', 'reasons': ['maximum_retry_attempts_exceeded']}]",Current
txn_002992,cust_003100,2798.94,card,463,12,8,0.6667,1,False,expired_card,0.7833399999999999,1,payment_link,payment_link,True,[],[],Current
txn_007793,cust_000643,637.29,upi,1155,1,1,1.0,2,False,authentication_failed,0.5700000000000001,0,reminder,reminder,True,[],[],Current
txn_002151,cust_001729,2353.72,netbanking,1039,27,19,0.7037,4,False,insufficient_balance,0.3807400000000001,0,reminder,reminder,True,[],[],Current
txn_004023,cust_000577,11370.37,upi,1232,8,6,0.75,4,False,bank_decline,0.29000000000000004,1,retry,payment_link,True,[],"[{'action': 'retry', 'reasons': ['maximum_retry_attempts_exceeded']}]",Current
txn_007615,cust_003274,6135.96,wallet,674,0,0,0.0,3,True,insufficient_balance,0.26999999999999996,0,payment_link,reminder,True,[],"[{'action': 'payment_link', 'reasons': ['payment_link_not_preferred_for_insufficient_balance']}]",Current
txn_006124,cust_001265,1928.75,upi,1252,7,6,0.8571,2,False,gateway_error,0.69142,1,retry,retry,True,[],[],Current
txn_003339,cust_002934,3654.86,netbanking,1270,17,13,0.7647,1,False,gateway_error,0.7529399999999999,1,retry,retry,True,[],[],Current
txn_004344,cust_000688,566.78,wallet,414,12,7,0.5833,1,False,gateway_error,0.7166600000000001,1,retry,retry,True,[],[],Current
txn_004464,cust_000246,1904.63,netbanking,275,27,20,0.7407,2,False,authentication_failed,0.56814,0,payment_link,payment_link,True,[],[],Current
txn_002376,cust_000487,228.72,wallet,1069,5,4,0.8,2,False,gateway_error,0.68,0,retry,retry,True,[],[],Current
txn_009044,cust_002790,2703.18,card,72,12,10,0.8333,1,False,bank_decline,0.64666,1,retry,retry,True,[],[],Current
txn_005571,cust_000603,1341.21,upi,803,14,10,0.7143,3,False,gateway_error,0.33286000000000004,0,retry,payment_link,True,[],"[{'action': 'retry', 'reasons': ['maximum_retry_attempts_exceeded']}]",Current
txn_008599,cust_002483,853.96,wallet,266,20,15,0.75,4,False,insufficient_balance,0.39,0,payment_link,reminder,True,[],"[{'action': 'payment_link', 'reasons': ['payment_link_not_preferred_for_insufficient_balance']}]",Current
txn_008504,cust_000541,1178.58,netbanking,699,29,20,0.6897,2,False,bank_decline,0.53794,0,retry,retry,True,[],[],Current
txn_008880,cust_003035,1120.42,wallet,247,25,22,0.88,3,False,bank_decline,0.3959999999999999,1,retry,payment_link,True,[],"[{'action': 'retry', 'reasons': ['maximum_retry_attempts_exceeded']}]",Current
txn_001887,cust_002014,1014.63,netbanking,765,10,7,0.7,4,False,network_error,0.24999999999999994,0,retry,payment_link,True,[],"[{'action': 'retry', 'reasons': ['maximum_retry_attempts_exceeded']}]",Current
txn_001198,cust_003176,1869.89,netbanking,371,2,2,1.0,3,False,authentication_failed,0.49,0,reminder,reminder,True,[],[],Current
txn_006427,cust_002245,1455.36,wallet,678,9,7,0.7778,4,False,insufficient_balance,0.39556,1,reminder,reminder,True,[],[],Current
txn_008911,cust_000491,627.46,wallet,90,15,12,0.8,2,False,network_error,0.7300000000000001,1,retry,retry,True,[],[],Current
txn_002936,cust_001872,2698.6,upi,508,17,11,0.6471,4,False,insufficient_balance,0.3694200000000001,0,reminder,reminder,True,[],[],Current
txn_006342,cust_001991,254.1,card,897,23,17,0.7391,3,False,bank_decline,0.3678199999999999,0,retry,payment_link,True,[],"[{'action': 'retry', 'reasons': ['maximum_retry_attempts_exceeded']}]",Current
txn_001430,cust_002854,2238.68,wallet,1056,18,16,0.8889,3,False,bank_decline,0.3977799999999999,0,retry,payment_link,True,[],"[{'action': 'retry', 'reasons': ['maximum_retry_attempts_exceeded']}]",Current
txn_006307,cust_003015,485.9,card,867,19,13,0.6842,2,False,bank_decline,0.5368400000000001,0,retry,retry,True,[],[],Current
txn_003650,cust_001364,1379.49,netbanking,571,1,1,1.0,3,False,network_error,0.39,1,retry,payment_link,True,[],"[{'action': 'retry', 'reasons': ['maximum_retry_attempts_exceeded']}]",Current
txn_001938,cust_001132,2468.43,upi,709,7,6,0.8571,2,False,expired_card,0.7414200000000001,1,payment_link,payment_link,True,[],[],Current
txn_005172,cust_000935,937.03,card,908,2,2,1.0,3,False,authentication_failed,0.49,0,reminder,reminder,True,[],[],Current
txn_007764,cust_000859,378.15,card,1468,17,12,0.7059,3,False,bank_decline,0.33118000000000003,0,retry,reminder,True,[],"[{'action': 'retry', 'reasons': ['maximum_retry_attempts_exceeded']}]",Current
txn_006393,cust_000603,269.31,netbanking,890,13,10,0.7692,3,False,insufficient_balance,0.47383999999999993,0,reminder,reminder,True,[],[],Current
txn_001154,cust_000066,679.22,wallet,87,23,19,0.8261,4,False,bank_decline,0.30521999999999994,0,retry,payment_link,True,[],"[{'action': 'retry', 'reasons': ['maximum_retry_attempts_exceeded']}]",Current
txn_006250,cust_002360,1544.89,wallet,95,24,18,0.75,1,False,network_error,0.8,1,retry,retry,True,[],[],Current
txn_007037,cust_001318,3025.39,upi,474,22,17,0.7727,1,False,gateway_error,0.75454,1,retry,retry,True,[],[],Current
txn_004229,cust_002937,1740.81,card,554,15,12,0.8,1,False,gateway_error,0.76,1,retry,retry,True,[],[],Current
txn_004975,cust_001625,812.76,upi,1130,20,18,0.9,4,False,authentication_failed,0.39,1,reminder,reminder,True,[],[],Current
txn_006401,cust_001968,1262.04,card,1097,29,21,0.7241,2,False,network_error,0.71482,1,retry,retry,True,[],[],Current
txn_003640,cust_001784,793.09,netbanking,515,0,0,0.0,4,True,expired_card,0.35999999999999993,1,payment_link,payment_link,True,[],[],Current
txn_003972,cust_000395,2373.06,upi,1038,0,0,0.0,4,True,bank_decline,0.09000000000000001,0,retry,payment_link,True,[],"[{'action': 'retry', 'reasons': ['maximum_retry_attempts_exceeded']}]",Current
txn_009594,cust_003124,998.91,card,452,22,14,0.6364,3,False,gateway_error,0.31728,0,retry,payment_link,True,[],"[{'action': 'retry', 'reasons': ['maximum_retry_attempts_exceeded']}]",Current
txn_003376,cust_001535,312.22,upi,881,26,19,0.7308,3,False,gateway_error,0.30616,1,retry,reminder,True,[],"[{'action': 'retry', 'reasons': ['maximum_retry_attempts_exceeded']}]",Current
txn_002487,cust_002729,1010.85,card,451,21,16,0.7619,2,False,bank_decline,0.55238,0,retry,retry,True,[],[],Current
txn_006954,cust_002942,1373.76,wallet,329,17,17,1.0,3,False,gateway_error,0.36,0,retry,reminder,True,[],"[{'action': 'retry', 'reasons': ['maximum_retry_attempts_exceeded']}]",Current
txn_000606,cust_001954,981.97,wallet,143,27,20,0.7407,4,False,network_error,0.25814,1,retry,payment_link,True,[],"[{'action': 'retry', 'reasons': ['maximum_retry_attempts_exceeded']}, {'action': 'reminder', 'reasons': ['temporary_network_error_should_be_retried_first']}]",Current
txn_007444,cust_000611,1200.23,netbanking,191,13,9,0.6923,2,False,gateway_error,0.6584599999999999,1,retry,retry,True,[],[],Current
txn_005928,cust_001189,497.63,upi,866,29,22,0.7586,4,False,expired_card,0.56172,1,payment_link,payment_link,True,[],[],Current
txn_002454,cust_002720,947.14,upi,428,28,24,0.8571,2,False,bank_decline,0.57142,0,retry,retry,True,[],[],Current
txn_003609,cust_000380,1250.38,wallet,1131,23,19,0.8261,1,False,network_error,0.81522,1,retry,retry,True,[],[],Current
txn_001484,cust_002336,378.66,netbanking,1332,22,15,0.6818,1,False,bank_decline,0.61636,1,retry,retry,True,[],[],Current
txn_004519,cust_002320,1001.8,upi,138,5,5,1.0,4,False,expired_card,0.61,1,payment_link,payment_link,True,[],[],Current
txn_003038,cust_000642,1196.13,netbanking,853,2,1,0.5,4,False,authentication_failed,0.3600000000000001,0,payment_link,payment_link,True,[],[],Current
txn_009352,cust_001616,2665.51,upi,249,13,13,1.0,2,False,authentication_failed,0.5700000000000001,1,reminder,reminder,True,[],[],Current
txn_007692,cust_000427,2003.07,card,1406,1,0,0.0,1,False,network_error,0.6499999999999999,0,retry,retry,True,[],[],Current
txn_004116,cust_001012,1322.0,netbanking,1341,19,13,0.6842,4,False,bank_decline,0.27684,1,retry,payment_link,True,[],"[{'action': 'retry', 'reasons': ['maximum_retry_attempts_exceeded']}]",Current
txn_001427,cust_002017,1718.34,upi,1238,5,4,0.8,1,False,gateway_error,0.76,1,retry,retry,True,[],[],Current
txn_000497,cust_001154,4543.15,card,209,23,16,0.6957,4,False,bank_decline,0.27913999999999994,0,retry,payment_link,True,[],"[{'action': 'retry', 'reasons': ['maximum_retry_attempts_exceeded']}]",Current
txn_003353,cust_003085,1320.98,netbanking,163,22,13,0.5909,1,False,insufficient_balance,0.5981799999999999,1,reminder,reminder,True,[],[],Current
txn_008794,cust_001500,1246.57,netbanking,1439,10,9,0.9,1,False,insufficient_balance,0.6599999999999999,1,reminder,reminder,True,[],[],Current
txn_000759,cust_000634,779.87,wallet,585,19,15,0.7895,1,False,gateway_error,0.7579,0,retry,retry,True,[],[],Current
txn_000838,cust_000307,1221.33,upi,475,12,8,0.6667,2,False,gateway_error,0.6533399999999999,0,retry,retry,True,[],[],Current
txn_004327,cust_000617,946.81,wallet,740,4,3,0.75,2,False,gateway_error,0.67,1,retry,retry,True,[],[],Current
txn_002128,cust_000875,1065.73,card,1392,13,8,0.6154,3,False,authentication_failed,0.46308000000000005,1,payment_link,payment_link,True,[],[],Current
txn_001023,cust_001981,8732.77,wallet,1053,9,7,0.7778,4,False,bank_decline,0.29556000000000004,0,retry,payment_link,True,[],"[{'action': 'retry', 'reasons': ['maximum_retry_attempts_exceeded']}]",Current
txn_008762,cust_003144,1335.63,netbanking,1280,3,3,1.0,3,False,network_error,0.39,0,retry,payment_link,True,[],"[{'action': 'retry', 'reasons': ['maximum_retry_attempts_exceeded']}]",Current
txn_005614,cust_001317,616.3,card,276,18,13,0.7222,2,False,bank_decline,0.5444399999999999,1,retry,retry,True,[],[],Current
txn_005581,cust_002053,871.42,wallet,1097,2,2,1.0,1,False,network_error,0.85,1,retry,retry,True,[],[],Current
txn_001058,cust_001726,1806.13,card,695,15,12,0.8,2,False,bank_decline,0.56,0,retry,retry,True,[],[],Current
txn_009542,cust_000042,262.34,upi,613,20,16,0.8,1,False,insufficient_balance,0.64,0,payment_link,reminder,True,[],"[{'action': 'payment_link', 'reasons': ['payment_link_not_preferred_for_insufficient_balance']}]",Current
txn_006856,cust_000462,737.14,card,120,10,6,0.6,3,False,insufficient_balance,0.43999999999999995,0,reminder,reminder,True,[],[],Current
txn_007349,cust_001749,817.4,upi,592,29,21,0.7241,3,False,authentication_failed,0.4848199999999999,0,payment_link,payment_link,True,[],[],Current
txn_009045,cust_003229,2293.55,card,1014,22,13,0.5909,2,False,expired_card,0.68818,1,payment_link,payment_link,True,[],[],Current
txn_002129,cust_002397,1214.35,upi,73,23,19,0.8261,2,False,authentication_failed,0.53522,1,reminder,reminder,True,[],[],Current
txn_002767,cust_002452,7558.76,card,1086,9,7,0.7778,4,False,network_error,0.26556,0,retry,payment_link,True,[],"[{'action': 'retry', 'reasons': ['maximum_retry_attempts_exceeded']}]",Current
txn_002109,cust_001110,1489.29,wallet,868,15,11,0.7333,4,False,authentication_failed,0.35666,0,reminder,reminder,True,[],[],Current
txn_003617,cust_003186,701.19,upi,207,23,18,0.7826,2,False,insufficient_balance,0.55652,1,reminder,reminder,True,[],[],Current
txn_001545,cust_003127,4956.99,wallet,953,16,13,0.8125,4,False,expired_card,0.5725,1,payment_link,payment_link,True,[],[],Current
txn_006914,cust_001700,1828.53,card,213,10,8,0.8,1,False,insufficient_balance,0.64,1,reminder,reminder,True,[],[],Current
txn_001719,cust_001714,3808.09,card,439,10,10,1.0,3,False,bank_decline,0.41999999999999993,0,retry,payment_link,True,[],"[{'action': 'retry', 'reasons': ['maximum_retry_attempts_exceeded']}]",Current
txn_007435,cust_001857,826.84,wallet,631,14,12,0.8571,1,False,gateway_error,0.77142,1,retry,retry,True,[],[],Current
txn_007365,cust_003280,1130.82,wallet,1252,23,12,0.5217,3,False,network_error,0.29434000000000005,0,retry,payment_link,True,[],"[{'action': 'retry', 'reasons': ['maximum_retry_attempts_exceeded']}]",Current
txn_006235,cust_001023,1459.88,upi,122,4,3,0.75,2,False,gateway_error,0.67,1,retry,retry,True,[],[],Current
txn_000725,cust_002809,1594.14,upi,1466,29,23,0.7931,2,False,insufficient_balance,0.55862,0,payment_link,reminder,True,[],"[{'action': 'payment_link', 'reasons': ['payment_link_not_preferred_for_insufficient_balance']}]",Current
txn_006673,cust_001693,521.32,netbanking,357,17,12,0.7059,4,False,network_error,0.25118,0,retry,payment_link,True,[],"[{'action': 'retry', 'reasons': ['maximum_retry_attempts_exceeded']}]",Current
txn_008029,cust_002640,2023.87,upi,375,16,12,0.75,4,False,authentication_failed,0.36,0,reminder,reminder,True,[],[],Current
txn_005492,cust_000639,534.26,wallet,1150,24,18,0.75,3,False,expired_card,0.64,0,payment_link,payment_link,True,[],[],Current
txn_001128,cust_001090,15291.97,card,39,29,22,0.7586,3,False,bank_decline,0.37171999999999994,1,retry,payment_link,True,[],"[{'action': 'retry', 'reasons': ['maximum_retry_attempts_exceeded']}]",Current
txn_002957,cust_002721,1168.52,netbanking,464,27,22,0.8148,4,False,authentication_failed,0.42296,0,payment_link,payment_link,True,[],[],Current
txn_005156,cust_001138,1098.2,upi,539,26,20,0.7692,2,False,gateway_error,0.6738400000000001,1,retry,retry,True,[],[],Current
txn_004817,cust_001616,103.99,upi,756,4,4,1.0,2,False,network_error,0.77,1,retry,retry,True,[],[],Current
txn_006202,cust_001009,612.68,netbanking,311,7,6,0.8571,1,False,expired_card,0.82142,1,payment_link,payment_link,True,[],[],Current
txn_006224,cust_002072,1933.19,netbanking,204,16,15,0.9375,4,False,insufficient_balance,0.4275,1,retry,reminder,True,[],"[{'action': 'retry', 'reasons': ['maximum_retry_attempts_exceeded']}]",Current
txn_008686,cust_000740,195.35,netbanking,408,8,8,1.0,3,False,network_error,0.39,0,retry,payment_link,True,[],"[{'action': 'retry', 'reasons': ['maximum_retry_attempts_exceeded']}, {'action': 'reminder', 'reasons': ['temporary_network_error_should_be_retried_first']}]",Current
txn_007114,cust_002933,390.59,netbanking,709,13,11,0.8462,1,False,insufficient_balance,0.64924,1,payment_link,reminder,True,[],"[{'action': 'payment_link', 'reasons': ['payment_link_not_preferred_for_insufficient_balance']}]",Current
txn_005275,cust_000351,808.05,upi,821,18,14,0.7778,4,False,gateway_error,0.26556,1,retry,payment_link,True,[],"[{'action': 'retry', 'reasons': ['maximum_retry_attempts_exceeded']}]",Current
txn_008536,cust_002637,1929.63,netbanking,419,10,8,0.8,3,False,insufficient_balance,0.48,0,reminder,reminder,True,[],[],Current
txn_003044,cust_001133,585.42,netbanking,1440,19,11,0.5789,4,False,insufficient_balance,0.35578,0,reminder,reminder,True,[],[],Current
txn_006912,cust_002724,1115.15,card,301,25,18,0.72,2,False,expired_card,0.714,1,payment_link,payment_link,True,[],[],Current
txn_000150,cust_001072,2326.76,upi,570,3,1,0.3333,1,False,authentication_failed,0.5666599999999999,0,payment_link,payment_link,True,[],[],Current
txn_007574,cust_003043,503.98,netbanking,250,19,12,0.6316,2,False,network_error,0.69632,1,retry,retry,True,[],[],Current
txn_004206,cust_003185,2355.2,netbanking,912,11,7,0.6364,4,False,expired_card,0.53728,0,payment_link,payment_link,True,[],[],Current
txn_005493,cust_000601,366.56,netbanking,1351,14,11,0.7857,2,False,bank_decline,0.5571400000000001,0,retry,retry,True,[],[],Current
txn_002690,cust_001156,2367.94,netbanking,1235,24,19,0.7917,2,False,insufficient_balance,0.55834,1,reminder,reminder,True,[],[],Current
txn_004221,cust_000564,475.8,netbanking,1103,7,4,0.5714,3,False,expired_card,0.6042799999999999,0,payment_link,payment_link,True,[],[],Current
txn_009102,cust_001198,6542.44,netbanking,1140,26,19,0.7308,4,False,network_error,0.25616,0,retry,payment_link,True,[],"[{'action': 'retry', 'reasons': ['maximum_retry_attempts_exceeded']}]",Current
txn_000842,cust_000369,1398.27,netbanking,201,1,1,1.0,3,False,bank_decline,0.41999999999999993,0,retry,payment_link,True,[],"[{'action': 'retry', 'reasons': ['maximum_retry_attempts_exceeded']}]",Current
txn_008137,cust_002792,1176.82,upi,1217,26,15,0.5769,4,False,network_error,0.22537999999999997,0,retry,payment_link,True,[],"[{'action': 'retry', 'reasons': ['maximum_retry_attempts_exceeded']}]",Current
txn_006438,cust_003281,700.92,card,193,29,17,0.5862,4,False,gateway_error,0.22724,0,retry,payment_link,True,[],"[{'action': 'retry', 'reasons': ['maximum_retry_attempts_exceeded']}]",Current
txn_009700,cust_001230,1203.6,card,868,12,10,0.8333,4,False,authentication_failed,0.37666,1,reminder,reminder,True,[],[],Current
txn_006200,cust_001518,952.31,netbanking,413,7,7,1.0,2,False,bank_decline,0.6,0,retry,retry,True,[],[],Current
txn_002795,cust_001568,1058.41,netbanking,765,16,13,0.8125,2,False,gateway_error,0.6825,1,retry,retry,True,[],[],Current
txn_007626,cust_002224,1094.84,wallet,880,16,9,0.5625,4,False,bank_decline,0.2525,0,retry,payment_link,True,[],"[{'action': 'retry', 'reasons': ['maximum_retry_attempts_exceeded']}]",Current
txn_008475,cust_001945,1247.99,upi,1057,3,2,0.6667,3,False,network_error,0.32333999999999996,0,retry,payment_link,True,[],"[{'action': 'retry', 'reasons': ['maximum_retry_attempts_exceeded']}]",Current
txn_007890,cust_002314,1369.44,wallet,20,29,21,0.7241,3,False,insufficient_balance,0.4648199999999999,0,retry,reminder,True,[],"[{'action': 'retry', 'reasons': ['maximum_retry_attempts_exceeded']}, {'action': 'payment_link', 'reasons': ['payment_link_not_preferred_for_insufficient_balance']}]",Current
txn_006608,cust_002622,2016.98,upi,601,14,8,0.5714,3,False,authentication_failed,0.4542799999999999,1,payment_link,payment_link,True,[],[],Current
txn_009195,cust_001532,247.95,netbanking,1108,5,5,1.0,4,False,gateway_error,0.31000000000000005,0,retry,payment_link,True,[],"[{'action': 'retry', 'reasons': ['maximum_retry_attempts_exceeded']}]",Current
txn_008248,cust_000265,2583.16,upi,377,20,8,0.4,3,False,insufficient_balance,0.4,1,reminder,reminder,True,[],[],Current
txn_001393,cust_003027,2016.61,card,433,16,12,0.75,4,False,insufficient_balance,0.39,0,reminder,reminder,True,[],[],Current
txn_001922,cust_001339,667.64,netbanking,1401,26,21,0.8077,4,False,expired_card,0.5715399999999999,0,payment_link,payment_link,True,[],[],Current
txn_007019,cust_002352,1418.5,wallet,56,15,11,0.7333,3,False,authentication_failed,0.43665999999999994,0,reminder,reminder,True,[],[],Current
txn_003622,cust_002792,2355.44,card,130,6,5,0.8333,1,False,bank_decline,0.64666,1,retry,retry,True,[],[],Current
txn_004849,cust_001233,2871.92,wallet,1303,25,20,0.8,3,False,network_error,0.35,1,retry,payment_link,True,[],"[{'action': 'retry', 'reasons': ['maximum_retry_attempts_exceeded']}]",Current
txn_002292,cust_000793,523.9,netbanking,1167,7,5,0.7143,3,False,authentication_failed,0.43286,0,reminder,reminder,True,[],[],Current
txn_002134,cust_000771,1250.02,netbanking,120,0,0,0.0,4,True,bank_decline,0.09000000000000001,0,payment_link,payment_link,True,[],[],Current
txn_000551,cust_001408,907.05,card,461,26,21,0.8077,2,False,insufficient_balance,0.43154,1,payment_link,retry,True,[],"[{'action': 'payment_link', 'reasons': ['payment_link_not_preferred_for_insufficient_balance']}]",Current
txn_001741,cust_002634,2671.96,upi,753,20,13,0.65,1,False,insufficient_balance,0.61,1,reminder,reminder,True,[],[],Current
txn_005290,cust_001159,1358.74,netbanking,31,18,11,0.6111,4,False,bank_decline,0.26222,1,retry,payment_link,True,[],"[{'action': 'retry', 'reasons': ['maximum_retry_attempts_exceeded']}]",Current
txn_001818,cust_002129,1402.89,card,1434,17,12,0.7059,2,False,bank_decline,0.5411800000000001,1,retry,retry,True,[],[],Current
txn_004699,cust_001658,352.02,card,1133,21,19,0.9048,4,False,insufficient_balance,0.42096,0,reminder,reminder,True,[],[],Current
txn_005182,cust_002315,2333.0,netbanking,291,14,13,0.9286,3,False,bank_decline,0.40571999999999997,0,retry,payment_link,True,[],"[{'action': 'retry', 'reasons': ['maximum_retry_attempts_exceeded']}]",Current
txn_003019,cust_002570,2321.71,wallet,1301,3,2,0.6667,1,False,authentication_failed,0.58334,1,reminder,reminder,True,[],[],Current
txn_000018,cust_000590,275.38,upi,1082,9,7,0.7778,3,False,gateway_error,0.34556,0,retry,payment_link,True,[],"[{'action': 'retry', 'reasons': ['maximum_retry_attempts_exceeded']}]",Current
txn_001771,cust_001564,1393.97,wallet,230,29,20,0.6897,4,False,gateway_error,0.21794000000000002,0,retry,reminder,True,[],"[{'action': 'retry', 'reasons': ['maximum_retry_attempts_exceeded']}]",Current
txn_001889,cust_001187,1249.34,upi,1011,16,12,0.75,1,False,gateway_error,0.75,0,retry,retry,True,[],[],Current
txn_002153,cust_002724,674.12,card,1182,28,19,0.6786,4,False,gateway_error,0.24572,1,retry,payment_link,True,[],"[{'action': 'retry', 'reasons': ['maximum_retry_attempts_exceeded']}]",Current
txn_001643,cust_002884,345.64,netbanking,1087,9,6,0.6667,2,False,bank_decline,0.53334,0,retry,retry,True,[],[],Current
txn_007847,cust_001109,9003.19,upi,1012,29,23,0.7931,1,False,insufficient_balance,0.5086200000000001,0,payment_link,retry,True,[],"[{'action': 'payment_link', 'reasons': ['payment_link_not_preferred_for_insufficient_balance']}]",Current
txn_004194,cust_000023,932.73,card,1106,22,17,0.7727,3,False,authentication_failed,0.49454,1,payment_link,payment_link,True,[],[],Current
txn_009433,cust_002399,3193.47,upi,1034,2,1,0.5,3,False,insufficient_balance,0.42000000000000004,0,reminder,reminder,True,[],[],Current
txn_008899,cust_000773,383.41,card,1197,2,0,0.0,2,False,insufficient_balance,0.39999999999999997,0,reminder,reminder,True,[],[],Current
txn_000534,cust_002644,1034.03,wallet,580,8,5,0.625,1,False,authentication_failed,0.575,1,reminder,reminder,True,[],[],Current
txn_000133,cust_002332,2896.77,netbanking,1096,16,12,0.75,4,False,bank_decline,0.29000000000000004,1,retry,payment_link,True,[],"[{'action': 'retry', 'reasons': ['maximum_retry_attempts_exceeded']}]",Current
txn_007723,cust_000202,2793.57,netbanking,997,18,15,0.8333,1,False,network_error,0.8166599999999999,1,retry,retry,True,[],[],Current
txn_008459,cust_001367,1197.24,card,370,18,12,0.6667,1,False,bank_decline,0.61334,1,retry,retry,True,[],[],Current
txn_000965,cust_000523,923.9,netbanking,82,13,10,0.7692,3,False,gateway_error,0.31384,1,retry,reminder,True,[],"[{'action': 'retry', 'reasons': ['maximum_retry_attempts_exceeded']}]",Current
txn_008720,cust_003017,647.33,netbanking,1398,15,13,0.8667,4,False,gateway_error,0.28334000000000004,0,retry,payment_link,True,[],"[{'action': 'retry', 'reasons': ['maximum_retry_attempts_exceeded']}]",Current
txn_006413,cust_002699,1686.13,upi,1039,25,20,0.8,2,False,insufficient_balance,0.56,0,reminder,reminder,True,[],[],Current
txn_008286,cust_001315,1137.91,upi,59,13,10,0.7692,3,False,gateway_error,0.34384000000000003,1,retry,payment_link,True,[],"[{'action': 'retry', 'reasons': ['maximum_retry_attempts_exceeded']}]",Current
txn_007854,cust_003005,4356.16,card,421,24,18,0.75,1,False,authentication_failed,0.65,1,payment_link,payment_link,True,[],[],Current
txn_001096,cust_001771,1276.49,card,845,17,12,0.7059,1,False,expired_card,0.79118,0,payment_link,payment_link,True,[],[],Current
txn_006930,cust_002675,1869.4,upi,918,18,12,0.6667,2,False,bank_decline,0.53334,1,retry,retry,True,[],[],Current
txn_006253,cust_002000,673.13,upi,1229,23,19,0.8261,3,False,authentication_failed,0.45521999999999996,0,payment_link,reminder,True,[],"[{'action': 'payment_link', 'reasons': ['payment_link_restricted']}]",Strict
txn_004685,cust_002869,1169.48,wallet,1036,28,22,0.7857,1,False,gateway_error,0.7571399999999999,1,retry,retry,True,[],[],Strict
txn_001732,cust_000978,4028.17,card,218,2,2,1.0,1,False,authentication_failed,0.65,0,reminder,reminder,True,[],[],Strict
txn_004743,cust_002332,1666.27,wallet,1379,12,9,0.75,4,False,bank_decline,0.29000000000000004,0,retry,payment_link,True,[],"[{'action': 'retry', 'reasons': ['strict_retry_limit_exceeded', 'failure_reason_not_safe_for_retry']}]",Strict
txn_004522,cust_003270,1285.06,wallet,700,11,9,0.8182,1,False,bank_decline,0.54364,1,retry,payment_link,True,[],"[{'action': 'retry', 'reasons': ['failure_reason_not_safe_for_retry']}]",Strict
txn_006341,cust_001609,2493.64,netbanking,895,21,18,0.8571,1,False,network_error,0.82142,0,retry,retry,True,[],[],Strict
txn_000577,cust_000373,2170.23,netbanking,317,13,8,0.6154,1,False,network_error,0.77308,1,retry,retry,True,[],[],Strict
txn_005203,cust_002070,643.06,card,371,18,14,0.7778,4,False,gateway_error,0.26556,0,retry,payment_link,True,[],"[{'action': 'retry', 'reasons': ['strict_retry_limit_exceeded']}]",Strict
txn_006364,cust_001172,368.73,wallet,278,2,2,1.0,1,False,bank_decline,0.55,1,retry,reminder,True,[],"[{'action': 'retry', 'reasons': ['failure_reason_not_safe_for_retry']}]",Strict
txn_000440,cust_002203,3581.98,wallet,804,22,13,0.5909,2,False,network_error,0.38817999999999997,0,retry,payment_link,True,[],"[{'action': 'retry', 'reasons': ['strict_retry_limit_exceeded']}]",Strict
txn_002751,cust_000508,2671.59,card,609,15,11,0.7333,4,False,expired_card,0.5566599999999999,1,payment_link,payment_link,True,[],[],Strict
txn_007488,cust_001164,931.91,wallet,627,2,1,0.5,4,False,bank_decline,0.24000000000000005,0,retry,payment_link,True,[],"[{'action': 'retry', 'reasons': ['strict_retry_limit_exceeded', 'failure_reason_not_safe_for_retry']}]",Strict
txn_005273,cust_003163,1005.19,card,338,24,15,0.625,4,False,network_error,0.235,0,retry,payment_link,True,[],"[{'action': 'retry', 'reasons': ['strict_retry_limit_exceeded']}]",Strict
txn_005654,cust_001185,3478.31,wallet,9,9,6,0.6667,3,False,network_error,0.32333999999999996,0,retry,payment_link,True,[],"[{'action': 'retry', 'reasons': ['strict_retry_limit_exceeded']}]",Strict
txn_004000,cust_002477,2086.99,upi,154,17,13,0.7647,4,False,gateway_error,0.26294000000000006,0,retry,payment_link,True,[],"[{'action': 'retry', 'reasons': ['strict_retry_limit_exceeded']}]",Strict
txn_006034,cust_002893,412.14,card,365,6,5,0.8333,4,False,authentication_failed,0.37666,1,payment_link,reminder,True,[],"[{'action': 'payment_link', 'reasons': ['payment_link_restricted']}]",Strict
txn_000583,cust_001189,1024.04,card,1442,19,12,0.6316,1,False,gateway_error,0.7263200000000001,1,retry,retry,True,[],[],Strict
txn_009931,cust_001123,7530.98,netbanking,1066,12,9,0.75,1,False,bank_decline,0.53,1,retry,payment_link,True,[],"[{'action': 'retry', 'reasons': ['failure_reason_not_safe_for_retry']}]",Strict
txn_007052,cust_000262,504.69,card,1424,24,19,0.7917,3,False,network_error,0.34834,0,retry,payment_link,True,[],"[{'action': 'retry', 'reasons': ['strict_retry_limit_exceeded']}, {'action': 'reminder', 'reasons': ['reminder_not_allowed_for_temporary_failure']}]",Strict
txn_008159,cust_000987,444.29,card,1292,17,10,0.5882,4,False,bank_decline,0.25764000000000004,0,payment_link,payment_link,True,[],[],Strict
txn_009897,cust_002752,504.07,netbanking,534,4,4,1.0,2,False,network_error,0.47000000000000003,0,retry,payment_link,True,[],"[{'action': 'retry', 'reasons': ['strict_retry_limit_exceeded']}, {'action': 'reminder', 'reasons': ['reminder_not_allowed_for_temporary_failure']}]",Strict
txn_002250,cust_001024,2058.84,upi,663,19,13,0.6842,2,False,expired_card,0.70684,1,payment_link,payment_link,True,[],[],Strict
txn_004641,cust_000252,1752.14,netbanking,253,12,11,0.9167,3,False,network_error,0.37334,0,retry,payment_link,True,[],"[{'action': 'retry', 'reasons': ['strict_retry_limit_exceeded']}]",Strict
txn_009486,cust_002942,675.86,upi,332,22,19,0.8636,3,False,expired_card,0.66272,0,payment_link,payment_link,True,[],[],Strict
txn_004948,cust_001634,712.79,upi,73,29,24,0.8276,1,False,insufficient_balance,0.51552,0,retry,retry,True,[],[],Strict
txn_009921,cust_001972,1377.62,card,759,21,20,0.9524,1,False,authentication_failed,0.64048,1,payment_link,reminder,True,[],"[{'action': 'payment_link', 'reasons': ['payment_link_restricted']}]",Strict
txn_001964,cust_003117,1742.1,wallet,574,13,9,0.6923,2,False,bank_decline,0.4384599999999999,0,retry,payment_link,True,[],"[{'action': 'retry', 'reasons': ['strict_retry_limit_exceeded', 'failure_reason_not_safe_for_retry']}]",Strict
txn_008244,cust_001532,1474.04,upi,680,1,0,0.0,2,False,insufficient_balance,0.39999999999999997,1,reminder,reminder,True,[],[],Strict
txn_006591,cust_001981,2109.11,card,577,29,20,0.6897,3,False,insufficient_balance,0.4579399999999999,1,reminder,reminder,True,[],[],Strict
txn_008848,cust_001406,500.78,card,452,14,8,0.5714,1,False,network_error,0.76428,1,retry,retry,True,[],[],Strict
txn_000322,cust_001205,1859.44,upi,455,21,16,0.7619,3,False,gateway_error,0.34238,0,retry,payment_link,True,[],"[{'action': 'retry', 'reasons': ['strict_retry_limit_exceeded']}, {'action': 'reminder', 'reasons': ['reminder_not_allowed_for_temporary_failure']}]",Strict
txn_002679,cust_000352,1593.71,wallet,1123,26,20,0.7692,2,False,expired_card,0.72384,0,payment_link,payment_link,True,[],[],Strict
txn_004626,cust_002562,704.45,netbanking,29,10,4,0.4,2,False,insufficient_balance,0.48000000000000004,1,reminder,reminder,True,[],[],Strict
txn_004950,cust_001735,749.52,wallet,173,11,10,0.9091,3,False,authentication_failed,0.47182,1,reminder,reminder,True,[],[],Strict
txn_008329,cust_002831,1638.77,upi,1433,1,0,0.0,3,False,insufficient_balance,0.31999999999999995,0,reminder,reminder,True,[],[],Strict
txn_003338,cust_001953,1334.5,wallet,1048,23,19,0.8261,2,False,network_error,0.43522,1,retry,payment_link,True,[],"[{'action': 'retry', 'reasons': ['strict_retry_limit_exceeded']}]",Strict
txn_005590,cust_000756,1575.69,upi,93,11,8,0.7273,2,False,network_error,0.41545999999999994,1,retry,payment_link,True,[],"[{'action': 'retry', 'reasons': ['strict_retry_limit_exceeded']}]",Strict
txn_000252,cust_001345,611.76,netbanking,202,29,22,0.7586,3,False,gateway_error,0.34172,0,retry,payment_link,True,[],"[{'action': 'retry', 'reasons': ['strict_retry_limit_exceeded']}, {'action': 'reminder', 'reasons': ['reminder_not_allowed_for_temporary_failure']}]",Strict
txn_003974,cust_001408,784.78,netbanking,744,7,5,0.7143,2,False,authentication_failed,0.5128600000000001,1,payment_link,reminder,True,[],"[{'action': 'payment_link', 'reasons': ['payment_link_restricted']}]",Strict
txn_006631,cust_003327,827.97,netbanking,1430,29,21,0.7241,2,False,bank_decline,0.44481999999999994,0,retry,payment_link,True,[],"[{'action': 'retry', 'reasons': ['strict_retry_limit_exceeded', 'failure_reason_not_safe_for_retry']}]",Strict
txn_005548,cust_001498,1240.13,card,1428,21,19,0.9048,2,False,authentication_failed,0.55096,1,payment_link,reminder,True,[],"[{'action': 'payment_link', 'reasons': ['payment_link_restricted']}]",Strict
txn_000036,cust_001397,1263.02,netbanking,1261,3,3,1.0,3,False,gateway_error,0.39,0,retry,payment_link,True,[],"[{'action': 'retry', 'reasons': ['strict_retry_limit_exceeded']}]",Strict
txn_008363,cust_001105,662.48,netbanking,1474,17,16,0.9412,2,False,insufficient_balance,0.58824,0,reminder,reminder,True,[],[],Strict
txn_001514,cust_001332,1602.86,card,1171,0,0,0.0,3,True,gateway_error,0.13999999999999996,0,retry,payment_link,True,[],"[{'action': 'retry', 'reasons': ['strict_retry_limit_exceeded']}, {'action': 'reminder', 'reasons': ['reminder_not_allowed_for_temporary_failure']}]",Strict
txn_009318,cust_001124,2388.5,card,1321,27,21,0.7778,1,False,insufficient_balance,0.63556,0,payment_link,reminder,True,[],"[{'action': 'payment_link', 'reasons': ['payment_link_restricted']}]",Strict
txn_000040,cust_000351,391.53,card,1491,22,15,0.6818,4,False,bank_decline,0.27635999999999994,0,retry,payment_link,True,[],"[{'action': 'retry', 'reasons': ['strict_retry_limit_exceeded', 'failure_reason_not_safe_for_retry']}]",Strict
txn_004820,cust_000719,526.11,wallet,1217,2,2,1.0,3,False,gateway_error,0.39,1,retry,payment_link,True,[],"[{'action': 'retry', 'reasons': ['strict_retry_limit_exceeded']}]",Strict
txn_003466,cust_002691,7884.76,netbanking,1319,4,2,0.5,1,False,bank_decline,0.45,1,retry,reminder,True,[],"[{'action': 'retry', 'reasons': ['failure_reason_not_safe_for_retry']}]",Strict
txn_001761,cust_002097,530.09,card,1229,5,2,0.4,3,False,expired_card,0.57,0,payment_link,payment_link,True,[],[],Strict
txn_002305,cust_001506,2448.3,card,974,23,16,0.6957,1,False,network_error,0.78914,1,retry,retry,True,[],[],Strict
txn_003724,cust_000258,613.81,wallet,374,24,18,0.75,1,False,expired_card,0.8,1,payment_link,payment_link,True,[],[],Strict
txn_008285,cust_002760,676.81,netbanking,371,2,2,1.0,4,False,expired_card,0.61,1,payment_link,payment_link,True,[],[],Strict
txn_004994,cust_000361,5977.69,upi,1134,9,8,0.8889,1,False,bank_decline,0.5577799999999999,0,retry,payment_link,True,[],"[{'action': 'retry', 'reasons': ['failure_reason_not_safe_for_retry']}]",Strict
txn_008128,cust_001758,649.27,upi,634,16,14,0.875,1,False,gateway_error,0.7749999999999999,1,retry,retry,True,[],[],Strict
txn_003033,cust_000754,627.3,netbanking,466,14,11,0.7857,4,False,expired_card,0.56714,0,payment_link,payment_link,True,[],[],Strict
txn_007939,cust_000873,279.48,wallet,998,17,15,0.8824,1,False,expired_card,0.82648,1,payment_link,payment_link,True,[],[],Strict
txn_003040,cust_002034,189.26,wallet,685,0,0,0.0,1,True,bank_decline,0.3,0,reminder,reminder,True,[],[],Strict
txn_009656,cust_001541,442.64,card,1019,8,6,0.75,2,False,bank_decline,0.45,0,retry,payment_link,True,[],"[{'action': 'retry', 'reasons': ['strict_retry_limit_exceeded', 'failure_reason_not_safe_for_retry']}]",Strict
txn_002546,cust_002552,1504.1,card,897,4,3,0.75,4,False,bank_decline,0.29000000000000004,1,retry,payment_link,True,[],"[{'action': 'retry', 'reasons': ['strict_retry_limit_exceeded', 'failure_reason_not_safe_for_retry']}]",Strict
txn_002593,cust_002495,905.79,card,1312,14,8,0.5714,1,False,authentication_failed,0.56428,1,payment_link,reminder,True,[],"[{'action': 'payment_link', 'reasons': ['payment_link_restricted']}]",Strict
txn_001189,cust_000745,1604.23,netbanking,639,7,6,0.8571,1,False,bank_decline,0.55142,0,retry,payment_link,True,[],"[{'action': 'retry', 'reasons': ['failure_reason_not_safe_for_retry']}]",Strict
txn_007967,cust_001190,1625.86,card,192,25,17,0.68,4,False,bank_decline,0.276,0,retry,payment_link,True,[],"[{'action': 'retry', 'reasons': ['strict_retry_limit_exceeded', 'failure_reason_not_safe_for_retry']}]",Strict
txn_006078,cust_000763,3650.97,card,1251,19,18,0.9474,1,False,bank_decline,0.56948,1,retry,payment_link,True,[],"[{'action': 'retry', 'reasons': ['failure_reason_not_safe_for_retry']}]",Strict
txn_000108,cust_002915,382.43,upi,450,9,8,0.8889,2,False,insufficient_balance,0.5777800000000001,0,reminder,reminder,True,[],[],Strict
txn_001316,cust_000857,6570.59,card,373,28,24,0.8571,1,False,bank_decline,0.55142,0,retry,payment_link,True,[],"[{'action': 'retry', 'reasons': ['failure_reason_not_safe_for_retry']}]",Strict
txn_008188,cust_003140,564.95,upi,1356,1,1,1.0,3,False,bank_decline,0.41999999999999993,0,retry,payment_link,True,[],"[{'action': 'retry', 'reasons': ['strict_retry_limit_exceeded', 'failure_reason_not_safe_for_retry']}]",Strict
txn_002754,cust_001799,1185.83,netbanking,1063,24,23,0.9583,1,False,gateway_error,0.79166,1,retry,retry,True,[],[],Strict
txn_009754,cust_003262,100.0,upi,890,21,16,0.7619,3,False,gateway_error,0.34238,1,retry,payment_link,True,[],"[{'action': 'retry', 'reasons': ['strict_retry_limit_exceeded']}]",Strict
txn_006232,cust_001645,990.31,card,88,10,6,0.6,3,False,gateway_error,0.30999999999999994,1,retry,payment_link,True,[],"[{'action': 'retry', 'reasons': ['strict_retry_limit_exceeded']}]",Strict
txn_002877,cust_000221,3224.27,card,535,7,5,0.7143,3,False,bank_decline,0.36285999999999996,0,retry,payment_link,True,[],"[{'action': 'retry', 'reasons': ['strict_retry_limit_exceeded', 'failure_reason_not_safe_for_retry']}]",Strict
txn_005324,cust_002145,3996.33,upi,201,6,3,0.5,4,False,insufficient_balance,0.3400000000000001,1,reminder,reminder,True,[],[],Strict
txn_000800,cust_002028,865.91,card,677,26,19,0.7308,3,False,authentication_failed,0.43616,1,reminder,reminder,True,[],[],Strict
txn_003571,cust_000167,1009.9,netbanking,987,21,17,0.8095,2,False,gateway_error,0.4319,0,retry,payment_link,True,[],"[{'action': 'retry', 'reasons': ['strict_retry_limit_exceeded']}, {'action': 'reminder', 'reasons': ['reminder_not_allowed_for_temporary_failure']}]",Strict
txn_002895,cust_002213,504.44,netbanking,890,6,6,1.0,2,False,insufficient_balance,0.6,1,reminder,reminder,True,[],[],Strict
txn_002928,cust_000452,1924.14,upi,1222,10,8,0.8,4,False,network_error,0.27,1,retry,payment_link,True,[],"[{'action': 'retry', 'reasons': ['strict_retry_limit_exceeded']}]",Strict
txn_008179,cust_002128,1572.41,upi,934,10,9,0.9,3,False,insufficient_balance,0.4999999999999999,1,reminder,reminder,True,[],[],Strict
txn_000972,cust_002365,931.24,card,671,25,20,0.8,1,False,bank_decline,0.54,1,retry,payment_link,True,[],"[{'action': 'retry', 'reasons': ['failure_reason_not_safe_for_retry']}]",Strict
txn_006688,cust_002672,440.03,card,652,12,10,0.8333,4,False,gateway_error,0.27666,0,retry,payment_link,True,[],"[{'action': 'retry', 'reasons': ['strict_retry_limit_exceeded']}, {'action': 'reminder', 'reasons': ['reminder_not_allowed_for_temporary_failure']}]",Strict
txn_008576,cust_003289,1982.06,netbanking,205,0,0,0.0,2,True,bank_decline,0.21999999999999997,0,reminder,reminder,True,[],[],Strict
txn_002021,cust_002519,710.51,card,87,19,13,0.6842,1,False,insufficient_balance,0.61684,0,reminder,reminder,True,[],[],Strict
txn_009055,cust_000740,2255.22,upi,424,16,15,0.9375,1,False,insufficient_balance,0.6675,1,reminder,reminder,True,[],[],Strict
txn_000953,cust_000434,659.42,upi,1217,18,15,0.8333,3,False,expired_card,0.6566599999999999,1,payment_link,payment_link,True,[],[],Strict
txn_005360,cust_001523,920.12,netbanking,355,24,18,0.75,3,False,network_error,0.33999999999999997,0,retry,payment_link,True,[],"[{'action': 'retry', 'reasons': ['strict_retry_limit_exceeded']}]",Strict
txn_003858,cust_001678,626.91,wallet,496,13,10,0.7692,1,False,bank_decline,0.53384,1,retry,payment_link,True,[],"[{'action': 'retry', 'reasons': ['failure_reason_not_safe_for_retry']}]",Strict
txn_005862,cust_002209,679.11,wallet,1269,28,21,0.75,4,False,network_error,0.26,1,retry,payment_link,True,[],"[{'action': 'retry', 'reasons': ['strict_retry_limit_exceeded']}]",Strict
txn_003146,cust_000822,1737.92,card,839,3,2,0.6667,3,False,authentication_failed,0.42333999999999994,1,reminder,reminder,True,[],[],Strict
txn_003306,cust_001307,264.05,netbanking,148,3,3,1.0,3,False,gateway_error,0.39,0,retry,payment_link,True,[],"[{'action': 'retry', 'reasons': ['strict_retry_limit_exceeded']}, {'action': 'reminder', 'reasons': ['reminder_not_allowed_for_temporary_failure']}]",Strict
txn_003007,cust_002222,865.7,card,1253,19,12,0.6316,1,False,gateway_error,0.7263200000000001,1,retry,retry,True,[],[],Strict
txn_009002,cust_003310,775.37,card,1312,29,20,0.6897,2,False,network_error,0.40793999999999997,1,retry,payment_link,True,[],"[{'action': 'retry', 'reasons': ['strict_retry_limit_exceeded']}]",Strict
txn_007771,cust_001541,1249.85,wallet,321,0,0,0.0,4,True,authentication_failed,0.15999999999999998,0,payment_link,reminder,True,[],"[{'action': 'payment_link', 'reasons': ['payment_link_restricted']}]",Strict
txn_007439,cust_000629,344.12,wallet,1386,6,4,0.6667,3,False,bank_decline,0.32333999999999996,1,retry,reminder,True,[],"[{'action': 'retry', 'reasons': ['strict_retry_limit_exceeded', 'failure_reason_not_safe_for_retry']}]",Strict
txn_007943,cust_000511,1328.09,wallet,1286,25,18,0.72,3,False,bank_decline,0.3639999999999999,0,retry,payment_link,True,[],"[{'action': 'retry', 'reasons': ['strict_retry_limit_exceeded', 'failure_reason_not_safe_for_retry']}]",Strict
txn_009239,cust_002353,158.88,card,1134,11,7,0.6364,4,False,authentication_failed,0.33728,0,payment_link,reminder,True,[],"[{'action': 'payment_link', 'reasons': ['payment_link_restricted']}]",Strict
txn_001057,cust_001235,2112.17,card,492,17,15,0.8824,1,False,bank_decline,0.55648,1,retry,payment_link,True,[],"[{'action': 'retry', 'reasons': ['failure_reason_not_safe_for_retry']}]",Strict
txn_003155,cust_001888,448.49,upi,238,2,1,0.5,3,False,expired_card,0.59,1,payment_link,payment_link,True,[],[],Strict
txn_003788,cust_000245,1414.01,upi,895,27,24,0.8889,3,False,gateway_error,0.36778,0,retry,payment_link,True,[],"[{'action': 'retry', 'reasons': ['strict_retry_limit_exceeded']}, {'action': 'reminder', 'reasons': ['reminder_not_allowed_for_temporary_failure']}]",Strict
txn_009190,cust_003191,546.71,wallet,1135,6,4,0.6667,2,False,insufficient_balance,0.53334,1,reminder,reminder,True,[],[],Strict
txn_007826,cust_001784,329.39,card,1206,9,8,0.8889,1,False,bank_decline,0.5577799999999999,1,retry,payment_link,True,[],"[{'action': 'retry', 'reasons': ['failure_reason_not_safe_for_retry']}]",Strict
txn_007540,cust_002809,1744.64,card,436,9,6,0.6667,1,False,authentication_failed,0.58334,1,payment_link,reminder,True,[],"[{'action': 'payment_link', 'reasons': ['payment_link_restricted']}]",Strict
txn_007232,cust_003156,419.18,wallet,205,16,12,0.75,4,False,insufficient_balance,0.39,0,payment_link,reminder,True,[],"[{'action': 'payment_link', 'reasons': ['payment_link_restricted']}]",Strict
txn_000765,cust_000704,485.71,netbanking,1072,6,6,1.0,1,False,network_error,0.85,0,retry,retry,True,[],[],Strict
txn_005020,cust_000728,508.77,netbanking,485,21,19,0.9048,3,False,authentication_failed,0.47095999999999993,0,payment_link,reminder,True,[],"[{'action': 'payment_link', 'reasons': ['payment_link_restricted']}]",Strict
txn_004904,cust_001401,2556.05,wallet,962,18,12,0.6667,3,False,authentication_failed,0.42333999999999994,1,reminder,reminder,True,[],[],Strict
txn_008094,cust_001158,1807.64,upi,651,2,2,1.0,3,False,gateway_error,0.39,0,retry,payment_link,True,[],"[{'action': 'retry', 'reasons': ['strict_retry_limit_exceeded']}]",Strict
txn_006844,cust_002156,556.95,wallet,515,2,2,1.0,2,False,insufficient_balance,0.6,0,reminder,reminder,True,[],[],Strict
txn_002166,cust_002818,3180.35,netbanking,1001,27,21,0.7778,1,False,insufficient_balance,0.63556,0,payment_link,reminder,True,[],"[{'action': 'payment_link', 'reasons': ['payment_link_restricted']}]",Strict
txn_001863,cust_000910,280.76,wallet,65,0,0,0.0,3,True,gateway_error,0.13999999999999996,0,reminder,payment_link,True,[],"[{'action': 'reminder', 'reasons': ['reminder_not_allowed_for_temporary_failure']}]",Strict
txn_007851,cust_000698,378.64,netbanking,269,1,0,0.0,2,False,expired_card,0.57,1,payment_link,payment_link,True,[],[],Strict
txn_009124,cust_002981,1763.63,upi,1342,9,8,0.8889,1,False,insufficient_balance,0.65778,1,reminder,reminder,True,[],[],Strict
txn_002341,cust_002227,1352.19,netbanking,64,3,3,1.0,3,False,network_error,0.39,0,retry,payment_link,True,[],"[{'action': 'retry', 'reasons': ['strict_retry_limit_exceeded']}]",Strict
txn_005528,cust_001244,1109.49,upi,1062,25,16,0.64,1,False,expired_card,0.778,1,payment_link,payment_link,True,[],[],Strict
txn_006744,cust_000909,1061.62,netbanking,33,23,20,0.8696,2,False,insufficient_balance,0.5739200000000001,1,retry,reminder,True,[],"[{'action': 'retry', 'reasons': ['strict_retry_limit_exceeded']}]",Strict
txn_004004,cust_000536,1223.27,netbanking,512,9,7,0.7778,1,False,bank_decline,0.53556,1,retry,payment_link,True,[],"[{'action': 'retry', 'reasons': ['failure_reason_not_safe_for_retry']}]",Strict
txn_001124,cust_000482,2788.97,card,307,8,5,0.625,4,False,authentication_failed,0.33499999999999996,0,payment_link,reminder,True,[],"[{'action': 'payment_link', 'reasons': ['payment_link_restricted']}]",Strict
txn_008710,cust_001368,940.92,upi,1206,25,19,0.76,4,False,gateway_error,0.262,1,retry,payment_link,True,[],"[{'action': 'retry', 'reasons': ['strict_retry_limit_exceeded']}, {'action': 'reminder', 'reasons': ['reminder_not_allowed_for_temporary_failure']}]",Strict
txn_004050,cust_000640,1397.7,upi,974,9,7,0.7778,4,False,bank_decline,0.29556000000000004,0,retry,payment_link,True,[],"[{'action': 'retry', 'reasons': ['strict_retry_limit_exceeded', 'failure_reason_not_safe_for_retry']}]",Strict
txn_007641,cust_000976,1018.81,upi,158,20,16,0.8,3,False,bank_decline,0.35,0,retry,reminder,True,[],"[{'action': 'retry', 'reasons': ['strict_retry_limit_exceeded', 'failure_reason_not_safe_for_retry']}]",Strict
txn_000766,cust_000104,1059.37,card,18,11,9,0.8182,3,False,authentication_failed,0.45363999999999993,0,payment_link,reminder,True,[],"[{'action': 'payment_link', 'reasons': ['payment_link_restricted']}]",Strict
txn_002345,cust_001243,3337.83,wallet,1002,8,5,0.625,3,False,insufficient_balance,0.44499999999999995,1,reminder,reminder,True,[],[],Strict
txn_004072,cust_002953,668.9,netbanking,264,15,8,0.5333,3,False,gateway_error,0.29666000000000003,0,retry,payment_link,True,[],"[{'action': 'retry', 'reasons': ['strict_retry_limit_exceeded']}]",Strict
txn_007217,cust_000545,766.28,wallet,1300,8,6,0.75,4,False,bank_decline,0.29000000000000004,0,retry,payment_link,True,[],"[{'action': 'retry', 'reasons': ['strict_retry_limit_exceeded', 'failure_reason_not_safe_for_retry']}]",Strict
txn_004217,cust_000959,7391.14,upi,966,25,19,0.76,3,False,authentication_failed,0.44199999999999995,0,reminder,reminder,True,[],[],Strict
txn_007953,cust_003290,2070.06,card,878,19,17,0.8947,1,False,network_error,0.82894,1,retry,retry,True,[],[],Strict
txn_005971,cust_002920,2895.34,wallet,897,1,0,0.0,2,False,network_error,0.26999999999999996,0,retry,payment_link,True,[],"[{'action': 'retry', 'reasons': ['strict_retry_limit_exceeded']}]",Strict
txn_003351,cust_003270,2234.44,upi,363,5,3,0.6,1,False,gateway_error,0.72,1,retry,retry,True,[],[],Strict
txn_004696,cust_003038,744.15,netbanking,937,3,2,0.6667,4,False,gateway_error,0.24333999999999995,0,retry,payment_link,True,[],"[{'action': 'retry', 'reasons': ['strict_retry_limit_exceeded']}]",Strict
txn_003400,cust_000984,684.87,upi,1307,11,9,0.8182,2,False,bank_decline,0.46364,1,retry,payment_link,True,[],"[{'action': 'retry', 'reasons': ['strict_retry_limit_exceeded', 'failure_reason_not_safe_for_retry']}]",Strict
txn_004082,cust_001429,725.43,wallet,307,0,0,0.0,3,True,bank_decline,0.13999999999999996,0,reminder,reminder,True,[],[],Strict
txn_009150,cust_000593,1077.56,card,155,3,3,1.0,2,False,authentication_failed,0.5700000000000001,1,reminder,reminder,True,[],[],Strict
txn_001225,cust_001492,1272.8,netbanking,896,4,2,0.5,2,False,insufficient_balance,0.5000000000000001,0,reminder,reminder,True,[],[],Strict
txn_006293,cust_002793,891.81,wallet,1037,14,10,0.7143,1,False,bank_decline,0.52286,1,retry,payment_link,True,[],"[{'action': 'retry', 'reasons': ['failure_reason_not_safe_for_retry']}]",Strict
txn_003123,cust_000899,1325.08,wallet,95,18,14,0.7778,2,False,gateway_error,0.42556,0,retry,payment_link,True,[],"[{'action': 'retry', 'reasons': ['strict_retry_limit_exceeded']}]",Strict
txn_000511,cust_001090,1984.31,upi,96,5,5,1.0,3,False,bank_decline,0.39,0,retry,reminder,True,[],"[{'action': 'retry', 'reasons': ['strict_retry_limit_exceeded', 'failure_reason_not_safe_for_retry']}]",Strict
txn_005795,cust_001974,501.17,netbanking,1311,15,13,0.8667,1,False,bank_decline,0.5533399999999999,1,retry,payment_link,True,[],"[{'action': 'retry', 'reasons': ['failure_reason_not_safe_for_retry']}]",Strict
txn_008182,cust_000218,884.15,card,533,2,1,0.5,1,False,gateway_error,0.7,1,retry,retry,True,[],[],Strict
txn_009418,cust_001332,1036.02,upi,529,9,7,0.7778,4,False,insufficient_balance,0.39556,1,reminder,reminder,True,[],[],Strict
txn_000097,cust_000795,690.88,netbanking,128,6,4,0.6667,3,False,gateway_error,0.32333999999999996,0,retry,payment_link,True,[],"[{'action': 'retry', 'reasons': ['strict_retry_limit_exceeded']}]",Strict
txn_006682,cust_000226,1785.1,upi,1174,2,2,1.0,3,False,authentication_failed,0.49,1,reminder,reminder,True,[],[],Strict
txn_001513,cust_001140,1189.22,wallet,467,13,9,0.6923,2,False,bank_decline,0.4384599999999999,0,retry,payment_link,True,[],"[{'action': 'retry', 'reasons': ['strict_retry_limit_exceeded', 'failure_reason_not_safe_for_retry']}]",Strict
txn_008792,cust_003034,1267.39,card,388,18,15,0.8333,4,False,bank_decline,0.30666000000000004,1,retry,payment_link,True,[],"[{'action': 'retry', 'reasons': ['strict_retry_limit_exceeded', 'failure_reason_not_safe_for_retry']}]",Strict
txn_000120,cust_002852,4619.66,wallet,687,4,2,0.5,4,False,insufficient_balance,0.3400000000000001,0,reminder,reminder,True,[],[],Strict
txn_007792,cust_000873,557.89,upi,726,1,0,0.0,1,False,insufficient_balance,0.48,0,reminder,reminder,True,[],[],Strict
txn_006518,cust_003238,1091.19,wallet,1047,8,8,1.0,1,False,bank_decline,0.58,0,retry,payment_link,True,[],"[{'action': 'retry', 'reasons': ['failure_reason_not_safe_for_retry']}]",Strict
txn_000034,cust_003092,379.51,netbanking,1239,3,3,1.0,3,False,insufficient_balance,0.5199999999999999,0,reminder,reminder,True,[],[],Strict
txn_007888,cust_000122,3254.57,upi,695,9,7,0.7778,2,False,gateway_error,0.42556,0,retry,payment_link,True,[],"[{'action': 'retry', 'reasons': ['strict_retry_limit_exceeded']}]",Strict
txn_006831,cust_002657,506.31,wallet,1287,14,13,0.9286,4,False,bank_decline,0.32572,1,retry,payment_link,True,[],"[{'action': 'retry', 'reasons': ['strict_retry_limit_exceeded', 'failure_reason_not_safe_for_retry']}]",Strict
txn_005422,cust_002288,1970.07,upi,1266,0,0,0.0,4,True,bank_decline,0.09000000000000001,0,retry,payment_link,True,[],"[{'action': 'retry', 'reasons': ['strict_retry_limit_exceeded', 'failure_reason_not_safe_for_retry']}]",Strict
txn_001069,cust_002915,862.42,card,1060,0,0,0.0,4,True,network_error,0.059999999999999984,0,retry,payment_link,True,[],"[{'action': 'retry', 'reasons': ['strict_retry_limit_exceeded']}]",Strict
txn_001348,cust_001339,1422.85,netbanking,1097,21,15,0.7143,3,False,authentication_failed,0.43286,0,reminder,reminder,True,[],[],Strict
txn_004748,cust_000791,675.78,wallet,943,0,0,0.0,2,True,network_error,0.21999999999999997,1,retry,payment_link,True,[],"[{'action': 'retry', 'reasons': ['strict_retry_limit_exceeded']}, {'action': 'reminder', 'reasons': ['reminder_not_allowed_for_temporary_failure']}]",Strict
txn_006006,cust_000371,1019.81,wallet,26,13,9,0.6923,4,False,network_error,0.24845999999999996,0,retry,payment_link,True,[],"[{'action': 'retry', 'reasons': ['strict_retry_limit_exceeded']}]",Strict
txn_006040,cust_003133,2228.21,netbanking,570,24,14,0.5833,3,False,network_error,0.30666000000000004,0,retry,payment_link,True,[],"[{'action': 'retry', 'reasons': ['strict_retry_limit_exceeded']}]",Strict
txn_003818,cust_000126,789.45,wallet,10,6,4,0.6667,4,False,authentication_failed,0.34334,1,payment_link,reminder,True,[],"[{'action': 'payment_link', 'reasons': ['payment_link_restricted']}]",Strict
txn_008447,cust_002684,3400.45,upi,1458,3,1,0.3333,3,False,expired_card,0.5566599999999999,1,payment_link,payment_link,True,[],[],Strict
txn_005270,cust_002836,487.66,netbanking,628,12,9,0.75,1,False,insufficient_balance,0.63,1,reminder,reminder,True,[],[],Strict
txn_006898,cust_001711,1169.32,card,962,2,1,0.5,3,False,gateway_error,0.29000000000000004,0,retry,payment_link,True,[],"[{'action': 'retry', 'reasons': ['strict_retry_limit_exceeded']}]",Strict
txn_005310,cust_001710,1445.39,card,67,13,9,0.6923,3,False,bank_decline,0.32846,1,retry,reminder,True,[],"[{'action': 'retry', 'reasons': ['strict_retry_limit_exceeded', 'failure_reason_not_safe_for_retry']}]",Strict
txn_000032,cust_000766,962.22,netbanking,1401,0,0,0.0,1,True,bank_decline,0.33,0,payment_link,payment_link,True,[],[],Strict
txn_005675,cust_000255,287.61,upi,1011,25,18,0.72,2,False,gateway_error,0.4139999999999999,0,retry,payment_link,True,[],"[{'action': 'retry', 'reasons': ['strict_retry_limit_exceeded']}]",Strict
txn_004387,cust_002280,1426.16,wallet,1016,26,22,0.8462,4,False,network_error,0.27924000000000004,0,retry,payment_link,True,[],"[{'action': 'retry', 'reasons': ['strict_retry_limit_exceeded']}, {'action': 'reminder', 'reasons': ['reminder_not_allowed_for_temporary_failure']}]",Strict
txn_000030,cust_002771,411.75,upi,1421,7,7,1.0,1,False,bank_decline,0.58,1,retry,payment_link,True,[],"[{'action': 'retry', 'reasons': ['failure_reason_not_safe_for_retry']}]",Strict
txn_004203,cust_000402,4801.78,upi,45,16,13,0.8125,3,False,network_error,0.35250000000000004,0,retry,payment_link,True,[],"[{'action': 'retry', 'reasons': ['strict_retry_limit_exceeded']}]",Strict
txn_007508,cust_002863,1156.32,wallet,579,18,14,0.7778,4,False,insufficient_balance,0.39556,1,reminder,reminder,True,[],[],Strict
txn_000736,cust_001489,1232.0,netbanking,972,0,0,0.0,1,True,bank_decline,0.3,1,reminder,reminder,True,[],[],Strict
txn_002068,cust_001554,5034.75,upi,1358,6,5,0.8333,1,False,insufficient_balance,0.64666,1,reminder,reminder,True,[],[],Strict
txn_000107,cust_000084,301.11,wallet,1363,9,6,0.6667,3,False,authentication_failed,0.42333999999999994,1,reminder,reminder,True,[],[],Strict
txn_009645,cust_002014,500.2,wallet,405,9,6,0.6667,4,False,authentication_failed,0.34334,0,payment_link,reminder,True,[],"[{'action': 'payment_link', 'reasons': ['payment_link_restricted']}]",Strict
txn_008895,cust_000209,574.57,wallet,944,27,21,0.7778,4,False,expired_card,0.5655600000000001,0,payment_link,payment_link,True,[],[],Strict
txn_008021,cust_001526,1031.36,netbanking,401,24,18,0.75,2,False,network_error,0.42,1,retry,payment_link,True,[],"[{'action': 'retry', 'reasons': ['strict_retry_limit_exceeded']}]",Strict
txn_002233,cust_001575,1406.09,netbanking,213,12,9,0.75,1,False,expired_card,0.8,0,payment_link,payment_link,True,[],[],Strict
txn_000994,cust_001636,1163.74,netbanking,170,8,7,0.875,4,False,insufficient_balance,0.41500000000000004,1,reminder,reminder,True,[],[],Strict
txn_009413,cust_000474,220.31,wallet,950,6,4,0.6667,4,False,gateway_error,0.24333999999999995,0,retry,payment_link,True,[],"[{'action': 'retry', 'reasons': ['strict_retry_limit_exceeded']}]",Strict
txn_007059,cust_002337,2660.13,netbanking,495,1,1,1.0,1,False,network_error,0.85,1,retry,retry,True,[],[],Strict
txn_006790,cust_001738,1538.07,card,546,14,11,0.7857,3,False,authentication_failed,0.44714,0,reminder,reminder,True,[],[],Strict
txn_000361,cust_003302,1567.64,netbanking,104,15,12,0.8,3,False,expired_card,0.65,1,payment_link,payment_link,True,[],[],Strict
txn_000305,cust_003156,1970.3,upi,330,21,13,0.619,2,False,expired_card,0.6938000000000001,1,payment_link,payment_link,True,[],[],Strict
txn_002628,cust_002327,731.08,upi,948,4,4,1.0,2,False,gateway_error,0.47000000000000003,1,retry,payment_link,True,[],"[{'action': 'retry', 'reasons': ['strict_retry_limit_exceeded']}, {'action': 'reminder', 'reasons': ['reminder_not_allowed_for_temporary_failure']}]",Strict
txn_008966,cust_002542,286.73,netbanking,1297,22,19,0.8636,4,False,bank_decline,0.2827200000000001,0,retry,reminder,True,[],"[{'action': 'retry', 'reasons': ['strict_retry_limit_exceeded', 'failure_reason_not_safe_for_retry']}]",Strict
txn_004514,cust_002161,4566.11,card,217,23,15,0.6522,3,False,network_error,0.32043999999999995,0,retry,payment_link,True,[],"[{'action': 'retry', 'reasons': ['strict_retry_limit_exceeded']}]",Strict
txn_005911,cust_001117,431.59,netbanking,912,3,3,1.0,1,False,insufficient_balance,0.6799999999999999,0,reminder,reminder,True,[],[],Strict
txn_008314,cust_000050,1030.43,card,407,22,19,0.8636,4,False,authentication_failed,0.38272000000000006,0,reminder,reminder,True,[],[],Strict
txn_003101,cust_002949,1919.38,card,849,29,21,0.7241,2,False,authentication_failed,0.51482,0,payment_link,reminder,True,[],"[{'action': 'payment_link', 'reasons': ['payment_link_restricted']}]",Strict
txn_005704,cust_000394,1278.03,card,763,6,5,0.8333,4,False,authentication_failed,0.37666,0,reminder,reminder,True,[],[],Strict
txn_003899,cust_000074,232.39,netbanking,1062,29,21,0.7241,3,False,gateway_error,0.33482,1,retry,payment_link,True,[],"[{'action': 'retry', 'reasons': ['strict_retry_limit_exceeded']}, {'action': 'reminder', 'reasons': ['reminder_not_allowed_for_temporary_failure']}]",Strict
txn_005441,cust_001048,2568.3,upi,941,4,4,1.0,1,False,gateway_error,0.8,1,retry,retry,True,[],[],Strict
txn_007931,cust_001181,1283.79,upi,1247,21,15,0.7143,4,False,authentication_failed,0.35286000000000006,0,reminder,reminder,True,[],[],Strict
txn_000622,cust_001309,1202.48,upi,317,16,14,0.875,1,False,insufficient_balance,0.655,1,reminder,reminder,True,[],[],Strict
txn_007236,cust_002450,565.74,upi,73,12,10,0.8333,3,False,insufficient_balance,0.48666,1,reminder,reminder,True,[],[],Strict
txn_002499,cust_002350,349.0,upi,798,16,13,0.8125,4,False,authentication_failed,0.37250000000000005,0,payment_link,reminder,True,[],"[{'action': 'payment_link', 'reasons': ['payment_link_restricted']}]",Strict
txn_000714,cust_001491,1414.72,upi,268,7,6,0.8571,1,False,insufficient_balance,0.65142,1,reminder,reminder,True,[],[],Strict
txn_008404,cust_001391,5476.61,netbanking,343,28,16,0.5714,4,False,gateway_error,0.22427999999999998,0,retry,payment_link,True,[],"[{'action': 'retry', 'reasons': ['strict_retry_limit_exceeded']}]",Strict
txn_002856,cust_001819,2832.47,upi,219,27,23,0.8519,1,False,insufficient_balance,0.65038,1,reminder,reminder,True,[],[],Strict
txn_004270,cust_000556,367.26,upi,1083,14,10,0.7143,3,False,insufficient_balance,0.46285999999999994,1,reminder,reminder,True,[],[],Strict
txn_002909,cust_001597,3596.44,upi,1169,6,6,1.0,1,False,authentication_failed,0.65,0,payment_link,reminder,True,[],"[{'action': 'payment_link', 'reasons': ['payment_link_restricted']}]",Strict
txn_008081,cust_001780,1184.73,netbanking,770,22,16,0.7273,4,False,bank_decline,0.28545999999999994,1,retry,payment_link,True,[],"[{'action': 'retry', 'reasons': ['strict_retry_limit_exceeded', 'failure_reason_not_safe_for_retry']}]",Strict
txn_004517,cust_001057,1213.1,wallet,223,7,6,0.8571,2,False,authentication_failed,0.54142,1,reminder,reminder,True,[],[],Strict
txn_001262,cust_002228,9186.11,wallet,745,18,12,0.6667,1,False,gateway_error,0.7333399999999999,1,retry,retry,True,[],[],Strict
txn_003161,cust_002432,291.03,card,1413,25,17,0.68,2,False,gateway_error,0.40599999999999997,0,retry,payment_link,True,[],"[{'action': 'retry', 'reasons': ['strict_retry_limit_exceeded']}]",Strict
txn_000971,cust_002808,210.94,wallet,307,28,21,0.75,2,False,bank_decline,0.42,1,retry,reminder,True,[],"[{'action': 'retry', 'reasons': ['strict_retry_limit_exceeded', 'failure_reason_not_safe_for_retry']}]",Strict
txn_003913,cust_001113,509.72,card,710,25,22,0.88,3,False,authentication_failed,0.46599999999999997,1,payment_link,reminder,True,[],"[{'action': 'payment_link', 'reasons': ['payment_link_restricted']}]",Strict
txn_005199,cust_000394,2492.86,card,934,18,9,0.5,3,False,network_error,0.29000000000000004,0,retry,payment_link,True,[],"[{'action': 'retry', 'reasons': ['strict_retry_limit_exceeded']}]",Strict
txn_008847,cust_001088,502.3,upi,57,3,2,0.6667,1,False,bank_decline,0.48333999999999994,0,retry,reminder,True,[],"[{'action': 'retry', 'reasons': ['failure_reason_not_safe_for_retry']}]",Strict
txn_000260,cust_001685,1842.2,upi,1480,7,5,0.7143,3,False,authentication_failed,0.43286,0,reminder,reminder,True,[],[],Strict
txn_003791,cust_001196,775.79,upi,302,11,8,0.7273,4,False,bank_decline,0.28545999999999994,1,retry,payment_link,True,[],"[{'action': 'retry', 'reasons': ['strict_retry_limit_exceeded', 'failure_reason_not_safe_for_retry']}]",Strict
txn_009203,cust_000169,1167.74,upi,676,19,13,0.6842,1,False,expired_card,0.78684,1,payment_link,payment_link,True,[],[],Strict
txn_000488,cust_000256,644.16,netbanking,348,2,2,1.0,3,False,authentication_failed,0.49,1,reminder,reminder,True,[],[],Strict
txn_007908,cust_000292,1213.86,netbanking,1467,3,3,1.0,4,False,expired_card,0.61,1,payment_link,payment_link,True,[],[],Strict
txn_000519,cust_002894,481.64,upi,971,11,9,0.8182,1,False,gateway_error,0.76364,1,retry,retry,True,[],[],Strict
txn_008343,cust_002359,775.68,netbanking,333,14,8,0.5714,2,False,bank_decline,0.38427999999999995,1,retry,reminder,True,[],"[{'action': 'retry', 'reasons': ['strict_retry_limit_exceeded', 'failure_reason_not_safe_for_retry']}]",Strict
txn_000312,cust_000828,2030.19,upi,1139,3,3,1.0,2,False,network_error,0.47000000000000003,0,retry,payment_link,True,[],"[{'action': 'retry', 'reasons': ['strict_retry_limit_exceeded']}, {'action': 'reminder', 'reasons': ['reminder_not_allowed_for_temporary_failure']}]",Strict
txn_003232,cust_000299,481.2,wallet,1380,8,4,0.5,2,False,network_error,0.37,0,retry,payment_link,True,[],"[{'action': 'retry', 'reasons': ['strict_retry_limit_exceeded']}]",Strict
txn_007933,cust_000791,753.07,card,897,16,9,0.5625,1,False,gateway_error,0.7124999999999999,1,retry,retry,True,[],[],Strict
txn_007458,cust_000127,2644.67,netbanking,1431,14,9,0.6429,3,False,insufficient_balance,0.44857999999999987,1,reminder,reminder,True,[],[],Strict
txn_009784,cust_002528,680.73,netbanking,1394,12,6,0.5,3,False,bank_decline,0.32000000000000006,0,retry,payment_link,True,[],"[{'action': 'retry', 'reasons': ['strict_retry_limit_exceeded', 'failure_reason_not_safe_for_retry']}]",Strict
txn_005184,cust_002662,2343.9,wallet,22,15,12,0.8,4,False,network_error,0.27,0,retry,payment_link,True,[],"[{'action': 'retry', 'reasons': ['strict_retry_limit_exceeded']}]",Strict
txn_008077,cust_001820,1620.73,card,1288,8,7,0.875,2,False,bank_decline,0.4749999999999999,0,retry,payment_link,True,[],"[{'action': 'retry', 'reasons': ['strict_retry_limit_exceeded', 'failure_reason_not_safe_for_retry']}]",Strict
txn_006502,cust_002648,428.35,card,702,11,9,0.8182,2,False,bank_decline,0.46364,1,retry,payment_link,True,[],"[{'action': 'retry', 'reasons': ['strict_retry_limit_exceeded', 'failure_reason_not_safe_for_retry']}]",Strict
txn_006791,cust_003089,1754.27,card,281,23,17,0.7391,4,False,network_error,0.25782,1,retry,payment_link,True,[],"[{'action': 'retry', 'reasons': ['strict_retry_limit_exceeded']}]",Strict
txn_007773,cust_000519,695.31,wallet,1329,23,14,0.6087,4,False,bank_decline,0.26174,0,retry,payment_link,True,[],"[{'action': 'retry', 'reasons': ['strict_retry_limit_exceeded', 'failure_reason_not_safe_for_retry']}]",Strict
txn_002738,cust_002096,253.82,wallet,61,0,0,0.0,2,True,network_error,0.21999999999999997,0,retry,payment_link,True,[],"[{'action': 'retry', 'reasons': ['strict_retry_limit_exceeded']}, {'action': 'reminder', 'reasons': ['reminder_not_allowed_for_temporary_failure']}]",Strict
txn_007842,cust_001845,981.88,netbanking,1236,20,13,0.65,3,False,bank_decline,0.35,1,retry,payment_link,True,[],"[{'action': 'retry', 'reasons': ['strict_retry_limit_exceeded', 'failure_reason_not_safe_for_retry']}]",Strict
txn_006262,cust_003235,1729.26,netbanking,831,0,0,0.0,2,True,expired_card,0.5199999999999999,1,payment_link,payment_link,True,[],[],Strict
txn_008206,cust_000921,2750.82,netbanking,694,3,2,0.6667,1,False,bank_decline,0.5133399999999999,0,retry,payment_link,True,[],"[{'action': 'retry', 'reasons': ['failure_reason_not_safe_for_retry']}]",Strict
txn_001248,cust_001507,2157.68,card,667,2,2,1.0,2,False,gateway_error,0.47000000000000003,0,retry,payment_link,True,[],"[{'action': 'retry', 'reasons': ['strict_retry_limit_exceeded']}]",Strict
txn_009336,cust_002230,2409.03,card,1148,11,9,0.8182,3,False,insufficient_balance,0.48363999999999996,1,reminder,reminder,True,[],[],Strict
txn_004195,cust_002683,1300.26,card,232,19,13,0.6842,4,False,network_error,0.24684,0,retry,payment_link,True,[],"[{'action': 'retry', 'reasons': ['strict_retry_limit_exceeded']}]",Strict
txn_008001,cust_000581,535.96,wallet,885,8,6,0.75,4,False,gateway_error,0.26,1,retry,payment_link,True,[],"[{'action': 'retry', 'reasons': ['strict_retry_limit_exceeded']}]",Strict
txn_007378,cust_001738,1548.15,card,932,4,2,0.5,3,False,insufficient_balance,0.42000000000000004,0,reminder,reminder,True,[],[],Strict
txn_003435,cust_002466,874.83,upi,996,0,0,0.0,4,True,expired_card,0.35999999999999993,0,payment_link,payment_link,True,[],[],Strict
txn_005382,cust_002228,480.44,wallet,1145,26,16,0.6154,2,False,bank_decline,0.42307999999999996,1,retry,payment_link,True,[],"[{'action': 'retry', 'reasons': ['strict_retry_limit_exceeded', 'failure_reason_not_safe_for_retry']}]",Strict
txn_000959,cust_000759,2072.2,card,219,16,14,0.875,3,False,network_error,0.365,1,retry,payment_link,True,[],"[{'action': 'retry', 'reasons': ['strict_retry_limit_exceeded']}]",Strict
txn_000417,cust_002671,510.06,card,703,15,13,0.8667,4,False,bank_decline,0.31333999999999995,0,retry,payment_link,True,[],"[{'action': 'retry', 'reasons': ['strict_retry_limit_exceeded', 'failure_reason_not_safe_for_retry']}]",Strict
txn_005742,cust_001331,877.63,netbanking,109,26,21,0.8077,1,False,network_error,0.8115399999999999,0,retry,retry,True,[],[],Strict
txn_006728,cust_000318,921.09,card,972,13,11,0.8462,1,False,gateway_error,0.7692399999999999,1,retry,retry,True,[],[],Strict
txn_004382,cust_002563,612.92,netbanking,1495,20,16,0.8,3,False,insufficient_balance,0.48,0,reminder,reminder,True,[],[],Strict
txn_005197,cust_000234,443.51,upi,1124,7,5,0.7143,3,False,expired_card,0.63286,0,payment_link,payment_link,True,[],[],Strict
txn_001113,cust_002352,2752.26,upi,321,13,10,0.7692,1,False,bank_decline,0.53384,1,retry,payment_link,True,[],"[{'action': 'retry', 'reasons': ['failure_reason_not_safe_for_retry']}]",Strict
txn_002689,cust_002180,149.3,upi,642,13,8,0.6154,1,False,bank_decline,0.50308,0,payment_link,payment_link,True,[],[],Strict
txn_006473,cust_000020,390.49,card,903,14,11,0.7857,4,False,gateway_error,0.26714000000000004,1,retry,payment_link,True,[],"[{'action': 'retry', 'reasons': ['strict_retry_limit_exceeded']}, {'action': 'reminder', 'reasons': ['reminder_not_allowed_for_temporary_failure']}]",Strict
txn_008820,cust_002951,1786.68,card,953,11,9,0.8182,4,False,insufficient_balance,0.40364,1,reminder,reminder,True,[],[],Strict
txn_007808,cust_000366,1763.6,card,170,7,7,1.0,2,False,insufficient_balance,0.6,0,reminder,reminder,True,[],[],Strict
txn_003411,cust_001449,3723.39,upi,1096,3,3,1.0,1,False,authentication_failed,0.65,0,reminder,reminder,True,[],[],Strict
txn_000081,cust_001499,2244.3,card,901,20,16,0.8,1,False,gateway_error,0.76,1,retry,retry,True,[],[],Strict
txn_004614,cust_001873,445.6,card,1265,19,16,0.8421,3,False,bank_decline,0.35841999999999996,0,retry,reminder,True,[],"[{'action': 'retry', 'reasons': ['strict_retry_limit_exceeded', 'failure_reason_not_safe_for_retry']}]",Strict
txn_001374,cust_000880,2869.53,netbanking,1121,12,9,0.75,4,False,network_error,0.26,0,retry,payment_link,True,[],"[{'action': 'retry', 'reasons': ['strict_retry_limit_exceeded']}]",Strict
txn_001510,cust_000150,205.85,wallet,1250,3,3,1.0,4,False,bank_decline,0.33999999999999997,0,retry,payment_link,True,[],"[{'action': 'retry', 'reasons': ['strict_retry_limit_exceeded', 'failure_reason_not_safe_for_retry']}]",Strict
txn_006443,cust_001786,471.24,upi,673,18,12,0.6667,2,False,bank_decline,0.4333399999999999,0,retry,payment_link,True,[],"[{'action': 'retry', 'reasons': ['strict_retry_limit_exceeded', 'failure_reason_not_safe_for_retry']}]",Strict
txn_003071,cust_000267,827.55,wallet,647,20,13,0.65,1,False,bank_decline,0.51,1,retry,payment_link,True,[],"[{'action': 'retry', 'reasons': ['failure_reason_not_safe_for_retry']}]",Strict
txn_003016,cust_002973,449.65,card,685,0,0,0.0,4,True,expired_card,0.35999999999999993,0,payment_link,payment_link,True,[],[],Strict
txn_004823,cust_000764,1531.38,upi,538,10,8,0.8,2,False,insufficient_balance,0.56,1,retry,reminder,True,[],"[{'action': 'retry', 'reasons': ['strict_retry_limit_exceeded']}]",Strict
txn_007822,cust_001901,1501.22,card,941,10,7,0.7,3,False,network_error,0.32999999999999996,0,retry,payment_link,True,[],"[{'action': 'retry', 'reasons': ['strict_retry_limit_exceeded']}]",Strict
txn_000093,cust_001536,2976.07,wallet,1142,19,13,0.6842,4,False,gateway_error,0.24684,0,retry,payment_link,True,[],"[{'action': 'retry', 'reasons': ['strict_retry_limit_exceeded']}]",Strict
txn_009421,cust_002827,1742.72,upi,608,26,21,0.8077,2,False,insufficient_balance,0.56154,1,payment_link,reminder,True,[],"[{'action': 'payment_link', 'reasons': ['payment_link_restricted']}]",Strict
txn_006600,cust_001933,1931.16,upi,1321,10,8,0.8,2,False,insufficient_balance,0.56,1,reminder,reminder,True,[],[],Strict
txn_004443,cust_001547,609.22,card,679,26,20,0.7692,4,False,bank_decline,0.29384,1,retry,payment_link,True,[],"[{'action': 'retry', 'reasons': ['strict_retry_limit_exceeded', 'failure_reason_not_safe_for_retry']}]",Strict
txn_007602,cust_003090,3752.95,card,990,6,6,1.0,1,False,gateway_error,0.8,1,retry,retry,True,[],[],Strict
txn_003835,cust_002858,2747.83,card,1377,28,20,0.7143,4,False,insufficient_balance,0.38286,0,retry,reminder,True,[],"[{'action': 'retry', 'reasons': ['strict_retry_limit_exceeded']}]",Strict
txn_009702,cust_000923,1261.96,netbanking,690,4,3,0.75,4,False,insufficient_balance,0.39,1,reminder,reminder,True,[],[],Strict
txn_004322,cust_001165,1633.88,upi,1273,18,13,0.7222,4,False,gateway_error,0.25443999999999994,1,retry,payment_link,True,[],"[{'action': 'retry', 'reasons': ['strict_retry_limit_exceeded']}]",Strict
txn_003394,cust_000092,496.94,upi,91,10,8,0.8,2,False,authentication_failed,0.53,0,reminder,reminder,True,[],[],Strict
txn_004752,cust_001954,3458.81,card,1364,14,9,0.6429,3,False,expired_card,0.6185799999999999,1,payment_link,payment_link,True,[],[],Strict
txn_007229,cust_002591,1999.85,upi,51,23,18,0.7826,3,False,insufficient_balance,0.47651999999999994,0,reminder,reminder,True,[],[],Strict
txn_009191,cust_002775,397.22,netbanking,1042,10,9,0.9,1,False,insufficient_balance,0.6599999999999999,1,payment_link,reminder,True,[],"[{'action': 'payment_link', 'reasons': ['payment_link_restricted']}]",Strict
txn_002361,cust_001061,938.14,card,433,9,5,0.5556,3,False,insufficient_balance,0.43111999999999995,1,payment_link,reminder,True,[],"[{'action': 'payment_link', 'reasons': ['payment_link_restricted']}]",Strict
txn_001148,cust_001576,1536.01,card,1135,19,15,0.7895,3,False,network_error,0.3479,0,retry,payment_link,True,[],"[{'action': 'retry', 'reasons': ['strict_retry_limit_exceeded']}]",Strict
txn_005666,cust_001245,857.53,netbanking,701,24,20,0.8333,2,False,authentication_failed,0.53666,1,payment_link,reminder,True,[],"[{'action': 'payment_link', 'reasons': ['payment_link_restricted']}]",Strict
txn_008075,cust_002067,2401.86,card,858,24,20,0.8333,2,False,insufficient_balance,0.56666,1,payment_link,reminder,True,[],"[{'action': 'payment_link', 'reasons': ['payment_link_restricted']}]",Strict
txn_004943,cust_000536,658.74,wallet,1281,4,2,0.5,1,False,gateway_error,0.7,1,retry,retry,True,[],[],Strict
txn_003663,cust_001147,739.0,card,453,9,8,0.8889,1,False,gateway_error,0.7777799999999999,1,retry,retry,True,[],[],Strict
txn_001563,cust_001045,1060.99,wallet,160,14,9,0.6429,2,False,network_error,0.39857999999999993,1,retry,payment_link,True,[],"[{'action': 'retry', 'reasons': ['strict_retry_limit_exceeded']}, {'action': 'reminder', 'reasons': ['reminder_not_allowed_for_temporary_failure']}]",Strict
txn_004113,cust_002978,2641.75,upi,276,18,13,0.7222,4,False,gateway_error,0.25443999999999994,1,retry,payment_link,True,[],"[{'action': 'retry', 'reasons': ['strict_retry_limit_exceeded']}]",Strict
txn_009050,cust_002278,2492.12,card,645,18,13,0.7222,3,False,gateway_error,0.33443999999999996,1,retry,payment_link,True,[],"[{'action': 'retry', 'reasons': ['strict_retry_limit_exceeded']}, {'action': 'reminder', 'reasons': ['reminder_not_allowed_for_temporary_failure']}]",Strict
txn_009276,cust_002534,2769.72,wallet,690,27,19,0.7037,4,False,expired_card,0.55074,1,payment_link,payment_link,True,[],[],Strict
txn_008538,cust_001367,1001.23,wallet,629,4,4,1.0,2,False,bank_decline,0.49999999999999994,0,retry,payment_link,True,[],"[{'action': 'retry', 'reasons': ['strict_retry_limit_exceeded', 'failure_reason_not_safe_for_retry']}]",Strict
txn_000795,cust_003261,2985.84,upi,6,12,9,0.75,2,False,network_error,0.42,0,retry,payment_link,True,[],"[{'action': 'retry', 'reasons': ['strict_retry_limit_exceeded']}]",Strict
txn_005854,cust_001243,3065.13,wallet,614,16,9,0.5625,3,False,gateway_error,0.3025,0,retry,payment_link,True,[],"[{'action': 'retry', 'reasons': ['strict_retry_limit_exceeded']}]",Strict
txn_007619,cust_000445,1033.05,netbanking,480,1,1,1.0,4,False,network_error,0.31000000000000005,0,retry,payment_link,True,[],"[{'action': 'retry', 'reasons': ['strict_retry_limit_exceeded']}]",Strict
txn_001594,cust_000630,2041.9,wallet,907,0,0,0.0,2,True,gateway_error,0.21999999999999997,0,retry,payment_link,True,[],"[{'action': 'retry', 'reasons': ['strict_retry_limit_exceeded']}]",Strict
txn_007418,cust_001055,2247.95,wallet,882,10,8,0.8,2,False,gateway_error,0.43,0,retry,payment_link,True,[],"[{'action': 'retry', 'reasons': ['strict_retry_limit_exceeded']}]",Strict
txn_005267,cust_002684,13576.59,wallet,125,22,18,0.8182,1,False,authentication_failed,0.61364,0,reminder,reminder,True,[],[],Strict
txn_007147,cust_000734,1125.84,upi,401,16,10,0.625,1,False,insufficient_balance,0.605,1,reminder,reminder,True,[],[],Strict
txn_000089,cust_001943,5586.22,upi,757,12,9,0.75,4,False,gateway_error,0.26,1,retry,payment_link,True,[],"[{'action': 'retry', 'reasons': ['strict_retry_limit_exceeded']}]",Strict
txn_008695,cust_000221,996.35,upi,1107,0,0,0.0,1,True,insufficient_balance,0.43,1,reminder,reminder,True,[],[],Strict
txn_009732,cust_000652,782.95,wallet,420,10,8,0.8,4,False,bank_decline,0.27,1,retry,reminder,True,[],"[{'action': 'retry', 'reasons': ['strict_retry_limit_exceeded', 'failure_reason_not_safe_for_retry']}]",Strict
txn_009446,cust_002718,2965.9,card,378,29,21,0.7241,2,False,network_error,0.41481999999999997,0,retry,payment_link,True,[],"[{'action': 'retry', 'reasons': ['strict_retry_limit_exceeded']}]",Strict
txn_006754,cust_000420,789.64,netbanking,1073,3,2,0.6667,4,False,bank_decline,0.2733399999999999,0,retry,payment_link,True,[],"[{'action': 'retry', 'reasons': ['strict_retry_limit_exceeded', 'failure_reason_not_safe_for_retry']}]",Strict
txn_003502,cust_003037,871.01,upi,1452,1,1,1.0,2,False,insufficient_balance,0.6,1,reminder,reminder,True,[],[],Strict
txn_002234,cust_002249,730.83,wallet,1028,14,9,0.6429,3,False,gateway_error,0.31858,0,retry,payment_link,True,[],"[{'action': 'retry', 'reasons': ['strict_retry_limit_exceeded']}]",Strict
txn_002803,cust_003133,1806.58,wallet,670,22,14,0.6364,4,False,insufficient_balance,0.36728000000000005,0,payment_link,reminder,True,[],"[{'action': 'payment_link', 'reasons': ['payment_link_restricted']}]",Strict
txn_004424,cust_003030,449.71,upi,1217,25,19,0.76,4,False,gateway_error,0.262,1,retry,payment_link,True,[],"[{'action': 'retry', 'reasons': ['strict_retry_limit_exceeded']}, {'action': 'reminder', 'reasons': ['reminder_not_allowed_for_temporary_failure']}]",Strict
txn_005663,cust_002655,964.06,netbanking,207,24,16,0.6667,2,False,authentication_failed,0.50334,0,payment_link,reminder,True,[],"[{'action': 'payment_link', 'reasons': ['payment_link_restricted']}]",Strict
txn_007170,cust_001979,950.43,wallet,841,1,1,1.0,4,False,gateway_error,0.31000000000000005,1,retry,payment_link,True,[],"[{'action': 'retry', 'reasons': ['strict_retry_limit_exceeded']}]",Strict
txn_008337,cust_000666,3425.66,wallet,11,2,2,1.0,2,False,bank_decline,0.49999999999999994,0,retry,payment_link,True,[],"[{'action': 'retry', 'reasons': ['strict_retry_limit_exceeded', 'failure_reason_not_safe_for_retry']}]",Strict
txn_002148,cust_001690,588.18,netbanking,3,28,19,0.6786,2,False,insufficient_balance,0.5357200000000001,1,reminder,reminder,True,[],[],Strict
txn_007969,cust_000554,1657.51,wallet,1351,20,17,0.85,1,False,authentication_failed,0.62,0,payment_link,reminder,True,[],"[{'action': 'payment_link', 'reasons': ['payment_link_restricted']}]",Strict
txn_006551,cust_002973,1816.67,upi,1154,4,2,0.5,1,False,bank_decline,0.45,0,retry,reminder,True,[],"[{'action': 'retry', 'reasons': ['failure_reason_not_safe_for_retry']}]",Strict
txn_007643,cust_000427,673.95,upi,1480,16,12,0.75,4,False,gateway_error,0.26,0,retry,payment_link,True,[],"[{'action': 'retry', 'reasons': ['strict_retry_limit_exceeded']}]",Strict
txn_006164,cust_001375,994.35,upi,887,7,7,1.0,4,False,bank_decline,0.33999999999999997,0,retry,payment_link,True,[],"[{'action': 'retry', 'reasons': ['strict_retry_limit_exceeded', 'failure_reason_not_safe_for_retry']}]",Strict
txn_001495,cust_001165,477.88,upi,574,25,19,0.76,2,False,bank_decline,0.452,0,retry,payment_link,True,[],"[{'action': 'retry', 'reasons': ['strict_retry_limit_exceeded', 'failure_reason_not_safe_for_retry']}]",Strict
txn_007696,cust_002623,866.18,wallet,1320,29,21,0.7241,4,False,gateway_error,0.25482,0,retry,payment_link,True,[],"[{'action': 'retry', 'reasons': ['strict_retry_limit_exceeded']}]",Strict
txn_007094,cust_002204,738.48,upi,981,1,1,1.0,3,False,expired_card,0.69,0,payment_link,payment_link,True,[],[],Strict
txn_001409,cust_000175,1095.42,wallet,474,28,21,0.75,1,False,gateway_error,0.75,1,retry,retry,True,[],[],Strict
txn_006691,cust_000137,571.27,upi,827,22,18,0.8182,4,False,bank_decline,0.30364,0,retry,payment_link,True,[],"[{'action': 'retry', 'reasons': ['strict_retry_limit_exceeded', 'failure_reason_not_safe_for_retry']}]",Strict
txn_003401,cust_000274,1739.67,upi,502,17,12,0.7059,2,False,gateway_error,0.41118,0,retry,payment_link,True,[],"[{'action': 'retry', 'reasons': ['strict_retry_limit_exceeded']}]",Strict
txn_000109,cust_000853,1495.42,netbanking,1175,19,14,0.7368,2,False,gateway_error,0.41735999999999995,0,retry,payment_link,True,[],"[{'action': 'retry', 'reasons': ['strict_retry_limit_exceeded']}, {'action': 'reminder', 'reasons': ['reminder_not_allowed_for_temporary_failure']}]",Strict
txn_005636,cust_001407,2509.13,netbanking,45,22,18,0.8182,3,False,insufficient_balance,0.48363999999999996,1,reminder,reminder,True,[],[],Strict
txn_008482,cust_000714,5506.27,netbanking,794,29,23,0.7931,1,False,gateway_error,0.7586200000000001,1,retry,retry,True,[],[],Strict
txn_006604,cust_002144,700.48,upi,1440,27,18,0.6667,3,False,expired_card,0.6233399999999999,0,payment_link,payment_link,True,[],[],Strict
txn_001091,cust_002936,467.12,upi,174,8,5,0.625,4,False,gateway_error,0.235,0,retry,payment_link,True,[],"[{'action': 'retry', 'reasons': ['strict_retry_limit_exceeded']}]",Strict
txn_005560,cust_000565,628.15,upi,666,9,5,0.5556,1,False,gateway_error,0.71112,1,retry,retry,True,[],[],Strict
txn_009412,cust_000688,808.78,card,564,22,17,0.7727,2,False,gateway_error,0.42454,0,retry,payment_link,True,[],"[{'action': 'retry', 'reasons': ['strict_retry_limit_exceeded']}]",Strict
txn_008143,cust_002860,580.71,upi,816,7,6,0.8571,2,False,bank_decline,0.47142,1,retry,payment_link,True,[],"[{'action': 'retry', 'reasons': ['strict_retry_limit_exceeded', 'failure_reason_not_safe_for_retry']}]",Strict
txn_008664,cust_001621,1620.1,upi,442,14,10,0.7143,4,False,network_error,0.25286000000000003,1,retry,payment_link,True,[],"[{'action': 'retry', 'reasons': ['strict_retry_limit_exceeded']}]",Strict
txn_006596,cust_002403,816.51,upi,1488,9,8,0.8889,2,False,gateway_error,0.44778,1,retry,payment_link,True,[],"[{'action': 'retry', 'reasons': ['strict_retry_limit_exceeded']}]",Strict
txn_000624,cust_001223,1040.07,upi,991,7,6,0.8571,2,False,authentication_failed,0.54142,1,reminder,reminder,True,[],[],Strict
txn_006871,cust_001339,614.76,netbanking,951,23,18,0.7826,3,False,expired_card,0.6465199999999999,1,payment_link,payment_link,True,[],[],Strict
txn_004814,cust_000034,772.49,card,196,23,18,0.7826,1,False,bank_decline,0.53652,1,retry,payment_link,True,[],"[{'action': 'retry', 'reasons': ['failure_reason_not_safe_for_retry']}]",Strict
txn_006553,cust_000958,3101.4,netbanking,1099,22,18,0.8182,3,False,bank_decline,0.35363999999999995,0,retry,reminder,True,[],"[{'action': 'retry', 'reasons': ['strict_retry_limit_exceeded', 'failure_reason_not_safe_for_retry']}]",Strict
txn_007530,cust_001794,266.39,wallet,529,14,9,0.6429,4,False,bank_decline,0.26857999999999993,0,retry,payment_link,True,[],"[{'action': 'retry', 'reasons': ['strict_retry_limit_exceeded', 'failure_reason_not_safe_for_retry']}]",Strict
txn_005796,cust_002722,901.59,card,1200,10,5,0.5,1,False,expired_card,0.75,0,payment_link,payment_link,True,[],[],Strict
txn_007437,cust_002520,2371.89,upi,1055,16,11,0.6875,3,False,network_error,0.3275,0,retry,payment_link,True,[],"[{'action': 'retry', 'reasons': ['strict_retry_limit_exceeded']}]",Strict
txn_004218,cust_001887,403.35,wallet,569,11,8,0.7273,3,False,network_error,0.33546,0,retry,payment_link,True,[],"[{'action': 'retry', 'reasons': ['strict_retry_limit_exceeded']}, {'action': 'reminder', 'reasons': ['reminder_not_allowed_for_temporary_failure']}]",Strict
txn_005941,cust_001730,643.19,upi,1080,8,8,1.0,1,False,gateway_error,0.8,1,retry,retry,True,[],[],Strict
txn_008501,cust_003180,1108.05,card,1024,5,2,0.4,1,False,authentication_failed,0.53,0,payment_link,reminder,True,[],"[{'action': 'payment_link', 'reasons': ['payment_link_restricted']}]",Strict
txn_006429,cust_001732,1550.38,wallet,768,27,25,0.9259,4,False,network_error,0.29518,0,retry,payment_link,True,[],"[{'action': 'retry', 'reasons': ['strict_retry_limit_exceeded']}, {'action': 'reminder', 'reasons': ['reminder_not_allowed_for_temporary_failure']}]",Strict
txn_006827,cust_000574,1609.03,card,274,2,1,0.5,3,False,authentication_failed,0.39,0,payment_link,reminder,True,[],"[{'action': 'payment_link', 'reasons': ['payment_link_restricted']}]",Strict
txn_004131,cust_001179,1557.42,upi,754,27,22,0.8148,2,False,insufficient_balance,0.56296,0,payment_link,reminder,True,[],"[{'action': 'payment_link', 'reasons': ['payment_link_restricted']}]",Strict
txn_007802,cust_002760,553.15,card,287,24,20,0.8333,1,False,bank_decline,0.54666,1,retry,payment_link,True,[],"[{'action': 'retry', 'reasons': ['failure_reason_not_safe_for_retry']}]",Strict
txn_007754,cust_002731,652.09,card,1350,8,7,0.875,3,False,bank_decline,0.3949999999999999,0,retry,payment_link,True,[],"[{'action': 'retry', 'reasons': ['strict_retry_limit_exceeded', 'failure_reason_not_safe_for_retry']}]",Strict
txn_004722,cust_003062,1241.0,upi,1049,13,9,0.6923,4,False,network_error,0.24845999999999996,0,retry,payment_link,True,[],"[{'action': 'retry', 'reasons': ['strict_retry_limit_exceeded']}]",Strict
txn_001651,cust_001936,1361.34,wallet,612,8,6,0.75,1,False,bank_decline,0.53,0,retry,payment_link,True,[],"[{'action': 'retry', 'reasons': ['failure_reason_not_safe_for_retry']}]",Strict
txn_004141,cust_003181,571.56,wallet,121,11,7,0.6364,2,False,insufficient_balance,0.5272800000000001,1,reminder,reminder,True,[],[],Strict
txn_001618,cust_003312,997.27,upi,201,3,3,1.0,2,False,authentication_failed,0.5700000000000001,0,reminder,reminder,True,[],[],Strict
txn_002030,cust_001472,1425.95,netbanking,613,24,19,0.7917,2,False,gateway_error,0.42834,0,retry,payment_link,True,[],"[{'action': 'retry', 'reasons': ['strict_retry_limit_exceeded']}]",Strict
txn_008518,cust_000773,433.96,netbanking,415,0,0,0.0,2,True,bank_decline,0.21999999999999997,1,reminder,reminder,True,[],[],Strict
txn_004576,cust_000849,1320.42,wallet,1490,16,14,0.875,1,False,expired_card,0.825,1,payment_link,payment_link,True,[],[],Strict
txn_003993,cust_002183,962.9,upi,1375,6,5,0.8333,2,False,gateway_error,0.43666,1,retry,payment_link,True,[],"[{'action': 'retry', 'reasons': ['strict_retry_limit_exceeded']}]",Strict
txn_007377,cust_003299,1144.53,card,237,11,10,0.9091,2,False,bank_decline,0.48181999999999997,0,retry,payment_link,True,[],"[{'action': 'retry', 'reasons': ['strict_retry_limit_exceeded', 'failure_reason_not_safe_for_retry']}]",Strict
txn_006150,cust_002158,2904.66,upi,239,9,8,0.8889,4,False,network_error,0.28778000000000004,1,retry,payment_link,True,[],"[{'action': 'retry', 'reasons': ['strict_retry_limit_exceeded']}]",Strict
txn_004909,cust_000026,2390.18,netbanking,286,9,8,0.8889,1,False,gateway_error,0.7777799999999999,0,retry,retry,True,[],[],Strict
txn_005027,cust_002765,641.97,netbanking,312,15,12,0.8,3,False,bank_decline,0.38,1,retry,payment_link,True,[],"[{'action': 'retry', 'reasons': ['strict_retry_limit_exceeded', 'failure_reason_not_safe_for_retry']}]",Strict
txn_008261,cust_000844,1013.93,wallet,971,27,19,0.7037,1,False,authentication_failed,0.59074,0,payment_link,reminder,True,[],"[{'action': 'payment_link', 'reasons': ['payment_link_restricted']}]",Strict
txn_004732,cust_003144,4887.67,card,611,19,12,0.6316,4,False,authentication_failed,0.33632000000000006,0,reminder,reminder,True,[],[],Strict
txn_007549,cust_000533,1373.39,wallet,350,29,25,0.8621,1,False,insufficient_balance,0.52242,0,retry,retry,True,[],[],Strict
txn_008135,cust_001809,1114.48,netbanking,1492,0,0,0.0,3,True,network_error,0.13999999999999996,0,retry,payment_link,True,[],"[{'action': 'retry', 'reasons': ['strict_retry_limit_exceeded']}]",Strict
txn_001607,cust_003233,766.91,netbanking,1448,29,25,0.8621,2,False,bank_decline,0.47242,0,retry,payment_link,True,[],"[{'action': 'retry', 'reasons': ['strict_retry_limit_exceeded', 'failure_reason_not_safe_for_retry']}]",Strict
txn_004774,cust_001755,466.57,card,561,8,4,0.5,1,False,expired_card,0.75,0,payment_link,payment_link,True,[],[],Strict
txn_008110,cust_001046,360.61,upi,1156,1,1,1.0,2,False,gateway_error,0.47000000000000003,1,retry,payment_link,True,[],"[{'action': 'retry', 'reasons': ['strict_retry_limit_exceeded']}, {'action': 'reminder', 'reasons': ['reminder_not_allowed_for_temporary_failure']}]",Strict
txn_006952,cust_002947,2492.84,card,160,7,6,0.8571,2,False,insufficient_balance,0.57142,0,reminder,reminder,True,[],[],Strict
txn_006005,cust_002475,3029.75,wallet,1477,22,17,0.7727,3,False,bank_decline,0.34453999999999996,1,retry,reminder,True,[],"[{'action': 'retry', 'reasons': ['strict_retry_limit_exceeded', 'failure_reason_not_safe_for_retry']}]",Strict
txn_007729,cust_002204,662.97,card,1133,3,3,1.0,1,False,gateway_error,0.8,1,retry,retry,True,[],[],Strict
txn_003542,cust_001352,1638.72,upi,135,15,14,0.9333,2,False,bank_decline,0.4866599999999999,1,retry,payment_link,True,[],"[{'action': 'retry', 'reasons': ['strict_retry_limit_exceeded', 'failure_reason_not_safe_for_retry']}]",Strict
txn_000389,cust_003158,1862.28,wallet,939,8,7,0.875,4,False,gateway_error,0.28500000000000003,0,retry,payment_link,True,[],"[{'action': 'retry', 'reasons': ['strict_retry_limit_exceeded']}]",Strict
txn_001795,cust_000538,463.08,card,771,6,6,1.0,1,False,network_error,0.85,1,retry,retry,True,[],[],Strict
txn_008732,cust_000804,1417.18,wallet,597,7,6,0.8571,3,False,bank_decline,0.39142,0,retry,payment_link,True,[],"[{'action': 'retry', 'reasons': ['strict_retry_limit_exceeded', 'failure_reason_not_safe_for_retry']}]",Strict
txn_004920,cust_003037,660.37,wallet,465,15,10,0.6667,1,False,insufficient_balance,0.61334,1,reminder,reminder,True,[],[],Strict
txn_005538,cust_000651,378.9,card,425,25,20,0.8,4,False,expired_card,0.5700000000000001,0,payment_link,payment_link,True,[],[],Strict
txn_003873,cust_001158,869.81,netbanking,1241,15,11,0.7333,3,False,bank_decline,0.33665999999999996,0,retry,reminder,True,[],"[{'action': 'retry', 'reasons': ['strict_retry_limit_exceeded', 'failure_reason_not_safe_for_retry']}]",Strict
txn_008869,cust_002447,443.78,wallet,1444,9,7,0.7778,4,False,network_error,0.26556,0,retry,payment_link,True,[],"[{'action': 'retry', 'reasons': ['strict_retry_limit_exceeded']}]",Strict
txn_002255,cust_000604,2628.39,upi,68,9,6,0.6667,2,False,insufficient_balance,0.53334,0,retry,reminder,True,[],"[{'action': 'retry', 'reasons': ['strict_retry_limit_exceeded']}, {'action': 'payment_link', 'reasons': ['payment_link_restricted']}]",Strict
txn_003413,cust_003306,381.16,wallet,698,12,11,0.9167,1,False,insufficient_balance,0.66334,0,reminder,reminder,True,[],[],Strict
txn_005460,cust_002662,784.78,netbanking,868,1,0,0.0,2,False,gateway_error,0.26999999999999996,1,retry,payment_link,True,[],"[{'action': 'retry', 'reasons': ['strict_retry_limit_exceeded']}]",Strict
txn_004956,cust_002140,320.96,wallet,246,26,16,0.6154,2,False,network_error,0.39308,1,retry,payment_link,True,[],"[{'action': 'retry', 'reasons': ['strict_retry_limit_exceeded']}]",Strict
txn_007397,cust_002294,504.12,upi,440,10,9,0.9,2,False,authentication_failed,0.55,1,reminder,reminder,True,[],[],Strict
txn_005415,cust_001666,1556.74,wallet,1261,4,3,0.75,1,False,gateway_error,0.75,1,retry,retry,True,[],[],Strict
txn_007400,cust_000856,3053.05,card,866,28,18,0.6429,1,False,expired_card,0.7785799999999999,1,payment_link,payment_link,True,[],[],Strict
txn_007415,cust_001837,1098.97,wallet,977,10,8,0.8,2,False,expired_card,0.7300000000000001,0,payment_link,payment_link,True,[],[],Strict
txn_009101,cust_003192,1374.47,wallet,1005,25,19,0.76,1,False,expired_card,0.802,1,payment_link,payment_link,True,[],[],Strict
txn_004852,cust_002132,5016.53,netbanking,1200,13,9,0.6923,2,False,authentication_failed,0.50846,1,reminder,reminder,True,[],[],Strict
txn_002026,cust_002664,2106.97,netbanking,1140,3,2,0.6667,2,False,insufficient_balance,0.53334,0,reminder,reminder,True,[],[],Strict
txn_002616,cust_001285,1196.56,upi,1094,17,12,0.7059,2,False,insufficient_balance,0.5411800000000001,0,reminder,reminder,True,[],[],Strict
txn_007389,cust_001906,281.19,wallet,1205,2,1,0.5,3,False,insufficient_balance,0.42000000000000004,1,reminder,reminder,True,[],[],Strict
txn_002927,cust_003240,539.56,upi,626,14,13,0.9286,3,False,bank_decline,0.37571999999999994,1,retry,reminder,True,[],"[{'action': 'retry', 'reasons': ['strict_retry_limit_exceeded', 'failure_reason_not_safe_for_retry']}]",Strict
txn_001122,cust_002396,1485.93,upi,802,18,12,0.6667,1,False,bank_decline,0.5133399999999999,1,retry,payment_link,True,[],"[{'action': 'retry', 'reasons': ['failure_reason_not_safe_for_retry']}]",Strict
txn_002911,cust_000119,1799.94,card,82,6,5,0.8333,1,False,network_error,0.8166599999999999,1,retry,retry,True,[],[],Strict
txn_008147,cust_000143,3223.47,card,1340,1,1,1.0,2,False,authentication_failed,0.5700000000000001,1,reminder,reminder,True,[],[],Strict
txn_007384,cust_002820,556.23,card,272,16,13,0.8125,3,False,network_error,0.35250000000000004,0,retry,payment_link,True,[],"[{'action': 'retry', 'reasons': ['strict_retry_limit_exceeded']}, {'action': 'reminder', 'reasons': ['reminder_not_allowed_for_temporary_failure']}]",Strict
txn_003483,cust_001542,1088.1,netbanking,206,17,11,0.6471,2,False,authentication_failed,0.49942000000000003,1,payment_link,reminder,True,[],"[{'action': 'payment_link', 'reasons': ['payment_link_restricted']}]",Strict
txn_000796,cust_002163,446.16,wallet,752,3,3,1.0,3,False,expired_card,0.69,1,payment_link,payment_link,True,[],[],Strict
txn_001576,cust_000199,504.86,netbanking,777,0,0,0.0,2,True,authentication_failed,0.31999999999999995,0,reminder,reminder,True,[],[],Strict
txn_006177,cust_000571,455.96,upi,1256,7,5,0.7143,2,False,authentication_failed,0.5128600000000001,0,payment_link,reminder,True,[],"[{'action': 'payment_link', 'reasons': ['payment_link_restricted']}]",Strict
txn_006267,cust_001084,704.76,card,887,13,10,0.7692,4,False,insufficient_balance,0.39383999999999997,0,reminder,reminder,True,[],[],Strict
txn_002459,cust_000191,372.14,netbanking,18,24,19,0.7917,2,False,expired_card,0.72834,0,payment_link,payment_link,True,[],[],Strict
txn_003313,cust_002162,324.57,wallet,192,12,11,0.9167,4,False,authentication_failed,0.39334,0,payment_link,reminder,True,[],"[{'action': 'payment_link', 'reasons': ['payment_link_restricted']}]",Strict
txn_001254,cust_000148,1020.66,wallet,100,12,9,0.75,1,False,expired_card,0.8,1,payment_link,payment_link,True,[],[],Strict
txn_006835,cust_002015,584.37,wallet,796,11,7,0.6364,4,False,gateway_error,0.23728,0,retry,payment_link,True,[],"[{'action': 'retry', 'reasons': ['strict_retry_limit_exceeded']}]",Strict
txn_008795,cust_001003,1261.65,card,203,29,21,0.7241,3,False,network_error,0.33482,0,retry,payment_link,True,[],"[{'action': 'retry', 'reasons': ['strict_retry_limit_exceeded']}]",Strict
txn_003838,cust_000291,2172.4,netbanking,489,29,19,0.6552,3,False,network_error,0.32104,0,retry,payment_link,True,[],"[{'action': 'retry', 'reasons': ['strict_retry_limit_exceeded']}]",Strict
txn_004399,cust_002314,374.83,upi,891,6,5,0.8333,1,False,network_error,0.8166599999999999,1,retry,retry,True,[],[],Strict
txn_003596,cust_000391,2376.02,netbanking,817,29,22,0.7586,4,False,authentication_failed,0.36172000000000004,0,payment_link,reminder,True,[],"[{'action': 'payment_link', 'reasons': ['payment_link_restricted']}]",Strict
txn_006622,cust_001057,352.02,card,817,9,8,0.8889,3,False,network_error,0.36778,0,retry,payment_link,True,[],"[{'action': 'retry', 'reasons': ['strict_retry_limit_exceeded']}, {'action': 'reminder', 'reasons': ['reminder_not_allowed_for_temporary_failure']}]",Strict
txn_008383,cust_001131,1210.18,netbanking,140,8,6,0.75,3,False,authentication_failed,0.43999999999999995,1,payment_link,reminder,True,[],"[{'action': 'payment_link', 'reasons': ['payment_link_restricted']}]",Strict
txn_002125,cust_002507,6595.83,wallet,1426,27,20,0.7407,2,False,network_error,0.41813999999999996,0,retry,payment_link,True,[],"[{'action': 'retry', 'reasons': ['strict_retry_limit_exceeded']}]",Strict
txn_003239,cust_002134,1444.82,upi,392,11,7,0.6364,2,False,expired_card,0.69728,1,payment_link,payment_link,True,[],[],Strict
txn_005404,cust_002106,6172.6,card,1053,3,2,0.6667,2,False,expired_card,0.70334,1,payment_link,payment_link,True,[],[],Strict
txn_005999,cust_001441,1431.64,upi,912,25,21,0.84,4,False,network_error,0.278,0,retry,payment_link,True,[],"[{'action': 'retry', 'reasons': ['strict_retry_limit_exceeded']}]",Strict
txn_005939,cust_001593,554.97,upi,173,18,16,0.8889,4,False,expired_card,0.58778,0,payment_link,payment_link,True,[],[],Strict
txn_002046,cust_001204,1601.19,upi,260,1,0,0.0,1,False,bank_decline,0.38,1,retry,payment_link,True,[],"[{'action': 'retry', 'reasons': ['failure_reason_not_safe_for_retry']}]",Strict
txn_001579,cust_003322,1262.72,netbanking,374,18,15,0.8333,4,False,insufficient_balance,0.40666,0,reminder,reminder,True,[],[],Strict
txn_000015,cust_003199,1567.48,upi,669,4,4,1.0,2,False,authentication_failed,0.5700000000000001,1,reminder,reminder,True,[],[],Strict
txn_002674,cust_000764,885.97,netbanking,528,17,13,0.7647,4,False,authentication_failed,0.36294000000000004,1,payment_link,reminder,True,[],"[{'action': 'payment_link', 'reasons': ['payment_link_restricted']}]",Strict
txn_007017,cust_000688,691.98,card,1127,3,2,0.6667,2,False,gateway_error,0.4033399999999999,0,retry,payment_link,True,[],"[{'action': 'retry', 'reasons': ['strict_retry_limit_exceeded']}]",Strict
txn_008721,cust_002192,2134.83,upi,256,1,1,1.0,3,False,authentication_failed,0.49,0,reminder,reminder,True,[],[],Strict
txn_008850,cust_000294,2789.52,netbanking,1247,7,5,0.7143,3,False,insufficient_balance,0.46285999999999994,1,reminder,reminder,True,[],[],Strict
txn_004813,cust_002798,1531.66,wallet,911,23,18,0.7826,2,False,network_error,0.42651999999999995,0,retry,payment_link,True,[],"[{'action': 'retry', 'reasons': ['strict_retry_limit_exceeded']}]",Strict
txn_001085,cust_000330,1165.66,card,1389,3,3,1.0,3,False,bank_decline,0.41999999999999993,0,retry,payment_link,True,[],"[{'action': 'retry', 'reasons': ['strict_retry_limit_exceeded', 'failure_reason_not_safe_for_retry']}]",Strict
txn_004984,cust_002430,396.45,wallet,772,26,18,0.6923,1,False,gateway_error,0.7384599999999999,1,retry,retry,True,[],[],Strict
txn_007156,cust_000597,540.83,card,920,9,7,0.7778,3,False,bank_decline,0.37556,0,retry,payment_link,True,[],"[{'action': 'retry', 'reasons': ['strict_retry_limit_exceeded', 'failure_reason_not_safe_for_retry']}]",Strict
txn_002885,cust_001375,900.01,upi,741,14,13,0.9286,2,False,network_error,0.45571999999999996,1,retry,payment_link,True,[],"[{'action': 'retry', 'reasons': ['strict_retry_limit_exceeded']}, {'action': 'reminder', 'reasons': ['reminder_not_allowed_for_temporary_failure']}]",Strict
txn_000334,cust_001675,1302.55,upi,1375,12,10,0.8333,3,False,insufficient_balance,0.48666,0,reminder,reminder,True,[],[],Strict
txn_007205,cust_001368,979.82,netbanking,462,10,6,0.6,1,False,bank_decline,0.5,0,retry,payment_link,True,[],"[{'action': 'retry', 'reasons': ['failure_reason_not_safe_for_retry']}]",Strict
txn_004368,cust_000881,1592.79,card,145,9,6,0.6667,4,False,expired_card,0.5433399999999999,0,payment_link,payment_link,True,[],[],Strict
txn_003080,cust_003018,401.01,netbanking,160,27,18,0.6667,2,False,expired_card,0.70334,1,payment_link,payment_link,True,[],[],Strict
txn_007204,cust_001777,877.07,card,944,18,15,0.8333,4,False,gateway_error,0.27666,0,retry,payment_link,True,[],"[{'action': 'retry', 'reasons': ['strict_retry_limit_exceeded']}, {'action': 'reminder', 'reasons': ['reminder_not_allowed_for_temporary_failure']}]",Strict
txn_009910,cust_001883,891.38,upi,940,14,10,0.7143,1,False,authentication_failed,0.59286,1,reminder,reminder,True,[],[],Strict
txn_008865,cust_002115,320.48,netbanking,329,11,8,0.7273,4,False,gateway_error,0.25545999999999996,1,retry,payment_link,True,[],"[{'action': 'retry', 'reasons': ['strict_retry_limit_exceeded']}]",Strict
txn_000264,cust_002945,627.07,upi,901,11,5,0.4545,2,False,insufficient_balance,0.49089999999999995,1,reminder,reminder,True,[],[],Strict
txn_004338,cust_002382,1203.15,netbanking,146,3,3,1.0,3,False,bank_decline,0.39,0,retry,reminder,True,[],"[{'action': 'retry', 'reasons': ['strict_retry_limit_exceeded', 'failure_reason_not_safe_for_retry']}]",Strict
txn_008896,cust_002189,3110.66,wallet,1299,24,19,0.7917,1,False,network_error,0.80834,1,retry,retry,True,[],[],Strict
txn_008448,cust_002496,364.4,wallet,316,12,8,0.6667,3,False,insufficient_balance,0.45333999999999997,0,reminder,reminder,True,[],[],Strict
txn_005904,cust_002386,2772.53,wallet,1214,0,0,0.0,1,True,insufficient_balance,0.3,0,payment_link,retry,True,[],"[{'action': 'payment_link', 'reasons': ['payment_link_restricted']}]",Strict
txn_001499,cust_003030,4821.63,wallet,1482,0,0,0.0,2,True,insufficient_balance,0.35,1,payment_link,reminder,True,[],"[{'action': 'payment_link', 'reasons': ['payment_link_restricted']}, {'action': 'retry', 'reasons': ['strict_retry_limit_exceeded']}]",Strict
txn_004191,cust_002450,6300.85,netbanking,647,19,16,0.8421,1,False,bank_decline,0.54842,1,retry,payment_link,True,[],"[{'action': 'retry', 'reasons': ['failure_reason_not_safe_for_retry']}]",Strict
txn_007486,cust_000206,740.05,netbanking,1236,10,8,0.8,2,False,network_error,0.43,1,retry,payment_link,True,[],"[{'action': 'retry', 'reasons': ['strict_retry_limit_exceeded']}]",Strict
txn_009644,cust_002796,1599.46,netbanking,864,27,20,0.7407,3,False,insufficient_balance,0.4681399999999999,0,reminder,reminder,True,[],[],Strict
txn_008311,cust_000495,6372.77,netbanking,1168,8,5,0.625,4,False,bank_decline,0.265,0,retry,payment_link,True,[],"[{'action': 'retry', 'reasons': ['strict_retry_limit_exceeded', 'failure_reason_not_safe_for_retry']}]",Strict
txn_007591,cust_002119,1477.25,upi,1105,5,3,0.6,4,False,bank_decline,0.26,1,retry,payment_link,True,[],"[{'action': 'retry', 'reasons': ['strict_retry_limit_exceeded', 'failure_reason_not_safe_for_retry']}]",Strict
txn_000501,cust_000920,2041.51,card,1457,15,12,0.8,3,False,network_error,0.35,0,retry,payment_link,True,[],"[{'action': 'retry', 'reasons': ['strict_retry_limit_exceeded']}]",Strict
txn_009156,cust_000711,2686.67,upi,516,11,6,0.5455,3,False,network_error,0.29910000000000003,1,retry,payment_link,True,[],"[{'action': 'retry', 'reasons': ['strict_retry_limit_exceeded']}]",Strict
txn_009415,cust_000192,365.57,card,376,22,18,0.8182,2,False,bank_decline,0.46364,0,retry,payment_link,True,[],"[{'action': 'retry', 'reasons': ['strict_retry_limit_exceeded', 'failure_reason_not_safe_for_retry']}]",Strict
txn_003096,cust_000769,524.31,upi,939,4,1,0.25,2,False,authentication_failed,0.42,0,payment_link,reminder,True,[],"[{'action': 'payment_link', 'reasons': ['payment_link_restricted']}]",Strict
txn_004632,cust_003034,1181.87,card,1249,10,6,0.6,1,False,expired_card,0.77,0,payment_link,payment_link,True,[],[],Strict
txn_000368,cust_000240,10036.15,wallet,405,1,1,1.0,1,False,authentication_failed,0.65,0,reminder,reminder,True,[],[],Strict
txn_004059,cust_000371,3110.53,card,248,16,12,0.75,3,False,expired_card,0.64,0,payment_link,payment_link,True,[],[],Strict
txn_008175,cust_002339,1931.9,upi,971,0,0,0.0,4,True,bank_decline,0.09000000000000001,1,retry,payment_link,True,[],"[{'action': 'retry', 'reasons': ['strict_retry_limit_exceeded', 'failure_reason_not_safe_for_retry']}]",Strict
txn_004631,cust_000596,844.12,netbanking,771,20,17,0.85,3,False,bank_decline,0.36,1,retry,reminder,True,[],"[{'action': 'retry', 'reasons': ['strict_retry_limit_exceeded', 'failure_reason_not_safe_for_retry']}]",Strict
txn_006071,cust_000614,2791.36,upi,703,26,18,0.6923,4,False,bank_decline,0.27845999999999993,1,retry,payment_link,True,[],"[{'action': 'retry', 'reasons': ['strict_retry_limit_exceeded', 'failure_reason_not_safe_for_retry']}]",Strict
txn_002665,cust_002118,2389.95,wallet,9,0,0,0.0,4,True,bank_decline,0.09000000000000001,0,payment_link,payment_link,True,[],[],Strict
txn_001027,cust_000254,1205.21,wallet,1274,28,20,0.7143,2,False,expired_card,0.71286,0,payment_link,payment_link,True,[],[],Strict
txn_005909,cust_001057,176.89,netbanking,187,13,11,0.8462,2,False,gateway_error,0.43924,0,retry,payment_link,True,[],"[{'action': 'retry', 'reasons': ['strict_retry_limit_exceeded']}]",Strict
txn_005051,cust_002370,352.63,netbanking,1354,7,4,0.5714,1,False,authentication_failed,0.56428,0,payment_link,reminder,True,[],"[{'action': 'payment_link', 'reasons': ['payment_link_restricted']}]",Strict
txn_006329,cust_001779,662.92,card,1378,20,16,0.8,2,False,authentication_failed,0.53,1,payment_link,reminder,True,[],"[{'action': 'payment_link', 'reasons': ['payment_link_restricted']}]",Strict
txn_009734,cust_000940,5625.62,wallet,254,10,7,0.7,3,False,insufficient_balance,0.45999999999999985,0,reminder,reminder,True,[],[],Strict
txn_001692,cust_002010,1039.63,netbanking,774,15,8,0.5333,4,False,insufficient_balance,0.34665999999999997,1,reminder,reminder,True,[],[],Strict
txn_000674,cust_001707,578.55,card,55,8,7,0.875,2,False,bank_decline,0.4749999999999999,1,retry,payment_link,True,[],"[{'action': 'retry', 'reasons': ['strict_retry_limit_exceeded', 'failure_reason_not_safe_for_retry']}]",Strict
txn_005573,cust_001000,515.07,netbanking,566,6,4,0.6667,1,False,gateway_error,0.7333399999999999,1,retry,retry,True,[],[],Strict
txn_005767,cust_001628,1531.33,upi,1340,6,6,1.0,2,False,authentication_failed,0.5700000000000001,0,payment_link,reminder,True,[],"[{'action': 'payment_link', 'reasons': ['payment_link_restricted']}]",Strict
txn_005157,cust_000380,309.1,netbanking,268,16,12,0.75,4,False,bank_decline,0.29000000000000004,0,retry,payment_link,True,[],"[{'action': 'retry', 'reasons': ['strict_retry_limit_exceeded', 'failure_reason_not_safe_for_retry']}]",Strict
txn_000734,cust_001680,671.27,wallet,1374,27,20,0.7407,4,False,gateway_error,0.25814,1,retry,payment_link,True,[],"[{'action': 'retry', 'reasons': ['strict_retry_limit_exceeded']}]",Strict
txn_003527,cust_001670,1964.58,netbanking,1285,8,6,0.75,1,False,network_error,0.8,1,retry,retry,True,[],[],Strict
txn_000569,cust_002626,360.82,netbanking,923,10,10,1.0,2,False,authentication_failed,0.5700000000000001,1,reminder,reminder,True,[],[],Strict
txn_009188,cust_000322,1146.26,card,1203,1,1,1.0,3,False,gateway_error,0.39,0,retry,payment_link,True,[],"[{'action': 'retry', 'reasons': ['strict_retry_limit_exceeded']}]",Strict
txn_002923,cust_001599,821.91,wallet,1015,2,2,1.0,4,False,bank_decline,0.33999999999999997,0,retry,payment_link,True,[],"[{'action': 'retry', 'reasons': ['strict_retry_limit_exceeded', 'failure_reason_not_safe_for_retry']}]",Strict
txn_007912,cust_003259,4194.44,netbanking,644,1,1,1.0,2,False,gateway_error,0.47000000000000003,1,retry,payment_link,True,[],"[{'action': 'retry', 'reasons': ['strict_retry_limit_exceeded']}]",Strict
txn_001559,cust_002714,742.21,card,1420,14,11,0.7857,4,False,insufficient_balance,0.39714000000000005,1,payment_link,reminder,True,[],"[{'action': 'payment_link', 'reasons': ['payment_link_restricted']}]",Strict
txn_000102,cust_000626,855.44,netbanking,172,8,4,0.5,4,False,bank_decline,0.24000000000000005,1,retry,payment_link,True,[],"[{'action': 'retry', 'reasons': ['strict_retry_limit_exceeded', 'failure_reason_not_safe_for_retry']}]",Strict
txn_003008,cust_002269,6235.06,netbanking,164,27,20,0.7407,4,False,authentication_failed,0.35814,0,reminder,reminder,True,[],[],Strict
txn_007202,cust_000137,668.9,card,676,27,19,0.7037,4,False,network_error,0.25074,0,retry,payment_link,True,[],"[{'action': 'retry', 'reasons': ['strict_retry_limit_exceeded']}]",Strict
txn_000304,cust_003232,2705.91,wallet,1084,15,12,0.8,4,False,expired_card,0.5700000000000001,0,payment_link,payment_link,True,[],[],Strict
txn_000077,cust_000428,439.86,netbanking,939,15,11,0.7333,2,False,expired_card,0.71666,1,payment_link,payment_link,True,[],[],Strict
txn_006755,cust_001761,391.39,netbanking,17,9,7,0.7778,3,False,network_error,0.34556,0,retry,payment_link,True,[],"[{'action': 'retry', 'reasons': ['strict_retry_limit_exceeded']}]",Strict
txn_008630,cust_002434,470.03,netbanking,1107,1,1,1.0,1,False,gateway_error,0.8,1,retry,retry,True,[],[],Strict
txn_001209,cust_000010,322.63,wallet,1314,12,11,0.9167,2,False,authentication_failed,0.55334,0,reminder,reminder,True,[],[],Strict
txn_007743,cust_002490,1465.12,card,1494,2,1,0.5,1,False,authentication_failed,0.55,1,payment_link,reminder,True,[],"[{'action': 'payment_link', 'reasons': ['payment_link_restricted']}]",Strict
txn_008215,cust_003330,195.95,upi,1255,15,10,0.6667,1,False,network_error,0.7833399999999999,1,retry,retry,True,[],[],Strict
txn_008945,cust_002776,923.14,upi,1372,21,17,0.8095,4,False,insufficient_balance,0.4018999999999999,0,reminder,reminder,True,[],[],Strict
txn_008414,cust_000799,575.31,upi,527,25,14,0.56,4,False,bank_decline,0.22200000000000003,0,retry,reminder,True,[],"[{'action': 'retry', 'reasons': ['strict_retry_limit_exceeded', 'failure_reason_not_safe_for_retry']}]",Strict
txn_001776,cust_000905,1152.89,upi,1343,25,20,0.8,4,False,gateway_error,0.27,0,retry,payment_link,True,[],"[{'action': 'retry', 'reasons': ['strict_retry_limit_exceeded']}, {'action': 'reminder', 'reasons': ['reminder_not_allowed_for_temporary_failure']}]",Strict
txn_003474,cust_000881,3158.73,upi,213,18,14,0.7778,2,False,insufficient_balance,0.55556,1,payment_link,reminder,True,[],"[{'action': 'payment_link', 'reasons': ['payment_link_restricted']}]",Strict
txn_000484,cust_003320,1100.26,wallet,25,9,8,0.8889,2,False,bank_decline,0.4777799999999999,0,retry,payment_link,True,[],"[{'action': 'retry', 'reasons': ['strict_retry_limit_exceeded', 'failure_reason_not_safe_for_retry']}]",Strict
txn_002190,cust_000634,880.36,netbanking,762,27,19,0.7037,3,False,insufficient_balance,0.46074000000000004,1,reminder,reminder,True,[],[],Strict
txn_000347,cust_000998,712.21,wallet,1158,0,0,0.0,2,True,authentication_failed,0.31999999999999995,0,reminder,reminder,True,[],[],Strict
txn_005482,cust_000316,1168.61,netbanking,69,16,12,0.75,4,False,expired_card,0.56,1,payment_link,payment_link,True,[],[],Strict
txn_008362,cust_000311,296.33,netbanking,683,22,16,0.7273,1,False,network_error,0.79546,1,retry,retry,True,[],[],Strict
txn_001473,cust_002353,233.05,card,944,0,0,0.0,1,True,bank_decline,0.3,1,reminder,reminder,True,[],[],Strict
txn_005101,cust_002875,694.27,card,852,26,23,0.8846,4,False,authentication_failed,0.38692000000000004,1,payment_link,reminder,True,[],"[{'action': 'payment_link', 'reasons': ['payment_link_restricted']}]",Strict
txn_006766,cust_000817,659.28,wallet,1182,8,5,0.625,3,False,expired_card,0.6149999999999999,1,payment_link,payment_link,True,[],[],Strict
txn_008707,cust_000087,1730.73,netbanking,493,0,0,0.0,4,True,network_error,0.059999999999999984,0,retry,payment_link,True,[],"[{'action': 'retry', 'reasons': ['strict_retry_limit_exceeded']}]",Strict
txn_004930,cust_003291,461.16,card,286,2,2,1.0,2,False,bank_decline,0.47000000000000003,0,retry,reminder,True,[],"[{'action': 'retry', 'reasons': ['strict_retry_limit_exceeded', 'failure_reason_not_safe_for_retry']}]",Strict
txn_006330,cust_001060,1221.59,wallet,922,4,4,1.0,3,False,gateway_error,0.39,0,retry,payment_link,True,[],"[{'action': 'retry', 'reasons': ['strict_retry_limit_exceeded']}, {'action': 'reminder', 'reasons': ['reminder_not_allowed_for_temporary_failure']}]",Strict
txn_002610,cust_000484,5187.96,netbanking,881,28,22,0.7857,4,False,bank_decline,0.29713999999999996,0,retry,payment_link,True,[],"[{'action': 'retry', 'reasons': ['strict_retry_limit_exceeded', 'failure_reason_not_safe_for_retry']}]",Strict
txn_000004,cust_002977,945.87,netbanking,1051,10,5,0.5,2,False,expired_card,0.67,1,payment_link,payment_link,True,[],[],Strict
txn_002214,cust_002503,6520.9,wallet,402,0,0,0.0,1,True,network_error,0.5999999999999999,1,retry,retry,True,[],[],Strict
txn_004828,cust_000169,1009.66,wallet,1125,11,8,0.7273,3,False,bank_decline,0.3654599999999999,1,retry,payment_link,True,[],"[{'action': 'retry', 'reasons': ['strict_retry_limit_exceeded', 'failure_reason_not_safe_for_retry']}]",Strict
txn_000857,cust_000864,950.81,upi,1318,26,21,0.8077,2,False,authentication_failed,0.53154,1,payment_link,reminder,True,[],"[{'action': 'payment_link', 'reasons': ['payment_link_restricted']}]",Strict
txn_006978,cust_001456,2307.41,netbanking,10,24,19,0.7917,1,False,bank_decline,0.5383399999999999,1,retry,payment_link,True,[],"[{'action': 'retry', 'reasons': ['failure_reason_not_safe_for_retry']}]",Strict
txn_005886,cust_003125,1152.27,upi,1209,11,7,0.6364,2,False,insufficient_balance,0.5272800000000001,1,reminder,reminder,True,[],[],Strict
txn_000625,cust_001036,2408.1,card,821,14,9,0.6429,2,False,gateway_error,0.39857999999999993,1,retry,payment_link,True,[],"[{'action': 'retry', 'reasons': ['strict_retry_limit_exceeded']}]",Strict
txn_000291,cust_000350,685.5,netbanking,191,12,7,0.5833,1,False,network_error,0.76666,1,retry,retry,True,[],[],Strict
txn_002019,cust_002547,681.87,wallet,938,1,1,1.0,2,False,insufficient_balance,0.6,1,reminder,reminder,True,[],[],Strict
txn_000669,cust_002275,1291.39,wallet,38,23,15,0.6522,3,False,bank_decline,0.35044,0,retry,payment_link,True,[],"[{'action': 'retry', 'reasons': ['strict_retry_limit_exceeded', 'failure_reason_not_safe_for_retry']}]",Strict
txn_008922,cust_002110,1741.52,netbanking,1048,15,9,0.6,4,False,network_error,0.22999999999999998,0,retry,payment_link,True,[],"[{'action': 'retry', 'reasons': ['strict_retry_limit_exceeded']}]",Strict
txn_008265,cust_002568,2295.39,wallet,924,26,19,0.7308,2,False,expired_card,0.71616,1,payment_link,payment_link,True,[],[],Strict
txn_009697,cust_001117,446.94,netbanking,88,4,3,0.75,4,False,authentication_failed,0.36,1,payment_link,reminder,True,[],"[{'action': 'payment_link', 'reasons': ['payment_link_restricted']}]",Strict
txn_001632,cust_000290,893.99,netbanking,591,12,10,0.8333,3,False,expired_card,0.6566599999999999,0,payment_link,payment_link,True,[],[],Strict
txn_005171,cust_001294,618.74,card,854,9,6,0.6667,3,False,insufficient_balance,0.45333999999999997,0,reminder,reminder,True,[],[],Strict
txn_007206,cust_000450,753.66,card,1299,12,7,0.5833,4,False,bank_decline,0.25666000000000005,0,retry,payment_link,True,[],"[{'action': 'retry', 'reasons': ['strict_retry_limit_exceeded', 'failure_reason_not_safe_for_retry']}]",Strict
txn_002523,cust_003319,4498.28,wallet,470,10,8,0.8,4,False,insufficient_balance,0.4,0,reminder,reminder,True,[],[],Strict
txn_002216,cust_000864,1325.56,card,300,29,21,0.7241,2,False,expired_card,0.71482,1,payment_link,payment_link,True,[],[],Strict
txn_006969,cust_000334,1006.51,netbanking,1483,13,10,0.7692,3,False,bank_decline,0.34384000000000003,0,retry,reminder,True,[],"[{'action': 'retry', 'reasons': ['strict_retry_limit_exceeded', 'failure_reason_not_safe_for_retry']}]",Strict
txn_006497,cust_000181,1505.19,wallet,760,0,0,0.0,4,True,gateway_error,0.059999999999999984,0,retry,payment_link,True,[],"[{'action': 'retry', 'reasons': ['strict_retry_limit_exceeded']}]",Strict
txn_006214,cust_000216,1893.29,card,1410,17,12,0.7059,1,False,insufficient_balance,0.6211800000000001,0,payment_link,reminder,True,[],"[{'action': 'payment_link', 'reasons': ['payment_link_restricted']}]",Strict
txn_007033,cust_002651,998.48,netbanking,246,23,18,0.7826,2,False,insufficient_balance,0.55652,0,reminder,reminder,True,[],[],Strict
txn_007421,cust_002877,920.63,card,1267,1,1,1.0,4,False,insufficient_balance,0.43999999999999995,0,payment_link,reminder,True,[],"[{'action': 'payment_link', 'reasons': ['payment_link_restricted']}]",Strict
txn_001108,cust_000903,674.92,upi,845,19,14,0.7368,2,False,network_error,0.41735999999999995,0,retry,payment_link,True,[],"[{'action': 'retry', 'reasons': ['strict_retry_limit_exceeded']}]",Strict
txn_000451,cust_001715,538.17,card,885,7,5,0.7143,3,False,insufficient_balance,0.46285999999999994,0,reminder,reminder,True,[],[],Strict
txn_006290,cust_002314,5066.56,wallet,138,20,14,0.7,3,False,bank_decline,0.3599999999999999,1,retry,payment_link,True,[],"[{'action': 'retry', 'reasons': ['strict_retry_limit_exceeded', 'failure_reason_not_safe_for_retry']}]",Strict
txn_009967,cust_003264,883.03,card,750,27,23,0.8519,2,False,network_error,0.44038000000000005,0,retry,payment_link,True,[],"[{'action': 'retry', 'reasons': ['strict_retry_limit_exceeded']}, {'action': 'reminder', 'reasons': ['reminder_not_allowed_for_temporary_failure']}]",Strict
txn_000136,cust_001559,622.78,netbanking,16,18,11,0.6111,3,False,bank_decline,0.34221999999999997,0,retry,payment_link,True,[],"[{'action': 'retry', 'reasons': ['strict_retry_limit_exceeded', 'failure_reason_not_safe_for_retry']}]",Strict
txn_001786,cust_000227,405.18,wallet,292,27,18,0.6667,4,False,insufficient_balance,0.37334,1,payment_link,reminder,True,[],"[{'action': 'payment_link', 'reasons': ['payment_link_restricted']}]",Strict
txn_003405,cust_002210,5117.28,wallet,1034,10,7,0.7,3,False,network_error,0.32999999999999996,1,retry,payment_link,True,[],"[{'action': 'retry', 'reasons': ['strict_retry_limit_exceeded']}]",Strict
txn_002907,cust_002102,745.02,wallet,694,4,3,0.75,3,False,expired_card,0.64,0,payment_link,payment_link,True,[],[],Strict
txn_008305,cust_001675,1231.24,card,1094,27,21,0.7778,2,False,bank_decline,0.45556,1,retry,payment_link,True,[],"[{'action': 'retry', 'reasons': ['strict_retry_limit_exceeded', 'failure_reason_not_safe_for_retry']}]",Strict
txn_007493,cust_003300,803.26,wallet,1158,23,15,0.6522,4,False,network_error,0.24044,0,retry,payment_link,True,[],"[{'action': 'retry', 'reasons': ['strict_retry_limit_exceeded']}]",Strict
txn_006101,cust_002084,735.29,upi,677,12,9,0.75,1,False,bank_decline,0.53,1,retry,payment_link,True,[],"[{'action': 'retry', 'reasons': ['failure_reason_not_safe_for_retry']}]",Strict
txn_004505,cust_000317,698.32,upi,713,9,6,0.6667,4,False,insufficient_balance,0.37334,1,reminder,reminder,True,[],[],Strict
txn_005054,cust_000254,456.98,wallet,1396,11,9,0.8182,4,False,insufficient_balance,0.40364,1,reminder,reminder,True,[],[],Strict
txn_005206,cust_001139,865.89,wallet,1093,22,13,0.5909,1,False,network_error,0.76818,1,retry,retry,True,[],[],Strict
txn_004081,cust_003041,4727.37,card,1447,26,20,0.7692,3,False,gateway_error,0.34384000000000003,1,retry,payment_link,True,[],"[{'action': 'retry', 'reasons': ['strict_retry_limit_exceeded']}, {'action': 'reminder', 'reasons': ['reminder_not_allowed_for_temporary_failure']}]",Strict
txn_006919,cust_003196,296.75,netbanking,1117,17,13,0.7647,4,False,authentication_failed,0.36294000000000004,0,payment_link,reminder,True,[],"[{'action': 'payment_link', 'reasons': ['payment_link_restricted']}]",Strict
txn_006803,cust_000491,2908.3,netbanking,1082,17,15,0.8824,1,False,expired_card,0.82648,0,payment_link,payment_link,True,[],[],Strict
txn_005207,cust_003271,5221.47,netbanking,169,9,5,0.5556,4,False,expired_card,0.52112,1,payment_link,payment_link,True,[],[],Strict
txn_000533,cust_001571,506.74,card,1353,0,0,0.0,1,True,expired_card,0.5999999999999999,1,payment_link,payment_link,True,[],[],Strict
txn_004831,cust_002357,2239.33,netbanking,536,10,8,0.8,3,False,bank_decline,0.38,0,retry,payment_link,True,[],"[{'action': 'retry', 'reasons': ['strict_retry_limit_exceeded', 'failure_reason_not_safe_for_retry']}]",Strict
txn_004039,cust_003053,922.55,card,1064,4,2,0.5,1,False,insufficient_balance,0.5800000000000001,1,reminder,reminder,True,[],[],Strict
txn_004085,cust_003300,302.38,wallet,1442,24,19,0.7917,1,False,network_error,0.80834,1,retry,retry,True,[],[],Strict
txn_003205,cust_000578,1412.59,wallet,840,17,14,0.8235,4,False,expired_card,0.5747,0,payment_link,payment_link,True,[],[],Strict
txn_007111,cust_002829,306.3,netbanking,784,17,13,0.7647,3,False,network_error,0.34294,0,retry,payment_link,True,[],"[{'action': 'retry', 'reasons': ['strict_retry_limit_exceeded']}]",Strict
txn_000331,cust_002230,258.14,wallet,1491,13,12,0.9231,4,False,authentication_failed,0.39461999999999997,0,payment_link,reminder,True,[],"[{'action': 'payment_link', 'reasons': ['payment_link_restricted']}]",Strict
txn_004958,cust_001409,224.79,netbanking,249,16,11,0.6875,2,False,network_error,0.4075,1,retry,payment_link,True,[],"[{'action': 'retry', 'reasons': ['strict_retry_limit_exceeded']}]",Strict
txn_003034,cust_002423,325.96,card,712,27,22,0.8148,4,False,bank_decline,0.27296,0,retry,reminder,True,[],"[{'action': 'retry', 'reasons': ['strict_retry_limit_exceeded', 'failure_reason_not_safe_for_retry']}]",Strict
txn_007685,cust_000469,1178.12,netbanking,1066,2,2,1.0,3,False,insufficient_balance,0.5199999999999999,0,reminder,reminder,True,[],[],Strict
txn_001598,cust_002745,1529.63,upi,189,20,14,0.7,2,False,network_error,0.4099999999999999,1,retry,payment_link,True,[],"[{'action': 'retry', 'reasons': ['strict_retry_limit_exceeded']}]",Strict
txn_009920,cust_002614,360.68,netbanking,1301,12,11,0.9167,2,False,insufficient_balance,0.5833400000000001,0,reminder,reminder,True,[],[],Strict
txn_003598,cust_001951,1146.4,upi,1490,7,7,1.0,1,False,insufficient_balance,0.6799999999999999,1,reminder,reminder,True,[],[],Strict
txn_009039,cust_001981,1319.94,card,564,12,8,0.6667,4,False,bank_decline,0.24333999999999995,1,retry,reminder,True,[],"[{'action': 'retry', 'reasons': ['strict_retry_limit_exceeded', 'failure_reason_not_safe_for_retry']}]",Strict
txn_008002,cust_001513,1329.38,upi,209,0,0,0.0,3,True,network_error,0.13999999999999996,0,retry,payment_link,True,[],"[{'action': 'retry', 'reasons': ['strict_retry_limit_exceeded']}]",Strict
txn_000591,cust_002375,1817.91,upi,931,23,17,0.7391,2,False,insufficient_balance,0.5478200000000001,1,reminder,reminder,True,[],[],Strict
txn_000648,cust_002488,2039.79,card,1271,3,2,0.6667,1,False,expired_card,0.7833399999999999,1,payment_link,payment_link,True,[],[],Strict
txn_009103,cust_002306,372.42,upi,1118,23,13,0.5652,3,False,bank_decline,0.33304,0,retry,payment_link,True,[],"[{'action': 'retry', 'reasons': ['strict_retry_limit_exceeded', 'failure_reason_not_safe_for_retry']}]",Strict
txn_008016,cust_002202,479.32,upi,159,20,16,0.8,3,False,insufficient_balance,0.48,0,reminder,reminder,True,[],[],Strict
txn_003772,cust_003058,486.6,netbanking,1226,14,9,0.6429,4,False,expired_card,0.53858,0,payment_link,payment_link,True,[],[],Strict
txn_009040,cust_002600,693.35,upi,375,16,8,0.5,1,False,bank_decline,0.48000000000000004,0,retry,payment_link,True,[],"[{'action': 'retry', 'reasons': ['failure_reason_not_safe_for_retry']}]",Strict
txn_005083,cust_000021,2804.65,card,1120,19,12,0.6316,4,False,bank_decline,0.26632,0,retry,payment_link,True,[],"[{'action': 'retry', 'reasons': ['strict_retry_limit_exceeded', 'failure_reason_not_safe_for_retry']}]",Strict
txn_007883,cust_002020,1508.38,netbanking,1437,7,6,0.8571,3,False,expired_card,0.66142,1,payment_link,payment_link,True,[],[],Strict
txn_009363,cust_001886,1608.09,wallet,1152,2,0,0.0,4,False,expired_card,0.4099999999999999,0,payment_link,payment_link,True,[],[],Strict
txn_004211,cust_000881,523.55,wallet,69,14,11,0.7857,2,False,insufficient_balance,0.5571400000000001,1,reminder,reminder,True,[],[],Strict
txn_008835,cust_002438,3596.88,netbanking,127,14,11,0.7857,3,False,expired_card,0.6471399999999999,1,payment_link,payment_link,True,[],[],Strict
txn_008700,cust_002430,2052.94,upi,1042,28,22,0.7857,1,False,insufficient_balance,0.63714,0,payment_link,reminder,True,[],"[{'action': 'payment_link', 'reasons': ['payment_link_restricted']}]",Strict
txn_001796,cust_002426,423.14,wallet,303,27,16,0.5926,2,False,bank_decline,0.41852,0,retry,payment_link,True,[],"[{'action': 'retry', 'reasons': ['strict_retry_limit_exceeded', 'failure_reason_not_safe_for_retry']}]",Strict
txn_002587,cust_002107,828.54,wallet,652,18,17,0.9444,3,False,authentication_failed,0.47888,1,reminder,reminder,True,[],[],Strict
txn_008356,cust_001523,854.34,card,207,0,0,0.0,1,True,authentication_failed,0.39999999999999997,1,payment_link,reminder,True,[],"[{'action': 'payment_link', 'reasons': ['payment_link_restricted']}]",Strict
txn_002317,cust_001437,200.24,wallet,1282,3,2,0.6667,4,False,authentication_failed,0.34334,1,payment_link,reminder,True,[],"[{'action': 'payment_link', 'reasons': ['payment_link_restricted']}]",Strict
txn_004186,cust_002914,480.75,upi,355,22,18,0.8182,1,False,insufficient_balance,0.64364,0,payment_link,reminder,True,[],"[{'action': 'payment_link', 'reasons': ['payment_link_restricted']}]",Strict
txn_008828,cust_000631,1023.37,netbanking,1389,26,21,0.8077,3,False,insufficient_balance,0.48153999999999997,1,payment_link,reminder,True,[],"[{'action': 'payment_link', 'reasons': ['payment_link_restricted']}]",Strict
txn_007073,cust_000765,427.6,upi,1168,24,16,0.6667,4,False,bank_decline,0.2733399999999999,1,retry,payment_link,True,[],"[{'action': 'retry', 'reasons': ['strict_retry_limit_exceeded', 'failure_reason_not_safe_for_retry']}]",Strict
txn_005235,cust_003212,1804.33,wallet,1051,2,2,1.0,1,False,bank_decline,0.58,1,retry,payment_link,True,[],"[{'action': 'retry', 'reasons': ['failure_reason_not_safe_for_retry']}]",Strict
txn_008744,cust_000192,778.78,wallet,752,19,14,0.7368,4,False,gateway_error,0.25736,0,retry,payment_link,True,[],"[{'action': 'retry', 'reasons': ['strict_retry_limit_exceeded']}]",Strict
txn_008671,cust_001898,1204.47,netbanking,870,25,19,0.76,4,False,gateway_error,0.262,0,retry,payment_link,True,[],"[{'action': 'retry', 'reasons': ['strict_retry_limit_exceeded']}]",Strict
txn_004769,cust_002803,2158.46,wallet,1492,7,6,0.8571,4,False,insufficient_balance,0.41142,0,payment_link,reminder,True,[],"[{'action': 'payment_link', 'reasons': ['payment_link_restricted']}]",Strict
txn_009973,cust_000153,1562.92,upi,1150,24,17,0.7083,1,False,authentication_failed,0.59166,1,reminder,reminder,True,[],[],Strict
txn_007145,cust_001326,1312.78,upi,587,7,4,0.5714,2,False,gateway_error,0.38427999999999995,1,retry,payment_link,True,[],"[{'action': 'retry', 'reasons': ['strict_retry_limit_exceeded']}]",Strict
txn_002914,cust_003299,869.76,wallet,458,22,14,0.6364,4,False,authentication_failed,0.33728,0,payment_link,reminder,True,[],"[{'action': 'payment_link', 'reasons': ['payment_link_restricted']}]",Strict
txn_009872,cust_001210,619.61,wallet,995,16,15,0.9375,1,False,gateway_error,0.7875,1,retry,retry,True,[],[],Strict
txn_009894,cust_001300,560.12,wallet,808,19,17,0.8947,3,False,gateway_error,0.36894000000000005,0,retry,payment_link,True,[],"[{'action': 'retry', 'reasons': ['strict_retry_limit_exceeded']}]",Strict
txn_002076,cust_000680,1174.61,upi,230,11,8,0.7273,2,False,network_error,0.41545999999999994,0,retry,payment_link,True,[],"[{'action': 'retry', 'reasons': ['strict_retry_limit_exceeded']}]",Strict
txn_004303,cust_003298,1857.11,netbanking,802,18,15,0.8333,1,False,insufficient_balance,0.64666,0,payment_link,reminder,True,[],"[{'action': 'payment_link', 'reasons': ['payment_link_restricted']}]",Strict
txn_005823,cust_002830,767.38,upi,1241,17,11,0.6471,4,False,authentication_failed,0.33942000000000005,1,payment_link,reminder,True,[],"[{'action': 'payment_link', 'reasons': ['payment_link_restricted']}]",Strict
txn_002150,cust_002542,2645.55,wallet,76,17,13,0.7647,3,False,insufficient_balance,0.47294,1,payment_link,reminder,True,[],"[{'action': 'payment_link', 'reasons': ['payment_link_restricted']}]",Strict
txn_000145,cust_000205,915.67,netbanking,151,11,7,0.6364,2,False,bank_decline,0.39727999999999997,0,retry,reminder,True,[],"[{'action': 'retry', 'reasons': ['strict_retry_limit_exceeded', 'failure_reason_not_safe_for_retry']}]",Strict
txn_004964,cust_000654,2415.27,wallet,1479,0,0,0.0,3,True,gateway_error,0.13999999999999996,0,retry,payment_link,True,[],"[{'action': 'retry', 'reasons': ['strict_retry_limit_exceeded']}]",Strict
txn_008160,cust_002740,1024.02,wallet,328,6,6,1.0,1,False,authentication_failed,0.65,0,reminder,reminder,True,[],[],Strict
txn_009031,cust_000149,743.5,wallet,1202,24,19,0.7917,4,False,insufficient_balance,0.3983399999999999,0,payment_link,reminder,True,[],"[{'action': 'payment_link', 'reasons': ['payment_link_restricted']}]",Strict
txn_004776,cust_000561,843.46,netbanking,626,20,17,0.85,2,False,authentication_failed,0.54,0,payment_link,reminder,True,[],"[{'action': 'payment_link', 'reasons': ['payment_link_restricted']}]",Strict
txn_008934,cust_002259,1189.41,card,919,2,2,1.0,2,False,insufficient_balance,0.6,0,reminder,reminder,True,[],[],Strict
txn_007750,cust_002679,1942.22,netbanking,265,18,12,0.6667,2,False,insufficient_balance,0.53334,1,reminder,reminder,True,[],[],Strict
txn_009829,cust_000828,768.68,upi,1361,22,16,0.7273,2,False,insufficient_balance,0.54546,0,reminder,reminder,True,[],[],Strict
txn_009215,cust_001475,894.16,netbanking,1118,13,13,1.0,3,False,authentication_failed,0.49,0,reminder,reminder,True,[],[],Strict
txn_006061,cust_001141,4128.31,wallet,1436,21,13,0.619,1,False,gateway_error,0.7238,0,retry,retry,True,[],[],Strict
txn_009476,cust_000411,1201.82,netbanking,436,25,22,0.88,2,False,gateway_error,0.446,1,retry,payment_link,True,[],"[{'action': 'retry', 'reasons': ['strict_retry_limit_exceeded']}]",Strict
txn_006410,cust_000798,869.17,wallet,1025,0,0,0.0,3,True,expired_card,0.4399999999999999,0,payment_link,payment_link,True,[],[],Strict
txn_003318,cust_002934,1070.0,wallet,1429,28,21,0.75,1,False,insufficient_balance,0.63,1,payment_link,reminder,True,[],"[{'action': 'payment_link', 'reasons': ['payment_link_restricted']}]",Strict
txn_007465,cust_000543,3266.18,wallet,1133,6,4,0.6667,2,False,gateway_error,0.4033399999999999,1,retry,payment_link,True,[],"[{'action': 'retry', 'reasons': ['strict_retry_limit_exceeded']}]",Strict
txn_003062,cust_000667,977.27,wallet,767,25,21,0.84,2,False,authentication_failed,0.538,1,payment_link,reminder,True,[],"[{'action': 'payment_link', 'reasons': ['payment_link_restricted']}]",Strict
txn_001356,cust_002001,1927.59,netbanking,565,17,13,0.7647,3,False,bank_decline,0.37293999999999994,0,retry,payment_link,True,[],"[{'action': 'retry', 'reasons': ['strict_retry_limit_exceeded', 'failure_reason_not_safe_for_retry']}]",Strict
txn_004515,cust_001847,402.84,wallet,1487,5,3,0.6,4,False,gateway_error,0.22999999999999998,0,retry,payment_link,True,[],"[{'action': 'retry', 'reasons': ['strict_retry_limit_exceeded']}]",Strict
txn_005506,cust_000953,1330.64,card,1182,16,12,0.75,1,False,network_error,0.8,1,retry,retry,True,[],[],Strict
txn_005251,cust_000385,430.09,card,834,10,8,0.8,1,False,network_error,0.81,1,retry,retry,True,[],[],Strict
txn_004512,cust_002587,1190.16,wallet,745,23,18,0.7826,3,False,bank_decline,0.37651999999999997,1,retry,payment_link,True,[],"[{'action': 'retry', 'reasons': ['strict_retry_limit_exceeded', 'failure_reason_not_safe_for_retry']}]",Strict
txn_001731,cust_002784,1137.1,wallet,565,13,9,0.6923,3,False,insufficient_balance,0.45846,1,reminder,reminder,True,[],[],Strict
txn_001759,cust_003125,874.73,upi,1466,28,21,0.75,4,False,bank_decline,0.26,0,retry,reminder,True,[],"[{'action': 'retry', 'reasons': ['strict_retry_limit_exceeded', 'failure_reason_not_safe_for_retry']}]",Strict
txn_006651,cust_001647,1574.14,netbanking,861,10,10,1.0,2,False,authentication_failed,0.5700000000000001,1,payment_link,reminder,True,[],"[{'action': 'payment_link', 'reasons': ['payment_link_restricted']}]",Strict
txn_006647,cust_000236,318.82,upi,1266,22,16,0.7273,4,False,network_error,0.25545999999999996,0,retry,payment_link,True,[],"[{'action': 'retry', 'reasons': ['strict_retry_limit_exceeded']}]",Strict
txn_009861,cust_002033,1323.29,upi,656,12,6,0.5,1,False,insufficient_balance,0.5800000000000001,0,reminder,reminder,True,[],[],Strict
txn_004140,cust_002233,212.75,wallet,1123,20,14,0.7,1,False,bank_decline,0.5199999999999999,1,retry,payment_link,True,[],"[{'action': 'retry', 'reasons': ['failure_reason_not_safe_for_retry']}]",Strict
txn_009394,cust_002907,782.37,wallet,185,9,7,0.7778,1,False,authentication_failed,0.60556,1,reminder,reminder,True,[],[],Strict
txn_005124,cust_002336,1623.64,netbanking,1,12,9,0.75,3,False,bank_decline,0.37,0,retry,payment_link,True,[],"[{'action': 'retry', 'reasons': ['strict_retry_limit_exceeded', 'failure_reason_not_safe_for_retry']}]",Strict
txn_000001,cust_002453,1399.36,netbanking,658,12,8,0.6667,4,False,bank_decline,0.2733399999999999,0,retry,payment_link,True,[],"[{'action': 'retry', 'reasons': ['strict_retry_limit_exceeded', 'failure_reason_not_safe_for_retry']}]",Strict
txn_001865,cust_000398,865.11,card,1150,4,4,1.0,3,False,bank_decline,0.41999999999999993,0,retry,payment_link,True,[],"[{'action': 'retry', 'reasons': ['strict_retry_limit_exceeded', 'failure_reason_not_safe_for_retry']}]",Strict
txn_000544,cust_001615,2656.61,upi,1398,4,2,0.5,4,False,bank_decline,0.24000000000000005,0,retry,payment_link,True,[],"[{'action': 'retry', 'reasons': ['strict_retry_limit_exceeded', 'failure_reason_not_safe_for_retry']}]",Strict
txn_000350,cust_002515,334.14,netbanking,897,18,13,0.7222,2,False,gateway_error,0.4144399999999999,0,retry,payment_link,True,[],"[{'action': 'retry', 'reasons': ['strict_retry_limit_exceeded']}, {'action': 'reminder', 'reasons': ['reminder_not_allowed_for_temporary_failure']}]",Strict
txn_006907,cust_001546,2091.65,netbanking,246,25,15,0.6,2,False,gateway_error,0.38999999999999996,0,retry,payment_link,True,[],"[{'action': 'retry', 'reasons': ['strict_retry_limit_exceeded']}]",Strict
txn_009766,cust_000340,2463.5,wallet,1431,2,2,1.0,4,False,authentication_failed,0.41000000000000003,0,payment_link,reminder,True,[],"[{'action': 'payment_link', 'reasons': ['payment_link_restricted']}]",Strict
txn_002524,cust_001231,1091.39,upi,651,12,10,0.8333,2,False,authentication_failed,0.53666,0,reminder,reminder,True,[],[],Strict
txn_003465,cust_002317,1848.22,wallet,376,9,3,0.3333,1,False,authentication_failed,0.51666,0,payment_link,reminder,True,[],"[{'action': 'payment_link', 'reasons': ['payment_link_restricted']}]",Strict
txn_000458,cust_003102,713.6,card,300,19,16,0.8421,2,False,network_error,0.43842,0,retry,payment_link,True,[],"[{'action': 'retry', 'reasons': ['strict_retry_limit_exceeded']}, {'action': 'reminder', 'reasons': ['reminder_not_allowed_for_temporary_failure']}]",Strict
txn_003024,cust_000634,3624.37,netbanking,728,27,22,0.8148,3,False,bank_decline,0.35295999999999994,0,retry,reminder,True,[],"[{'action': 'retry', 'reasons': ['strict_retry_limit_exceeded', 'failure_reason_not_safe_for_retry']}]",Strict
txn_007262,cust_002396,3127.14,netbanking,1475,24,21,0.875,4,False,gateway_error,0.28500000000000003,1,retry,payment_link,True,[],"[{'action': 'retry', 'reasons': ['strict_retry_limit_exceeded']}]",Strict
txn_009516,cust_001763,683.53,card,1023,0,0,0.0,3,True,network_error,0.13999999999999996,0,retry,payment_link,True,[],"[{'action': 'retry', 'reasons': ['strict_retry_limit_exceeded']}, {'action': 'reminder', 'reasons': ['reminder_not_allowed_for_temporary_failure']}]",Strict
txn_007873,cust_002864,254.61,wallet,799,20,16,0.8,2,False,expired_card,0.7300000000000001,1,payment_link,payment_link,True,[],[],Strict
txn_006626,cust_001529,5899.33,wallet,559,27,23,0.8519,4,False,bank_decline,0.2803800000000001,0,retry,reminder,True,[],"[{'action': 'retry', 'reasons': ['strict_retry_limit_exceeded', 'failure_reason_not_safe_for_retry']}]",Strict
txn_002535,cust_002137,1967.29,netbanking,568,23,15,0.6522,2,False,bank_decline,0.43044,0,retry,payment_link,True,[],"[{'action': 'retry', 'reasons': ['strict_retry_limit_exceeded', 'failure_reason_not_safe_for_retry']}]",Strict
txn_000132,cust_002928,432.83,wallet,514,14,10,0.7143,3,False,insufficient_balance,0.46285999999999994,0,reminder,reminder,True,[],[],Strict
txn_003705,cust_003138,3474.59,card,498,27,22,0.8148,4,False,authentication_failed,0.37295999999999996,0,reminder,reminder,True,[],[],Strict
txn_001373,cust_000891,2788.48,wallet,610,2,2,1.0,4,False,bank_decline,0.33999999999999997,1,retry,payment_link,True,[],"[{'action': 'retry', 'reasons': ['strict_retry_limit_exceeded', 'failure_reason_not_safe_for_retry']}]",Strict
txn_006201,cust_000157,379.5,netbanking,621,7,6,0.8571,1,False,expired_card,0.82142,1,payment_link,payment_link,True,[],[],Strict
txn_004857,cust_002107,1006.44,netbanking,1000,23,18,0.7826,3,False,gateway_error,0.34651999999999994,0,retry,payment_link,True,[],"[{'action': 'retry', 'reasons': ['strict_retry_limit_exceeded']}, {'action': 'reminder', 'reasons': ['reminder_not_allowed_for_temporary_failure']}]",Strict
txn_004713,cust_000596,828.19,wallet,838,13,10,0.7692,4,False,gateway_error,0.2638400000000001,0,retry,payment_link,True,[],"[{'action': 'retry', 'reasons': ['strict_retry_limit_exceeded']}]",Strict
txn_005545,cust_000087,1111.96,wallet,814,17,15,0.8824,4,False,bank_decline,0.31648,1,retry,payment_link,True,[],"[{'action': 'retry', 'reasons': ['strict_retry_limit_exceeded', 'failure_reason_not_safe_for_retry']}]",Strict
txn_001414,cust_000534,949.49,upi,563,20,18,0.9,2,False,gateway_error,0.45,1,retry,payment_link,True,[],"[{'action': 'retry', 'reasons': ['strict_retry_limit_exceeded']}]",Strict
txn_004114,cust_001065,2301.32,wallet,123,12,10,0.8333,4,False,authentication_failed,0.37666,0,reminder,reminder,True,[],[],Strict
txn_000656,cust_000102,1464.04,card,24,25,22,0.88,4,False,network_error,0.28600000000000003,0,retry,payment_link,True,[],"[{'action': 'retry', 'reasons': ['strict_retry_limit_exceeded']}, {'action': 'reminder', 'reasons': ['reminder_not_allowed_for_temporary_failure']}]",Strict
txn_008138,cust_002458,931.81,netbanking,1214,12,9,0.75,1,False,bank_decline,0.53,0,retry,payment_link,True,[],"[{'action': 'retry', 'reasons': ['failure_reason_not_safe_for_retry']}]",Strict
txn_004099,cust_000334,894.36,wallet,359,18,13,0.7222,2,False,bank_decline,0.4444399999999999,0,retry,payment_link,True,[],"[{'action': 'retry', 'reasons': ['strict_retry_limit_exceeded', 'failure_reason_not_safe_for_retry']}]",Strict
txn_000593,cust_001688,935.36,upi,1098,19,16,0.8421,3,False,insufficient_balance,0.48841999999999997,0,reminder,reminder,True,[],[],Strict
txn_008709,cust_000943,1504.12,wallet,1253,18,14,0.7778,2,False,bank_decline,0.45556,1,retry,payment_link,True,[],"[{'action': 'retry', 'reasons': ['strict_retry_limit_exceeded', 'failure_reason_not_safe_for_retry']}]",Strict
txn_003124,cust_001483,1019.96,card,579,3,2,0.6667,2,False,bank_decline,0.4033399999999999,0,retry,reminder,True,[],"[{'action': 'retry', 'reasons': ['strict_retry_limit_exceeded', 'failure_reason_not_safe_for_retry']}]",Strict
txn_003048,cust_001416,1843.44,wallet,1257,17,11,0.6471,4,False,gateway_error,0.23942000000000002,1,retry,payment_link,True,[],"[{'action': 'retry', 'reasons': ['strict_retry_limit_exceeded']}]",Strict
txn_003888,cust_000650,781.8,wallet,808,10,6,0.6,4,False,bank_decline,0.26,0,retry,payment_link,True,[],"[{'action': 'retry', 'reasons': ['strict_retry_limit_exceeded', 'failure_reason_not_safe_for_retry']}]",Strict
txn_005736,cust_002315,347.63,upi,123,20,16,0.8,2,False,expired_card,0.7300000000000001,0,payment_link,payment_link,True,[],[],Strict
txn_002185,cust_003020,3604.15,netbanking,936,19,13,0.6842,4,False,bank_decline,0.27684,0,retry,payment_link,True,[],"[{'action': 'retry', 'reasons': ['strict_retry_limit_exceeded', 'failure_reason_not_safe_for_retry']}]",Strict
txn_002146,cust_001520,1452.32,card,1330,12,9,0.75,4,False,insufficient_balance,0.39,0,reminder,reminder,True,[],[],Strict
txn_007048,cust_000634,621.5,upi,522,18,13,0.7222,2,False,expired_card,0.71444,1,payment_link,payment_link,True,[],[],Strict
txn_003106,cust_000902,492.67,card,1262,17,13,0.7647,4,False,bank_decline,0.29294,0,retry,payment_link,True,[],"[{'action': 'retry', 'reasons': ['strict_retry_limit_exceeded', 'failure_reason_not_safe_for_retry']}]",Strict
txn_009234,cust_000216,2480.12,wallet,276,16,11,0.6875,3,False,network_error,0.3275,1,retry,payment_link,True,[],"[{'action': 'retry', 'reasons': ['strict_retry_limit_exceeded']}]",Strict
txn_009097,cust_002068,2885.28,upi,294,28,21,0.75,4,False,bank_decline,0.29000000000000004,1,retry,payment_link,True,[],"[{'action': 'retry', 'reasons': ['strict_retry_limit_exceeded', 'failure_reason_not_safe_for_retry']}]",Strict
txn_002770,cust_003053,733.06,upi,1398,12,8,0.6667,4,False,network_error,0.24333999999999995,0,retry,payment_link,True,[],"[{'action': 'retry', 'reasons': ['strict_retry_limit_exceeded']}]",Strict
txn_005222,cust_003316,687.96,upi,1023,4,4,1.0,4,False,insufficient_balance,0.43999999999999995,0,payment_link,reminder,True,[],"[{'action': 'payment_link', 'reasons': ['payment_link_restricted']}, {'action': 'retry', 'reasons': ['strict_retry_limit_exceeded']}]",Strict
txn_005834,cust_001703,1156.01,card,718,11,6,0.5455,4,False,network_error,0.21910000000000002,0,retry,payment_link,True,[],"[{'action': 'retry', 'reasons': ['strict_retry_limit_exceeded']}]",Strict
txn_001733,cust_000616,5188.05,card,93,9,9,1.0,4,False,gateway_error,0.31000000000000005,0,retry,payment_link,True,[],"[{'action': 'retry', 'reasons': ['strict_retry_limit_exceeded']}]",Strict
txn_000266,cust_001161,713.19,netbanking,908,14,13,0.9286,2,False,gateway_error,0.45571999999999996,0,retry,payment_link,True,[],"[{'action': 'retry', 'reasons': ['strict_retry_limit_exceeded']}]",Strict
txn_005145,cust_001132,2187.74,wallet,104,23,15,0.6522,1,False,bank_decline,0.51044,0,retry,payment_link,True,[],"[{'action': 'retry', 'reasons': ['failure_reason_not_safe_for_retry']}]",Strict
txn_008268,cust_000709,3552.52,netbanking,876,4,4,1.0,2,False,bank_decline,0.49999999999999994,1,retry,payment_link,True,[],"[{'action': 'retry', 'reasons': ['strict_retry_limit_exceeded', 'failure_reason_not_safe_for_retry']}]",Strict
txn_003938,cust_002513,1317.93,wallet,302,4,4,1.0,1,False,network_error,0.85,1,retry,retry,True,[],[],Strict
txn_000762,cust_001984,1744.98,netbanking,598,25,22,0.88,1,False,gateway_error,0.776,1,retry,retry,True,[],[],Strict
txn_007221,cust_000005,981.94,card,999,13,9,0.6923,3,False,gateway_error,0.32846,0,retry,payment_link,True,[],"[{'action': 'retry', 'reasons': ['strict_retry_limit_exceeded']}, {'action': 'reminder', 'reasons': ['reminder_not_allowed_for_temporary_failure']}]",Strict
txn_008440,cust_000288,1195.25,card,86,28,24,0.8571,1,False,gateway_error,0.77142,1,retry,retry,True,[],[],Strict
txn_003258,cust_002812,871.57,upi,646,14,8,0.5714,1,False,expired_card,0.76428,1,payment_link,payment_link,True,[],[],Strict
txn_004339,cust_001340,1709.05,upi,750,27,20,0.7407,1,False,bank_decline,0.5281399999999999,0,retry,payment_link,True,[],"[{'action': 'retry', 'reasons': ['failure_reason_not_safe_for_retry']}]",Strict
txn_004363,cust_001057,1851.85,netbanking,1300,3,0,0.0,4,False,network_error,0.10999999999999999,1,retry,payment_link,True,[],"[{'action': 'retry', 'reasons': ['strict_retry_limit_exceeded']}]",Strict
txn_000317,cust_000063,450.9,card,1264,15,11,0.7333,2,False,gateway_error,0.4166599999999999,1,retry,payment_link,True,[],"[{'action': 'retry', 'reasons': ['strict_retry_limit_exceeded']}]",Strict
txn_008070,cust_002705,554.53,upi,731,5,4,0.8,1,False,network_error,0.81,0,retry,retry,True,[],[],Strict
txn_001852,cust_000583,416.05,netbanking,1336,2,0,0.0,2,False,insufficient_balance,0.39999999999999997,0,reminder,reminder,True,[],[],Strict
txn_002485,cust_000607,526.0,upi,36,23,19,0.8261,2,False,gateway_error,0.43522,1,retry,payment_link,True,[],"[{'action': 'retry', 'reasons': ['strict_retry_limit_exceeded']}]",Strict
txn_009874,cust_002221,612.41,wallet,633,2,1,0.5,4,False,authentication_failed,0.31000000000000005,0,payment_link,reminder,True,[],"[{'action': 'payment_link', 'reasons': ['payment_link_restricted']}]",Strict
txn_009575,cust_001108,871.05,card,821,6,4,0.6667,2,False,gateway_error,0.4033399999999999,1,retry,payment_link,True,[],"[{'action': 'retry', 'reasons': ['strict_retry_limit_exceeded']}]",Strict
txn_001079,cust_002496,225.11,upi,1114,2,1,0.5,4,False,network_error,0.21000000000000002,0,retry,payment_link,True,[],"[{'action': 'retry', 'reasons': ['strict_retry_limit_exceeded']}]",Strict
txn_008359,cust_001829,601.17,upi,823,24,17,0.7083,4,False,authentication_failed,0.35166,1,payment_link,reminder,True,[],"[{'action': 'payment_link', 'reasons': ['payment_link_restricted']}]",Strict
txn_007334,cust_003219,4995.69,netbanking,378,9,6,0.6667,4,False,gateway_error,0.24333999999999995,0,retry,payment_link,True,[],"[{'action': 'retry', 'reasons': ['strict_retry_limit_exceeded']}]",Strict
txn_001072,cust_000961,1069.27,card,643,21,16,0.7619,2,False,network_error,0.42238000000000003,1,retry,payment_link,True,[],"[{'action': 'retry', 'reasons': ['strict_retry_limit_exceeded']}]",Strict
txn_000104,cust_001657,274.64,netbanking,91,11,6,0.5455,1,False,bank_decline,0.48910000000000003,1,retry,payment_link,True,[],"[{'action': 'retry', 'reasons': ['failure_reason_not_safe_for_retry']}]",Strict
txn_005749,cust_003318,1383.95,netbanking,1287,29,24,0.8276,2,False,network_error,0.43551999999999996,0,retry,payment_link,True,[],"[{'action': 'retry', 'reasons': ['strict_retry_limit_exceeded']}]",Strict
txn_001419,cust_003097,1977.06,upi,529,0,0,0.0,1,True,gateway_error,0.5499999999999999,1,retry,retry,True,[],[],Strict
txn_001659,cust_002226,1870.39,netbanking,269,25,19,0.76,3,False,gateway_error,0.34199999999999997,1,retry,payment_link,True,[],"[{'action': 'retry', 'reasons': ['strict_retry_limit_exceeded']}, {'action': 'reminder', 'reasons': ['reminder_not_allowed_for_temporary_failure']}]",Strict
txn_005285,cust_001305,189.79,upi,765,29,25,0.8621,1,False,gateway_error,0.77242,1,retry,retry,True,[],[],Strict
txn_001150,cust_001908,6182.97,wallet,533,19,14,0.7368,1,False,bank_decline,0.5273599999999999,0,retry,payment_link,True,[],"[{'action': 'retry', 'reasons': ['failure_reason_not_safe_for_retry']}]",Strict
txn_007151,cust_002157,1187.85,upi,822,28,22,0.7857,4,False,insufficient_balance,0.39714000000000005,0,reminder,reminder,True,[],[],Strict
txn_001569,cust_001357,1057.25,wallet,477,24,20,0.8333,4,False,bank_decline,0.27666,0,retry,reminder,True,[],"[{'action': 'retry', 'reasons': ['strict_retry_limit_exceeded', 'failure_reason_not_safe_for_retry']}]",Strict
txn_001088,cust_000042,2071.82,card,460,12,10,0.8333,4,False,insufficient_balance,0.40666,1,reminder,reminder,True,[],[],Strict
txn_006086,cust_003261,1763.63,upi,390,2,2,1.0,4,False,bank_decline,0.31000000000000005,0,retry,reminder,True,[],"[{'action': 'retry', 'reasons': ['strict_retry_limit_exceeded', 'failure_reason_not_safe_for_retry']}]",Strict
txn_008675,cust_002926,992.42,netbanking,817,5,5,1.0,2,False,insufficient_balance,0.6,1,reminder,reminder,True,[],[],Strict
txn_008342,cust_002986,927.32,wallet,1229,28,25,0.8929,2,False,bank_decline,0.47857999999999995,0,retry,payment_link,True,[],"[{'action': 'retry', 'reasons': ['strict_retry_limit_exceeded', 'failure_reason_not_safe_for_retry']}]",Strict
txn_007812,cust_002918,581.5,netbanking,37,16,9,0.5625,4,False,gateway_error,0.22249999999999998,0,retry,payment_link,True,[],"[{'action': 'retry', 'reasons': ['strict_retry_limit_exceeded']}]",Strict
txn_006085,cust_002086,1716.54,netbanking,841,17,13,0.7647,3,False,bank_decline,0.34294,0,retry,reminder,True,[],"[{'action': 'retry', 'reasons': ['strict_retry_limit_exceeded', 'failure_reason_not_safe_for_retry']}]",Strict
txn_008774,cust_001004,961.61,wallet,646,17,12,0.7059,2,False,network_error,0.41118,0,retry,payment_link,True,[],"[{'action': 'retry', 'reasons': ['strict_retry_limit_exceeded']}]",Strict
txn_008758,cust_000314,2602.55,card,740,1,0,0.0,4,False,bank_decline,0.14,0,retry,payment_link,True,[],"[{'action': 'retry', 'reasons': ['strict_retry_limit_exceeded', 'failure_reason_not_safe_for_retry']}]",Strict
txn_001693,cust_003140,1245.45,wallet,1369,29,21,0.7241,2,False,insufficient_balance,0.54482,0,payment_link,reminder,True,[],"[{'action': 'payment_link', 'reasons': ['payment_link_restricted']}]",Strict
txn_004735,cust_002526,1321.65,netbanking,410,3,1,0.3333,1,False,expired_card,0.71666,1,payment_link,payment_link,True,[],[],Strict
txn_003388,cust_001893,12183.24,wallet,876,0,0,0.0,2,True,bank_decline,0.25,1,retry,payment_link,True,[],"[{'action': 'retry', 'reasons': ['strict_retry_limit_exceeded', 'failure_reason_not_safe_for_retry']}]",Strict
txn_003647,cust_001308,1173.84,netbanking,408,14,10,0.7143,3,False,gateway_error,0.33286000000000004,0,retry,payment_link,True,[],"[{'action': 'retry', 'reasons': ['strict_retry_limit_exceeded']}]",Strict
txn_001684,cust_001423,1396.56,netbanking,1381,27,16,0.5926,4,False,authentication_failed,0.32852000000000003,1,payment_link,reminder,True,[],"[{'action': 'payment_link', 'reasons': ['payment_link_restricted']}]",Strict
txn_000009,cust_000125,1382.01,wallet,997,14,9,0.6429,3,False,network_error,0.31858,1,retry,payment_link,True,[],"[{'action': 'retry', 'reasons': ['strict_retry_limit_exceeded']}]",Strict
txn_006063,cust_000681,142.83,wallet,167,9,8,0.8889,4,False,insufficient_balance,0.41778000000000004,1,reminder,reminder,True,[],[],Strict
txn_006517,cust_003104,839.06,card,307,29,18,0.6207,3,False,gateway_error,0.31414,0,retry,payment_link,True,[],"[{'action': 'retry', 'reasons': ['strict_retry_limit_exceeded']}]",Strict
txn_004124,cust_001458,338.48,card,902,10,7,0.7,3,False,gateway_error,0.32999999999999996,0,retry,payment_link,True,[],"[{'action': 'retry', 'reasons': ['strict_retry_limit_exceeded']}, {'action': 'reminder', 'reasons': ['reminder_not_allowed_for_temporary_failure']}]",Strict
txn_008730,cust_002795,858.48,card,564,0,0,0.0,2,True,expired_card,0.29,0,reminder,reminder,True,[],[],Strict
txn_006046,cust_001224,2305.28,wallet,783,3,2,0.6667,3,False,bank_decline,0.32333999999999996,0,retry,reminder,True,[],"[{'action': 'retry', 'reasons': ['strict_retry_limit_exceeded', 'failure_reason_not_safe_for_retry']}]",Strict
txn_000568,cust_000615,778.96,netbanking,1485,12,9,0.75,1,False,bank_decline,0.53,0,retry,payment_link,True,[],"[{'action': 'retry', 'reasons': ['failure_reason_not_safe_for_retry']}]",Strict
txn_009162,cust_000085,10657.22,upi,583,15,9,0.6,2,False,expired_card,0.6900000000000001,0,payment_link,payment_link,True,[],[],Strict
txn_001804,cust_000667,1708.01,netbanking,1011,6,4,0.6667,1,False,insufficient_balance,0.61334,1,reminder,reminder,True,[],[],Strict
txn_008502,cust_000001,617.16,netbanking,887,5,3,0.6,3,False,gateway_error,0.30999999999999994,1,retry,payment_link,True,[],"[{'action': 'retry', 'reasons': ['strict_retry_limit_exceeded']}]",Strict
txn_004901,cust_000917,401.23,card,1125,25,18,0.72,4,False,authentication_failed,0.354,0,payment_link,reminder,True,[],"[{'action': 'payment_link', 'reasons': ['payment_link_restricted']}]",Strict
txn_001600,cust_000372,1675.46,wallet,1205,0,0,0.0,3,True,bank_decline,0.16999999999999998,0,retry,payment_link,True,[],"[{'action': 'retry', 'reasons': ['strict_retry_limit_exceeded', 'failure_reason_not_safe_for_retry']}]",Strict
txn_007932,cust_001573,1924.38,netbanking,1196,12,9,0.75,2,False,bank_decline,0.42,1,retry,reminder,True,[],"[{'action': 'retry', 'reasons': ['strict_retry_limit_exceeded', 'failure_reason_not_safe_for_retry']}]",Strict
txn_009548,cust_003120,2515.72,card,290,24,19,0.7917,2,False,expired_card,0.72834,0,payment_link,payment_link,True,[],[],Strict
txn_002824,cust_003236,2376.7,card,668,0,0,0.0,1,True,insufficient_balance,0.43,0,reminder,reminder,True,[],[],Strict
txn_005468,cust_000078,1742.09,card,1356,21,16,0.7619,1,False,insufficient_balance,0.6323799999999999,0,payment_link,reminder,True,[],"[{'action': 'payment_link', 'reasons': ['payment_link_restricted']}]",Strict
txn_003530,cust_000260,2528.97,upi,1445,10,9,0.9,1,False,network_error,0.83,1,retry,retry,True,[],[],Strict
txn_008684,cust_002187,1135.97,netbanking,1095,29,20,0.6897,2,False,insufficient_balance,0.53794,0,reminder,reminder,True,[],[],Strict
txn_001156,cust_001672,1113.31,upi,814,19,18,0.9474,1,False,expired_card,0.83948,1,payment_link,payment_link,True,[],[],Strict
txn_006548,cust_002246,531.97,upi,682,1,1,1.0,3,False,bank_decline,0.39,1,retry,reminder,True,[],"[{'action': 'retry', 'reasons': ['strict_retry_limit_exceeded', 'failure_reason_not_safe_for_retry']}]",Strict
txn_009089,cust_000503,923.16,wallet,1433,14,10,0.7143,4,False,bank_decline,0.28286,0,retry,payment_link,True,[],"[{'action': 'retry', 'reasons': ['strict_retry_limit_exceeded', 'failure_reason_not_safe_for_retry']}]",Strict
txn_007621,cust_002685,1113.93,upi,391,16,15,0.9375,4,False,gateway_error,0.2975,1,retry,payment_link,True,[],"[{'action': 'retry', 'reasons': ['strict_retry_limit_exceeded']}, {'action': 'reminder', 'reasons': ['reminder_not_allowed_for_temporary_failure']}]",Strict
txn_008297,cust_000922,993.95,card,789,26,22,0.8462,1,False,bank_decline,0.54924,0,retry,payment_link,True,[],"[{'action': 'retry', 'reasons': ['failure_reason_not_safe_for_retry']}]",Strict
txn_004541,cust_001394,549.47,card,758,11,8,0.7273,4,False,authentication_failed,0.35546,1,payment_link,reminder,True,[],"[{'action': 'payment_link', 'reasons': ['payment_link_restricted']}]",Strict
txn_009135,cust_001039,1166.77,card,68,12,7,0.5833,4,False,authentication_failed,0.32666000000000006,0,reminder,reminder,True,[],[],Strict
txn_006483,cust_002751,690.16,netbanking,62,17,12,0.7059,2,False,insufficient_balance,0.5411800000000001,0,reminder,reminder,True,[],[],Strict
txn_005827,cust_002367,5116.65,wallet,415,27,22,0.8148,4,False,insufficient_balance,0.40296,0,reminder,reminder,True,[],[],Strict
txn_001191,cust_002610,13271.36,wallet,590,27,22,0.8148,1,False,authentication_failed,0.61296,1,payment_link,reminder,True,[],"[{'action': 'payment_link', 'reasons': ['payment_link_restricted']}]",Strict
txn_007445,cust_000936,1208.84,upi,372,10,8,0.8,2,False,insufficient_balance,0.56,1,retry,reminder,True,[],"[{'action': 'retry', 'reasons': ['strict_retry_limit_exceeded']}, {'action': 'payment_link', 'reasons': ['payment_link_restricted']}]",Strict
txn_008521,cust_002909,4395.82,wallet,888,23,13,0.5652,4,False,network_error,0.22304000000000002,0,retry,payment_link,True,[],"[{'action': 'retry', 'reasons': ['strict_retry_limit_exceeded']}]",Strict
txn_000961,cust_000075,365.76,netbanking,631,24,16,0.6667,3,False,network_error,0.32333999999999996,0,retry,payment_link,True,[],"[{'action': 'retry', 'reasons': ['strict_retry_limit_exceeded']}]",Strict
txn_007455,cust_000047,1055.54,upi,1091,2,1,0.5,4,False,bank_decline,0.24000000000000005,0,retry,payment_link,True,[],"[{'action': 'retry', 'reasons': ['strict_retry_limit_exceeded', 'failure_reason_not_safe_for_retry']}]",Strict
txn_000037,cust_000960,554.13,netbanking,1206,12,8,0.6667,2,False,bank_decline,0.4033399999999999,0,retry,reminder,True,[],"[{'action': 'retry', 'reasons': ['strict_retry_limit_exceeded', 'failure_reason_not_safe_for_retry']}]",Strict
txn_007517,cust_000094,664.81,wallet,94,10,7,0.7,2,False,network_error,0.4099999999999999,0,retry,payment_link,True,[],"[{'action': 'retry', 'reasons': ['strict_retry_limit_exceeded']}]",Strict
txn_007645,cust_000687,801.54,upi,753,14,12,0.8571,2,False,bank_decline,0.47142,1,retry,payment_link,True,[],"[{'action': 'retry', 'reasons': ['strict_retry_limit_exceeded', 'failure_reason_not_safe_for_retry']}]",Strict
txn_004439,cust_000225,683.48,card,1350,25,19,0.76,3,False,insufficient_balance,0.472,0,reminder,reminder,True,[],[],Strict
txn_006162,cust_002677,1169.45,upi,652,29,20,0.6897,4,False,gateway_error,0.24794,1,retry,payment_link,True,[],"[{'action': 'retry', 'reasons': ['strict_retry_limit_exceeded']}, {'action': 'reminder', 'reasons': ['reminder_not_allowed_for_temporary_failure']}]",Strict
txn_007745,cust_001204,596.12,upi,330,20,16,0.8,1,False,authentication_failed,0.61,0,reminder,reminder,True,[],[],Strict
txn_009588,cust_002154,898.84,netbanking,1380,5,5,1.0,2,False,gateway_error,0.47000000000000003,0,retry,payment_link,True,[],"[{'action': 'retry', 'reasons': ['strict_retry_limit_exceeded']}, {'action': 'reminder', 'reasons': ['reminder_not_allowed_for_temporary_failure']}]",Strict
txn_008120,cust_002818,648.98,upi,1352,10,7,0.7,1,False,gateway_error,0.74,1,retry,retry,True,[],[],Strict
txn_006968,cust_000655,1796.17,card,143,16,11,0.6875,3,False,bank_decline,0.35749999999999993,0,retry,payment_link,True,[],"[{'action': 'retry', 'reasons': ['strict_retry_limit_exceeded', 'failure_reason_not_safe_for_retry']}]",Strict
txn_005719,cust_000384,6212.04,card,950,19,12,0.6316,4,False,bank_decline,0.26632,1,retry,payment_link,True,[],"[{'action': 'retry', 'reasons': ['strict_retry_limit_exceeded', 'failure_reason_not_safe_for_retry']}]",Strict
txn_000578,cust_000668,1100.42,netbanking,1291,26,21,0.8077,3,False,bank_decline,0.35153999999999996,0,retry,reminder,True,[],"[{'action': 'retry', 'reasons': ['strict_retry_limit_exceeded', 'failure_reason_not_safe_for_retry']}]",Strict
txn_009834,cust_000795,3382.78,card,1448,11,10,0.9091,2,False,authentication_failed,0.5518200000000001,1,payment_link,reminder,True,[],"[{'action': 'payment_link', 'reasons': ['payment_link_restricted']}]",Strict
txn_004103,cust_003293,957.6,card,199,21,16,0.7619,4,False,bank_decline,0.29238,1,retry,payment_link,True,[],"[{'action': 'retry', 'reasons': ['strict_retry_limit_exceeded', 'failure_reason_not_safe_for_retry']}]",Strict
txn_007647,cust_001712,590.94,card,1297,23,17,0.7391,2,False,network_error,0.41781999999999997,1,retry,payment_link,True,[],"[{'action': 'retry', 'reasons': ['strict_retry_limit_exceeded']}]",Strict
txn_004152,cust_003072,7183.43,card,1104,23,20,0.8696,4,False,gateway_error,0.28392000000000006,1,retry,payment_link,True,[],"[{'action': 'retry', 'reasons': ['strict_retry_limit_exceeded']}, {'action': 'reminder', 'reasons': ['reminder_not_allowed_for_temporary_failure']}]",Strict
txn_003131,cust_002080,1353.59,upi,1414,15,11,0.7333,3,False,gateway_error,0.33665999999999996,0,retry,payment_link,True,[],"[{'action': 'retry', 'reasons': ['strict_retry_limit_exceeded']}]",Strict
txn_004891,cust_002508,748.18,card,282,15,11,0.7333,2,False,insufficient_balance,0.54666,1,reminder,reminder,True,[],[],Strict
txn_009976,cust_000177,1735.96,netbanking,955,14,12,0.8571,4,False,network_error,0.28142,0,retry,payment_link,True,[],"[{'action': 'retry', 'reasons': ['strict_retry_limit_exceeded']}]",Strict
txn_007472,cust_000989,641.12,wallet,431,15,8,0.5333,2,False,gateway_error,0.37666,1,retry,payment_link,True,[],"[{'action': 'retry', 'reasons': ['strict_retry_limit_exceeded']}]",Strict
txn_001834,cust_000359,389.59,wallet,1330,11,5,0.4545,4,False,expired_card,0.5009,1,payment_link,payment_link,True,[],[],Strict
txn_009149,cust_000097,1120.25,upi,1496,24,15,0.625,4,False,bank_decline,0.265,0,retry,payment_link,True,[],"[{'action': 'retry', 'reasons': ['strict_retry_limit_exceeded', 'failure_reason_not_safe_for_retry']}]",Strict
txn_004892,cust_000261,424.93,upi,483,15,12,0.8,1,False,bank_decline,0.54,1,retry,payment_link,True,[],"[{'action': 'retry', 'reasons': ['failure_reason_not_safe_for_retry']}]",Strict
txn_002288,cust_002982,2907.11,upi,985,26,21,0.8077,2,False,insufficient_balance,0.56154,0,payment_link,reminder,True,[],"[{'action': 'payment_link', 'reasons': ['payment_link_restricted']}]",Strict
txn_001331,cust_000037,1138.07,wallet,956,13,10,0.7692,1,False,insufficient_balance,0.63384,1,payment_link,reminder,True,[],"[{'action': 'payment_link', 'reasons': ['payment_link_restricted']}]",Strict
txn_002772,cust_000348,2267.82,wallet,1001,29,19,0.6552,3,False,gateway_error,0.32104,1,retry,payment_link,True,[],"[{'action': 'retry', 'reasons': ['strict_retry_limit_exceeded']}]",Strict
txn_003687,cust_001623,1566.06,wallet,907,11,5,0.4545,3,False,gateway_error,0.28090000000000004,0,retry,payment_link,True,[],"[{'action': 'retry', 'reasons': ['strict_retry_limit_exceeded']}]",Strict
txn_008284,cust_001391,2476.38,card,650,5,4,0.8,2,False,expired_card,0.7300000000000001,1,payment_link,payment_link,True,[],[],Strict
txn_005929,cust_000309,1887.05,wallet,1437,8,7,0.875,3,False,bank_decline,0.3949999999999999,1,retry,payment_link,True,[],"[{'action': 'retry', 'reasons': ['strict_retry_limit_exceeded', 'failure_reason_not_safe_for_retry']}]",Strict
txn_000638,cust_002653,1069.47,card,119,25,18,0.72,1,False,insufficient_balance,0.6239999999999999,1,reminder,reminder,True,[],[],Strict
txn_000048,cust_000466,907.34,upi,1029,19,15,0.7895,1,False,network_error,0.8079,0,retry,retry,True,[],[],Strict
txn_002603,cust_002968,4459.01,card,324,26,19,0.7308,1,False,insufficient_balance,0.62616,1,reminder,reminder,True,[],[],Strict
txn_001966,cust_001937,1244.3,netbanking,1315,5,5,1.0,3,False,gateway_error,0.39,0,retry,payment_link,True,[],"[{'action': 'retry', 'reasons': ['strict_retry_limit_exceeded']}]",Strict
txn_002169,cust_001283,1302.97,card,85,29,23,0.7931,3,False,bank_decline,0.37861999999999996,0,retry,payment_link,True,[],"[{'action': 'retry', 'reasons': ['strict_retry_limit_exceeded', 'failure_reason_not_safe_for_retry']}]",Strict
txn_005050,cust_001187,420.16,card,677,18,12,0.6667,1,False,gateway_error,0.7333399999999999,1,retry,retry,True,[],[],Strict
txn_003335,cust_002357,469.69,card,1165,6,6,1.0,1,False,gateway_error,0.8,1,retry,retry,True,[],[],Strict
txn_003020,cust_000917,439.18,upi,485,12,10,0.8333,3,False,insufficient_balance,0.48666,0,reminder,reminder,True,[],[],Strict
txn_008765,cust_000618,1440.45,wallet,195,22,16,0.7273,1,False,gateway_error,0.74546,0,retry,retry,True,[],[],Strict
txn_009177,cust_002791,2796.93,upi,932,10,7,0.7,3,False,gateway_error,0.32999999999999996,1,retry,payment_link,True,[],"[{'action': 'retry', 'reasons': ['strict_retry_limit_exceeded']}]",Strict
txn_001361,cust_001829,2517.08,netbanking,1435,15,8,0.5333,1,False,bank_decline,0.48666000000000004,1,retry,payment_link,True,[],"[{'action': 'retry', 'reasons': ['failure_reason_not_safe_for_retry']}]",Strict
txn_005799,cust_001353,1497.46,wallet,1346,27,17,0.6296,1,False,gateway_error,0.7259199999999999,1,retry,retry,True,[],[],Strict
txn_009401,cust_001659,1713.88,netbanking,155,29,24,0.8276,3,False,network_error,0.35551999999999995,0,retry,payment_link,True,[],"[{'action': 'retry', 'reasons': ['strict_retry_limit_exceeded']}]",Strict
txn_003252,cust_001800,2967.82,upi,459,19,15,0.7895,4,False,insufficient_balance,0.3978999999999999,0,reminder,reminder,True,[],[],Strict
txn_006301,cust_001964,646.44,wallet,838,18,12,0.6667,4,False,gateway_error,0.24333999999999995,1,retry,payment_link,True,[],"[{'action': 'retry', 'reasons': ['strict_retry_limit_exceeded']}]",Strict
txn_002252,cust_001743,1577.45,card,942,5,4,0.8,3,False,expired_card,0.65,1,payment_link,payment_link,True,[],[],Strict
txn_006028,cust_002775,326.0,card,987,0,0,0.0,2,True,gateway_error,0.21999999999999997,0,reminder,payment_link,True,[],"[{'action': 'reminder', 'reasons': ['reminder_not_allowed_for_temporary_failure']}]",Strict
txn_001176,cust_001697,781.08,wallet,1433,1,0,0.0,2,False,authentication_failed,0.36999999999999994,1,reminder,reminder,True,[],[],Strict
txn_008800,cust_001816,630.62,netbanking,375,25,19,0.76,2,False,insufficient_balance,0.552,1,retry,reminder,True,[],"[{'action': 'retry', 'reasons': ['strict_retry_limit_exceeded']}]",Strict
txn_003280,cust_002661,462.0,card,1398,14,11,0.7857,4,False,insufficient_balance,0.39714000000000005,0,payment_link,reminder,True,[],"[{'action': 'payment_link', 'reasons': ['payment_link_restricted']}]",Strict
txn_002974,cust_002848,1122.72,upi,9,8,7,0.875,4,False,authentication_failed,0.385,1,reminder,reminder,True,[],[],Strict
txn_003397,cust_002473,10106.11,wallet,40,11,6,0.5455,1,False,gateway_error,0.7091000000000001,1,retry,retry,True,[],[],Strict
txn_006940,cust_002288,1184.5,wallet,387,2,2,1.0,1,False,expired_card,0.85,1,payment_link,payment_link,True,[],[],Strict
txn_000966,cust_001538,745.07,wallet,253,0,0,0.0,4,True,bank_decline,0.09000000000000001,0,payment_link,payment_link,True,[],[],Strict
txn_008575,cust_001789,1115.57,netbanking,1012,2,2,1.0,3,False,gateway_error,0.39,1,retry,payment_link,True,[],"[{'action': 'retry', 'reasons': ['strict_retry_limit_exceeded']}]",Strict
txn_000743,cust_001498,1017.28,card,355,21,16,0.7619,3,False,network_error,0.34238,1,retry,payment_link,True,[],"[{'action': 'retry', 'reasons': ['strict_retry_limit_exceeded']}]",Strict
txn_007515,cust_001991,873.96,upi,709,3,3,1.0,4,False,insufficient_balance,0.43999999999999995,1,retry,reminder,True,[],"[{'action': 'retry', 'reasons': ['strict_retry_limit_exceeded']}]",Strict
txn_003315,cust_003007,639.01,wallet,250,25,16,0.64,3,False,gateway_error,0.31799999999999995,1,retry,payment_link,True,[],"[{'action': 'retry', 'reasons': ['strict_retry_limit_exceeded']}]",Strict
txn_004899,cust_000280,405.64,wallet,1374,10,9,0.9,2,False,authentication_failed,0.55,0,reminder,reminder,True,[],[],Strict
txn_009341,cust_000385,727.81,card,904,13,11,0.8462,3,False,authentication_failed,0.45924,1,reminder,reminder,True,[],[],Strict
txn_004673,cust_002840,661.53,wallet,1444,16,12,0.75,1,False,insufficient_balance,0.63,1,reminder,reminder,True,[],[],Strict
txn_008619,cust_002405,216.22,wallet,850,7,3,0.4286,2,False,insufficient_balance,0.48572,0,reminder,reminder,True,[],[],Strict
txn_001218,cust_002079,698.64,card,1293,9,7,0.7778,3,False,gateway_error,0.34556,0,retry,payment_link,True,[],"[{'action': 'retry', 'reasons': ['strict_retry_limit_exceeded']}]",Strict
txn_004398,cust_000803,132.81,netbanking,446,1,1,1.0,4,False,network_error,0.31000000000000005,1,retry,payment_link,True,[],"[{'action': 'retry', 'reasons': ['strict_retry_limit_exceeded']}, {'action': 'reminder', 'reasons': ['reminder_not_allowed_for_temporary_failure']}]",Strict
txn_006081,cust_000983,3480.8,upi,913,25,19,0.76,1,False,insufficient_balance,0.632,0,payment_link,reminder,True,[],"[{'action': 'payment_link', 'reasons': ['payment_link_restricted']}]",Strict
txn_002615,cust_002370,4844.91,upi,1151,0,0,0.0,1,True,gateway_error,0.5499999999999999,0,retry,retry,True,[],[],Strict
txn_002621,cust_000298,1159.23,card,1418,25,21,0.84,4,False,network_error,0.278,1,retry,payment_link,True,[],"[{'action': 'retry', 'reasons': ['strict_retry_limit_exceeded']}, {'action': 'reminder', 'reasons': ['reminder_not_allowed_for_temporary_failure']}]",Strict
txn_008715,cust_000225,1016.03,upi,1242,13,11,0.8462,3,False,gateway_error,0.35924,0,retry,payment_link,True,[],"[{'action': 'retry', 'reasons': ['strict_retry_limit_exceeded']}, {'action': 'reminder', 'reasons': ['reminder_not_allowed_for_temporary_failure']}]",Strict
txn_007283,cust_001737,256.49,wallet,557,12,11,0.9167,2,False,network_error,0.45334,0,retry,payment_link,True,[],"[{'action': 'retry', 'reasons': ['strict_retry_limit_exceeded']}, {'action': 'reminder', 'reasons': ['reminder_not_allowed_for_temporary_failure']}]",Strict
txn_003380,cust_000450,966.87,netbanking,736,13,8,0.6154,1,False,bank_decline,0.50308,1,retry,payment_link,True,[],"[{'action': 'retry', 'reasons': ['failure_reason_not_safe_for_retry']}]",Strict
txn_007302,cust_001327,566.88,netbanking,801,2,2,1.0,1,False,network_error,0.85,0,retry,retry,True,[],[],Strict
txn_009858,cust_002797,309.97,card,1071,22,14,0.6364,4,False,gateway_error,0.23728,0,retry,payment_link,True,[],"[{'action': 'retry', 'reasons': ['strict_retry_limit_exceeded']}]",Strict
txn_005606,cust_002375,343.15,wallet,1214,18,15,0.8333,1,False,authentication_failed,0.61666,1,payment_link,reminder,True,[],"[{'action': 'payment_link', 'reasons': ['payment_link_restricted']}]",Strict
txn_009814,cust_001103,409.72,card,1351,15,12,0.8,3,False,network_error,0.35,0,retry,payment_link,True,[],"[{'action': 'retry', 'reasons': ['strict_retry_limit_exceeded']}]",Strict
txn_005787,cust_001941,1970.04,card,1037,12,9,0.75,4,False,authentication_failed,0.36,0,reminder,reminder,True,[],[],Strict
txn_008519,cust_002970,1596.87,netbanking,500,4,4,1.0,2,False,gateway_error,0.47000000000000003,0,retry,payment_link,True,[],"[{'action': 'retry', 'reasons': ['strict_retry_limit_exceeded']}]",Strict
txn_006851,cust_000258,920.58,netbanking,1371,29,26,0.8966,3,False,bank_decline,0.36932,1,retry,reminder,True,[],"[{'action': 'retry', 'reasons': ['strict_retry_limit_exceeded', 'failure_reason_not_safe_for_retry']}]",Strict
txn_001517,cust_001550,3850.59,upi,14,17,13,0.7647,1,False,gateway_error,0.7529399999999999,0,retry,retry,True,[],[],Strict
txn_005099,cust_000236,390.46,upi,805,2,2,1.0,2,False,expired_card,0.77,1,payment_link,payment_link,True,[],[],Strict
txn_007637,cust_001622,949.5,upi,637,16,12,0.75,4,False,network_error,0.26,1,retry,payment_link,True,[],"[{'action': 'retry', 'reasons': ['strict_retry_limit_exceeded']}]",Strict
txn_009086,cust_000237,1439.74,wallet,609,5,4,0.8,1,False,authentication_failed,0.61,1,reminder,reminder,True,[],[],Strict
txn_008024,cust_000556,787.65,wallet,1099,5,5,1.0,2,False,gateway_error,0.47000000000000003,1,retry,payment_link,True,[],"[{'action': 'retry', 'reasons': ['strict_retry_limit_exceeded']}]",Strict
txn_002393,cust_002278,600.96,card,853,12,8,0.6667,1,False,bank_decline,0.5133399999999999,1,retry,payment_link,True,[],"[{'action': 'retry', 'reasons': ['failure_reason_not_safe_for_retry']}]",Strict
txn_000587,cust_003123,1565.49,card,237,13,9,0.6923,3,False,gateway_error,0.32846,1,retry,payment_link,True,[],"[{'action': 'retry', 'reasons': ['strict_retry_limit_exceeded']}]",Strict
txn_003520,cust_002430,1007.46,wallet,277,5,4,0.8,3,False,network_error,0.35,1,retry,payment_link,True,[],"[{'action': 'retry', 'reasons': ['strict_retry_limit_exceeded']}, {'action': 'reminder', 'reasons': ['reminder_not_allowed_for_temporary_failure']}]",Strict
txn_007654,cust_000818,3789.1,wallet,522,7,5,0.7143,2,False,network_error,0.41286,1,retry,payment_link,True,[],"[{'action': 'retry', 'reasons': ['strict_retry_limit_exceeded']}]",Strict
txn_008947,cust_001442,3700.59,card,993,12,10,0.8333,1,False,insufficient_balance,0.64666,1,reminder,reminder,True,[],[],Strict
txn_000851,cust_000954,402.83,netbanking,264,14,12,0.8571,1,False,network_error,0.82142,1,retry,retry,True,[],[],Strict
txn_000336,cust_002794,7117.25,upi,12,23,13,0.5652,3,False,bank_decline,0.33304,0,retry,payment_link,True,[],"[{'action': 'retry', 'reasons': ['strict_retry_limit_exceeded', 'failure_reason_not_safe_for_retry']}]",Strict
txn_006635,cust_002312,1235.47,card,1339,20,16,0.8,2,False,bank_decline,0.46,0,retry,payment_link,True,[],"[{'action': 'retry', 'reasons': ['strict_retry_limit_exceeded', 'failure_reason_not_safe_for_retry']}]",Strict
txn_008973,cust_003321,699.18,wallet,701,21,14,0.6667,3,False,authentication_failed,0.42333999999999994,1,payment_link,reminder,True,[],"[{'action': 'payment_link', 'reasons': ['payment_link_restricted']}]",Strict
txn_007494,cust_002876,1397.22,netbanking,16,4,3,0.75,2,False,insufficient_balance,0.55,0,reminder,reminder,True,[],[],Strict
txn_002869,cust_000962,597.62,wallet,1181,16,8,0.5,3,False,gateway_error,0.29000000000000004,0,retry,payment_link,True,[],"[{'action': 'retry', 'reasons': ['strict_retry_limit_exceeded']}]",Strict
txn_004873,cust_002933,1513.0,netbanking,212,26,21,0.8077,3,False,bank_decline,0.35153999999999996,1,retry,reminder,True,[],"[{'action': 'retry', 'reasons': ['strict_retry_limit_exceeded', 'failure_reason_not_safe_for_retry']}]",Strict
txn_003551,cust_002761,438.89,card,971,4,2,0.5,2,False,network_error,0.37,1,retry,payment_link,True,[],"[{'action': 'retry', 'reasons': ['strict_retry_limit_exceeded']}]",Strict
txn_003843,cust_001243,2700.53,card,398,18,15,0.8333,3,False,bank_decline,0.38666,0,retry,payment_link,True,[],"[{'action': 'retry', 'reasons': ['strict_retry_limit_exceeded', 'failure_reason_not_safe_for_retry']}]",Strict
txn_007263,cust_001200,493.87,card,961,25,19,0.76,1,False,insufficient_balance,0.632,1,payment_link,reminder,True,[],"[{'action': 'payment_link', 'reasons': ['payment_link_restricted']}]",Strict
txn_005825,cust_002533,368.69,netbanking,24,19,11,0.5789,1,False,bank_decline,0.49578,0,retry,payment_link,True,[],"[{'action': 'retry', 'reasons': ['failure_reason_not_safe_for_retry']}]",Strict
txn_000024,cust_001847,2572.89,card,15,26,22,0.8462,2,False,bank_decline,0.46923999999999993,0,retry,payment_link,True,[],"[{'action': 'retry', 'reasons': ['strict_retry_limit_exceeded', 'failure_reason_not_safe_for_retry']}]",Strict
txn_001454,cust_000688,2188.2,upi,549,25,19,0.76,3,False,authentication_failed,0.44199999999999995,1,reminder,reminder,True,[],[],Strict
txn_001685,cust_002063,1116.94,card,790,25,18,0.72,3,False,insufficient_balance,0.46399999999999986,1,reminder,reminder,True,[],[],Strict
txn_002311,cust_002378,864.24,upi,1084,9,6,0.6667,4,False,gateway_error,0.24333999999999995,0,retry,payment_link,True,[],"[{'action': 'retry', 'reasons': ['strict_retry_limit_exceeded']}]",Strict
txn_009064,cust_000784,1013.8,netbanking,1289,6,5,0.8333,2,False,network_error,0.43666,0,retry,payment_link,True,[],"[{'action': 'retry', 'reasons': ['strict_retry_limit_exceeded']}]",Strict
txn_009407,cust_003183,1088.27,upi,1034,14,10,0.7143,1,False,insufficient_balance,0.62286,1,payment_link,reminder,True,[],"[{'action': 'payment_link', 'reasons': ['payment_link_restricted']}]",Strict
txn_000382,cust_001684,2716.31,card,241,11,6,0.5455,2,False,bank_decline,0.3791,0,retry,reminder,True,[],"[{'action': 'retry', 'reasons': ['strict_retry_limit_exceeded', 'failure_reason_not_safe_for_retry']}]",Strict
txn_005815,cust_001152,917.09,upi,693,17,12,0.7059,4,False,bank_decline,0.28118,0,retry,payment_link,True,[],"[{'action': 'retry', 'reasons': ['strict_retry_limit_exceeded', 'failure_reason_not_safe_for_retry']}]",Strict
txn_005551,cust_000314,857.16,netbanking,1294,14,8,0.5714,3,False,insufficient_balance,0.4342799999999999,0,payment_link,reminder,True,[],"[{'action': 'payment_link', 'reasons': ['payment_link_restricted']}]",Strict
txn_009309,cust_002108,550.99,netbanking,294,20,8,0.4,4,False,expired_card,0.49,0,payment_link,payment_link,True,[],[],Strict
txn_001619,cust_000776,366.06,upi,1425,19,12,0.6316,2,False,gateway_error,0.39632,1,retry,payment_link,True,[],"[{'action': 'retry', 'reasons': ['strict_retry_limit_exceeded']}]",Strict
txn_000790,cust_001842,892.15,netbanking,160,12,9,0.75,4,False,bank_decline,0.29000000000000004,1,retry,payment_link,True,[],"[{'action': 'retry', 'reasons': ['strict_retry_limit_exceeded', 'failure_reason_not_safe_for_retry']}]",Strict
txn_005984,cust_003191,2083.0,card,248,19,12,0.6316,3,False,bank_decline,0.34631999999999996,0,retry,payment_link,True,[],"[{'action': 'retry', 'reasons': ['strict_retry_limit_exceeded', 'failure_reason_not_safe_for_retry']}]",Strict
txn_008673,cust_002703,1352.22,wallet,270,14,10,0.7143,2,False,gateway_error,0.41286,1,retry,payment_link,True,[],"[{'action': 'retry', 'reasons': ['strict_retry_limit_exceeded']}]",Strict
txn_004476,cust_002708,707.27,netbanking,512,3,2,0.6667,1,False,network_error,0.7833399999999999,1,retry,retry,True,[],[],Strict
txn_005607,cust_002441,2334.17,netbanking,341,13,8,0.6154,1,False,gateway_error,0.72308,0,retry,retry,True,[],[],Strict
txn_009313,cust_000587,1111.31,upi,1183,12,9,0.75,2,False,expired_card,0.7200000000000001,1,payment_link,payment_link,True,[],[],Strict
txn_005649,cust_000010,3717.32,netbanking,1481,14,12,0.8571,3,False,gateway_error,0.36141999999999996,0,retry,payment_link,True,[],"[{'action': 'retry', 'reasons': ['strict_retry_limit_exceeded']}]",Strict
txn_006217,cust_002271,148.15,upi,145,19,16,0.8421,4,False,insufficient_balance,0.40842,1,reminder,reminder,True,[],[],Strict
txn_002287,cust_002990,4336.02,upi,1148,24,21,0.875,4,False,network_error,0.28500000000000003,0,retry,payment_link,True,[],"[{'action': 'retry', 'reasons': ['strict_retry_limit_exceeded']}]",Strict
txn_009994,cust_000384,1371.45,upi,336,24,19,0.7917,1,False,expired_card,0.80834,1,payment_link,payment_link,True,[],[],Strict
txn_007579,cust_001826,1410.03,upi,809,26,19,0.7308,2,False,insufficient_balance,0.5461600000000001,0,reminder,reminder,True,[],[],Strict
txn_001184,cust_001506,399.71,wallet,573,29,21,0.7241,3,False,gateway_error,0.33482,0,retry,payment_link,True,[],"[{'action': 'retry', 'reasons': ['strict_retry_limit_exceeded']}, {'action': 'reminder', 'reasons': ['reminder_not_allowed_for_temporary_failure']}]",Strict
txn_006002,cust_001613,1777.93,netbanking,840,4,3,0.75,1,False,network_error,0.8,1,retry,retry,True,[],[],Strict
txn_005091,cust_000933,238.83,upi,1487,28,22,0.7857,1,False,authentication_failed,0.60714,0,payment_link,reminder,True,[],"[{'action': 'payment_link', 'reasons': ['payment_link_restricted']}]",Strict
txn_002517,cust_001446,780.23,card,301,28,23,0.8214,3,False,network_error,0.35428000000000004,0,retry,payment_link,True,[],"[{'action': 'retry', 'reasons': ['strict_retry_limit_exceeded']}]",Strict
txn_004123,cust_000971,1069.67,upi,1332,21,12,0.5714,4,False,bank_decline,0.25428,0,retry,payment_link,True,[],"[{'action': 'retry', 'reasons': ['strict_retry_limit_exceeded', 'failure_reason_not_safe_for_retry']}]",Strict
txn_005522,cust_002511,1053.92,upi,684,18,15,0.8333,1,False,gateway_error,0.76666,1,retry,retry,True,[],[],Strict
txn_005628,cust_000784,1468.71,netbanking,47,27,15,0.5556,4,False,authentication_failed,0.32111999999999996,0,payment_link,reminder,True,[],"[{'action': 'payment_link', 'reasons': ['payment_link_restricted']}]",Strict
txn_008361,cust_000803,392.77,wallet,844,13,11,0.8462,4,False,insufficient_balance,0.40924000000000005,0,reminder,reminder,True,[],[],Strict
txn_005873,cust_000695,451.87,wallet,1080,2,2,1.0,1,False,insufficient_balance,0.6799999999999999,1,reminder,reminder,True,[],[],Strict
txn_008613,cust_000603,620.73,card,1119,19,12,0.6316,3,False,bank_decline,0.34631999999999996,1,retry,payment_link,True,[],"[{'action': 'retry', 'reasons': ['strict_retry_limit_exceeded', 'failure_reason_not_safe_for_retry']}]",Strict
txn_007728,cust_000694,3034.71,wallet,765,7,4,0.5714,2,False,insufficient_balance,0.51428,0,reminder,reminder,True,[],[],Strict
txn_005969,cust_000235,1962.27,wallet,271,0,0,0.0,2,True,bank_decline,0.21999999999999997,0,reminder,reminder,True,[],[],Strict
txn_001181,cust_002020,661.22,wallet,634,5,3,0.6,4,False,gateway_error,0.22999999999999998,0,retry,payment_link,True,[],"[{'action': 'retry', 'reasons': ['strict_retry_limit_exceeded']}]",Strict
txn_008763,cust_002058,4897.95,wallet,1496,22,13,0.5909,4,False,bank_decline,0.25818,1,retry,payment_link,True,[],"[{'action': 'retry', 'reasons': ['strict_retry_limit_exceeded', 'failure_reason_not_safe_for_retry']}]",Strict
txn_008236,cust_000073,1097.91,wallet,397,6,4,0.6667,2,False,authentication_failed,0.50334,0,payment_link,reminder,True,[],"[{'action': 'payment_link', 'reasons': ['payment_link_restricted']}]",Strict
txn_002819,cust_003320,471.88,netbanking,570,24,18,0.75,4,False,network_error,0.26,0,retry,payment_link,True,[],"[{'action': 'retry', 'reasons': ['strict_retry_limit_exceeded']}]",Strict
txn_009965,cust_002266,279.6,upi,877,14,9,0.6429,3,False,authentication_failed,0.41857999999999995,0,payment_link,reminder,True,[],"[{'action': 'payment_link', 'reasons': ['payment_link_restricted']}]",Strict
txn_008704,cust_000123,4266.47,wallet,310,22,14,0.6364,4,False,expired_card,0.53728,1,payment_link,payment_link,True,[],[],Strict
txn_006609,cust_003110,365.78,card,685,8,6,0.75,4,False,expired_card,0.56,0,payment_link,payment_link,True,[],[],Strict
txn_002821,cust_002142,787.14,upi,402,17,11,0.6471,2,False,bank_decline,0.42941999999999997,1,retry,payment_link,True,[],"[{'action': 'retry', 'reasons': ['strict_retry_limit_exceeded', 'failure_reason_not_safe_for_retry']}]",Strict
txn_007536,cust_002575,241.57,netbanking,1403,25,21,0.84,2,False,bank_decline,0.4679999999999999,1,retry,payment_link,True,[],"[{'action': 'retry', 'reasons': ['strict_retry_limit_exceeded', 'failure_reason_not_safe_for_retry']}]",Strict
txn_002261,cust_002724,261.33,wallet,123,1,0,0.0,1,False,insufficient_balance,0.48,0,reminder,reminder,True,[],[],Strict
txn_002240,cust_001048,764.89,netbanking,956,2,1,0.5,4,False,insufficient_balance,0.3400000000000001,0,reminder,reminder,True,[],[],Strict
txn_006022,cust_003117,1354.54,netbanking,27,24,18,0.75,1,False,expired_card,0.8,1,payment_link,payment_link,True,[],[],Strict
txn_000783,cust_001381,2693.19,upi,732,14,11,0.7857,1,False,authentication_failed,0.60714,1,payment_link,reminder,True,[],"[{'action': 'payment_link', 'reasons': ['payment_link_restricted']}]",Strict
txn_000933,cust_003121,548.78,card,818,1,1,1.0,4,False,bank_decline,0.33999999999999997,0,retry,payment_link,True,[],"[{'action': 'retry', 'reasons': ['strict_retry_limit_exceeded', 'failure_reason_not_safe_for_retry']}]",Strict
txn_006203,cust_001336,3236.97,netbanking,1031,25,12,0.48,2,False,bank_decline,0.396,0,retry,payment_link,True,[],"[{'action': 'retry', 'reasons': ['strict_retry_limit_exceeded', 'failure_reason_not_safe_for_retry']}]",Strict
txn_002413,cust_002734,1532.64,upi,907,16,12,0.75,1,False,expired_card,0.8,1,payment_link,payment_link,True,[],[],Strict
txn_006998,cust_003303,596.05,netbanking,206,16,13,0.8125,3,False,bank_decline,0.35250000000000004,0,retry,reminder,True,[],"[{'action': 'retry', 'reasons': ['strict_retry_limit_exceeded', 'failure_reason_not_safe_for_retry']}]",Strict
txn_009116,cust_002953,1893.75,netbanking,917,16,10,0.625,2,False,expired_card,0.695,0,payment_link,payment_link,True,[],[],Strict
txn_001157,cust_000103,518.22,wallet,799,19,11,0.5789,3,False,gateway_error,0.30577999999999994,0,retry,payment_link,True,[],"[{'action': 'retry', 'reasons': ['strict_retry_limit_exceeded']}]",Strict
txn_008108,cust_000651,306.95,upi,680,20,14,0.7,1,False,network_error,0.7899999999999999,1,retry,retry,True,[],[],Strict
txn_005806,cust_000731,409.18,card,1111,24,15,0.625,4,False,authentication_failed,0.33499999999999996,0,payment_link,reminder,True,[],"[{'action': 'payment_link', 'reasons': ['payment_link_restricted']}]",Strict
txn_004880,cust_002436,330.0,wallet,66,1,0,0.0,2,False,bank_decline,0.26999999999999996,1,reminder,reminder,True,[],[],Strict
txn_003310,cust_000259,2062.34,netbanking,277,20,17,0.85,4,False,expired_card,0.58,0,payment_link,payment_link,True,[],[],Strict
txn_008962,cust_001028,734.1,wallet,79,4,3,0.75,1,False,network_error,0.8,0,retry,retry,True,[],[],Strict
txn_001703,cust_000123,930.0,upi,684,4,2,0.5,3,False,gateway_error,0.29000000000000004,0,retry,payment_link,True,[],"[{'action': 'retry', 'reasons': ['strict_retry_limit_exceeded']}]",Strict
txn_002493,cust_002593,550.47,upi,909,22,18,0.8182,4,False,gateway_error,0.27364,1,retry,payment_link,True,[],"[{'action': 'retry', 'reasons': ['strict_retry_limit_exceeded']}, {'action': 'reminder', 'reasons': ['reminder_not_allowed_for_temporary_failure']}]",Strict
txn_003707,cust_000478,377.82,card,542,26,20,0.7692,2,False,authentication_failed,0.5238400000000001,1,payment_link,reminder,True,[],"[{'action': 'payment_link', 'reasons': ['payment_link_restricted']}]",Strict
txn_008277,cust_001188,1941.38,card,11,9,6,0.6667,2,False,expired_card,0.70334,0,payment_link,payment_link,True,[],[],Strict
txn_000287,cust_002406,1256.57,netbanking,874,22,11,0.5,4,False,network_error,0.21000000000000002,1,retry,payment_link,True,[],"[{'action': 'retry', 'reasons': ['strict_retry_limit_exceeded']}]",Strict
txn_001609,cust_000621,742.5,upi,639,27,26,0.963,3,False,authentication_failed,0.4825999999999999,0,payment_link,reminder,True,[],"[{'action': 'payment_link', 'reasons': ['payment_link_restricted']}]",Strict
txn_006632,cust_001719,955.79,netbanking,774,29,16,0.5517,4,False,gateway_error,0.22033999999999998,0,retry,payment_link,True,[],"[{'action': 'retry', 'reasons': ['strict_retry_limit_exceeded']}]",Strict
txn_008279,cust_000785,877.66,netbanking,1332,19,15,0.7895,3,False,gateway_error,0.3479,0,retry,payment_link,True,[],"[{'action': 'retry', 'reasons': ['strict_retry_limit_exceeded']}, {'action': 'reminder', 'reasons': ['reminder_not_allowed_for_temporary_failure']}]",Strict
txn_007316,cust_000899,1060.71,card,765,6,5,0.8333,1,False,gateway_error,0.76666,0,retry,retry,True,[],[],Strict
txn_002253,cust_000880,3528.58,upi,839,5,3,0.6,4,False,gateway_error,0.22999999999999998,0,retry,payment_link,True,[],"[{'action': 'retry', 'reasons': ['strict_retry_limit_exceeded']}]",Strict
txn_007416,cust_001672,1470.43,upi,637,16,12,0.75,2,False,expired_card,0.7200000000000001,1,payment_link,payment_link,True,[],[],Strict
txn_008366,cust_002354,1200.03,netbanking,1149,5,4,0.8,3,False,authentication_failed,0.44999999999999996,0,payment_link,reminder,True,[],"[{'action': 'payment_link', 'reasons': ['payment_link_restricted']}]",Strict
txn_001892,cust_001530,977.08,upi,1028,12,9,0.75,3,False,bank_decline,0.33999999999999997,0,retry,reminder,True,[],"[{'action': 'retry', 'reasons': ['strict_retry_limit_exceeded', 'failure_reason_not_safe_for_retry']}]",Strict
txn_005063,cust_002497,3055.18,upi,375,27,20,0.7407,1,False,insufficient_balance,0.6281399999999999,1,reminder,reminder,True,[],[],Strict
txn_006121,cust_001530,2742.82,upi,1189,28,20,0.7143,2,False,expired_card,0.71286,1,payment_link,payment_link,True,[],[],Strict
txn_000564,cust_002932,2054.86,upi,753,4,3,0.75,3,False,bank_decline,0.33999999999999997,0,retry,reminder,True,[],"[{'action': 'retry', 'reasons': ['strict_retry_limit_exceeded', 'failure_reason_not_safe_for_retry']}]",Strict
txn_000292,cust_001055,448.25,wallet,266,0,0,0.0,4,True,bank_decline,0.059999999999999984,0,reminder,reminder,True,[],[],Strict
txn_004717,cust_002289,907.33,netbanking,401,23,18,0.7826,1,False,authentication_failed,0.60652,1,reminder,reminder,True,[],[],Strict
txn_007709,cust_002211,2465.74,netbanking,1075,5,4,0.8,2,False,expired_card,0.7300000000000001,1,payment_link,payment_link,True,[],[],Strict
txn_006350,cust_001849,681.53,netbanking,321,7,4,0.5714,4,False,expired_card,0.52428,1,payment_link,payment_link,True,[],[],Strict
txn_000170,cust_000462,465.18,card,682,23,15,0.6522,1,False,expired_card,0.78044,1,payment_link,payment_link,True,[],[],Strict
txn_000268,cust_002598,1264.89,netbanking,447,6,5,0.8333,2,False,bank_decline,0.46666,1,retry,payment_link,True,[],"[{'action': 'retry', 'reasons': ['strict_retry_limit_exceeded', 'failure_reason_not_safe_for_retry']}]",Strict
txn_004639,cust_000552,1343.32,card,153,6,3,0.5,2,False,bank_decline,0.37,0,retry,reminder,True,[],"[{'action': 'retry', 'reasons': ['strict_retry_limit_exceeded', 'failure_reason_not_safe_for_retry']}]",Strict
txn_007078,cust_001991,1436.32,upi,371,10,5,0.5,4,False,gateway_error,0.21000000000000002,0,retry,payment_link,True,[],"[{'action': 'retry', 'reasons': ['strict_retry_limit_exceeded']}]",Strict
txn_003356,cust_002702,907.55,wallet,1239,14,11,0.7857,3,False,insufficient_balance,0.47714,0,reminder,reminder,True,[],[],Strict
txn_008280,cust_001191,2137.31,wallet,530,21,16,0.7619,1,False,bank_decline,0.53238,1,retry,payment_link,True,[],"[{'action': 'retry', 'reasons': ['failure_reason_not_safe_for_retry']}]",Strict
txn_000316,cust_001121,643.74,card,1439,16,14,0.875,4,False,gateway_error,0.28500000000000003,1,retry,payment_link,True,[],"[{'action': 'retry', 'reasons': ['strict_retry_limit_exceeded']}]",Strict
txn_006729,cust_003014,1137.47,upi,854,8,7,0.875,4,False,bank_decline,0.31499999999999995,0,retry,payment_link,True,[],"[{'action': 'retry', 'reasons': ['strict_retry_limit_exceeded', 'failure_reason_not_safe_for_retry']}]",Strict
txn_009496,cust_000699,714.18,upi,1437,19,15,0.7895,4,False,authentication_failed,0.3679,0,payment_link,reminder,True,[],"[{'action': 'payment_link', 'reasons': ['payment_link_restricted']}]",Strict
txn_004068,cust_001936,563.73,upi,1003,9,7,0.7778,1,False,insufficient_balance,0.63556,1,reminder,reminder,True,[],[],Strict
txn_000246,cust_000585,364.77,upi,5,20,17,0.85,3,False,expired_card,0.6599999999999999,1,payment_link,payment_link,True,[],[],Strict
txn_000253,cust_001345,466.81,card,1132,29,22,0.7586,1,False,bank_decline,0.53172,1,retry,payment_link,True,[],"[{'action': 'retry', 'reasons': ['failure_reason_not_safe_for_retry']}]",Strict
txn_001112,cust_002303,415.54,netbanking,813,24,21,0.875,4,False,authentication_failed,0.385,0,payment_link,reminder,True,[],"[{'action': 'payment_link', 'reasons': ['payment_link_restricted']}]",Strict
txn_004802,cust_001895,2104.5,upi,270,29,24,0.8276,3,False,bank_decline,0.38552,0,retry,payment_link,True,[],"[{'action': 'retry', 'reasons': ['strict_retry_limit_exceeded', 'failure_reason_not_safe_for_retry']}]",Strict
txn_001714,cust_001734,2522.81,upi,93,10,8,0.8,3,False,bank_decline,0.38,1,retry,payment_link,True,[],"[{'action': 'retry', 'reasons': ['strict_retry_limit_exceeded', 'failure_reason_not_safe_for_retry']}]",Strict
txn_000051,cust_000118,1558.06,card,1206,16,11,0.6875,3,False,insufficient_balance,0.4574999999999999,1,reminder,reminder,True,[],[],Strict
txn_001836,cust_000338,1170.39,upi,1341,11,6,0.5455,3,False,insufficient_balance,0.4290999999999999,0,reminder,reminder,True,[],[],Strict
txn_007897,cust_002138,293.33,upi,787,17,13,0.7647,2,False,insufficient_balance,0.5529400000000001,0,reminder,reminder,True,[],[],Strict
txn_003384,cust_001852,1827.72,wallet,1389,4,4,1.0,3,False,authentication_failed,0.49,0,reminder,reminder,True,[],[],Strict
txn_006411,cust_001321,6721.84,wallet,1172,0,0,0.0,2,True,authentication_failed,0.31999999999999995,0,payment_link,reminder,True,[],"[{'action': 'payment_link', 'reasons': ['payment_link_restricted']}]",Strict
txn_004314,cust_003002,207.87,card,718,7,6,0.8571,2,False,insufficient_balance,0.57142,1,reminder,reminder,True,[],[],Strict
txn_000873,cust_000151,964.59,wallet,1120,22,20,0.9091,2,False,network_error,0.45182000000000005,1,retry,payment_link,True,[],"[{'action': 'retry', 'reasons': ['strict_retry_limit_exceeded']}, {'action': 'reminder', 'reasons': ['reminder_not_allowed_for_temporary_failure']}]",Strict
txn_001255,cust_003076,1771.07,upi,389,10,8,0.8,2,False,authentication_failed,0.53,1,payment_link,reminder,True,[],"[{'action': 'payment_link', 'reasons': ['payment_link_restricted']}]",Strict
txn_008882,cust_002209,674.91,upi,254,6,5,0.8333,3,False,authentication_failed,0.45665999999999995,0,payment_link,reminder,True,[],"[{'action': 'payment_link', 'reasons': ['payment_link_restricted']}]",Strict
txn_005852,cust_001228,325.5,netbanking,1100,25,19,0.76,2,False,network_error,0.422,0,retry,payment_link,True,[],"[{'action': 'retry', 'reasons': ['strict_retry_limit_exceeded']}]",Strict
txn_005703,cust_002094,697.92,upi,1052,18,11,0.6111,3,False,expired_card,0.6122199999999999,0,payment_link,payment_link,True,[],[],Strict
txn_008104,cust_000926,100.0,upi,731,21,17,0.8095,4,False,network_error,0.27190000000000003,0,retry,payment_link,True,[],"[{'action': 'retry', 'reasons': ['strict_retry_limit_exceeded']}, {'action': 'reminder', 'reasons': ['reminder_not_allowed_for_temporary_failure']}]",Strict
txn_002099,cust_002000,2578.48,card,80,29,24,0.8276,2,False,bank_decline,0.46552,0,retry,payment_link,True,[],"[{'action': 'retry', 'reasons': ['strict_retry_limit_exceeded', 'failure_reason_not_safe_for_retry']}]",Strict
txn_005129,cust_000243,3386.84,wallet,1142,21,13,0.619,3,False,bank_decline,0.3438,0,retry,payment_link,True,[],"[{'action': 'retry', 'reasons': ['strict_retry_limit_exceeded', 'failure_reason_not_safe_for_retry']}]",Strict
txn_000249,cust_002943,1085.34,netbanking,1252,25,24,0.96,1,False,network_error,0.842,1,retry,retry,True,[],[],Strict
txn_006562,cust_002734,1522.43,card,405,11,6,0.5455,3,False,network_error,0.29910000000000003,1,retry,payment_link,True,[],"[{'action': 'retry', 'reasons': ['strict_retry_limit_exceeded']}]",Strict
txn_001340,cust_000118,3046.68,netbanking,288,0,0,0.0,3,True,expired_card,0.4399999999999999,1,payment_link,payment_link,True,[],[],Strict
txn_007018,cust_000130,2658.97,upi,12,9,6,0.6667,4,False,gateway_error,0.24333999999999995,0,retry,payment_link,True,[],"[{'action': 'retry', 'reasons': ['strict_retry_limit_exceeded']}]",Strict
txn_002111,cust_000524,508.28,wallet,97,3,3,1.0,1,False,bank_decline,0.58,1,retry,payment_link,True,[],"[{'action': 'retry', 'reasons': ['failure_reason_not_safe_for_retry']}]",Strict
txn_001570,cust_002910,484.06,card,712,8,6,0.75,3,False,authentication_failed,0.43999999999999995,0,payment_link,reminder,True,[],"[{'action': 'payment_link', 'reasons': ['payment_link_restricted']}]",Strict
txn_001727,cust_000848,1973.32,wallet,991,9,6,0.6667,3,False,authentication_failed,0.42333999999999994,0,reminder,reminder,True,[],[],Strict
txn_008385,cust_000290,392.32,card,365,5,4,0.8,1,False,network_error,0.81,1,retry,retry,True,[],[],Strict
txn_006941,cust_001864,2404.95,netbanking,330,4,3,0.75,2,False,bank_decline,0.42,1,retry,reminder,True,[],"[{'action': 'retry', 'reasons': ['strict_retry_limit_exceeded', 'failure_reason_not_safe_for_retry']}]",Strict
txn_004396,cust_002648,928.36,wallet,625,10,9,0.9,2,False,bank_decline,0.4799999999999999,1,retry,payment_link,True,[],"[{'action': 'retry', 'reasons': ['strict_retry_limit_exceeded', 'failure_reason_not_safe_for_retry']}]",Strict
txn_002421,cust_003261,196.23,upi,1365,9,7,0.7778,4,False,gateway_error,0.26556,1,retry,payment_link,True,[],"[{'action': 'retry', 'reasons': ['strict_retry_limit_exceeded']}, {'action': 'reminder', 'reasons': ['reminder_not_allowed_for_temporary_failure']}]",Strict
txn_003046,cust_002463,1838.85,upi,1320,22,20,0.9091,4,False,bank_decline,0.32182,0,retry,payment_link,True,[],"[{'action': 'retry', 'reasons': ['strict_retry_limit_exceeded', 'failure_reason_not_safe_for_retry']}]",Strict
txn_005504,cust_001260,613.4,upi,53,19,13,0.6842,2,False,bank_decline,0.43683999999999995,0,retry,payment_link,True,[],"[{'action': 'retry', 'reasons': ['strict_retry_limit_exceeded', 'failure_reason_not_safe_for_retry']}]",Strict
txn_003704,cust_002782,1794.25,card,1373,9,8,0.8889,2,False,insufficient_balance,0.5777800000000001,0,reminder,reminder,True,[],[],Strict
txn_008192,cust_001889,1554.85,wallet,411,18,13,0.7222,4,False,insufficient_balance,0.3844399999999999,1,reminder,reminder,True,[],[],Strict
txn_005332,cust_000961,28863.65,upi,550,21,19,0.9048,4,False,expired_card,0.5909599999999999,1,payment_link,payment_link,True,[],[],Strict
txn_009809,cust_002340,2860.18,upi,796,0,0,0.0,1,True,expired_card,0.5999999999999999,1,payment_link,payment_link,True,[],[],Strict
txn_000448,cust_003076,958.82,upi,449,29,25,0.8621,2,False,network_error,0.44242,0,retry,payment_link,True,[],"[{'action': 'retry', 'reasons': ['strict_retry_limit_exceeded']}, {'action': 'reminder', 'reasons': ['reminder_not_allowed_for_temporary_failure']}]",Strict
txn_007895,cust_002336,374.01,card,1047,19,15,0.7895,4,False,bank_decline,0.29789999999999994,0,retry,payment_link,True,[],"[{'action': 'retry', 'reasons': ['strict_retry_limit_exceeded', 'failure_reason_not_safe_for_retry']}]",Strict
txn_008729,cust_001210,2492.26,card,931,28,21,0.75,3,False,insufficient_balance,0.47,1,reminder,reminder,True,[],[],Strict
txn_007829,cust_002163,1063.73,card,853,20,15,0.75,2,False,bank_decline,0.45,0,retry,payment_link,True,[],"[{'action': 'retry', 'reasons': ['strict_retry_limit_exceeded', 'failure_reason_not_safe_for_retry']}]",Strict
txn_001769,cust_000643,1185.23,netbanking,435,20,14,0.7,4,False,network_error,0.24999999999999994,1,retry,payment_link,True,[],"[{'action': 'retry', 'reasons': ['strict_retry_limit_exceeded']}]",Strict
txn_006809,cust_001378,886.73,wallet,868,12,11,0.9167,1,False,insufficient_balance,0.66334,0,reminder,reminder,True,[],[],Strict
txn_004705,cust_002991,760.47,upi,545,2,2,1.0,3,False,authentication_failed,0.49,1,reminder,reminder,True,[],[],Strict
txn_003870,cust_001993,2375.67,netbanking,1239,0,0,0.0,2,True,expired_card,0.5199999999999999,1,payment_link,payment_link,True,[],[],Strict
txn_001656,cust_001205,4371.11,netbanking,804,7,5,0.7143,2,False,insufficient_balance,0.54286,0,reminder,reminder,True,[],[],Strict
txn_003188,cust_001269,8721.6,wallet,1377,28,22,0.7857,2,False,authentication_failed,0.52714,1,payment_link,reminder,True,[],"[{'action': 'payment_link', 'reasons': ['payment_link_restricted']}]",Strict
txn_000684,cust_000788,4767.21,upi,9,17,11,0.6471,2,False,insufficient_balance,0.5294200000000001,1,payment_link,reminder,True,[],"[{'action': 'payment_link', 'reasons': ['payment_link_restricted']}, {'action': 'retry', 'reasons': ['strict_retry_limit_exceeded']}]",Strict
txn_004171,cust_001295,805.1,upi,924,24,18,0.75,4,False,network_error,0.26,0,retry,payment_link,True,[],"[{'action': 'retry', 'reasons': ['strict_retry_limit_exceeded']}]",Strict
txn_004478,cust_002967,10653.92,netbanking,456,2,2,1.0,4,False,insufficient_balance,0.43999999999999995,1,reminder,reminder,True,[],[],Strict
txn_000462,cust_000327,854.65,upi,200,6,2,0.3333,4,False,gateway_error,0.17665999999999998,0,retry,payment_link,True,[],"[{'action': 'retry', 'reasons': ['strict_retry_limit_exceeded']}]",Strict
txn_005765,cust_000450,9416.32,netbanking,1312,3,3,1.0,4,False,insufficient_balance,0.43999999999999995,0,reminder,reminder,True,[],[],Strict
txn_007523,cust_002231,4527.87,netbanking,764,21,17,0.8095,1,False,expired_card,0.8119,0,payment_link,payment_link,True,[],[],Strict
txn_004503,cust_000224,687.52,wallet,10,13,9,0.6923,2,False,insufficient_balance,0.53846,1,payment_link,reminder,True,[],"[{'action': 'payment_link', 'reasons': ['payment_link_restricted']}]",Strict
txn_009710,cust_001372,1725.39,netbanking,1152,12,8,0.6667,4,False,authentication_failed,0.34334,0,reminder,reminder,True,[],[],Strict
txn_000319,cust_001379,582.9,wallet,388,26,17,0.6538,3,False,network_error,0.32076000000000005,1,retry,payment_link,True,[],"[{'action': 'retry', 'reasons': ['strict_retry_limit_exceeded']}]",Strict
txn_001146,cust_001448,1011.34,netbanking,1319,0,0,0.0,2,True,bank_decline,0.21999999999999997,0,reminder,reminder,True,[],[],Strict
txn_005095,cust_001490,3414.71,upi,539,10,7,0.7,4,False,gateway_error,0.24999999999999994,1,retry,payment_link,True,[],"[{'action': 'retry', 'reasons': ['strict_retry_limit_exceeded']}]",Strict
txn_001394,cust_001026,998.17,card,1061,10,7,0.7,1,False,bank_decline,0.5199999999999999,0,retry,payment_link,True,[],"[{'action': 'retry', 'reasons': ['failure_reason_not_safe_for_retry']}]",Strict
txn_006624,cust_000037,1500.17,card,773,8,3,0.375,4,False,bank_decline,0.21500000000000002,0,retry,payment_link,True,[],"[{'action': 'retry', 'reasons': ['strict_retry_limit_exceeded', 'failure_reason_not_safe_for_retry']}]",Strict
txn_001502,cust_001280,114.02,card,414,19,14,0.7368,2,False,network_error,0.41735999999999995,0,retry,payment_link,True,[],"[{'action': 'retry', 'reasons': ['strict_retry_limit_exceeded']}, {'action': 'reminder', 'reasons': ['reminder_not_allowed_for_temporary_failure']}]",Strict
txn_006409,cust_002607,299.41,netbanking,520,10,7,0.7,4,False,gateway_error,0.24999999999999994,0,retry,payment_link,True,[],"[{'action': 'retry', 'reasons': ['strict_retry_limit_exceeded']}]",Strict
txn_000377,cust_001151,539.17,wallet,857,1,1,1.0,1,False,authentication_failed,0.65,1,reminder,reminder,True,[],[],Strict
txn_000411,cust_001890,495.58,upi,1342,18,13,0.7222,1,False,network_error,0.7944399999999999,1,retry,retry,True,[],[],Strict
txn_001661,cust_001488,1391.91,netbanking,374,15,10,0.6667,2,False,expired_card,0.70334,1,payment_link,payment_link,True,[],[],Strict
txn_003152,cust_001259,1061.59,upi,1351,25,17,0.68,1,False,bank_decline,0.516,1,retry,payment_link,True,[],"[{'action': 'retry', 'reasons': ['failure_reason_not_safe_for_retry']}]",Strict
txn_001624,cust_002175,834.16,upi,490,13,7,0.5385,4,False,bank_decline,0.2177,1,retry,reminder,True,[],"[{'action': 'retry', 'reasons': ['strict_retry_limit_exceeded', 'failure_reason_not_safe_for_retry']}]",Strict
txn_005610,cust_002224,745.95,wallet,492,11,7,0.6364,3,False,gateway_error,0.31728,1,retry,payment_link,True,[],"[{'action': 'retry', 'reasons': ['strict_retry_limit_exceeded']}]",Strict
txn_008533,cust_000842,2620.81,wallet,1173,6,5,0.8333,4,False,expired_card,0.57666,0,payment_link,payment_link,True,[],[],Strict
txn_005803,cust_002500,884.9,wallet,575,27,18,0.6667,4,False,authentication_failed,0.34334,0,payment_link,reminder,True,[],"[{'action': 'payment_link', 'reasons': ['payment_link_restricted']}]",Strict
txn_005307,cust_000203,725.25,wallet,1067,18,16,0.8889,3,False,insufficient_balance,0.49778,0,reminder,reminder,True,[],[],Strict
txn_007087,cust_000166,1675.63,card,210,19,13,0.6842,1,False,gateway_error,0.7368399999999999,1,retry,retry,True,[],[],Strict
txn_008898,cust_002825,919.42,upi,181,27,22,0.8148,2,False,gateway_error,0.43295999999999996,0,retry,payment_link,True,[],"[{'action': 'retry', 'reasons': ['strict_retry_limit_exceeded']}]",Strict
txn_007489,cust_000594,184.93,card,717,6,5,0.8333,3,False,expired_card,0.6566599999999999,1,payment_link,payment_link,True,[],[],Strict
txn_009616,cust_002384,677.72,card,550,23,15,0.6522,4,False,bank_decline,0.27044,1,retry,payment_link,True,[],"[{'action': 'retry', 'reasons': ['strict_retry_limit_exceeded', 'failure_reason_not_safe_for_retry']}]",Strict
txn_009218,cust_001091,496.94,wallet,980,23,13,0.5652,2,False,network_error,0.38304,1,retry,payment_link,True,[],"[{'action': 'retry', 'reasons': ['strict_retry_limit_exceeded']}]",Strict
txn_001673,cust_001296,266.46,wallet,1208,0,0,0.0,1,True,gateway_error,0.5499999999999999,1,retry,retry,True,[],[],Strict
txn_002359,cust_002333,2831.73,netbanking,164,24,21,0.875,1,False,gateway_error,0.7749999999999999,0,retry,retry,True,[],[],Strict
txn_008468,cust_001285,651.92,wallet,644,1,0,0.0,3,False,bank_decline,0.18999999999999997,0,reminder,reminder,True,[],[],Strict
txn_000275,cust_003177,569.18,wallet,391,12,10,0.8333,1,False,gateway_error,0.76666,1,retry,retry,True,[],[],Strict
txn_002474,cust_001549,805.99,card,313,23,17,0.7391,4,False,insufficient_balance,0.38782000000000005,0,payment_link,reminder,True,[],"[{'action': 'payment_link', 'reasons': ['payment_link_restricted']}]",Strict
txn_005490,cust_003168,699.77,upi,333,1,1,1.0,3,False,expired_card,0.69,1,payment_link,payment_link,True,[],[],Strict
txn_004772,cust_001070,1152.25,netbanking,989,29,21,0.7241,1,False,insufficient_balance,0.49482,0,payment_link,retry,True,[],"[{'action': 'payment_link', 'reasons': ['payment_link_restricted']}]",Strict
txn_002108,cust_003107,422.04,netbanking,1406,18,13,0.7222,4,False,insufficient_balance,0.3844399999999999,1,reminder,reminder,True,[],[],Strict
txn_007501,cust_001728,699.38,netbanking,674,21,16,0.7619,1,False,network_error,0.80238,0,retry,retry,True,[],[],Strict
txn_004415,cust_000097,616.51,wallet,1415,26,22,0.8462,4,False,bank_decline,0.30923999999999996,0,retry,payment_link,True,[],"[{'action': 'retry', 'reasons': ['strict_retry_limit_exceeded', 'failure_reason_not_safe_for_retry']}]",Strict
txn_008139,cust_002432,1491.58,card,1456,26,22,0.8462,3,False,network_error,0.35924,0,retry,payment_link,True,[],"[{'action': 'retry', 'reasons': ['strict_retry_limit_exceeded']}]",Strict
txn_008661,cust_000019,1878.06,netbanking,25,27,16,0.5926,4,False,gateway_error,0.22852,0,retry,payment_link,True,[],"[{'action': 'retry', 'reasons': ['strict_retry_limit_exceeded']}]",Strict
txn_008240,cust_000714,1035.82,wallet,1137,27,24,0.8889,2,False,bank_decline,0.4777799999999999,1,retry,payment_link,True,[],"[{'action': 'retry', 'reasons': ['strict_retry_limit_exceeded', 'failure_reason_not_safe_for_retry']}]",Strict
txn_002418,cust_002673,952.54,netbanking,103,12,12,1.0,1,False,bank_decline,0.58,0,retry,payment_link,True,[],"[{'action': 'retry', 'reasons': ['failure_reason_not_safe_for_retry']}]",Strict
txn_008772,cust_003263,793.47,wallet,500,26,22,0.8462,1,False,expired_card,0.81924,1,payment_link,payment_link,True,[],[],Strict
txn_002237,cust_003036,113.88,netbanking,709,1,1,1.0,4,False,gateway_error,0.31000000000000005,1,retry,payment_link,True,[],"[{'action': 'retry', 'reasons': ['strict_retry_limit_exceeded']}]",Strict
txn_003768,cust_003156,6662.65,upi,1173,24,15,0.625,3,False,insufficient_balance,0.44499999999999995,1,reminder,reminder,True,[],[],Strict
txn_009792,cust_001069,696.25,wallet,809,23,17,0.7391,2,False,insufficient_balance,0.5478200000000001,0,reminder,reminder,True,[],[],Strict
txn_009990,cust_002024,704.34,card,343,15,12,0.8,3,False,authentication_failed,0.44999999999999996,0,payment_link,reminder,True,[],"[{'action': 'payment_link', 'reasons': ['payment_link_restricted']}]",Strict
txn_009966,cust_002409,632.71,upi,1263,20,16,0.8,4,False,expired_card,0.5700000000000001,0,payment_link,payment_link,True,[],[],Strict
txn_007324,cust_002368,1680.72,wallet,850,4,3,0.75,3,False,bank_decline,0.33999999999999997,0,retry,reminder,True,[],"[{'action': 'retry', 'reasons': ['strict_retry_limit_exceeded', 'failure_reason_not_safe_for_retry']}]",Strict
txn_001384,cust_001775,1218.41,card,1082,21,15,0.7143,4,False,network_error,0.25286000000000003,1,retry,payment_link,True,[],"[{'action': 'retry', 'reasons': ['strict_retry_limit_exceeded']}]",Strict
txn_003102,cust_002285,313.23,wallet,874,10,8,0.8,2,False,insufficient_balance,0.56,0,reminder,reminder,True,[],[],Strict
txn_003922,cust_001393,372.74,wallet,1488,15,11,0.7333,1,False,authentication_failed,0.59666,1,reminder,reminder,True,[],[],Strict
txn_006686,cust_002607,500.38,upi,708,20,17,0.85,2,False,network_error,0.44,0,retry,payment_link,True,[],"[{'action': 'retry', 'reasons': ['strict_retry_limit_exceeded']}, {'action': 'reminder', 'reasons': ['reminder_not_allowed_for_temporary_failure']}]",Strict
txn_003195,cust_003263,715.65,card,712,17,11,0.6471,3,False,bank_decline,0.34941999999999995,1,retry,payment_link,True,[],"[{'action': 'retry', 'reasons': ['strict_retry_limit_exceeded', 'failure_reason_not_safe_for_retry']}]",Strict
txn_001942,cust_001568,1207.57,wallet,134,9,9,1.0,2,False,network_error,0.47000000000000003,0,retry,payment_link,True,[],"[{'action': 'retry', 'reasons': ['strict_retry_limit_exceeded']}, {'action': 'reminder', 'reasons': ['reminder_not_allowed_for_temporary_failure']}]",Strict
txn_007714,cust_000875,232.41,card,1232,0,0,0.0,2,True,gateway_error,0.21999999999999997,0,reminder,payment_link,True,[],"[{'action': 'reminder', 'reasons': ['reminder_not_allowed_for_temporary_failure']}]",Strict
txn_004897,cust_003244,1320.57,wallet,652,20,14,0.7,4,False,bank_decline,0.2799999999999999,1,retry,payment_link,True,[],"[{'action': 'retry', 'reasons': ['strict_retry_limit_exceeded', 'failure_reason_not_safe_for_retry']}]",Strict
txn_004783,cust_002756,592.01,upi,1065,18,12,0.6667,4,False,expired_card,0.5433399999999999,1,payment_link,payment_link,True,[],[],Strict
txn_001497,cust_001452,784.26,netbanking,1184,12,8,0.6667,3,False,insufficient_balance,0.45333999999999997,1,reminder,reminder,True,[],[],Strict
txn_001958,cust_001918,799.8,upi,1119,19,15,0.7895,4,False,gateway_error,0.2679,1,retry,payment_link,True,[],"[{'action': 'retry', 'reasons': ['strict_retry_limit_exceeded']}, {'action': 'reminder', 'reasons': ['reminder_not_allowed_for_temporary_failure']}]",Strict
txn_009172,cust_001737,927.6,netbanking,1399,3,2,0.6667,1,False,insufficient_balance,0.61334,0,reminder,reminder,True,[],[],Strict
txn_009746,cust_002772,1011.78,card,71,14,13,0.9286,3,False,gateway_error,0.37571999999999994,0,retry,payment_link,True,[],"[{'action': 'retry', 'reasons': ['strict_retry_limit_exceeded']}, {'action': 'reminder', 'reasons': ['reminder_not_allowed_for_temporary_failure']}]",Strict
txn_007333,cust_002440,225.25,netbanking,677,29,25,0.8621,2,False,network_error,0.44242,0,retry,payment_link,True,[],"[{'action': 'retry', 'reasons': ['strict_retry_limit_exceeded']}, {'action': 'reminder', 'reasons': ['reminder_not_allowed_for_temporary_failure']}]",Strict
txn_007950,cust_002845,1288.59,upi,1148,14,11,0.7857,4,False,authentication_failed,0.36714,1,reminder,reminder,True,[],[],Strict
txn_003018,cust_003286,1396.79,wallet,31,28,18,0.6429,4,False,expired_card,0.53858,0,payment_link,payment_link,True,[],[],Strict
txn_006747,cust_000163,224.91,netbanking,486,4,4,1.0,2,False,bank_decline,0.49999999999999994,1,retry,payment_link,True,[],"[{'action': 'retry', 'reasons': ['strict_retry_limit_exceeded', 'failure_reason_not_safe_for_retry']}]",Strict
txn_000514,cust_002944,4086.49,card,281,10,8,0.8,3,False,insufficient_balance,0.48,0,reminder,reminder,True,[],[],Strict
txn_003935,cust_000017,489.49,netbanking,1199,20,13,0.65,4,False,insufficient_balance,0.37,0,reminder,reminder,True,[],[],Strict
txn_003026,cust_002740,2473.5,card,1416,19,13,0.6842,3,False,bank_decline,0.32684,0,retry,reminder,True,[],"[{'action': 'retry', 'reasons': ['strict_retry_limit_exceeded', 'failure_reason_not_safe_for_retry']}]",Strict
txn_001200,cust_002311,387.27,netbanking,384,11,6,0.5455,2,False,gateway_error,0.3791,0,retry,payment_link,True,[],"[{'action': 'retry', 'reasons': ['strict_retry_limit_exceeded']}]",Strict
txn_005029,cust_001598,1347.48,card,324,19,14,0.7368,4,False,bank_decline,0.28735999999999995,0,retry,payment_link,True,[],"[{'action': 'retry', 'reasons': ['strict_retry_limit_exceeded', 'failure_reason_not_safe_for_retry']}]",Strict
txn_009785,cust_001786,287.48,netbanking,1467,5,5,1.0,4,False,insufficient_balance,0.43999999999999995,1,reminder,reminder,True,[],[],Strict
txn_000922,cust_002758,876.84,card,1359,15,11,0.7333,2,False,insufficient_balance,0.54666,0,reminder,reminder,True,[],[],Strict
txn_004650,cust_002015,2535.86,wallet,176,26,18,0.6923,3,False,network_error,0.32846,0,retry,payment_link,True,[],"[{'action': 'retry', 'reasons': ['strict_retry_limit_exceeded']}]",Strict
txn_005333,cust_002327,2008.57,wallet,389,19,14,0.7368,1,False,insufficient_balance,0.6273599999999999,1,payment_link,reminder,True,[],"[{'action': 'payment_link', 'reasons': ['payment_link_restricted']}]",Strict
txn_001077,cust_002544,464.17,wallet,82,2,2,1.0,1,False,bank_decline,0.55,1,retry,reminder,True,[],"[{'action': 'retry', 'reasons': ['failure_reason_not_safe_for_retry']}]",Strict
txn_006769,cust_001734,1156.94,card,818,23,17,0.7391,3,False,insufficient_balance,0.46782,0,reminder,reminder,True,[],[],Strict
txn_009411,cust_000590,1170.01,card,547,15,9,0.6,2,False,gateway_error,0.38999999999999996,0,retry,payment_link,True,[],"[{'action': 'retry', 'reasons': ['strict_retry_limit_exceeded']}]",Strict
txn_001672,cust_002416,3143.46,card,161,21,18,0.8571,4,False,expired_card,0.58142,0,payment_link,payment_link,True,[],[],Strict
txn_000475,cust_003100,1981.69,card,171,7,4,0.5714,3,False,expired_card,0.6042799999999999,1,payment_link,payment_link,True,[],[],Strict
txn_009187,cust_002335,2209.89,card,1068,19,15,0.7895,1,False,expired_card,0.8079,1,payment_link,payment_link,True,[],[],Strict
txn_008840,cust_000161,1404.28,card,1265,10,7,0.7,4,False,bank_decline,0.24999999999999994,0,retry,reminder,True,[],"[{'action': 'retry', 'reasons': ['strict_retry_limit_exceeded', 'failure_reason_not_safe_for_retry']}]",Strict
txn_005759,cust_000734,2725.99,card,175,0,0,0.0,2,True,bank_decline,0.21999999999999997,0,reminder,reminder,True,[],[],Strict
txn_006298,cust_001136,539.35,wallet,404,7,5,0.7143,2,False,bank_decline,0.41286,1,retry,reminder,True,[],"[{'action': 'retry', 'reasons': ['strict_retry_limit_exceeded', 'failure_reason_not_safe_for_retry']}]",Strict
txn_002479,cust_000231,495.27,card,112,24,21,0.875,2,False,bank_decline,0.4749999999999999,0,retry,payment_link,True,[],"[{'action': 'retry', 'reasons': ['strict_retry_limit_exceeded', 'failure_reason_not_safe_for_retry']}]",Strict
txn_005494,cust_002967,1159.17,card,723,10,6,0.6,1,False,bank_decline,0.5,1,retry,payment_link,True,[],"[{'action': 'retry', 'reasons': ['failure_reason_not_safe_for_retry']}]",Strict
txn_003915,cust_000418,3404.3,wallet,1186,28,24,0.8571,1,False,bank_decline,0.55142,0,retry,payment_link,True,[],"[{'action': 'retry', 'reasons': ['failure_reason_not_safe_for_retry']}]",Strict
txn_002139,cust_002016,8965.26,card,679,5,4,0.8,4,False,network_error,0.27,0,retry,payment_link,True,[],"[{'action': 'retry', 'reasons': ['strict_retry_limit_exceeded']}]",Strict
txn_005455,cust_001536,217.67,netbanking,291,20,15,0.75,3,False,insufficient_balance,0.47,0,reminder,reminder,True,[],[],Strict
txn_005380,cust_001499,1456.58,netbanking,1090,16,13,0.8125,3,False,authentication_failed,0.4525,0,reminder,reminder,True,[],[],Strict
txn_008986,cust_002627,2034.15,card,259,8,6,0.75,3,False,gateway_error,0.33999999999999997,0,retry,payment_link,True,[],"[{'action': 'retry', 'reasons': ['strict_retry_limit_exceeded']}]",Strict
txn_004024,cust_001411,578.2,wallet,959,8,7,0.875,3,False,bank_decline,0.3949999999999999,0,retry,payment_link,True,[],"[{'action': 'retry', 'reasons': ['strict_retry_limit_exceeded', 'failure_reason_not_safe_for_retry']}]",Strict
txn_003486,cust_000638,878.15,card,421,19,15,0.7895,3,False,bank_decline,0.3778999999999999,1,retry,payment_link,True,[],"[{'action': 'retry', 'reasons': ['strict_retry_limit_exceeded', 'failure_reason_not_safe_for_retry']}]",Strict
txn_002456,cust_000555,2176.03,wallet,1409,20,16,0.8,2,False,authentication_failed,0.53,1,payment_link,reminder,True,[],"[{'action': 'payment_link', 'reasons': ['payment_link_restricted']}]",Strict
txn_002465,cust_003164,988.38,wallet,231,27,20,0.7407,3,False,bank_decline,0.33814,0,retry,reminder,True,[],"[{'action': 'retry', 'reasons': ['strict_retry_limit_exceeded', 'failure_reason_not_safe_for_retry']}]",Strict
txn_008697,cust_002600,317.93,wallet,118,18,18,1.0,1,False,network_error,0.85,1,retry,retry,True,[],[],Strict
txn_001370,cust_000121,844.55,card,399,17,11,0.6471,3,False,expired_card,0.61942,1,payment_link,payment_link,True,[],[],Strict
txn_006689,cust_000941,1664.02,card,805,12,9,0.75,1,False,bank_decline,0.53,0,retry,payment_link,True,[],"[{'action': 'retry', 'reasons': ['failure_reason_not_safe_for_retry']}]",Strict
txn_007457,cust_000766,1183.73,netbanking,27,7,7,1.0,3,False,bank_decline,0.41999999999999993,0,retry,payment_link,True,[],"[{'action': 'retry', 'reasons': ['strict_retry_limit_exceeded', 'failure_reason_not_safe_for_retry']}]",Strict
txn_009975,cust_002857,114.8,card,516,6,4,0.6667,2,False,expired_card,0.70334,1,payment_link,payment_link,True,[],[],Strict
txn_001902,cust_000746,698.68,upi,282,17,15,0.8824,3,False,network_error,0.36648000000000003,1,retry,payment_link,True,[],"[{'action': 'retry', 'reasons': ['strict_retry_limit_exceeded']}, {'action': 'reminder', 'reasons': ['reminder_not_allowed_for_temporary_failure']}]",Strict
txn_004872,cust_003199,597.92,wallet,908,0,0,0.0,4,True,bank_decline,0.09000000000000001,0,payment_link,payment_link,True,[],[],Strict
txn_004711,cust_003257,2592.46,wallet,758,16,11,0.6875,4,False,network_error,0.2475,1,retry,payment_link,True,[],"[{'action': 'retry', 'reasons': ['strict_retry_limit_exceeded']}]",Strict
txn_007887,cust_001987,175.68,netbanking,1165,27,19,0.7037,1,False,authentication_failed,0.59074,0,payment_link,reminder,True,[],"[{'action': 'payment_link', 'reasons': ['payment_link_restricted']}]",Strict
txn_001794,cust_003262,1932.41,netbanking,290,9,8,0.8889,4,False,insufficient_balance,0.41778000000000004,0,reminder,reminder,True,[],[],Strict
txn_002875,cust_000033,134.64,upi,588,5,3,0.6,2,False,bank_decline,0.38999999999999996,1,retry,reminder,True,[],"[{'action': 'retry', 'reasons': ['strict_retry_limit_exceeded', 'failure_reason_not_safe_for_retry']}]",Strict
txn_006218,cust_002971,3306.95,upi,277,23,16,0.6957,2,False,authentication_failed,0.50914,0,payment_link,reminder,True,[],"[{'action': 'payment_link', 'reasons': ['payment_link_restricted']}]",Strict
txn_005214,cust_002927,601.6,netbanking,59,29,26,0.8966,2,False,network_error,0.44932,1,retry,payment_link,True,[],"[{'action': 'retry', 'reasons': ['strict_retry_limit_exceeded']}, {'action': 'reminder', 'reasons': ['reminder_not_allowed_for_temporary_failure']}]",Strict
txn_002246,cust_001009,1446.82,netbanking,643,25,21,0.84,3,False,network_error,0.358,1,retry,payment_link,True,[],"[{'action': 'retry', 'reasons': ['strict_retry_limit_exceeded']}, {'action': 'reminder', 'reasons': ['reminder_not_allowed_for_temporary_failure']}]",Strict
txn_001742,cust_001205,714.45,wallet,195,6,3,0.5,2,False,bank_decline,0.37,1,retry,reminder,True,[],"[{'action': 'retry', 'reasons': ['strict_retry_limit_exceeded', 'failure_reason_not_safe_for_retry']}]",Strict
txn_001021,cust_001254,644.54,netbanking,19,6,4,0.6667,4,False,authentication_failed,0.34334,1,payment_link,reminder,True,[],"[{'action': 'payment_link', 'reasons': ['payment_link_restricted']}]",Strict
txn_000706,cust_000252,601.74,card,1375,2,2,1.0,3,False,authentication_failed,0.49,0,reminder,reminder,True,[],[],Strict
txn_004295,cust_000014,480.91,wallet,661,13,7,0.5385,1,False,authentication_failed,0.5577,0,reminder,reminder,True,[],[],Strict
txn_005577,cust_002362,911.83,card,1262,13,11,0.8462,3,False,network_error,0.35924,1,retry,payment_link,True,[],"[{'action': 'retry', 'reasons': ['strict_retry_limit_exceeded']}]",Strict
txn_007167,cust_002465,1933.69,wallet,983,26,17,0.6538,2,False,authentication_failed,0.5007600000000001,0,payment_link,reminder,True,[],"[{'action': 'payment_link', 'reasons': ['payment_link_restricted']}]",Strict
txn_008178,cust_001075,1143.39,netbanking,1444,8,6,0.75,4,False,network_error,0.26,0,retry,payment_link,True,[],"[{'action': 'retry', 'reasons': ['strict_retry_limit_exceeded']}]",Strict
txn_000909,cust_000687,943.32,netbanking,1165,8,5,0.625,1,False,network_error,0.7749999999999999,0,retry,retry,True,[],[],Strict
txn_005194,cust_002227,949.61,netbanking,239,20,14,0.7,1,False,authentication_failed,0.59,0,reminder,reminder,True,[],[],Strict
txn_003078,cust_002893,551.18,wallet,553,6,6,1.0,3,False,authentication_failed,0.49,1,reminder,reminder,True,[],[],Strict
txn_009367,cust_002408,1310.12,wallet,554,27,17,0.6296,1,False,gateway_error,0.7259199999999999,1,retry,retry,True,[],[],Strict
txn_000595,cust_000027,1998.87,upi,123,0,0,0.0,2,True,bank_decline,0.21999999999999997,0,reminder,reminder,True,[],[],Strict
txn_005305,cust_001776,712.31,wallet,1344,10,9,0.9,1,False,authentication_failed,0.63,0,payment_link,reminder,True,[],"[{'action': 'payment_link', 'reasons': ['payment_link_restricted']}]",Strict
txn_000441,cust_002783,693.48,wallet,622,20,16,0.8,3,False,bank_decline,0.38,0,retry,payment_link,True,[],"[{'action': 'retry', 'reasons': ['strict_retry_limit_exceeded', 'failure_reason_not_safe_for_retry']}]",Strict
txn_007607,cust_001346,1834.04,card,675,1,1,1.0,4,False,insufficient_balance,0.43999999999999995,0,reminder,reminder,True,[],[],Strict
txn_004093,cust_000414,1536.31,wallet,1184,25,20,0.8,1,False,bank_decline,0.54,1,retry,payment_link,True,[],"[{'action': 'retry', 'reasons': ['failure_reason_not_safe_for_retry']}]",Strict
txn_006135,cust_003214,1050.71,card,1421,22,16,0.7273,1,False,expired_card,0.79546,1,payment_link,payment_link,True,[],[],Strict
txn_000011,cust_000922,1752.81,card,839,23,21,0.913,2,False,network_error,0.45260000000000006,0,retry,payment_link,True,[],"[{'action': 'retry', 'reasons': ['strict_retry_limit_exceeded']}]",Strict
txn_003777,cust_001611,497.65,wallet,1117,22,18,0.8182,4,False,gateway_error,0.27364,0,retry,payment_link,True,[],"[{'action': 'retry', 'reasons': ['strict_retry_limit_exceeded']}]",Strict
txn_009000,cust_000834,2399.46,card,877,6,4,0.6667,2,False,network_error,0.4033399999999999,0,retry,payment_link,True,[],"[{'action': 'retry', 'reasons': ['strict_retry_limit_exceeded']}]",Strict
txn_003709,cust_001142,1641.72,card,1214,2,2,1.0,4,False,insufficient_balance,0.43999999999999995,0,reminder,reminder,True,[],[],Strict
txn_003781,cust_000635,411.6,card,1471,14,8,0.5714,2,False,expired_card,0.68428,0,payment_link,payment_link,True,[],[],Strict
txn_000094,cust_001844,1942.08,wallet,761,21,16,0.7619,3,False,authentication_failed,0.44238,1,reminder,reminder,True,[],[],Strict
txn_009240,cust_000510,653.62,card,1035,7,6,0.8571,3,False,insufficient_balance,0.49141999999999997,0,reminder,reminder,True,[],[],Strict
txn_003950,cust_002803,1789.64,card,839,26,18,0.6923,4,False,gateway_error,0.24845999999999996,0,retry,payment_link,True,[],"[{'action': 'retry', 'reasons': ['strict_retry_limit_exceeded']}]",Strict
txn_005786,cust_000704,335.05,upi,1055,13,8,0.6154,3,False,gateway_error,0.31308,0,retry,payment_link,True,[],"[{'action': 'retry', 'reasons': ['strict_retry_limit_exceeded']}, {'action': 'reminder', 'reasons': ['reminder_not_allowed_for_temporary_failure']}]",Strict
txn_004871,cust_001001,656.34,upi,819,5,4,0.8,1,False,network_error,0.81,1,retry,retry,True,[],[],Strict
txn_004803,cust_002965,1532.9,wallet,1207,14,11,0.7857,3,False,bank_decline,0.34714,1,retry,reminder,True,[],"[{'action': 'retry', 'reasons': ['strict_retry_limit_exceeded', 'failure_reason_not_safe_for_retry']}]",Strict
txn_004868,cust_003038,1985.38,upi,737,4,2,0.5,1,False,network_error,0.75,0,retry,retry,True,[],[],Strict
txn_000293,cust_000075,863.1,netbanking,98,0,0,0.0,1,True,authentication_failed,0.39999999999999997,0,payment_link,reminder,True,[],"[{'action': 'payment_link', 'reasons': ['payment_link_restricted']}]",Strict
txn_007889,cust_003225,1225.33,wallet,1422,27,18,0.6667,4,False,gateway_error,0.24333999999999995,0,retry,payment_link,True,[],"[{'action': 'retry', 'reasons': ['strict_retry_limit_exceeded']}]",Strict
txn_007406,cust_001858,635.88,netbanking,1227,17,14,0.8235,4,False,bank_decline,0.27470000000000006,0,retry,reminder,True,[],"[{'action': 'retry', 'reasons': ['strict_retry_limit_exceeded', 'failure_reason_not_safe_for_retry']}]",Strict
txn_005596,cust_001027,441.08,card,635,27,20,0.7407,2,False,expired_card,0.71814,0,payment_link,payment_link,True,[],[],Strict
txn_002887,cust_001481,1709.43,wallet,1260,8,5,0.625,1,False,authentication_failed,0.575,0,reminder,reminder,True,[],[],Strict
txn_006455,cust_001001,6130.98,wallet,981,28,21,0.75,4,False,expired_card,0.56,0,payment_link,payment_link,True,[],[],Strict
txn_002543,cust_000681,214.87,wallet,69,15,11,0.7333,3,False,bank_decline,0.33665999999999996,0,retry,reminder,True,[],"[{'action': 'retry', 'reasons': ['strict_retry_limit_exceeded', 'failure_reason_not_safe_for_retry']}]",Strict
txn_001766,cust_002628,1427.94,card,741,0,0,0.0,2,True,insufficient_balance,0.35,0,reminder,reminder,True,[],[],Strict
txn_006801,cust_001366,468.72,card,431,19,15,0.7895,1,False,authentication_failed,0.6079,1,payment_link,reminder,True,[],"[{'action': 'payment_link', 'reasons': ['payment_link_restricted']}]",Strict
txn_001878,cust_002807,1314.08,wallet,493,18,14,0.7778,4,False,insufficient_balance,0.39556,0,reminder,reminder,True,[],[],Strict
txn_001982,cust_001425,446.18,wallet,765,5,4,0.8,3,False,expired_card,0.65,1,payment_link,payment_link,True,[],[],Strict
txn_009730,cust_001019,1261.42,upi,85,21,17,0.8095,1,False,gateway_error,0.7619,1,retry,retry,True,[],[],Strict
txn_009609,cust_002017,1840.74,upi,822,14,9,0.6429,2,False,bank_decline,0.4285799999999999,0,retry,payment_link,True,[],"[{'action': 'retry', 'reasons': ['strict_retry_limit_exceeded', 'failure_reason_not_safe_for_retry']}]",Strict
txn_002686,cust_001875,900.28,card,620,1,1,1.0,1,False,authentication_failed,0.65,1,reminder,reminder,True,[],[],Strict
txn_008931,cust_002358,1826.89,netbanking,267,25,18,0.72,1,False,bank_decline,0.5239999999999999,1,retry,payment_link,True,[],"[{'action': 'retry', 'reasons': ['failure_reason_not_safe_for_retry']}]",Strict
txn_003459,cust_000186,1393.04,upi,60,1,1,1.0,1,False,insufficient_balance,0.6799999999999999,0,reminder,reminder,True,[],[],Strict
txn_004542,cust_000543,872.79,upi,211,8,6,0.75,3,False,bank_decline,0.33999999999999997,0,retry,reminder,True,[],"[{'action': 'retry', 'reasons': ['strict_retry_limit_exceeded', 'failure_reason_not_safe_for_retry']}]",Strict
txn_002179,cust_000141,858.66,upi,600,10,7,0.7,3,False,gateway_error,0.32999999999999996,1,retry,payment_link,True,[],"[{'action': 'retry', 'reasons': ['strict_retry_limit_exceeded']}]",Strict
txn_004451,cust_001121,451.25,netbanking,38,23,22,0.9565,4,False,gateway_error,0.3013,1,retry,payment_link,True,[],"[{'action': 'retry', 'reasons': ['strict_retry_limit_exceeded']}]",Strict
txn_003860,cust_000690,1092.38,card,454,21,18,0.8571,3,False,expired_card,0.66142,1,payment_link,payment_link,True,[],[],Strict
txn_007624,cust_001128,2169.43,upi,523,29,24,0.8276,2,False,gateway_error,0.43551999999999996,0,retry,payment_link,True,[],"[{'action': 'retry', 'reasons': ['strict_retry_limit_exceeded']}]",Strict
txn_007655,cust_002610,229.82,wallet,406,25,21,0.84,3,False,authentication_failed,0.45799999999999996,0,reminder,reminder,True,[],[],Strict
txn_004520,cust_000074,689.7,wallet,532,0,0,0.0,2,True,authentication_failed,0.31999999999999995,1,reminder,reminder,True,[],[],Strict
txn_002518,cust_002024,953.18,netbanking,152,2,2,1.0,4,False,gateway_error,0.31000000000000005,0,retry,payment_link,True,[],"[{'action': 'retry', 'reasons': ['strict_retry_limit_exceeded']}]",Strict
txn_004837,cust_001481,1620.93,card,896,2,1,0.5,2,False,gateway_error,0.37,1,retry,payment_link,True,[],"[{'action': 'retry', 'reasons': ['strict_retry_limit_exceeded']}]",Strict
txn_002886,cust_000533,1118.35,wallet,797,4,4,1.0,2,False,gateway_error,0.47000000000000003,1,retry,payment_link,True,[],"[{'action': 'retry', 'reasons': ['strict_retry_limit_exceeded']}]",Strict
txn_007282,cust_000812,752.21,upi,1486,28,22,0.7857,1,False,bank_decline,0.53714,0,retry,payment_link,True,[],"[{'action': 'retry', 'reasons': ['failure_reason_not_safe_for_retry']}]",Strict
txn_006256,cust_001178,5089.9,wallet,169,22,16,0.7273,2,False,bank_decline,0.4454599999999999,1,retry,payment_link,True,[],"[{'action': 'retry', 'reasons': ['strict_retry_limit_exceeded', 'failure_reason_not_safe_for_retry']}]",Strict
txn_004540,cust_000577,1076.64,netbanking,1358,28,22,0.7857,3,False,network_error,0.34714,1,retry,payment_link,True,[],"[{'action': 'retry', 'reasons': ['strict_retry_limit_exceeded']}, {'action': 'reminder', 'reasons': ['reminder_not_allowed_for_temporary_failure']}]",Strict
txn_005640,cust_000024,286.43,upi,23,19,16,0.8421,2,False,network_error,0.43842,1,retry,payment_link,True,[],"[{'action': 'retry', 'reasons': ['strict_retry_limit_exceeded']}, {'action': 'reminder', 'reasons': ['reminder_not_allowed_for_temporary_failure']}]",Strict
txn_009460,cust_000181,346.16,netbanking,695,18,14,0.7778,1,False,gateway_error,0.75556,1,retry,retry,True,[],[],Strict
txn_003482,cust_003188,739.5,netbanking,339,12,10,0.8333,4,False,insufficient_balance,0.40666,0,reminder,reminder,True,[],[],Strict
txn_001278,cust_002294,1890.05,netbanking,164,13,13,1.0,2,False,insufficient_balance,0.6,0,reminder,reminder,True,[],[],Strict
txn_003147,cust_003154,238.48,netbanking,451,0,0,0.0,4,True,authentication_failed,0.15999999999999998,1,payment_link,reminder,True,[],"[{'action': 'payment_link', 'reasons': ['payment_link_restricted']}]",Strict
txn_008263,cust_000892,1155.86,upi,827,20,16,0.8,4,False,expired_card,0.5700000000000001,1,payment_link,payment_link,True,[],[],Strict
txn_003206,cust_001700,360.64,netbanking,1002,14,10,0.7143,1,False,insufficient_balance,0.62286,0,reminder,reminder,True,[],[],Strict
txn_009893,cust_002525,2103.31,upi,606,2,2,1.0,4,False,bank_decline,0.33999999999999997,1,retry,payment_link,True,[],"[{'action': 'retry', 'reasons': ['strict_retry_limit_exceeded', 'failure_reason_not_safe_for_retry']}]",Strict
txn_002743,cust_002151,2991.76,wallet,1310,12,10,0.8333,1,False,bank_decline,0.54666,0,retry,payment_link,True,[],"[{'action': 'retry', 'reasons': ['failure_reason_not_safe_for_retry']}]",Strict
txn_006077,cust_000459,524.36,netbanking,679,24,19,0.7917,3,False,bank_decline,0.34834,0,retry,reminder,True,[],"[{'action': 'retry', 'reasons': ['strict_retry_limit_exceeded', 'failure_reason_not_safe_for_retry']}]",Strict
txn_004048,cust_001363,813.54,card,438,29,23,0.7931,3,False,bank_decline,0.37861999999999996,1,retry,payment_link,True,[],"[{'action': 'retry', 'reasons': ['strict_retry_limit_exceeded', 'failure_reason_not_safe_for_retry']}]",Strict
txn_005732,cust_000505,1688.63,netbanking,1163,27,21,0.7778,1,False,authentication_failed,0.60556,0,payment_link,reminder,True,[],"[{'action': 'payment_link', 'reasons': ['payment_link_restricted']}]",Strict
txn_002946,cust_000216,523.17,card,747,18,13,0.7222,3,False,bank_decline,0.3644399999999999,1,retry,payment_link,True,[],"[{'action': 'retry', 'reasons': ['strict_retry_limit_exceeded', 'failure_reason_not_safe_for_retry']}]",Strict
txn_005791,cust_000295,969.37,netbanking,1351,28,19,0.6786,1,False,network_error,0.78572,1,retry,retry,True,[],[],Strict
txn_006795,cust_000380,4179.48,netbanking,691,21,17,0.8095,1,False,gateway_error,0.7619,1,retry,retry,True,[],[],Strict
txn_006544,cust_002451,1139.85,netbanking,1152,12,11,0.9167,1,False,insufficient_balance,0.66334,1,reminder,reminder,True,[],[],Strict
txn_000701,cust_000731,507.77,netbanking,413,21,17,0.8095,4,False,expired_card,0.5719,0,payment_link,payment_link,True,[],[],Strict
txn_003575,cust_001254,1288.73,netbanking,766,0,0,0.0,3,True,gateway_error,0.13999999999999996,0,retry,payment_link,True,[],"[{'action': 'retry', 'reasons': ['strict_retry_limit_exceeded']}]",Strict
txn_007700,cust_002917,646.93,netbanking,631,9,4,0.4444,1,False,bank_decline,0.46888,0,retry,payment_link,True,[],"[{'action': 'retry', 'reasons': ['failure_reason_not_safe_for_retry']}]",Strict
txn_002516,cust_001378,151.26,card,982,21,15,0.7143,1,False,insufficient_balance,0.62286,0,reminder,reminder,True,[],[],Strict
txn_003001,cust_000931,927.07,wallet,1062,2,2,1.0,2,False,expired_card,0.77,1,payment_link,payment_link,True,[],[],Strict
txn_005821,cust_000048,946.99,wallet,1255,21,14,0.6667,4,False,expired_card,0.5433399999999999,1,payment_link,payment_link,True,[],[],Strict
txn_008582,cust_001174,4953.91,card,309,14,9,0.6429,2,False,gateway_error,0.39857999999999993,0,retry,payment_link,True,[],"[{'action': 'retry', 'reasons': ['strict_retry_limit_exceeded']}]",Strict
txn_003685,cust_000175,1413.7,upi,175,9,7,0.7778,1,False,expired_card,0.80556,0,payment_link,payment_link,True,[],[],Strict
txn_002996,cust_003252,1785.88,card,1123,19,15,0.7895,3,False,insufficient_balance,0.4778999999999999,1,reminder,reminder,True,[],[],Strict
txn_004253,cust_001570,2076.38,netbanking,919,1,1,1.0,3,False,authentication_failed,0.49,1,reminder,reminder,True,[],[],Strict
txn_003412,cust_001923,1709.5,upi,1321,24,18,0.75,1,False,gateway_error,0.75,1,retry,retry,True,[],[],Strict
txn_007963,cust_000332,4645.8,netbanking,61,0,0,0.0,3,True,expired_card,0.4399999999999999,1,payment_link,payment_link,True,[],[],Strict
txn_006310,cust_000382,438.35,upi,63,24,20,0.8333,1,False,gateway_error,0.76666,1,retry,retry,True,[],[],Strict
txn_008612,cust_003294,2648.37,wallet,298,11,8,0.7273,4,False,bank_decline,0.28545999999999994,0,retry,payment_link,True,[],"[{'action': 'retry', 'reasons': ['strict_retry_limit_exceeded', 'failure_reason_not_safe_for_retry']}]",Strict
txn_005013,cust_000031,1233.3,upi,697,3,2,0.6667,3,False,bank_decline,0.32333999999999996,0,retry,reminder,True,[],"[{'action': 'retry', 'reasons': ['strict_retry_limit_exceeded', 'failure_reason_not_safe_for_retry']}]",Strict
txn_007751,cust_000164,1011.48,upi,1168,22,13,0.5909,2,False,gateway_error,0.38817999999999997,0,retry,payment_link,True,[],"[{'action': 'retry', 'reasons': ['strict_retry_limit_exceeded']}]",Strict
txn_005980,cust_003327,829.26,wallet,523,14,12,0.8571,1,False,bank_decline,0.55142,0,retry,payment_link,True,[],"[{'action': 'retry', 'reasons': ['failure_reason_not_safe_for_retry']}]",Strict
txn_004049,cust_000783,689.8,upi,887,13,7,0.5385,2,False,authentication_failed,0.47769999999999996,1,payment_link,reminder,True,[],"[{'action': 'payment_link', 'reasons': ['payment_link_restricted']}]",Strict
txn_004900,cust_002951,2039.53,wallet,402,12,8,0.6667,1,False,authentication_failed,0.58334,1,reminder,reminder,True,[],[],Strict
txn_001319,cust_001455,839.63,upi,1016,26,21,0.8077,3,False,gateway_error,0.35153999999999996,0,retry,payment_link,True,[],"[{'action': 'retry', 'reasons': ['strict_retry_limit_exceeded']}, {'action': 'reminder', 'reasons': ['reminder_not_allowed_for_temporary_failure']}]",Strict
txn_009773,cust_001388,2466.84,upi,673,15,11,0.7333,1,False,network_error,0.7966599999999999,0,retry,retry,True,[],[],Strict
txn_009138,cust_000835,657.45,netbanking,265,6,4,0.6667,3,False,authentication_failed,0.42333999999999994,0,payment_link,reminder,True,[],"[{'action': 'payment_link', 'reasons': ['payment_link_restricted']}]",Strict
txn_007143,cust_000122,504.65,wallet,1340,10,7,0.7,3,False,expired_card,0.6299999999999999,0,payment_link,payment_link,True,[],[],Strict
txn_001898,cust_001515,441.67,card,675,4,4,1.0,3,False,gateway_error,0.39,1,retry,payment_link,True,[],"[{'action': 'retry', 'reasons': ['strict_retry_limit_exceeded']}, {'action': 'reminder', 'reasons': ['reminder_not_allowed_for_temporary_failure']}]",Strict
txn_007466,cust_002186,2106.05,upi,1469,16,8,0.5,2,False,network_error,0.37,0,retry,payment_link,True,[],"[{'action': 'retry', 'reasons': ['strict_retry_limit_exceeded']}]",Strict
txn_000604,cust_002202,842.82,upi,606,15,11,0.7333,2,False,network_error,0.4166599999999999,1,retry,payment_link,True,[],"[{'action': 'retry', 'reasons': ['strict_retry_limit_exceeded']}, {'action': 'reminder', 'reasons': ['reminder_not_allowed_for_temporary_failure']}]",Strict
txn_002847,cust_002497,1506.41,card,727,25,22,0.88,2,False,gateway_error,0.446,1,retry,payment_link,True,[],"[{'action': 'retry', 'reasons': ['strict_retry_limit_exceeded']}]",Strict
txn_008208,cust_003153,1448.81,card,404,13,10,0.7692,3,False,expired_card,0.64384,1,payment_link,payment_link,True,[],[],Strict
txn_000394,cust_000875,2938.05,upi,1488,0,0,0.0,1,True,network_error,0.5999999999999999,1,retry,retry,True,[],[],Strict
txn_004437,cust_001649,419.97,upi,902,3,2,0.6667,3,False,expired_card,0.6233399999999999,1,payment_link,payment_link,True,[],[],Strict
txn_009448,cust_001966,1859.72,upi,281,19,15,0.7895,3,False,gateway_error,0.3479,1,retry,payment_link,True,[],"[{'action': 'retry', 'reasons': ['strict_retry_limit_exceeded']}, {'action': 'reminder', 'reasons': ['reminder_not_allowed_for_temporary_failure']}]",Strict
txn_007235,cust_001700,1434.02,upi,1273,24,19,0.7917,2,False,gateway_error,0.42834,0,retry,payment_link,True,[],"[{'action': 'retry', 'reasons': ['strict_retry_limit_exceeded']}]",Strict
txn_005399,cust_001481,4088.52,wallet,687,27,22,0.8148,2,False,bank_decline,0.46296,0,retry,payment_link,True,[],"[{'action': 'retry', 'reasons': ['strict_retry_limit_exceeded', 'failure_reason_not_safe_for_retry']}]",Strict
txn_000096,cust_001550,781.42,card,1444,14,7,0.5,4,False,gateway_error,0.21000000000000002,1,retry,payment_link,True,[],"[{'action': 'retry', 'reasons': ['strict_retry_limit_exceeded']}]",Strict
txn_001663,cust_003103,2688.42,card,727,25,18,0.72,2,False,insufficient_balance,0.5439999999999999,0,payment_link,reminder,True,[],"[{'action': 'payment_link', 'reasons': ['payment_link_restricted']}]",Strict
txn_008971,cust_002890,2802.84,wallet,886,2,2,1.0,4,False,bank_decline,0.33999999999999997,0,retry,payment_link,True,[],"[{'action': 'retry', 'reasons': ['strict_retry_limit_exceeded', 'failure_reason_not_safe_for_retry']}]",Strict
txn_005131,cust_000119,1964.02,upi,492,27,18,0.6667,2,False,expired_card,0.70334,1,payment_link,payment_link,True,[],[],Strict
txn_001489,cust_002120,426.54,upi,1229,2,2,1.0,2,False,gateway_error,0.47000000000000003,1,retry,payment_link,True,[],"[{'action': 'retry', 'reasons': ['strict_retry_limit_exceeded']}, {'action': 'reminder', 'reasons': ['reminder_not_allowed_for_temporary_failure']}]",Strict
txn_008317,cust_001726,1627.04,card,436,15,13,0.8667,4,False,bank_decline,0.28334000000000004,0,retry,reminder,True,[],"[{'action': 'retry', 'reasons': ['strict_retry_limit_exceeded', 'failure_reason_not_safe_for_retry']}]",Strict
txn_002708,cust_002044,738.51,card,138,26,19,0.7308,1,False,insufficient_balance,0.62616,0,reminder,reminder,True,[],[],Strict
txn_001596,cust_001882,1248.05,wallet,1455,25,19,0.76,1,False,insufficient_balance,0.632,1,payment_link,reminder,True,[],"[{'action': 'payment_link', 'reasons': ['payment_link_restricted']}]",Strict
txn_009278,cust_001097,1089.54,wallet,1288,9,4,0.4444,2,False,bank_decline,0.38888,0,retry,payment_link,True,[],"[{'action': 'retry', 'reasons': ['strict_retry_limit_exceeded', 'failure_reason_not_safe_for_retry']}]",Strict
txn_002378,cust_001810,1122.1,upi,1479,19,16,0.8421,3,False,bank_decline,0.38842,1,retry,payment_link,True,[],"[{'action': 'retry', 'reasons': ['strict_retry_limit_exceeded', 'failure_reason_not_safe_for_retry']}]",Strict
txn_005141,cust_001576,184.12,upi,730,13,12,0.9231,2,False,insufficient_balance,0.58462,1,reminder,reminder,True,[],[],Strict
txn_006148,cust_001925,192.9,upi,490,11,10,0.9091,2,False,bank_decline,0.45182000000000005,0,retry,reminder,True,[],"[{'action': 'retry', 'reasons': ['strict_retry_limit_exceeded', 'failure_reason_not_safe_for_retry']}]",Strict
txn_008242,cust_002054,308.07,upi,506,3,2,0.6667,2,False,authentication_failed,0.50334,1,reminder,reminder,True,[],[],Strict
txn_003949,cust_002961,832.74,upi,1283,11,9,0.8182,3,False,network_error,0.35363999999999995,0,retry,payment_link,True,[],"[{'action': 'retry', 'reasons': ['strict_retry_limit_exceeded']}]",Strict
txn_003934,cust_000128,947.4,wallet,352,0,0,0.0,4,True,bank_decline,0.09000000000000001,0,retry,payment_link,True,[],"[{'action': 'retry', 'reasons': ['strict_retry_limit_exceeded', 'failure_reason_not_safe_for_retry']}]",Strict
txn_004798,cust_000608,191.4,netbanking,1168,8,7,0.875,1,False,gateway_error,0.7749999999999999,1,retry,retry,True,[],[],Strict
txn_004373,cust_000746,1087.81,card,677,0,0,0.0,3,True,bank_decline,0.13999999999999996,0,reminder,reminder,True,[],[],Strict
txn_009863,cust_001756,1132.93,card,301,10,8,0.8,2,False,gateway_error,0.43,1,retry,payment_link,True,[],"[{'action': 'retry', 'reasons': ['strict_retry_limit_exceeded']}]",Strict
txn_008243,cust_000916,205.17,card,261,11,9,0.8182,4,False,insufficient_balance,0.40364,1,reminder,reminder,True,[],[],Strict
txn_003449,cust_002108,1251.13,netbanking,1308,23,16,0.6957,2,False,insufficient_balance,0.5391400000000001,1,reminder,reminder,True,[],[],Strict
txn_002944,cust_001828,1710.18,netbanking,1294,13,8,0.6154,3,False,bank_decline,0.34307999999999994,0,retry,payment_link,True,[],"[{'action': 'retry', 'reasons': ['strict_retry_limit_exceeded', 'failure_reason_not_safe_for_retry']}]",Strict
txn_002466,cust_001606,629.2,card,516,3,2,0.6667,3,False,network_error,0.32333999999999996,1,retry,payment_link,True,[],"[{'action': 'retry', 'reasons': ['strict_retry_limit_exceeded']}]",Strict
txn_008583,cust_002513,2171.39,upi,541,1,1,1.0,1,False,network_error,0.85,1,retry,retry,True,[],[],Strict
txn_005507,cust_001851,578.12,wallet,115,17,11,0.6471,2,False,network_error,0.39942,1,retry,payment_link,True,[],"[{'action': 'retry', 'reasons': ['strict_retry_limit_exceeded']}]",Strict
txn_002699,cust_000013,584.54,card,165,27,21,0.7778,3,False,authentication_failed,0.44555999999999996,1,payment_link,reminder,True,[],"[{'action': 'payment_link', 'reasons': ['payment_link_restricted']}]",Strict
txn_002448,cust_003304,714.82,netbanking,1119,19,12,0.6316,4,False,authentication_failed,0.33632000000000006,0,payment_link,reminder,True,[],"[{'action': 'payment_link', 'reasons': ['payment_link_restricted']}]",Strict
txn_000020,cust_000482,1307.66,upi,270,14,11,0.7857,3,False,bank_decline,0.34714,0,retry,reminder,True,[],"[{'action': 'retry', 'reasons': ['strict_retry_limit_exceeded', 'failure_reason_not_safe_for_retry']}]",Strict
txn_002749,cust_000227,1091.28,card,601,18,15,0.8333,3,False,network_error,0.35666,0,retry,payment_link,True,[],"[{'action': 'retry', 'reasons': ['strict_retry_limit_exceeded']}]",Strict
txn_005400,cust_003164,1283.36,upi,1327,12,7,0.5833,3,False,bank_decline,0.33666000000000007,1,retry,payment_link,True,[],"[{'action': 'retry', 'reasons': ['strict_retry_limit_exceeded', 'failure_reason_not_safe_for_retry']}]",Strict
txn_008079,cust_001322,1123.63,wallet,613,21,13,0.619,2,False,expired_card,0.6938000000000001,1,payment_link,payment_link,True,[],[],Strict
txn_006872,cust_002245,733.71,netbanking,1184,8,7,0.875,1,False,bank_decline,0.5549999999999999,1,retry,payment_link,True,[],"[{'action': 'retry', 'reasons': ['failure_reason_not_safe_for_retry']}]",Strict
txn_004709,cust_002401,1127.36,wallet,765,23,15,0.6522,3,False,gateway_error,0.32043999999999995,0,retry,payment_link,True,[],"[{'action': 'retry', 'reasons': ['strict_retry_limit_exceeded']}]",Strict
txn_009477,cust_003164,1448.74,upi,438,0,0,0.0,3,True,insufficient_balance,0.26999999999999996,0,reminder,reminder,True,[],[],Strict
txn_000810,cust_002506,1353.89,upi,584,7,4,0.5714,2,False,gateway_error,0.38427999999999995,0,retry,payment_link,True,[],"[{'action': 'retry', 'reasons': ['strict_retry_limit_exceeded']}]",Strict
txn_007478,cust_002919,344.12,upi,1181,1,1,1.0,2,False,expired_card,0.77,0,payment_link,payment_link,True,[],[],Strict
txn_002274,cust_001691,2745.93,netbanking,848,23,17,0.7391,1,False,expired_card,0.79782,1,payment_link,payment_link,True,[],[],Strict
txn_001924,cust_002444,414.29,upi,416,7,6,0.8571,1,False,bank_decline,0.55142,1,retry,payment_link,True,[],"[{'action': 'retry', 'reasons': ['failure_reason_not_safe_for_retry']}]",Strict
txn_001471,cust_000090,353.43,card,133,4,1,0.25,4,False,network_error,0.15999999999999998,0,retry,payment_link,True,[],"[{'action': 'retry', 'reasons': ['strict_retry_limit_exceeded']}]",Strict
txn_007935,cust_001998,1175.76,wallet,1374,16,8,0.5,4,False,insufficient_balance,0.3400000000000001,1,payment_link,reminder,True,[],"[{'action': 'payment_link', 'reasons': ['payment_link_restricted']}]",Strict
txn_007408,cust_000707,1545.75,upi,803,26,17,0.6538,3,False,insufficient_balance,0.45075999999999994,0,reminder,reminder,True,[],[],Strict
txn_002407,cust_002326,1257.0,wallet,326,7,6,0.8571,3,False,insufficient_balance,0.49141999999999997,0,reminder,reminder,True,[],[],Strict
txn_001143,cust_000698,637.65,netbanking,987,11,9,0.8182,4,False,gateway_error,0.27364,0,retry,payment_link,True,[],"[{'action': 'retry', 'reasons': ['strict_retry_limit_exceeded']}]",Strict
txn_001748,cust_002026,725.12,netbanking,601,24,14,0.5833,4,False,gateway_error,0.22666000000000003,0,retry,payment_link,True,[],"[{'action': 'retry', 'reasons': ['strict_retry_limit_exceeded']}]",Strict
txn_005710,cust_001145,886.72,wallet,1202,28,23,0.8214,2,False,bank_decline,0.46427999999999997,0,retry,payment_link,True,[],"[{'action': 'retry', 'reasons': ['strict_retry_limit_exceeded', 'failure_reason_not_safe_for_retry']}]",Strict
txn_004976,cust_002039,334.44,netbanking,1463,6,5,0.8333,4,False,authentication_failed,0.37666,1,payment_link,reminder,True,[],"[{'action': 'payment_link', 'reasons': ['payment_link_restricted']}]",Strict
txn_007301,cust_000104,293.24,wallet,206,6,5,0.8333,4,False,authentication_failed,0.37666,1,reminder,reminder,True,[],[],Strict
txn_008149,cust_000325,1574.35,upi,291,20,14,0.7,3,False,network_error,0.32999999999999996,0,retry,payment_link,True,[],"[{'action': 'retry', 'reasons': ['strict_retry_limit_exceeded']}]",Strict
txn_002834,cust_001041,1470.68,wallet,961,4,4,1.0,1,False,authentication_failed,0.65,1,reminder,reminder,True,[],[],Strict
txn_003132,cust_000717,1543.69,netbanking,1485,7,4,0.5714,3,False,bank_decline,0.33428,1,retry,payment_link,True,[],"[{'action': 'retry', 'reasons': ['strict_retry_limit_exceeded', 'failure_reason_not_safe_for_retry']}]",Strict
txn_001311,cust_001717,2669.41,upi,1021,10,7,0.7,2,False,bank_decline,0.4099999999999999,0,retry,reminder,True,[],"[{'action': 'retry', 'reasons': ['strict_retry_limit_exceeded', 'failure_reason_not_safe_for_retry']}]",Strict
txn_008651,cust_001930,380.22,upi,459,8,5,0.625,1,False,network_error,0.7749999999999999,1,retry,retry,True,[],[],Strict
txn_006775,cust_003271,2712.3,wallet,704,7,7,1.0,2,False,gateway_error,0.47000000000000003,0,retry,payment_link,True,[],"[{'action': 'retry', 'reasons': ['strict_retry_limit_exceeded']}]",Strict
txn_006757,cust_003202,3465.37,upi,1266,11,8,0.7273,1,False,bank_decline,0.5254599999999999,0,retry,payment_link,True,[],"[{'action': 'retry', 'reasons': ['failure_reason_not_safe_for_retry']}]",Strict
txn_000621,cust_000601,2642.15,upi,978,20,15,0.75,3,False,gateway_error,0.33999999999999997,0,retry,payment_link,True,[],"[{'action': 'retry', 'reasons': ['strict_retry_limit_exceeded']}, {'action': 'reminder', 'reasons': ['reminder_not_allowed_for_temporary_failure']}]",Strict
txn_002702,cust_001345,2699.9,upi,902,13,8,0.6154,3,False,gateway_error,0.31308,1,retry,payment_link,True,[],"[{'action': 'retry', 'reasons': ['strict_retry_limit_exceeded']}]",Strict
txn_002200,cust_002038,516.82,upi,1081,25,19,0.76,2,False,bank_decline,0.452,0,payment_link,payment_link,True,[],[],Strict
txn_006197,cust_001898,516.67,card,715,1,1,1.0,4,False,expired_card,0.61,1,payment_link,payment_link,True,[],[],Strict
txn_008825,cust_000108,480.12,wallet,628,27,23,0.8519,3,False,bank_decline,0.36038000000000003,0,retry,reminder,True,[],"[{'action': 'retry', 'reasons': ['strict_retry_limit_exceeded', 'failure_reason_not_safe_for_retry']}]",Strict
txn_001047,cust_000383,1501.17,netbanking,873,4,3,0.75,3,False,expired_card,0.64,0,payment_link,payment_link,True,[],[],Strict
txn_005769,cust_002598,4169.61,wallet,147,20,14,0.7,1,False,insufficient_balance,0.6199999999999999,1,reminder,reminder,True,[],[],Strict
txn_009948,cust_002190,2506.09,card,450,14,9,0.6429,3,False,bank_decline,0.3485799999999999,1,retry,payment_link,True,[],"[{'action': 'retry', 'reasons': ['strict_retry_limit_exceeded', 'failure_reason_not_safe_for_retry']}]",Strict
txn_009020,cust_003271,2124.98,card,1472,16,12,0.75,1,False,expired_card,0.8,1,payment_link,payment_link,True,[],[],Strict
txn_000744,cust_001341,1959.14,upi,563,21,16,0.7619,2,False,bank_decline,0.45237999999999995,0,retry,payment_link,True,[],"[{'action': 'retry', 'reasons': ['strict_retry_limit_exceeded', 'failure_reason_not_safe_for_retry']}]",Strict
txn_000223,cust_002877,1911.68,upi,1368,7,5,0.7143,3,False,bank_decline,0.36285999999999996,0,retry,payment_link,True,[],"[{'action': 'retry', 'reasons': ['strict_retry_limit_exceeded', 'failure_reason_not_safe_for_retry']}]",Strict
txn_003150,cust_002167,902.28,netbanking,795,7,4,0.5714,1,False,expired_card,0.76428,1,payment_link,payment_link,True,[],[],Strict
txn_000626,cust_002346,905.44,wallet,637,24,14,0.5833,3,False,bank_decline,0.33666000000000007,0,retry,payment_link,True,[],"[{'action': 'retry', 'reasons': ['strict_retry_limit_exceeded', 'failure_reason_not_safe_for_retry']}]",Strict
txn_009335,cust_001730,1862.93,upi,388,23,19,0.8261,4,False,gateway_error,0.27522,0,retry,payment_link,True,[],"[{'action': 'retry', 'reasons': ['strict_retry_limit_exceeded']}, {'action': 'reminder', 'reasons': ['reminder_not_allowed_for_temporary_failure']}]",Strict
txn_007567,cust_000667,630.94,card,289,26,23,0.8846,2,False,insufficient_balance,0.57692,1,reminder,reminder,True,[],[],Strict
txn_004583,cust_001788,520.49,wallet,1399,22,17,0.7727,2,False,gateway_error,0.42454,0,retry,payment_link,True,[],"[{'action': 'retry', 'reasons': ['strict_retry_limit_exceeded']}]",Strict
txn_005712,cust_003293,3582.96,netbanking,1140,0,0,0.0,1,True,insufficient_balance,0.3,1,payment_link,retry,True,[],"[{'action': 'payment_link', 'reasons': ['payment_link_restricted']}]",Strict
txn_003285,cust_000886,2348.01,upi,603,26,18,0.6923,1,False,insufficient_balance,0.61846,1,payment_link,reminder,True,[],"[{'action': 'payment_link', 'reasons': ['payment_link_restricted']}]",Strict
txn_007586,cust_002625,313.07,upi,882,7,4,0.5714,3,False,insufficient_balance,0.4342799999999999,0,reminder,reminder,True,[],[],Strict
txn_009647,cust_000535,2793.1,wallet,1144,11,10,0.9091,2,False,authentication_failed,0.5518200000000001,1,payment_link,reminder,True,[],"[{'action': 'payment_link', 'reasons': ['payment_link_restricted']}]",Strict
txn_001531,cust_002501,7542.19,card,1457,21,19,0.9048,3,False,expired_card,0.6709599999999999,0,payment_link,payment_link,True,[],[],Strict
txn_009686,cust_000938,1978.63,card,80,15,11,0.7333,1,False,gateway_error,0.7466599999999999,1,retry,retry,True,[],[],Strict
txn_000354,cust_000017,667.53,upi,110,21,19,0.9048,4,False,expired_card,0.5909599999999999,1,payment_link,payment_link,True,[],[],Strict
txn_002475,cust_003109,920.66,upi,1077,9,4,0.4444,2,False,authentication_failed,0.45888,1,payment_link,reminder,True,[],"[{'action': 'payment_link', 'reasons': ['payment_link_restricted']}]",Strict
txn_008014,cust_002041,614.94,netbanking,1085,14,10,0.7143,1,False,authentication_failed,0.59286,1,payment_link,reminder,True,[],"[{'action': 'payment_link', 'reasons': ['payment_link_restricted']}]",Strict
txn_006476,cust_001831,2869.2,upi,658,9,6,0.6667,2,False,authentication_failed,0.50334,1,payment_link,reminder,True,[],"[{'action': 'payment_link', 'reasons': ['payment_link_restricted']}]",Strict
txn_006450,cust_001067,1041.47,upi,822,5,4,0.8,4,False,bank_decline,0.30000000000000004,1,retry,payment_link,True,[],"[{'action': 'retry', 'reasons': ['strict_retry_limit_exceeded', 'failure_reason_not_safe_for_retry']}]",Strict
txn_000240,cust_002144,1297.55,card,89,27,20,0.7407,3,False,gateway_error,0.33814,0,retry,payment_link,True,[],"[{'action': 'retry', 'reasons': ['strict_retry_limit_exceeded']}, {'action': 'reminder', 'reasons': ['reminder_not_allowed_for_temporary_failure']}]",Strict
txn_002626,cust_000156,3324.41,upi,783,25,17,0.68,2,False,network_error,0.40599999999999997,1,retry,payment_link,True,[],"[{'action': 'retry', 'reasons': ['strict_retry_limit_exceeded']}]",Strict
txn_009787,cust_001927,2820.48,wallet,463,20,14,0.7,1,False,bank_decline,0.5199999999999999,1,retry,payment_link,True,[],"[{'action': 'retry', 'reasons': ['failure_reason_not_safe_for_retry']}]",Strict
txn_007199,cust_003114,5105.26,wallet,615,14,12,0.8571,2,False,bank_decline,0.47142,1,retry,payment_link,True,[],"[{'action': 'retry', 'reasons': ['strict_retry_limit_exceeded', 'failure_reason_not_safe_for_retry']}]",Strict
txn_007693,cust_001857,486.21,card,1042,27,22,0.8148,1,False,insufficient_balance,0.64296,1,payment_link,reminder,True,[],"[{'action': 'payment_link', 'reasons': ['payment_link_restricted']}]",Strict
txn_002998,cust_000514,629.05,card,1363,0,0,0.0,4,True,insufficient_balance,0.19,0,payment_link,reminder,True,[],"[{'action': 'payment_link', 'reasons': ['payment_link_restricted']}]",Strict
txn_006441,cust_001817,703.37,upi,1416,12,9,0.75,3,False,authentication_failed,0.43999999999999995,0,payment_link,reminder,True,[],"[{'action': 'payment_link', 'reasons': ['payment_link_restricted']}]",Strict
txn_004563,cust_001386,215.32,upi,1440,3,3,1.0,4,False,network_error,0.31000000000000005,1,retry,payment_link,True,[],"[{'action': 'retry', 'reasons': ['strict_retry_limit_exceeded']}, {'action': 'reminder', 'reasons': ['reminder_not_allowed_for_temporary_failure']}]",Strict
txn_008615,cust_000216,425.29,wallet,1336,8,4,0.5,3,False,network_error,0.29000000000000004,0,retry,payment_link,True,[],"[{'action': 'retry', 'reasons': ['strict_retry_limit_exceeded']}]",Strict
txn_001480,cust_001803,420.66,upi,1216,10,7,0.7,3,False,network_error,0.32999999999999996,0,retry,payment_link,True,[],"[{'action': 'retry', 'reasons': ['strict_retry_limit_exceeded']}]",Strict
txn_001019,cust_001005,2955.25,upi,385,12,11,0.9167,3,False,gateway_error,0.37334,1,retry,payment_link,True,[],"[{'action': 'retry', 'reasons': ['strict_retry_limit_exceeded']}, {'action': 'reminder', 'reasons': ['reminder_not_allowed_for_temporary_failure']}]",Strict
txn_003095,cust_002616,376.38,netbanking,1016,21,19,0.9048,2,False,bank_decline,0.45095999999999997,1,retry,reminder,True,[],"[{'action': 'retry', 'reasons': ['strict_retry_limit_exceeded', 'failure_reason_not_safe_for_retry']}]",Strict
txn_006183,cust_001001,843.15,netbanking,213,4,3,0.75,4,False,bank_decline,0.29000000000000004,1,retry,payment_link,True,[],"[{'action': 'retry', 'reasons': ['strict_retry_limit_exceeded', 'failure_reason_not_safe_for_retry']}]",Strict
txn_004961,cust_001095,474.38,card,187,6,5,0.8333,4,False,gateway_error,0.27666,0,retry,payment_link,True,[],"[{'action': 'retry', 'reasons': ['strict_retry_limit_exceeded']}]",Strict
txn_008493,cust_001231,2102.9,card,33,6,5,0.8333,4,False,authentication_failed,0.37666,1,reminder,reminder,True,[],[],Strict
txn_001104,cust_001392,1514.47,upi,639,23,14,0.6087,1,False,authentication_failed,0.57174,0,payment_link,reminder,True,[],"[{'action': 'payment_link', 'reasons': ['payment_link_restricted']}]",Strict
txn_006082,cust_001686,221.7,netbanking,1323,12,11,0.9167,4,False,insufficient_balance,0.42334000000000005,0,reminder,reminder,True,[],[],Strict
txn_009526,cust_001519,2655.24,card,1390,18,12,0.6667,4,False,network_error,0.24333999999999995,0,retry,payment_link,True,[],"[{'action': 'retry', 'reasons': ['strict_retry_limit_exceeded']}]",Strict
txn_005191,cust_000641,483.95,wallet,779,16,11,0.6875,4,False,network_error,0.2475,0,retry,payment_link,True,[],"[{'action': 'retry', 'reasons': ['strict_retry_limit_exceeded']}]",Strict
txn_004182,cust_002740,270.63,wallet,1027,4,4,1.0,1,False,gateway_error,0.8,0,retry,retry,True,[],[],Strict
txn_004468,cust_001425,1058.55,upi,1006,15,12,0.8,3,False,authentication_failed,0.44999999999999996,1,payment_link,reminder,True,[],"[{'action': 'payment_link', 'reasons': ['payment_link_restricted']}]",Strict
txn_001627,cust_001830,904.31,netbanking,365,24,18,0.75,4,False,insufficient_balance,0.39,0,reminder,reminder,True,[],[],Strict
txn_006718,cust_002708,679.72,upi,1101,17,12,0.7059,4,False,insufficient_balance,0.3811800000000001,1,payment_link,reminder,True,[],"[{'action': 'payment_link', 'reasons': ['payment_link_restricted']}]",Strict
txn_003799,cust_001876,851.84,netbanking,346,2,1,0.5,1,False,bank_decline,0.48000000000000004,0,retry,payment_link,True,[],"[{'action': 'retry', 'reasons': ['failure_reason_not_safe_for_retry']}]",Strict
txn_003054,cust_002276,856.13,card,627,18,13,0.7222,4,False,bank_decline,0.2844399999999999,0,retry,payment_link,True,[],"[{'action': 'retry', 'reasons': ['strict_retry_limit_exceeded', 'failure_reason_not_safe_for_retry']}]",Strict
txn_002868,cust_000562,543.17,card,604,27,22,0.8148,1,False,authentication_failed,0.61296,0,payment_link,reminder,True,[],"[{'action': 'payment_link', 'reasons': ['payment_link_restricted']}]",Strict
txn_001433,cust_000436,635.06,card,124,6,5,0.8333,1,False,bank_decline,0.54666,1,retry,payment_link,True,[],"[{'action': 'retry', 'reasons': ['failure_reason_not_safe_for_retry']}]",Strict
txn_007984,cust_001578,423.07,card,672,10,7,0.7,4,False,network_error,0.24999999999999994,0,retry,payment_link,True,[],"[{'action': 'retry', 'reasons': ['strict_retry_limit_exceeded']}]",Strict
txn_009347,cust_003108,2043.62,wallet,547,21,11,0.5238,4,False,network_error,0.21476,0,retry,payment_link,True,[],"[{'action': 'retry', 'reasons': ['strict_retry_limit_exceeded']}]",Strict
txn_009420,cust_000889,698.94,netbanking,730,22,16,0.7273,2,False,bank_decline,0.4454599999999999,0,retry,payment_link,True,[],"[{'action': 'retry', 'reasons': ['strict_retry_limit_exceeded', 'failure_reason_not_safe_for_retry']}]",Strict
txn_004077,cust_002650,677.76,wallet,171,17,13,0.7647,4,False,insufficient_balance,0.39294000000000007,0,reminder,reminder,True,[],[],Strict
txn_000218,cust_001819,303.62,wallet,939,3,2,0.6667,2,False,network_error,0.4033399999999999,1,retry,payment_link,True,[],"[{'action': 'retry', 'reasons': ['strict_retry_limit_exceeded']}]",Strict
txn_003556,cust_002870,1047.65,upi,1437,29,20,0.6897,3,False,insufficient_balance,0.4579399999999999,1,reminder,reminder,True,[],[],Strict
txn_007937,cust_002355,358.12,wallet,566,14,12,0.8571,2,False,authentication_failed,0.54142,0,reminder,reminder,True,[],[],Strict
txn_008422,cust_000672,747.09,netbanking,510,28,18,0.6429,2,False,insufficient_balance,0.5285799999999999,1,reminder,reminder,True,[],[],Strict
txn_001035,cust_002801,1070.26,upi,1258,18,12,0.6667,3,False,authentication_failed,0.42333999999999994,1,payment_link,reminder,True,[],"[{'action': 'payment_link', 'reasons': ['payment_link_restricted']}]",Strict
txn_003774,cust_002218,1301.11,wallet,901,24,17,0.7083,1,False,bank_decline,0.52166,1,retry,payment_link,True,[],"[{'action': 'retry', 'reasons': ['failure_reason_not_safe_for_retry']}]",Strict
txn_004133,cust_001790,1643.18,wallet,1087,14,10,0.7143,2,False,bank_decline,0.44286,1,retry,payment_link,True,[],"[{'action': 'retry', 'reasons': ['strict_retry_limit_exceeded', 'failure_reason_not_safe_for_retry']}]",Strict
txn_002336,cust_000355,2361.08,wallet,334,13,10,0.7692,1,False,gateway_error,0.7538400000000001,0,retry,retry,True,[],[],Strict
txn_006493,cust_002156,461.05,wallet,379,13,9,0.6923,4,False,insufficient_balance,0.37846,0,reminder,reminder,True,[],[],Strict
txn_001483,cust_002468,614.56,card,16,20,15,0.75,1,False,expired_card,0.8,1,payment_link,payment_link,True,[],[],Strict
txn_000907,cust_001596,1663.33,upi,1178,21,16,0.7619,4,False,bank_decline,0.29238,0,retry,payment_link,True,[],"[{'action': 'retry', 'reasons': ['strict_retry_limit_exceeded', 'failure_reason_not_safe_for_retry']}]",Strict
txn_006089,cust_001078,372.15,netbanking,1461,14,9,0.6429,4,False,expired_card,0.53858,1,payment_link,payment_link,True,[],[],Strict
txn_006467,cust_000198,1315.77,upi,1159,3,3,1.0,3,False,insufficient_balance,0.5199999999999999,0,reminder,reminder,True,[],[],Strict
txn_005677,cust_001502,702.31,wallet,886,11,7,0.6364,3,False,bank_decline,0.3472799999999999,0,retry,payment_link,True,[],"[{'action': 'retry', 'reasons': ['strict_retry_limit_exceeded', 'failure_reason_not_safe_for_retry']}]",Strict
txn_002771,cust_002095,1713.48,card,1214,4,4,1.0,3,False,gateway_error,0.39,0,retry,payment_link,True,[],"[{'action': 'retry', 'reasons': ['strict_retry_limit_exceeded']}]",Strict
txn_001806,cust_001423,2751.12,wallet,1443,15,13,0.8667,3,False,network_error,0.36334,0,retry,payment_link,True,[],"[{'action': 'retry', 'reasons': ['strict_retry_limit_exceeded']}]",Strict
txn_007375,cust_000008,2091.47,upi,285,3,2,0.6667,2,False,gateway_error,0.4033399999999999,1,retry,payment_link,True,[],"[{'action': 'retry', 'reasons': ['strict_retry_limit_exceeded']}]",Strict
txn_002115,cust_002493,189.76,card,1159,11,8,0.7273,1,False,gateway_error,0.74546,1,retry,retry,True,[],[],Strict
txn_004535,cust_000495,978.69,netbanking,1222,6,3,0.5,4,False,gateway_error,0.21000000000000002,0,retry,payment_link,True,[],"[{'action': 'retry', 'reasons': ['strict_retry_limit_exceeded']}]",Strict
txn_002532,cust_002029,1161.71,upi,624,29,20,0.6897,4,False,network_error,0.24794,0,retry,payment_link,True,[],"[{'action': 'retry', 'reasons': ['strict_retry_limit_exceeded']}]",Strict
txn_008526,cust_003035,1028.54,card,184,14,11,0.7857,1,False,authentication_failed,0.60714,0,reminder,reminder,True,[],[],Strict
txn_003471,cust_002667,1471.27,card,645,24,17,0.7083,3,False,insufficient_balance,0.46165999999999996,0,reminder,reminder,True,[],[],Strict
txn_001403,cust_001913,706.96,upi,1455,11,8,0.7273,2,False,network_error,0.41545999999999994,1,retry,payment_link,True,[],"[{'action': 'retry', 'reasons': ['strict_retry_limit_exceeded']}]",Strict
txn_000853,cust_001379,1750.99,wallet,1216,21,14,0.6667,2,False,network_error,0.4033399999999999,1,retry,payment_link,True,[],"[{'action': 'retry', 'reasons': ['strict_retry_limit_exceeded']}]",Strict
txn_003083,cust_001905,462.76,netbanking,653,5,5,1.0,3,False,authentication_failed,0.49,1,reminder,reminder,True,[],[],Strict
txn_008025,cust_003005,997.3,card,1025,7,6,0.8571,1,False,gateway_error,0.77142,1,retry,retry,True,[],[],Strict
txn_007566,cust_002611,976.95,netbanking,403,11,10,0.9091,1,False,bank_decline,0.56182,1,retry,payment_link,True,[],"[{'action': 'retry', 'reasons': ['failure_reason_not_safe_for_retry']}]",Strict
txn_005530,cust_000351,3642.96,card,171,10,8,0.8,3,False,gateway_error,0.35,0,retry,payment_link,True,[],"[{'action': 'retry', 'reasons': ['strict_retry_limit_exceeded']}]",Strict
txn_007855,cust_000308,4297.54,netbanking,129,5,4,0.8,1,False,bank_decline,0.54,1,retry,payment_link,True,[],"[{'action': 'retry', 'reasons': ['failure_reason_not_safe_for_retry']}]",Strict
txn_004933,cust_000241,634.65,upi,1031,20,17,0.85,1,False,expired_card,0.82,1,payment_link,payment_link,True,[],[],Strict
txn_005160,cust_000401,851.14,wallet,665,16,12,0.75,4,False,network_error,0.26,0,retry,payment_link,True,[],"[{'action': 'retry', 'reasons': ['strict_retry_limit_exceeded']}]",Strict
txn_009716,cust_000102,1460.14,upi,101,0,0,0.0,1,True,expired_card,0.5999999999999999,0,payment_link,payment_link,True,[],[],Strict
txn_003847,cust_003160,229.86,card,686,11,7,0.6364,1,False,gateway_error,0.7272799999999999,1,retry,retry,True,[],[],Strict
txn_006484,cust_002308,959.72,netbanking,587,26,23,0.8846,2,False,network_error,0.44692000000000004,0,retry,payment_link,True,[],"[{'action': 'retry', 'reasons': ['strict_retry_limit_exceeded']}]",Strict
txn_000748,cust_002438,967.92,netbanking,1122,23,19,0.8261,2,False,expired_card,0.73522,0,payment_link,payment_link,True,[],[],Strict
txn_003035,cust_000972,2882.6,card,933,4,4,1.0,2,False,gateway_error,0.47000000000000003,0,retry,payment_link,True,[],"[{'action': 'retry', 'reasons': ['strict_retry_limit_exceeded']}]",Strict
txn_000348,cust_001431,761.34,netbanking,1367,23,20,0.8696,3,False,authentication_failed,0.46392,0,payment_link,reminder,True,[],"[{'action': 'payment_link', 'reasons': ['payment_link_restricted']}]",Strict
txn_003352,cust_000342,611.91,upi,122,24,15,0.625,2,False,gateway_error,0.39499999999999996,1,retry,payment_link,True,[],"[{'action': 'retry', 'reasons': ['strict_retry_limit_exceeded']}]",Strict
txn_002865,cust_001345,1934.99,card,337,11,9,0.8182,4,False,gateway_error,0.27364,0,retry,payment_link,True,[],"[{'action': 'retry', 'reasons': ['strict_retry_limit_exceeded']}]",Strict
txn_002168,cust_002787,738.86,wallet,218,1,1,1.0,2,False,gateway_error,0.47000000000000003,1,retry,payment_link,True,[],"[{'action': 'retry', 'reasons': ['strict_retry_limit_exceeded']}]",Strict
txn_006955,cust_002060,1081.21,netbanking,277,26,22,0.8462,2,False,authentication_failed,0.53924,0,payment_link,reminder,True,[],"[{'action': 'payment_link', 'reasons': ['payment_link_restricted']}]",Strict
txn_006210,cust_002621,745.98,wallet,224,23,18,0.7826,1,False,expired_card,0.8065199999999999,1,payment_link,payment_link,True,[],[],Strict
txn_002778,cust_001332,704.95,card,1338,17,10,0.5882,2,False,authentication_failed,0.48764,1,payment_link,reminder,True,[],"[{'action': 'payment_link', 'reasons': ['payment_link_restricted']}]",Strict
txn_001442,cust_001157,951.03,netbanking,96,23,17,0.7391,3,False,expired_card,0.6378199999999999,1,payment_link,payment_link,True,[],[],Strict
txn_005658,cust_002216,4286.33,card,1392,10,6,0.6,1,False,authentication_failed,0.57,0,payment_link,reminder,True,[],"[{'action': 'payment_link', 'reasons': ['payment_link_restricted']}]",Strict
txn_009658,cust_000557,1128.11,wallet,886,13,9,0.6923,4,False,insufficient_balance,0.37846,0,reminder,reminder,True,[],[],Strict
txn_003028,cust_002730,2186.57,wallet,371,4,2,0.5,2,False,authentication_failed,0.47000000000000003,1,payment_link,reminder,True,[],"[{'action': 'payment_link', 'reasons': ['payment_link_restricted']}]",Strict
txn_006118,cust_002226,4893.93,card,411,3,2,0.6667,1,False,network_error,0.7833399999999999,1,retry,retry,True,[],[],Strict
txn_002484,cust_002805,2108.94,card,879,26,17,0.6538,3,False,network_error,0.32076000000000005,0,retry,payment_link,True,[],"[{'action': 'retry', 'reasons': ['strict_retry_limit_exceeded']}]",Strict
txn_002883,cust_002990,1236.68,card,1009,19,15,0.7895,2,False,network_error,0.4279,0,retry,payment_link,True,[],"[{'action': 'retry', 'reasons': ['strict_retry_limit_exceeded']}]",Strict
txn_005562,cust_001280,2311.9,upi,311,18,15,0.8333,1,False,bank_decline,0.54666,1,retry,payment_link,True,[],"[{'action': 'retry', 'reasons': ['failure_reason_not_safe_for_retry']}]",Strict
txn_000764,cust_000789,230.94,netbanking,1316,29,24,0.8276,4,False,gateway_error,0.27552,1,retry,payment_link,True,[],"[{'action': 'retry', 'reasons': ['strict_retry_limit_exceeded']}, {'action': 'reminder', 'reasons': ['reminder_not_allowed_for_temporary_failure']}]",Strict
txn_006482,cust_000234,2153.62,upi,561,5,4,0.8,4,False,bank_decline,0.30000000000000004,0,retry,payment_link,True,[],"[{'action': 'retry', 'reasons': ['strict_retry_limit_exceeded', 'failure_reason_not_safe_for_retry']}]",Strict
txn_001617,cust_002704,571.58,wallet,1344,5,5,1.0,4,False,expired_card,0.61,1,payment_link,payment_link,True,[],[],Strict
txn_001223,cust_000463,679.36,card,836,23,19,0.8261,1,False,authentication_failed,0.61522,0,payment_link,reminder,True,[],"[{'action': 'payment_link', 'reasons': ['payment_link_restricted']}]",Strict
txn_008665,cust_002141,767.39,card,1412,23,21,0.913,3,False,bank_decline,0.40259999999999996,1,retry,payment_link,True,[],"[{'action': 'retry', 'reasons': ['strict_retry_limit_exceeded', 'failure_reason_not_safe_for_retry']}]",Strict
txn_006222,cust_002746,1692.84,wallet,916,23,20,0.8696,4,False,insufficient_balance,0.41392000000000007,0,reminder,reminder,True,[],[],Strict
txn_001577,cust_002026,1397.29,netbanking,994,24,17,0.7083,3,False,expired_card,0.63166,1,payment_link,payment_link,True,[],[],Strict
txn_009392,cust_001371,899.24,card,1336,22,15,0.6818,4,False,network_error,0.24635999999999997,1,retry,payment_link,True,[],"[{'action': 'retry', 'reasons': ['strict_retry_limit_exceeded']}]",Strict
txn_006351,cust_002819,1052.71,card,593,23,20,0.8696,2,False,bank_decline,0.47391999999999995,0,retry,payment_link,True,[],"[{'action': 'retry', 'reasons': ['strict_retry_limit_exceeded', 'failure_reason_not_safe_for_retry']}]",Strict
txn_003783,cust_003169,554.76,netbanking,1459,5,3,0.6,3,False,gateway_error,0.30999999999999994,0,retry,payment_link,True,[],"[{'action': 'retry', 'reasons': ['strict_retry_limit_exceeded']}]",Strict
txn_004375,cust_001234,1124.34,netbanking,213,29,29,1.0,2,False,bank_decline,0.49999999999999994,0,retry,payment_link,True,[],"[{'action': 'retry', 'reasons': ['strict_retry_limit_exceeded', 'failure_reason_not_safe_for_retry']}]",Strict
txn_000709,cust_001129,4481.16,wallet,652,6,5,0.8333,1,False,insufficient_balance,0.64666,0,payment_link,reminder,True,[],"[{'action': 'payment_link', 'reasons': ['payment_link_restricted']}]",Strict
txn_000510,cust_003123,3669.82,card,481,2,1,0.5,4,False,network_error,0.21000000000000002,0,retry,payment_link,True,[],"[{'action': 'retry', 'reasons': ['strict_retry_limit_exceeded']}]",Strict
txn_002955,cust_002368,410.81,upi,798,9,8,0.8889,4,False,bank_decline,0.31777999999999995,0,retry,payment_link,True,[],"[{'action': 'retry', 'reasons': ['strict_retry_limit_exceeded', 'failure_reason_not_safe_for_retry']}]",Strict
txn_007538,cust_001657,2113.57,wallet,471,8,7,0.875,2,False,network_error,0.445,1,retry,payment_link,True,[],"[{'action': 'retry', 'reasons': ['strict_retry_limit_exceeded']}]",Strict
txn_006339,cust_002431,2411.15,upi,710,12,8,0.6667,1,False,bank_decline,0.5133399999999999,0,retry,payment_link,True,[],"[{'action': 'retry', 'reasons': ['failure_reason_not_safe_for_retry']}]",Strict
txn_008923,cust_001451,6428.84,wallet,19,3,1,0.3333,3,False,authentication_failed,0.35666,0,payment_link,reminder,True,[],"[{'action': 'payment_link', 'reasons': ['payment_link_restricted']}]",Strict
txn_007064,cust_000417,763.0,upi,1277,15,11,0.7333,1,False,insufficient_balance,0.62666,1,reminder,reminder,True,[],[],Strict
txn_007163,cust_001832,2624.93,wallet,988,12,10,0.8333,4,False,network_error,0.27666,1,retry,payment_link,True,[],"[{'action': 'retry', 'reasons': ['strict_retry_limit_exceeded']}]",Strict
txn_007372,cust_003011,910.68,card,813,29,21,0.7241,1,False,expired_card,0.79482,0,payment_link,payment_link,True,[],[],Strict
txn_006829,cust_002607,3600.33,upi,1184,16,11,0.6875,2,False,insufficient_balance,0.5375,1,reminder,reminder,True,[],[],Strict
txn_003616,cust_001100,566.59,card,1317,15,11,0.7333,4,False,insufficient_balance,0.38666,0,reminder,reminder,True,[],[],Strict
txn_004657,cust_002508,4516.47,upi,1110,27,17,0.6296,1,False,gateway_error,0.7259199999999999,0,retry,retry,True,[],[],Strict
txn_006976,cust_003183,2223.24,upi,624,21,18,0.8571,3,False,expired_card,0.66142,1,payment_link,payment_link,True,[],[],Strict
txn_004351,cust_000233,427.31,netbanking,761,19,16,0.8421,2,False,authentication_failed,0.53842,1,payment_link,reminder,True,[],"[{'action': 'payment_link', 'reasons': ['payment_link_restricted']}]",Strict
txn_000712,cust_001489,889.0,upi,873,4,3,0.75,3,False,network_error,0.33999999999999997,0,retry,payment_link,True,[],"[{'action': 'retry', 'reasons': ['strict_retry_limit_exceeded']}, {'action': 'reminder', 'reasons': ['reminder_not_allowed_for_temporary_failure']}]",Strict
txn_006479,cust_002430,442.96,card,1072,15,8,0.5333,1,False,gateway_error,0.7066600000000001,1,retry,retry,True,[],[],Strict
txn_009130,cust_000203,6261.79,wallet,655,24,18,0.75,3,False,authentication_failed,0.43999999999999995,1,reminder,reminder,True,[],[],Strict
txn_008205,cust_001511,878.82,card,1173,25,19,0.76,2,False,gateway_error,0.422,0,retry,payment_link,True,[],"[{'action': 'retry', 'reasons': ['strict_retry_limit_exceeded']}]",Strict
txn_009204,cust_000653,688.91,upi,1002,4,2,0.5,1,False,insufficient_balance,0.5800000000000001,0,reminder,reminder,True,[],[],Strict
txn_000713,cust_002900,2094.97,wallet,958,27,23,0.8519,4,False,authentication_failed,0.38038000000000005,1,reminder,reminder,True,[],[],Strict
txn_009113,cust_000220,1385.44,upi,719,7,7,1.0,3,False,insufficient_balance,0.5199999999999999,1,reminder,reminder,True,[],[],Strict
txn_001246,cust_002729,362.79,netbanking,972,17,15,0.8824,3,False,gateway_error,0.36648000000000003,0,retry,payment_link,True,[],"[{'action': 'retry', 'reasons': ['strict_retry_limit_exceeded']}, {'action': 'reminder', 'reasons': ['reminder_not_allowed_for_temporary_failure']}]",Strict
txn_009786,cust_000291,812.24,card,407,18,12,0.6667,3,False,insufficient_balance,0.45333999999999997,1,reminder,reminder,True,[],[],Strict
txn_006849,cust_002608,864.05,netbanking,121,16,14,0.875,1,False,gateway_error,0.7749999999999999,1,retry,retry,True,[],[],Strict
txn_005134,cust_000064,724.75,upi,1197,23,17,0.7391,4,False,insufficient_balance,0.38782000000000005,0,reminder,reminder,True,[],[],Strict
txn_000716,cust_000910,1089.88,card,25,14,13,0.9286,2,False,gateway_error,0.45571999999999996,0,retry,payment_link,True,[],"[{'action': 'retry', 'reasons': ['strict_retry_limit_exceeded']}]",Strict
txn_003464,cust_001597,5038.4,netbanking,359,10,10,1.0,1,False,bank_decline,0.58,1,retry,payment_link,True,[],"[{'action': 'retry', 'reasons': ['failure_reason_not_safe_for_retry']}]",Strict
txn_004395,cust_002498,657.43,netbanking,429,4,3,0.75,2,False,expired_card,0.7200000000000001,1,payment_link,payment_link,True,[],[],Strict
txn_004569,cust_000091,3269.0,wallet,975,25,21,0.84,1,False,gateway_error,0.768,1,retry,retry,True,[],[],Strict
txn_008804,cust_003236,745.74,upi,569,24,12,0.5,4,False,bank_decline,0.24000000000000005,0,retry,payment_link,True,[],"[{'action': 'retry', 'reasons': ['strict_retry_limit_exceeded', 'failure_reason_not_safe_for_retry']}]",Strict
txn_008490,cust_002782,659.05,netbanking,811,21,18,0.8571,1,False,bank_decline,0.55142,1,retry,payment_link,True,[],"[{'action': 'retry', 'reasons': ['failure_reason_not_safe_for_retry']}]",Strict
txn_007702,cust_002129,2506.67,card,529,3,3,1.0,2,False,insufficient_balance,0.6,1,reminder,reminder,True,[],[],Strict
txn_000213,cust_000679,1544.16,upi,54,6,2,0.3333,3,False,gateway_error,0.25666,0,retry,payment_link,True,[],"[{'action': 'retry', 'reasons': ['strict_retry_limit_exceeded']}]",Strict
txn_009768,cust_002004,247.87,netbanking,508,27,21,0.7778,3,False,bank_decline,0.34556,1,retry,reminder,True,[],"[{'action': 'retry', 'reasons': ['strict_retry_limit_exceeded', 'failure_reason_not_safe_for_retry']}]",Strict
txn_006839,cust_002324,1327.76,wallet,1097,23,16,0.6957,3,False,bank_decline,0.3591399999999999,1,retry,payment_link,True,[],"[{'action': 'retry', 'reasons': ['strict_retry_limit_exceeded', 'failure_reason_not_safe_for_retry']}]",Strict
txn_001011,cust_003104,5071.85,card,679,14,12,0.8571,2,False,gateway_error,0.44142,1,retry,payment_link,True,[],"[{'action': 'retry', 'reasons': ['strict_retry_limit_exceeded']}]",Strict
txn_000324,cust_002022,1470.21,card,445,24,15,0.625,1,False,authentication_failed,0.575,1,payment_link,reminder,True,[],"[{'action': 'payment_link', 'reasons': ['payment_link_restricted']}]",Strict
txn_005397,cust_001456,5338.52,card,1333,17,12,0.7059,3,False,bank_decline,0.33118000000000003,1,retry,reminder,True,[],"[{'action': 'retry', 'reasons': ['strict_retry_limit_exceeded', 'failure_reason_not_safe_for_retry']}]",Strict
txn_005991,cust_001359,722.77,wallet,459,2,0,0.0,1,False,expired_card,0.6499999999999999,0,payment_link,payment_link,True,[],[],Strict
txn_003173,cust_001639,739.45,card,738,25,19,0.76,1,False,expired_card,0.802,1,payment_link,payment_link,True,[],[],Strict
txn_000335,cust_003217,1072.33,card,228,23,17,0.7391,2,False,insufficient_balance,0.5478200000000001,0,reminder,reminder,True,[],[],Strict
txn_008306,cust_003313,782.45,netbanking,1327,0,0,0.0,3,True,insufficient_balance,0.26999999999999996,0,reminder,reminder,True,[],[],Strict
txn_002211,cust_001452,1348.71,upi,349,1,1,1.0,3,False,bank_decline,0.41999999999999993,1,retry,payment_link,True,[],"[{'action': 'retry', 'reasons': ['strict_retry_limit_exceeded', 'failure_reason_not_safe_for_retry']}]",Strict
txn_004272,cust_001208,1763.8,upi,728,23,16,0.6957,2,False,gateway_error,0.40913999999999995,0,retry,payment_link,True,[],"[{'action': 'retry', 'reasons': ['strict_retry_limit_exceeded']}]",Strict
txn_006741,cust_002683,1172.62,wallet,1194,11,10,0.9091,4,False,insufficient_balance,0.4218200000000001,0,reminder,reminder,True,[],[],Strict
txn_000234,cust_000972,341.82,card,1203,4,4,1.0,2,False,network_error,0.47000000000000003,0,retry,payment_link,True,[],"[{'action': 'retry', 'reasons': ['strict_retry_limit_exceeded']}, {'action': 'reminder', 'reasons': ['reminder_not_allowed_for_temporary_failure']}]",Strict
txn_005951,cust_001310,231.1,netbanking,1451,0,0,0.0,1,True,bank_decline,0.33,0,payment_link,payment_link,True,[],[],Strict
txn_005738,cust_000682,825.7,card,879,25,16,0.64,2,False,network_error,0.39799999999999996,0,retry,payment_link,True,[],"[{'action': 'retry', 'reasons': ['strict_retry_limit_exceeded']}]",Strict
txn_007922,cust_001521,1206.21,upi,1497,24,18,0.75,3,False,bank_decline,0.33999999999999997,1,retry,reminder,True,[],"[{'action': 'retry', 'reasons': ['strict_retry_limit_exceeded', 'failure_reason_not_safe_for_retry']}]",Strict
txn_002349,cust_002049,943.57,netbanking,1326,6,5,0.8333,2,False,bank_decline,0.46666,0,retry,payment_link,True,[],"[{'action': 'retry', 'reasons': ['strict_retry_limit_exceeded', 'failure_reason_not_safe_for_retry']}]",Strict
txn_002037,cust_001116,884.86,wallet,1242,4,3,0.75,1,False,insufficient_balance,0.63,0,reminder,reminder,True,[],[],Strict
txn_007485,cust_002191,1447.26,upi,814,28,25,0.8929,4,False,bank_decline,0.31858,0,retry,payment_link,True,[],"[{'action': 'retry', 'reasons': ['strict_retry_limit_exceeded', 'failure_reason_not_safe_for_retry']}]",Strict
txn_006007,cust_002397,641.93,card,904,2,2,1.0,2,False,insufficient_balance,0.6,1,reminder,reminder,True,[],[],Strict
txn_004554,cust_001790,1252.24,upi,898,4,2,0.5,1,False,expired_card,0.75,1,payment_link,payment_link,True,[],[],Strict
txn_008073,cust_002529,775.15,upi,527,2,0,0.0,4,False,bank_decline,0.14,0,retry,payment_link,True,[],"[{'action': 'retry', 'reasons': ['strict_retry_limit_exceeded', 'failure_reason_not_safe_for_retry']}]",Strict
txn_001459,cust_003318,1076.49,upi,38,3,3,1.0,2,False,gateway_error,0.47000000000000003,0,retry,payment_link,True,[],"[{'action': 'retry', 'reasons': ['strict_retry_limit_exceeded']}]",Strict
txn_003289,cust_002892,2560.21,upi,968,9,7,0.7778,1,False,expired_card,0.80556,1,payment_link,payment_link,True,[],[],Strict
txn_003065,cust_000993,338.91,card,1176,11,10,0.9091,1,False,expired_card,0.83182,0,payment_link,payment_link,True,[],[],Strict
txn_009437,cust_002753,908.13,upi,396,25,18,0.72,2,False,authentication_failed,0.514,0,payment_link,reminder,True,[],"[{'action': 'payment_link', 'reasons': ['payment_link_restricted']}]",Strict
txn_000775,cust_001722,1119.48,upi,952,9,7,0.7778,3,False,insufficient_balance,0.47556,1,reminder,reminder,True,[],[],Strict
txn_006833,cust_000202,2453.91,upi,425,23,18,0.7826,2,False,gateway_error,0.42651999999999995,1,retry,payment_link,True,[],"[{'action': 'retry', 'reasons': ['strict_retry_limit_exceeded']}]",Strict
txn_000872,cust_000677,2099.97,upi,284,10,8,0.8,4,False,gateway_error,0.27,0,retry,payment_link,True,[],"[{'action': 'retry', 'reasons': ['strict_retry_limit_exceeded']}]",Strict
txn_008750,cust_001397,1541.08,upi,482,8,5,0.625,1,False,expired_card,0.7749999999999999,1,payment_link,payment_link,True,[],[],Strict
txn_001264,cust_001977,1280.77,card,228,29,23,0.7931,3,False,insufficient_balance,0.47861999999999993,0,payment_link,reminder,True,[],"[{'action': 'payment_link', 'reasons': ['payment_link_restricted']}, {'action': 'retry', 'reasons': ['strict_retry_limit_exceeded']}]",Strict
txn_004834,cust_002341,506.08,upi,194,25,18,0.72,2,False,network_error,0.4139999999999999,0,retry,payment_link,True,[],"[{'action': 'retry', 'reasons': ['strict_retry_limit_exceeded']}]",Strict
txn_003895,cust_002216,2565.55,upi,939,11,9,0.8182,1,False,bank_decline,0.54364,0,retry,payment_link,True,[],"[{'action': 'retry', 'reasons': ['failure_reason_not_safe_for_retry']}]",Strict
txn_006324,cust_002011,2371.92,wallet,265,24,19,0.7917,1,False,bank_decline,0.5383399999999999,1,retry,payment_link,True,[],"[{'action': 'retry', 'reasons': ['failure_reason_not_safe_for_retry']}]",Strict
txn_009213,cust_001846,543.34,upi,406,29,22,0.7586,3,False,bank_decline,0.34172,0,retry,reminder,True,[],"[{'action': 'retry', 'reasons': ['strict_retry_limit_exceeded', 'failure_reason_not_safe_for_retry']}]",Strict
txn_007020,cust_001250,1342.82,netbanking,687,5,4,0.8,1,False,expired_card,0.81,1,payment_link,payment_link,True,[],[],Strict
txn_001221,cust_003141,3610.89,wallet,1394,9,6,0.6667,2,False,insufficient_balance,0.53334,0,reminder,reminder,True,[],[],Strict
txn_001447,cust_001121,812.95,wallet,737,14,11,0.7857,4,False,network_error,0.26714000000000004,0,retry,payment_link,True,[],"[{'action': 'retry', 'reasons': ['strict_retry_limit_exceeded']}]",Strict
txn_003185,cust_002526,1253.54,upi,794,1,1,1.0,1,False,insufficient_balance,0.6799999999999999,1,reminder,reminder,True,[],[],Strict
txn_000409,cust_001791,1939.91,upi,1117,2,1,0.5,2,False,insufficient_balance,0.5000000000000001,1,reminder,reminder,True,[],[],Strict
txn_004345,cust_001481,1876.55,card,140,5,2,0.4,2,False,gateway_error,0.35,0,retry,payment_link,True,[],"[{'action': 'retry', 'reasons': ['strict_retry_limit_exceeded']}]",Strict
txn_003022,cust_001523,770.89,upi,1382,16,10,0.625,2,False,bank_decline,0.425,1,retry,payment_link,True,[],"[{'action': 'retry', 'reasons': ['strict_retry_limit_exceeded', 'failure_reason_not_safe_for_retry']}]",Strict
txn_002304,cust_002599,681.65,wallet,123,15,14,0.9333,4,False,bank_decline,0.32665999999999995,0,retry,payment_link,True,[],"[{'action': 'retry', 'reasons': ['strict_retry_limit_exceeded', 'failure_reason_not_safe_for_retry']}]",Strict
txn_006272,cust_003114,1775.18,netbanking,445,14,11,0.7857,4,False,bank_decline,0.29713999999999996,0,retry,payment_link,True,[],"[{'action': 'retry', 'reasons': ['strict_retry_limit_exceeded', 'failure_reason_not_safe_for_retry']}]",Strict
txn_008281,cust_002493,537.16,card,382,3,1,0.3333,3,False,bank_decline,0.28666,0,retry,payment_link,True,[],"[{'action': 'retry', 'reasons': ['strict_retry_limit_exceeded', 'failure_reason_not_safe_for_retry']}]",Strict
txn_006642,cust_002654,246.14,upi,120,15,12,0.8,1,False,insufficient_balance,0.64,0,reminder,reminder,True,[],[],Strict
txn_006956,cust_000872,2105.51,card,63,10,8,0.8,2,False,bank_decline,0.46,0,retry,payment_link,True,[],"[{'action': 'retry', 'reasons': ['strict_retry_limit_exceeded', 'failure_reason_not_safe_for_retry']}]",Strict
txn_002110,cust_003319,196.65,wallet,241,5,4,0.8,4,False,network_error,0.27,0,retry,payment_link,True,[],"[{'action': 'retry', 'reasons': ['strict_retry_limit_exceeded']}]",Strict
txn_005352,cust_001949,1361.6,wallet,940,2,2,1.0,3,False,expired_card,0.69,1,payment_link,payment_link,True,[],[],Strict
txn_009684,cust_002394,478.31,card,1448,17,14,0.8235,2,False,bank_decline,0.46469999999999995,0,retry,payment_link,True,[],"[{'action': 'retry', 'reasons': ['strict_retry_limit_exceeded', 'failure_reason_not_safe_for_retry']}]",Strict
txn_008344,cust_000887,4454.51,wallet,515,28,16,0.5714,1,False,network_error,0.76428,1,retry,retry,True,[],[],Strict
txn_004550,cust_000702,1758.04,card,1485,29,21,0.7241,3,False,bank_decline,0.33482,0,retry,reminder,True,[],"[{'action': 'retry', 'reasons': ['strict_retry_limit_exceeded', 'failure_reason_not_safe_for_retry']}]",Strict
txn_001881,cust_002459,1736.75,card,222,8,6,0.75,1,False,bank_decline,0.53,0,retry,payment_link,True,[],"[{'action': 'retry', 'reasons': ['failure_reason_not_safe_for_retry']}]",Strict
txn_005946,cust_001526,3488.84,netbanking,826,15,13,0.8667,2,False,insufficient_balance,0.5733400000000001,0,reminder,reminder,True,[],[],Strict
txn_001738,cust_000456,661.37,wallet,88,8,8,1.0,2,False,network_error,0.47000000000000003,0,retry,payment_link,True,[],"[{'action': 'retry', 'reasons': ['strict_retry_limit_exceeded']}, {'action': 'reminder', 'reasons': ['reminder_not_allowed_for_temporary_failure']}]",Strict
txn_007794,cust_001387,1729.77,netbanking,1145,10,8,0.8,4,False,authentication_failed,0.37,0,reminder,reminder,True,[],[],Strict
txn_005213,cust_000771,2445.35,card,429,1,0,0.0,3,False,bank_decline,0.18999999999999997,0,reminder,reminder,True,[],[],Strict
txn_003209,cust_000363,257.41,wallet,1394,19,16,0.8421,3,False,gateway_error,0.35841999999999996,0,retry,payment_link,True,[],"[{'action': 'retry', 'reasons': ['strict_retry_limit_exceeded']}]",Strict
txn_007083,cust_002709,482.42,card,139,0,0,0.0,4,True,expired_card,0.35999999999999993,0,payment_link,payment_link,True,[],[],Strict
txn_002056,cust_002199,1285.23,card,108,23,13,0.5652,1,False,authentication_failed,0.56304,1,reminder,reminder,True,[],[],Strict
txn_001689,cust_003293,675.88,netbanking,1441,18,14,0.7778,4,False,bank_decline,0.29556000000000004,1,retry,payment_link,True,[],"[{'action': 'retry', 'reasons': ['strict_retry_limit_exceeded', 'failure_reason_not_safe_for_retry']}]",Strict
txn_004780,cust_002074,2376.34,card,1397,2,2,1.0,1,False,network_error,0.85,1,retry,retry,True,[],[],Strict
txn_007476,cust_002163,2486.73,card,1104,9,8,0.8889,2,False,authentication_failed,0.54778,0,payment_link,reminder,True,[],"[{'action': 'payment_link', 'reasons': ['payment_link_restricted']}]",Strict
txn_007877,cust_002382,742.92,card,1280,12,11,0.9167,3,False,bank_decline,0.4033399999999999,0,retry,payment_link,True,[],"[{'action': 'retry', 'reasons': ['strict_retry_limit_exceeded', 'failure_reason_not_safe_for_retry']}]",Strict
txn_006750,cust_002745,2075.89,card,492,7,4,0.5714,2,False,gateway_error,0.38427999999999995,0,retry,payment_link,True,[],"[{'action': 'retry', 'reasons': ['strict_retry_limit_exceeded']}]",Strict
txn_008556,cust_000605,502.07,upi,41,4,3,0.75,3,False,insufficient_balance,0.47,0,reminder,reminder,True,[],[],Strict
txn_008123,cust_002171,1116.62,netbanking,398,22,16,0.7273,1,False,gateway_error,0.74546,1,retry,retry,True,[],[],Strict
txn_006991,cust_000314,648.02,wallet,1138,18,14,0.7778,4,False,authentication_failed,0.36556,1,payment_link,reminder,True,[],"[{'action': 'payment_link', 'reasons': ['payment_link_restricted']}]",Strict
txn_008267,cust_001790,2103.61,wallet,1329,9,7,0.7778,2,False,expired_card,0.7255600000000001,1,payment_link,payment_link,True,[],[],Strict
txn_008540,cust_003132,296.06,upi,571,4,3,0.75,3,False,authentication_failed,0.43999999999999995,0,reminder,reminder,True,[],[],Strict
txn_003393,cust_001606,1278.56,netbanking,1454,16,13,0.8125,2,False,network_error,0.43250000000000005,1,retry,payment_link,True,[],"[{'action': 'retry', 'reasons': ['strict_retry_limit_exceeded']}]",Strict
txn_006326,cust_001631,1821.58,card,821,18,14,0.7778,4,False,expired_card,0.5655600000000001,1,payment_link,payment_link,True,[],[],Strict
txn_003529,cust_000135,326.0,upi,1220,13,11,0.8462,1,False,gateway_error,0.7692399999999999,0,retry,retry,True,[],[],Strict
txn_004605,cust_002633,994.32,wallet,375,13,11,0.8462,1,False,insufficient_balance,0.64924,0,reminder,reminder,True,[],[],Strict
txn_007024,cust_000609,4212.69,card,1456,25,16,0.64,3,False,gateway_error,0.31799999999999995,1,retry,payment_link,True,[],"[{'action': 'retry', 'reasons': ['strict_retry_limit_exceeded']}]",Strict
txn_006322,cust_002108,1619.31,wallet,1213,23,18,0.7826,4,False,authentication_failed,0.36651999999999996,1,payment_link,reminder,True,[],"[{'action': 'payment_link', 'reasons': ['payment_link_restricted']}]",Strict
txn_000746,cust_000410,823.52,upi,1328,2,2,1.0,4,False,bank_decline,0.31000000000000005,1,retry,reminder,True,[],"[{'action': 'retry', 'reasons': ['strict_retry_limit_exceeded', 'failure_reason_not_safe_for_retry']}]",Strict
txn_000711,cust_002700,2074.66,card,1459,4,4,1.0,4,False,authentication_failed,0.41000000000000003,1,payment_link,reminder,True,[],"[{'action': 'payment_link', 'reasons': ['payment_link_restricted']}]",Strict
txn_000380,cust_001978,280.84,netbanking,23,22,15,0.6818,2,False,authentication_failed,0.50636,1,payment_link,reminder,True,[],"[{'action': 'payment_link', 'reasons': ['payment_link_restricted']}]",Strict
txn_008783,cust_002635,477.29,netbanking,929,24,17,0.7083,1,False,insufficient_balance,0.62166,1,payment_link,reminder,True,[],"[{'action': 'payment_link', 'reasons': ['payment_link_restricted']}]",Strict
txn_003012,cust_001864,952.62,netbanking,644,7,4,0.5714,1,False,expired_card,0.76428,0,payment_link,payment_link,True,[],[],Strict
txn_008859,cust_000269,2355.79,wallet,91,4,4,1.0,4,False,authentication_failed,0.41000000000000003,0,reminder,reminder,True,[],[],Strict
txn_007153,cust_002643,1925.42,upi,1359,4,4,1.0,4,False,insufficient_balance,0.43999999999999995,0,reminder,reminder,True,[],[],Strict
txn_008567,cust_002280,3247.29,upi,1376,8,5,0.625,2,False,network_error,0.39499999999999996,1,retry,payment_link,True,[],"[{'action': 'retry', 'reasons': ['strict_retry_limit_exceeded']}]",Strict
txn_003498,cust_002472,453.2,netbanking,754,12,11,0.9167,2,False,insufficient_balance,0.5833400000000001,0,reminder,reminder,True,[],[],Strict
txn_003890,cust_003262,1626.49,wallet,625,15,13,0.8667,2,False,insufficient_balance,0.5733400000000001,0,reminder,reminder,True,[],[],Strict
txn_004485,cust_001424,512.45,upi,436,13,8,0.6154,4,False,gateway_error,0.23308,0,retry,payment_link,True,[],"[{'action': 'retry', 'reasons': ['strict_retry_limit_exceeded']}]",Strict
txn_004012,cust_000807,2432.81,netbanking,1023,14,12,0.8571,1,False,gateway_error,0.77142,0,retry,retry,True,[],[],Strict
txn_002620,cust_002219,2457.03,netbanking,564,12,10,0.8333,3,False,authentication_failed,0.45665999999999995,1,reminder,reminder,True,[],[],Strict
txn_006671,cust_001697,984.72,card,1276,25,19,0.76,1,False,insufficient_balance,0.632,1,payment_link,reminder,True,[],"[{'action': 'payment_link', 'reasons': ['payment_link_restricted']}]",Strict
txn_006513,cust_000992,1479.08,upi,672,18,13,0.7222,2,False,insufficient_balance,0.5444399999999999,1,reminder,reminder,True,[],[],Strict
txn_003468,cust_002999,3795.81,netbanking,750,12,9,0.75,4,False,insufficient_balance,0.39,0,reminder,reminder,True,[],[],Strict
txn_001314,cust_002736,1915.12,wallet,542,4,2,0.5,1,False,authentication_failed,0.55,0,reminder,reminder,True,[],[],Strict
txn_008606,cust_000606,727.55,netbanking,1360,24,19,0.7917,2,False,bank_decline,0.4583399999999999,1,retry,payment_link,True,[],"[{'action': 'retry', 'reasons': ['strict_retry_limit_exceeded', 'failure_reason_not_safe_for_retry']}]",Strict
txn_002070,cust_000784,3252.91,wallet,202,22,18,0.8182,3,False,insufficient_balance,0.48363999999999996,0,reminder,reminder,True,[],[],Strict
txn_002983,cust_001576,1326.13,upi,782,6,3,0.5,2,False,authentication_failed,0.47000000000000003,0,payment_link,reminder,True,[],"[{'action': 'payment_link', 'reasons': ['payment_link_restricted']}]",Strict
txn_005915,cust_001436,2314.25,upi,504,1,0,0.0,3,False,expired_card,0.4899999999999999,1,payment_link,payment_link,True,[],[],Strict
txn_009171,cust_003021,1153.36,card,1208,11,10,0.9091,1,False,bank_decline,0.56182,1,retry,payment_link,True,[],"[{'action': 'retry', 'reasons': ['failure_reason_not_safe_for_retry']}]",Strict
txn_001286,cust_002090,2401.73,netbanking,828,24,18,0.75,2,False,bank_decline,0.45,0,retry,payment_link,True,[],"[{'action': 'retry', 'reasons': ['strict_retry_limit_exceeded', 'failure_reason_not_safe_for_retry']}]",Strict
txn_008991,cust_002863,2348.38,wallet,121,10,9,0.9,4,False,gateway_error,0.29000000000000004,0,retry,payment_link,True,[],"[{'action': 'retry', 'reasons': ['strict_retry_limit_exceeded']}]",Strict
txn_008430,cust_000388,455.59,netbanking,1416,20,18,0.9,2,False,expired_card,0.75,1,payment_link,payment_link,True,[],[],Strict
txn_001350,cust_001309,4715.87,card,305,8,7,0.875,1,False,bank_decline,0.5549999999999999,1,retry,payment_link,True,[],"[{'action': 'retry', 'reasons': ['failure_reason_not_safe_for_retry']}]",Strict
txn_002612,cust_001967,3694.55,netbanking,965,2,1,0.5,1,False,bank_decline,0.48000000000000004,0,retry,payment_link,True,[],"[{'action': 'retry', 'reasons': ['failure_reason_not_safe_for_retry']}]",Strict
txn_009495,cust_001971,697.06,netbanking,505,11,9,0.8182,1,False,gateway_error,0.76364,1,retry,retry,True,[],[],Strict
txn_003669,cust_000106,970.99,card,220,21,17,0.8095,3,False,insufficient_balance,0.4818999999999999,0,reminder,reminder,True,[],[],Strict
txn_002222,cust_002461,1107.89,netbanking,1013,8,4,0.5,2,False,gateway_error,0.37,1,retry,payment_link,True,[],"[{'action': 'retry', 'reasons': ['strict_retry_limit_exceeded']}]",Strict
txn_000428,cust_000451,979.34,upi,832,15,12,0.8,3,False,bank_decline,0.35,1,retry,reminder,True,[],"[{'action': 'retry', 'reasons': ['strict_retry_limit_exceeded', 'failure_reason_not_safe_for_retry']}]",Strict
txn_000654,cust_001696,808.76,netbanking,1472,24,18,0.75,2,False,authentication_failed,0.52,1,payment_link,reminder,True,[],"[{'action': 'payment_link', 'reasons': ['payment_link_restricted']}]",Strict
txn_009914,cust_001008,1713.62,netbanking,1071,22,17,0.7727,2,False,bank_decline,0.45454,0,retry,payment_link,True,[],"[{'action': 'retry', 'reasons': ['strict_retry_limit_exceeded', 'failure_reason_not_safe_for_retry']}]",Strict
txn_003536,cust_002144,1353.87,card,360,6,4,0.6667,2,False,network_error,0.4033399999999999,0,retry,payment_link,True,[],"[{'action': 'retry', 'reasons': ['strict_retry_limit_exceeded']}]",Strict
txn_007737,cust_000492,1573.19,wallet,799,25,22,0.88,4,False,network_error,0.28600000000000003,0,retry,payment_link,True,[],"[{'action': 'retry', 'reasons': ['strict_retry_limit_exceeded']}]",Strict
txn_003246,cust_001799,1182.94,card,385,23,18,0.7826,1,False,bank_decline,0.53652,0,retry,payment_link,True,[],"[{'action': 'retry', 'reasons': ['failure_reason_not_safe_for_retry']}]",Strict
txn_004741,cust_002225,748.02,upi,194,20,15,0.75,3,False,authentication_failed,0.43999999999999995,0,payment_link,reminder,True,[],"[{'action': 'payment_link', 'reasons': ['payment_link_restricted']}]",Strict
txn_009069,cust_000545,2504.49,upi,35,4,4,1.0,3,False,authentication_failed,0.49,1,reminder,reminder,True,[],[],Strict
txn_004100,cust_000529,642.32,wallet,182,6,5,0.8333,2,False,bank_decline,0.46666,1,retry,payment_link,True,[],"[{'action': 'retry', 'reasons': ['strict_retry_limit_exceeded', 'failure_reason_not_safe_for_retry']}]",Strict
txn_004101,cust_002052,3620.57,upi,1216,4,3,0.75,2,False,expired_card,0.7200000000000001,1,payment_link,payment_link,True,[],[],Strict
txn_006960,cust_002027,1474.86,netbanking,1046,10,8,0.8,4,False,insufficient_balance,0.4,0,reminder,reminder,True,[],[],Strict
txn_000612,cust_003180,793.9,upi,283,12,11,0.9167,3,False,bank_decline,0.37334,1,retry,reminder,True,[],"[{'action': 'retry', 'reasons': ['strict_retry_limit_exceeded', 'failure_reason_not_safe_for_retry']}]",Strict
txn_004289,cust_000139,203.89,upi,1319,12,11,0.9167,4,False,authentication_failed,0.39334,0,payment_link,reminder,True,[],"[{'action': 'payment_link', 'reasons': ['payment_link_restricted']}]",Strict
txn_008571,cust_002578,3546.44,wallet,889,12,11,0.9167,4,False,network_error,0.29334000000000005,1,retry,payment_link,True,[],"[{'action': 'retry', 'reasons': ['strict_retry_limit_exceeded']}]",Strict
txn_009713,cust_002196,3232.18,upi,1383,24,21,0.875,4,False,insufficient_balance,0.41500000000000004,0,reminder,reminder,True,[],[],Strict
txn_001544,cust_000147,295.02,card,681,21,16,0.7619,1,False,bank_decline,0.53238,1,retry,payment_link,True,[],"[{'action': 'retry', 'reasons': ['failure_reason_not_safe_for_retry']}]",Strict
txn_009536,cust_001818,3199.6,upi,68,4,2,0.5,3,False,network_error,0.29000000000000004,0,retry,payment_link,True,[],"[{'action': 'retry', 'reasons': ['strict_retry_limit_exceeded']}]",Strict
txn_003854,cust_002648,5469.63,wallet,1300,4,3,0.75,1,False,insufficient_balance,0.63,1,reminder,reminder,True,[],[],Strict
txn_000555,cust_003289,989.61,upi,1426,7,6,0.8571,2,False,bank_decline,0.47142,1,retry,payment_link,True,[],"[{'action': 'retry', 'reasons': ['strict_retry_limit_exceeded', 'failure_reason_not_safe_for_retry']}]",Strict
txn_006366,cust_001323,1118.64,netbanking,58,24,19,0.7917,4,False,network_error,0.26834,0,retry,payment_link,True,[],"[{'action': 'retry', 'reasons': ['strict_retry_limit_exceeded']}]",Strict
txn_000512,cust_002015,1616.63,card,1196,21,14,0.6667,3,False,gateway_error,0.32333999999999996,0,retry,payment_link,True,[],"[{'action': 'retry', 'reasons': ['strict_retry_limit_exceeded']}, {'action': 'reminder', 'reasons': ['reminder_not_allowed_for_temporary_failure']}]",Strict
txn_003207,cust_000486,265.66,netbanking,588,10,7,0.7,3,False,gateway_error,0.32999999999999996,0,retry,payment_link,True,[],"[{'action': 'retry', 'reasons': ['strict_retry_limit_exceeded']}]",Strict
txn_008085,cust_001097,1666.47,card,689,3,2,0.6667,3,False,network_error,0.32333999999999996,0,retry,payment_link,True,[],"[{'action': 'retry', 'reasons': ['strict_retry_limit_exceeded']}]",Strict
txn_000968,cust_000289,926.43,card,1044,8,6,0.75,2,False,gateway_error,0.42,0,retry,payment_link,True,[],"[{'action': 'retry', 'reasons': ['strict_retry_limit_exceeded']}]",Strict
txn_006044,cust_001527,275.86,netbanking,170,10,8,0.8,2,False,gateway_error,0.43,0,retry,payment_link,True,[],"[{'action': 'retry', 'reasons': ['strict_retry_limit_exceeded']}]",Strict
txn_006880,cust_002941,207.41,wallet,1015,15,11,0.7333,4,False,bank_decline,0.2866599999999999,0,retry,payment_link,True,[],"[{'action': 'retry', 'reasons': ['strict_retry_limit_exceeded', 'failure_reason_not_safe_for_retry']}]",Strict
txn_006776,cust_001706,1227.99,card,1004,23,16,0.6957,4,False,network_error,0.24913999999999997,0,retry,payment_link,True,[],"[{'action': 'retry', 'reasons': ['strict_retry_limit_exceeded']}]",Strict
txn_003296,cust_003299,155.74,wallet,62,9,7,0.7778,3,False,network_error,0.34556,0,retry,payment_link,True,[],"[{'action': 'retry', 'reasons': ['strict_retry_limit_exceeded']}]",Strict
txn_008702,cust_000562,982.6,wallet,1040,24,17,0.7083,3,False,bank_decline,0.36166,0,retry,payment_link,True,[],"[{'action': 'retry', 'reasons': ['strict_retry_limit_exceeded', 'failure_reason_not_safe_for_retry']}]",Strict
txn_003430,cust_001901,1358.6,wallet,43,25,18,0.72,2,False,insufficient_balance,0.5439999999999999,0,reminder,reminder,True,[],[],Strict
txn_008871,cust_000449,2332.03,upi,362,3,1,0.3333,1,False,bank_decline,0.44666,1,retry,payment_link,True,[],"[{'action': 'retry', 'reasons': ['failure_reason_not_safe_for_retry']}]",Strict
txn_006963,cust_002980,1769.8,wallet,1312,22,19,0.8636,3,False,insufficient_balance,0.49271999999999994,1,reminder,reminder,True,[],[],Strict
txn_002089,cust_002845,2525.45,card,1121,2,2,1.0,4,False,gateway_error,0.31000000000000005,0,retry,payment_link,True,[],"[{'action': 'retry', 'reasons': ['strict_retry_limit_exceeded']}]",Strict
txn_008500,cust_001115,1982.14,wallet,731,25,15,0.6,4,False,bank_decline,0.26,0,retry,payment_link,True,[],"[{'action': 'retry', 'reasons': ['strict_retry_limit_exceeded', 'failure_reason_not_safe_for_retry']}]",Strict
txn_006163,cust_000543,1294.52,wallet,1120,17,13,0.7647,1,False,expired_card,0.80294,1,payment_link,payment_link,True,[],[],Strict
txn_003211,cust_001337,383.45,netbanking,1499,14,8,0.5714,4,False,authentication_failed,0.32428,0,payment_link,reminder,True,[],"[{'action': 'payment_link', 'reasons': ['payment_link_restricted']}]",Strict
txn_009201,cust_000681,1042.4,wallet,1272,3,2,0.6667,4,False,bank_decline,0.2733399999999999,1,retry,payment_link,True,[],"[{'action': 'retry', 'reasons': ['strict_retry_limit_exceeded', 'failure_reason_not_safe_for_retry']}]",Strict
txn_006606,cust_000426,1667.42,upi,967,20,15,0.75,3,False,authentication_failed,0.43999999999999995,0,reminder,reminder,True,[],[],Strict
txn_001110,cust_003274,330.0,upi,1318,0,0,0.0,3,True,authentication_failed,0.23999999999999994,1,reminder,reminder,True,[],[],Strict
txn_005729,cust_001735,1966.37,upi,35,24,23,0.9583,1,False,gateway_error,0.79166,1,retry,retry,True,[],[],Strict
txn_007830,cust_002727,995.14,netbanking,468,11,9,0.8182,1,False,insufficient_balance,0.64364,1,payment_link,reminder,True,[],"[{'action': 'payment_link', 'reasons': ['payment_link_restricted']}]",Strict
txn_001039,cust_001223,3604.7,card,543,9,9,1.0,1,False,bank_decline,0.58,0,retry,payment_link,True,[],"[{'action': 'retry', 'reasons': ['failure_reason_not_safe_for_retry']}]",Strict
txn_001195,cust_001946,574.64,wallet,401,5,3,0.6,4,False,insufficient_balance,0.36,0,payment_link,reminder,True,[],"[{'action': 'payment_link', 'reasons': ['payment_link_restricted']}]",Strict
txn_004475,cust_001017,1253.9,netbanking,1337,4,2,0.5,4,False,gateway_error,0.21000000000000002,0,retry,payment_link,True,[],"[{'action': 'retry', 'reasons': ['strict_retry_limit_exceeded']}]",Strict
txn_009875,cust_001490,1468.32,wallet,1133,23,17,0.7391,2,False,bank_decline,0.44781999999999994,1,retry,payment_link,True,[],"[{'action': 'retry', 'reasons': ['strict_retry_limit_exceeded', 'failure_reason_not_safe_for_retry']}]",Strict
txn_002123,cust_003142,1577.91,upi,639,23,18,0.7826,1,False,network_error,0.8065199999999999,0,retry,retry,True,[],[],Strict
txn_004983,cust_001378,1162.86,card,41,24,16,0.6667,1,False,network_error,0.7833399999999999,1,retry,retry,True,[],[],Strict
txn_008974,cust_001984,172.02,netbanking,421,27,22,0.8148,3,False,expired_card,0.6529599999999999,1,payment_link,payment_link,True,[],[],Strict
txn_005701,cust_002221,154.39,card,207,17,13,0.7647,2,False,network_error,0.42294000000000004,1,retry,payment_link,True,[],"[{'action': 'retry', 'reasons': ['strict_retry_limit_exceeded']}, {'action': 'reminder', 'reasons': ['reminder_not_allowed_for_temporary_failure']}]",Strict
txn_000935,cust_001969,903.25,wallet,499,28,21,0.75,4,False,bank_decline,0.29000000000000004,0,retry,payment_link,True,[],"[{'action': 'retry', 'reasons': ['strict_retry_limit_exceeded', 'failure_reason_not_safe_for_retry']}]",Strict
txn_006102,cust_002701,471.99,netbanking,612,5,3,0.6,1,False,authentication_failed,0.57,0,payment_link,reminder,True,[],"[{'action': 'payment_link', 'reasons': ['payment_link_restricted']}]",Strict
txn_004690,cust_000453,1299.48,wallet,519,21,15,0.7143,3,False,bank_decline,0.36285999999999996,0,retry,payment_link,True,[],"[{'action': 'retry', 'reasons': ['strict_retry_limit_exceeded', 'failure_reason_not_safe_for_retry']}]",Strict
txn_000395,cust_001589,2904.98,netbanking,1017,3,2,0.6667,3,False,authentication_failed,0.42333999999999994,0,payment_link,reminder,True,[],"[{'action': 'payment_link', 'reasons': ['payment_link_restricted']}]",Strict
txn_004686,cust_002902,1506.31,upi,1316,27,24,0.8889,1,False,bank_decline,0.5577799999999999,1,retry,payment_link,True,[],"[{'action': 'retry', 'reasons': ['failure_reason_not_safe_for_retry']}]",Strict
txn_008777,cust_002704,918.44,card,56,8,6,0.75,3,False,authentication_failed,0.43999999999999995,1,payment_link,reminder,True,[],"[{'action': 'payment_link', 'reasons': ['payment_link_restricted']}]",Strict
txn_009166,cust_001285,941.7,upi,66,19,12,0.6316,3,False,insufficient_balance,0.44631999999999994,0,reminder,reminder,True,[],[],Strict
txn_005981,cust_001033,310.43,wallet,1406,26,16,0.6154,2,False,gateway_error,0.39308,1,retry,payment_link,True,[],"[{'action': 'retry', 'reasons': ['strict_retry_limit_exceeded']}]",Strict
txn_009943,cust_000001,1544.31,wallet,17,27,18,0.6667,4,False,insufficient_balance,0.37334,1,reminder,reminder,True,[],[],Strict
txn_002192,cust_000744,1155.4,card,208,28,25,0.8929,4,False,expired_card,0.58858,1,payment_link,payment_link,True,[],[],Strict
txn_001298,cust_001143,402.19,upi,790,19,11,0.5789,1,False,network_error,0.7657799999999999,1,retry,retry,True,[],[],Strict
txn_005045,cust_001861,1070.75,netbanking,879,6,4,0.6667,3,False,authentication_failed,0.42333999999999994,0,payment_link,reminder,True,[],"[{'action': 'payment_link', 'reasons': ['payment_link_restricted']}]",Strict
txn_001163,cust_000946,821.54,upi,1464,14,11,0.7857,3,False,network_error,0.34714,0,retry,payment_link,True,[],"[{'action': 'retry', 'reasons': ['strict_retry_limit_exceeded']}]",Strict
txn_004255,cust_000275,876.83,card,1216,12,10,0.8333,2,False,authentication_failed,0.53666,1,payment_link,reminder,True,[],"[{'action': 'payment_link', 'reasons': ['payment_link_restricted']}]",Strict
txn_006373,cust_000667,1583.22,upi,1258,0,0,0.0,1,True,insufficient_balance,0.3,0,retry,retry,True,[],[],Strict
txn_001528,cust_001063,3019.86,netbanking,35,16,11,0.6875,3,False,gateway_error,0.3275,0,retry,payment_link,True,[],"[{'action': 'retry', 'reasons': ['strict_retry_limit_exceeded']}, {'action': 'reminder', 'reasons': ['reminder_not_allowed_for_temporary_failure']}]",Strict
txn_004343,cust_000430,1690.81,card,836,21,16,0.7619,1,False,network_error,0.80238,1,retry,retry,True,[],[],Strict
txn_002031,cust_002456,1514.59,netbanking,309,11,10,0.9091,4,False,insufficient_balance,0.4218200000000001,0,reminder,reminder,True,[],[],Strict
txn_003061,cust_000282,5473.15,netbanking,1275,6,4,0.6667,3,False,authentication_failed,0.42333999999999994,0,payment_link,reminder,True,[],"[{'action': 'payment_link', 'reasons': ['payment_link_restricted']}]",Strict
txn_000059,cust_001203,2440.26,netbanking,657,22,15,0.6818,2,False,network_error,0.40635999999999994,0,retry,payment_link,True,[],"[{'action': 'retry', 'reasons': ['strict_retry_limit_exceeded']}]",Strict
txn_002406,cust_001856,351.17,upi,1218,20,18,0.9,3,False,insufficient_balance,0.4999999999999999,1,reminder,reminder,True,[],[],Strict
txn_005007,cust_001344,1037.9,netbanking,805,9,6,0.6667,2,False,network_error,0.4033399999999999,1,retry,payment_link,True,[],"[{'action': 'retry', 'reasons': ['strict_retry_limit_exceeded']}]",Strict
txn_006158,cust_002444,575.69,netbanking,1162,23,15,0.6522,1,False,bank_decline,0.51044,1,retry,payment_link,True,[],"[{'action': 'retry', 'reasons': ['failure_reason_not_safe_for_retry']}]",Strict
txn_007376,cust_001744,1856.1,wallet,1038,9,5,0.5556,3,False,bank_decline,0.33111999999999997,0,retry,payment_link,True,[],"[{'action': 'retry', 'reasons': ['strict_retry_limit_exceeded', 'failure_reason_not_safe_for_retry']}]",Strict
txn_004507,cust_002790,1898.92,netbanking,572,27,18,0.6667,1,False,gateway_error,0.7333399999999999,1,retry,retry,True,[],[],Strict
txn_005215,cust_001020,1056.16,netbanking,618,9,8,0.8889,1,False,insufficient_balance,0.65778,1,reminder,reminder,True,[],[],Strict
txn_006030,cust_003314,969.28,upi,1099,11,9,0.8182,1,False,authentication_failed,0.61364,0,payment_link,reminder,True,[],"[{'action': 'payment_link', 'reasons': ['payment_link_restricted']}]",Strict
txn_001781,cust_002626,2247.25,wallet,1263,19,15,0.7895,1,False,gateway_error,0.7579,1,retry,retry,True,[],[],Strict
txn_005448,cust_002300,3153.66,card,537,15,13,0.8667,1,False,network_error,0.82334,1,retry,retry,True,[],[],Strict
txn_004607,cust_000345,373.29,card,910,12,7,0.5833,2,False,expired_card,0.68666,1,payment_link,payment_link,True,[],[],Strict
txn_006915,cust_002617,1026.35,upi,662,24,22,0.9167,2,False,expired_card,0.75334,1,payment_link,payment_link,True,[],[],Strict
txn_000677,cust_000164,4246.51,card,873,16,11,0.6875,1,False,network_error,0.7875,1,retry,retry,True,[],[],Strict
txn_003583,cust_002975,880.63,netbanking,59,0,0,0.0,1,True,insufficient_balance,0.43,1,reminder,reminder,True,[],[],Strict
txn_003654,cust_001804,1985.64,card,838,0,0,0.0,3,True,insufficient_balance,0.26999999999999996,1,reminder,reminder,True,[],[],Strict
txn_007921,cust_002759,588.82,upi,327,17,12,0.7059,2,False,bank_decline,0.44117999999999996,0,retry,payment_link,True,[],"[{'action': 'retry', 'reasons': ['strict_retry_limit_exceeded', 'failure_reason_not_safe_for_retry']}]",Strict
txn_009500,cust_000261,523.45,upi,226,21,17,0.8095,4,False,network_error,0.27190000000000003,0,retry,payment_link,True,[],"[{'action': 'retry', 'reasons': ['strict_retry_limit_exceeded']}]",Strict
txn_002733,cust_001306,388.7,upi,323,7,2,0.2857,4,False,network_error,0.16714,0,retry,payment_link,True,[],"[{'action': 'retry', 'reasons': ['strict_retry_limit_exceeded']}, {'action': 'reminder', 'reasons': ['reminder_not_allowed_for_temporary_failure']}]",Strict
txn_004788,cust_000205,618.25,card,195,4,4,1.0,4,False,network_error,0.31000000000000005,0,retry,payment_link,True,[],"[{'action': 'retry', 'reasons': ['strict_retry_limit_exceeded']}]",Strict
txn_002755,cust_002162,1758.78,card,292,1,0,0.0,3,False,gateway_error,0.18999999999999997,0,retry,payment_link,True,[],"[{'action': 'retry', 'reasons': ['strict_retry_limit_exceeded']}]",Strict
txn_002338,cust_002097,910.68,netbanking,91,9,7,0.7778,1,False,bank_decline,0.53556,0,retry,payment_link,True,[],"[{'action': 'retry', 'reasons': ['failure_reason_not_safe_for_retry']}]",Strict
txn_003644,cust_002469,1336.87,netbanking,1121,26,19,0.7308,1,False,bank_decline,0.52616,0,retry,payment_link,True,[],"[{'action': 'retry', 'reasons': ['failure_reason_not_safe_for_retry']}]",Strict
txn_007738,cust_000367,1673.59,wallet,398,4,4,1.0,2,False,bank_decline,0.49999999999999994,0,retry,payment_link,True,[],"[{'action': 'retry', 'reasons': ['strict_retry_limit_exceeded', 'failure_reason_not_safe_for_retry']}]",Strict
txn_005517,cust_002748,731.72,wallet,728,17,14,0.8235,4,False,bank_decline,0.30469999999999997,0,retry,payment_link,True,[],"[{'action': 'retry', 'reasons': ['strict_retry_limit_exceeded', 'failure_reason_not_safe_for_retry']}]",Strict
txn_005247,cust_002679,638.25,wallet,172,19,14,0.7368,2,False,bank_decline,0.4473599999999999,0,retry,payment_link,True,[],"[{'action': 'retry', 'reasons': ['strict_retry_limit_exceeded', 'failure_reason_not_safe_for_retry']}]",Strict
txn_000867,cust_002928,624.47,netbanking,664,8,6,0.75,2,False,authentication_failed,0.52,1,payment_link,reminder,True,[],"[{'action': 'payment_link', 'reasons': ['payment_link_restricted']}]",Strict
txn_004448,cust_000375,2326.67,card,401,25,22,0.88,4,False,gateway_error,0.28600000000000003,1,retry,payment_link,True,[],"[{'action': 'retry', 'reasons': ['strict_retry_limit_exceeded']}, {'action': 'reminder', 'reasons': ['reminder_not_allowed_for_temporary_failure']}]",Strict
txn_005072,cust_002932,943.95,upi,1175,22,15,0.6818,4,False,network_error,0.24635999999999997,1,retry,payment_link,True,[],"[{'action': 'retry', 'reasons': ['strict_retry_limit_exceeded']}]",Strict
txn_004882,cust_000077,1110.35,wallet,1343,18,11,0.6111,1,False,network_error,0.7722199999999999,1,retry,retry,True,[],[],Strict
txn_009511,cust_001419,763.52,netbanking,1099,20,16,0.8,4,False,expired_card,0.5700000000000001,1,payment_link,payment_link,True,[],[],Strict
txn_003003,cust_002141,951.09,card,1165,20,18,0.9,2,False,bank_decline,0.4799999999999999,1,retry,payment_link,True,[],"[{'action': 'retry', 'reasons': ['strict_retry_limit_exceeded', 'failure_reason_not_safe_for_retry']}]",Strict
txn_002226,cust_002332,305.48,upi,719,3,3,1.0,2,False,insufficient_balance,0.6,1,reminder,reminder,True,[],[],Strict
txn_009057,cust_002639,1462.88,card,1320,17,9,0.5294,4,False,gateway_error,0.21588000000000002,0,retry,payment_link,True,[],"[{'action': 'retry', 'reasons': ['strict_retry_limit_exceeded']}]",Strict
txn_004827,cust_002265,467.72,netbanking,386,24,17,0.7083,2,False,gateway_error,0.41165999999999997,0,retry,payment_link,True,[],"[{'action': 'retry', 'reasons': ['strict_retry_limit_exceeded']}]",Strict
txn_007622,cust_001962,1579.18,card,972,19,15,0.7895,1,False,bank_decline,0.5378999999999999,1,retry,payment_link,True,[],"[{'action': 'retry', 'reasons': ['failure_reason_not_safe_for_retry']}]",Strict
txn_009690,cust_001479,2135.67,card,282,1,1,1.0,1,False,gateway_error,0.8,1,retry,retry,True,[],[],Strict
txn_005501,cust_000908,835.6,netbanking,135,23,17,0.7391,4,False,network_error,0.25782,0,retry,payment_link,True,[],"[{'action': 'retry', 'reasons': ['strict_retry_limit_exceeded']}]",Strict
txn_009701,cust_002904,881.5,wallet,756,0,0,0.0,3,True,insufficient_balance,0.26999999999999996,0,reminder,reminder,True,[],[],Strict
txn_008479,cust_002371,2468.5,wallet,13,15,9,0.6,4,False,bank_decline,0.26,0,retry,payment_link,True,[],"[{'action': 'retry', 'reasons': ['strict_retry_limit_exceeded', 'failure_reason_not_safe_for_retry']}]",Strict
txn_005503,cust_002360,743.47,upi,516,10,8,0.8,2,False,bank_decline,0.46,0,retry,payment_link,True,[],"[{'action': 'retry', 'reasons': ['strict_retry_limit_exceeded', 'failure_reason_not_safe_for_retry']}]",Strict
txn_001211,cust_002470,710.58,wallet,725,1,0,0.0,2,False,bank_decline,0.26999999999999996,0,reminder,reminder,True,[],[],Strict
txn_009084,cust_002111,1005.37,card,356,26,18,0.6923,1,False,bank_decline,0.5184599999999999,1,retry,payment_link,True,[],"[{'action': 'retry', 'reasons': ['failure_reason_not_safe_for_retry']}]",Strict
txn_002289,cust_000921,3218.69,wallet,791,4,4,1.0,1,False,insufficient_balance,0.6799999999999999,1,reminder,reminder,True,[],[],Strict
txn_002184,cust_002839,1399.27,card,1199,23,16,0.6957,3,False,expired_card,0.6291399999999999,1,payment_link,payment_link,True,[],[],Strict
txn_002863,cust_001321,1068.13,wallet,403,9,7,0.7778,4,False,expired_card,0.5655600000000001,0,payment_link,payment_link,True,[],[],Strict
txn_006862,cust_001816,418.64,upi,29,10,7,0.7,3,False,gateway_error,0.32999999999999996,0,retry,payment_link,True,[],"[{'action': 'retry', 'reasons': ['strict_retry_limit_exceeded']}]",Strict
txn_002363,cust_002748,449.2,upi,491,9,5,0.5556,1,False,insufficient_balance,0.59112,1,reminder,reminder,True,[],[],Strict
txn_008464,cust_003022,942.18,card,837,11,5,0.4545,3,False,bank_decline,0.31090000000000007,0,retry,payment_link,True,[],"[{'action': 'retry', 'reasons': ['strict_retry_limit_exceeded', 'failure_reason_not_safe_for_retry']}]",Strict
txn_006333,cust_001014,1704.89,upi,523,27,20,0.7407,3,False,authentication_failed,0.43814,1,reminder,reminder,True,[],[],Strict
txn_004065,cust_002079,790.01,card,479,26,19,0.7308,3,False,gateway_error,0.33616,1,retry,payment_link,True,[],"[{'action': 'retry', 'reasons': ['strict_retry_limit_exceeded']}, {'action': 'reminder', 'reasons': ['reminder_not_allowed_for_temporary_failure']}]",Strict
txn_009547,cust_001629,458.02,upi,189,15,10,0.6667,4,False,gateway_error,0.24333999999999995,1,retry,payment_link,True,[],"[{'action': 'retry', 'reasons': ['strict_retry_limit_exceeded']}, {'action': 'reminder', 'reasons': ['reminder_not_allowed_for_temporary_failure']}]",Strict
txn_000618,cust_002041,183.18,card,1196,4,4,1.0,1,False,insufficient_balance,0.6799999999999999,1,reminder,reminder,True,[],[],Strict
txn_003282,cust_002763,2545.8,wallet,1344,8,6,0.75,2,False,network_error,0.42,0,retry,payment_link,True,[],"[{'action': 'retry', 'reasons': ['strict_retry_limit_exceeded']}]",Strict
txn_005227,cust_001173,3161.58,card,783,20,15,0.75,3,False,network_error,0.33999999999999997,0,retry,payment_link,True,[],"[{'action': 'retry', 'reasons': ['strict_retry_limit_exceeded']}]",Strict
txn_003398,cust_001791,7421.29,card,1146,9,6,0.6667,3,False,expired_card,0.6233399999999999,0,payment_link,payment_link,True,[],[],Strict
txn_003066,cust_001012,1018.04,netbanking,814,19,16,0.8421,3,False,bank_decline,0.35841999999999996,0,retry,reminder,True,[],"[{'action': 'retry', 'reasons': ['strict_retry_limit_exceeded', 'failure_reason_not_safe_for_retry']}]",Strict
txn_000767,cust_001710,848.04,card,476,20,15,0.75,4,False,insufficient_balance,0.39,1,payment_link,reminder,True,[],"[{'action': 'payment_link', 'reasons': ['payment_link_restricted']}, {'action': 'retry', 'reasons': ['strict_retry_limit_exceeded']}]",Strict
txn_007079,cust_003000,3763.43,card,1180,6,0,0.0,1,False,authentication_failed,0.44999999999999996,1,payment_link,reminder,True,[],"[{'action': 'payment_link', 'reasons': ['payment_link_restricted']}]",Strict
txn_005280,cust_000942,1561.66,upi,1333,8,4,0.5,2,False,expired_card,0.67,0,payment_link,payment_link,True,[],[],Strict
txn_004150,cust_002095,1128.68,card,736,20,12,0.6,1,False,expired_card,0.77,1,payment_link,payment_link,True,[],[],Strict
txn_001145,cust_002447,383.77,netbanking,243,9,5,0.5556,3,False,gateway_error,0.30111999999999994,0,retry,payment_link,True,[],"[{'action': 'retry', 'reasons': ['strict_retry_limit_exceeded']}]",Strict
txn_004249,cust_003245,2127.63,netbanking,318,2,2,1.0,3,False,bank_decline,0.41999999999999993,1,retry,payment_link,True,[],"[{'action': 'retry', 'reasons': ['strict_retry_limit_exceeded', 'failure_reason_not_safe_for_retry']}]",Strict
txn_004111,cust_000402,3249.8,upi,1012,17,15,0.8824,4,False,network_error,0.28648000000000007,0,retry,payment_link,True,[],"[{'action': 'retry', 'reasons': ['strict_retry_limit_exceeded']}]",Strict
txn_000463,cust_001106,122.53,upi,1118,2,1,0.5,1,False,authentication_failed,0.55,0,reminder,reminder,True,[],[],Strict
txn_002933,cust_001982,1862.52,card,273,28,19,0.6786,1,False,network_error,0.78572,1,retry,retry,True,[],[],Strict
txn_004624,cust_000328,712.87,netbanking,667,24,21,0.875,4,False,bank_decline,0.31499999999999995,1,retry,payment_link,True,[],"[{'action': 'retry', 'reasons': ['strict_retry_limit_exceeded', 'failure_reason_not_safe_for_retry']}]",Strict
txn_003814,cust_002374,575.68,wallet,1322,16,13,0.8125,3,False,bank_decline,0.35250000000000004,0,retry,reminder,True,[],"[{'action': 'retry', 'reasons': ['strict_retry_limit_exceeded', 'failure_reason_not_safe_for_retry']}]",Strict
txn_006309,cust_000238,795.73,netbanking,806,23,14,0.6087,2,False,gateway_error,0.39174,1,retry,payment_link,True,[],"[{'action': 'retry', 'reasons': ['strict_retry_limit_exceeded']}]",Strict
txn_004342,cust_000112,967.95,wallet,1192,9,6,0.6667,1,False,bank_decline,0.5133399999999999,1,retry,payment_link,True,[],"[{'action': 'retry', 'reasons': ['failure_reason_not_safe_for_retry']}]",Strict
txn_005301,cust_001712,456.43,wallet,356,1,1,1.0,4,False,gateway_error,0.31000000000000005,0,retry,payment_link,True,[],"[{'action': 'retry', 'reasons': ['strict_retry_limit_exceeded']}]",Strict
txn_006805,cust_001349,357.76,wallet,520,12,9,0.75,3,False,insufficient_balance,0.47,1,reminder,reminder,True,[],[],Strict
txn_003283,cust_000900,2734.24,wallet,175,15,13,0.8667,4,False,expired_card,0.58334,0,payment_link,payment_link,True,[],[],Strict
txn_002575,cust_003063,787.97,card,1403,23,20,0.8696,2,False,bank_decline,0.47391999999999995,0,retry,payment_link,True,[],"[{'action': 'retry', 'reasons': ['strict_retry_limit_exceeded', 'failure_reason_not_safe_for_retry']}]",Strict
txn_007962,cust_001350,1119.62,card,1141,14,10,0.7143,2,False,insufficient_balance,0.54286,1,reminder,reminder,True,[],[],Strict
txn_007880,cust_001654,1380.39,card,1074,3,3,1.0,3,False,insufficient_balance,0.5199999999999999,0,reminder,reminder,True,[],[],Strict
txn_000829,cust_001955,2549.43,card,975,15,12,0.8,3,False,expired_card,0.65,1,payment_link,payment_link,True,[],[],Strict
txn_006487,cust_001063,770.81,netbanking,1420,3,3,1.0,2,False,bank_decline,0.49999999999999994,1,retry,payment_link,True,[],"[{'action': 'retry', 'reasons': ['strict_retry_limit_exceeded', 'failure_reason_not_safe_for_retry']}]",Strict
txn_007600,cust_000598,252.0,wallet,484,20,16,0.8,3,False,bank_decline,0.35,0,retry,reminder,True,[],"[{'action': 'retry', 'reasons': ['strict_retry_limit_exceeded', 'failure_reason_not_safe_for_retry']}]",Strict
txn_002541,cust_002895,3139.56,card,1112,10,6,0.6,2,False,gateway_error,0.38999999999999996,0,retry,payment_link,True,[],"[{'action': 'retry', 'reasons': ['strict_retry_limit_exceeded']}]",Strict
txn_005747,cust_000823,1690.62,upi,273,20,16,0.8,3,False,gateway_error,0.35,1,retry,payment_link,True,[],"[{'action': 'retry', 'reasons': ['strict_retry_limit_exceeded']}, {'action': 'reminder', 'reasons': ['reminder_not_allowed_for_temporary_failure']}]",Strict
txn_008527,cust_001251,903.01,card,879,15,13,0.8667,1,False,gateway_error,0.7733399999999999,1,retry,retry,True,[],[],Strict
txn_009567,cust_000225,1365.76,upi,650,4,3,0.75,2,False,gateway_error,0.42,0,retry,payment_link,True,[],"[{'action': 'retry', 'reasons': ['strict_retry_limit_exceeded']}]",Strict
txn_003743,cust_001197,619.22,card,1281,12,11,0.9167,1,False,expired_card,0.83334,1,payment_link,payment_link,True,[],[],Strict
txn_007499,cust_000286,698.88,netbanking,907,10,8,0.8,2,False,gateway_error,0.43,1,retry,payment_link,True,[],"[{'action': 'retry', 'reasons': ['strict_retry_limit_exceeded']}]",Strict
txn_003525,cust_002258,706.83,netbanking,837,17,13,0.7647,2,False,network_error,0.42294000000000004,1,retry,payment_link,True,[],"[{'action': 'retry', 'reasons': ['strict_retry_limit_exceeded']}]",Strict
txn_000021,cust_000505,657.34,upi,1387,29,23,0.7931,3,False,authentication_failed,0.44862,0,payment_link,reminder,True,[],"[{'action': 'payment_link', 'reasons': ['payment_link_restricted']}]",Strict
txn_001916,cust_002126,1228.59,wallet,1320,0,0,0.0,4,True,bank_decline,0.09000000000000001,0,retry,payment_link,True,[],"[{'action': 'retry', 'reasons': ['strict_retry_limit_exceeded', 'failure_reason_not_safe_for_retry']}]",Strict
txn_006572,cust_002975,1032.59,upi,1485,17,10,0.5882,3,False,insufficient_balance,0.4376399999999999,1,reminder,reminder,True,[],[],Strict
txn_009019,cust_003116,2162.08,upi,1388,21,16,0.7619,2,False,authentication_failed,0.5223800000000001,1,payment_link,reminder,True,[],"[{'action': 'payment_link', 'reasons': ['payment_link_restricted']}]",Strict
txn_002013,cust_000206,4402.29,card,1168,13,9,0.6923,3,False,gateway_error,0.32846,0,retry,payment_link,True,[],"[{'action': 'retry', 'reasons': ['strict_retry_limit_exceeded']}, {'action': 'reminder', 'reasons': ['reminder_not_allowed_for_temporary_failure']}]",Strict
txn_005406,cust_003197,2557.67,netbanking,1212,3,2,0.6667,3,False,insufficient_balance,0.45333999999999997,0,reminder,reminder,True,[],[],Strict
txn_001296,cust_001668,1165.19,netbanking,1026,20,14,0.7,1,False,authentication_failed,0.59,0,reminder,reminder,True,[],[],Strict
txn_003746,cust_000822,3100.79,netbanking,659,20,10,0.5,3,False,bank_decline,0.32000000000000006,0,retry,payment_link,True,[],"[{'action': 'retry', 'reasons': ['strict_retry_limit_exceeded', 'failure_reason_not_safe_for_retry']}]",Strict
txn_000592,cust_002275,875.13,netbanking,1141,23,19,0.8261,2,False,authentication_failed,0.53522,0,payment_link,reminder,True,[],"[{'action': 'payment_link', 'reasons': ['payment_link_restricted']}]",Strict
txn_001407,cust_000118,1654.44,upi,1437,20,15,0.75,2,False,insufficient_balance,0.55,0,reminder,reminder,True,[],[],Strict
txn_000222,cust_000512,355.01,wallet,61,7,7,1.0,2,False,bank_decline,0.47000000000000003,1,retry,reminder,True,[],"[{'action': 'retry', 'reasons': ['strict_retry_limit_exceeded', 'failure_reason_not_safe_for_retry']}]",Strict
txn_005618,cust_003042,792.86,netbanking,663,28,23,0.8214,1,False,bank_decline,0.54428,1,retry,payment_link,True,[],"[{'action': 'retry', 'reasons': ['failure_reason_not_safe_for_retry']}]",Strict
txn_006249,cust_001707,1234.34,card,43,17,13,0.7647,3,False,authentication_failed,0.44294,0,payment_link,reminder,True,[],"[{'action': 'payment_link', 'reasons': ['payment_link_restricted']}]",Strict
txn_004419,cust_001330,2179.33,card,1080,3,2,0.6667,1,False,gateway_error,0.7333399999999999,1,retry,retry,True,[],[],Strict
txn_000859,cust_001156,639.24,netbanking,291,17,15,0.8824,4,False,bank_decline,0.31648,0,retry,payment_link,True,[],"[{'action': 'retry', 'reasons': ['strict_retry_limit_exceeded', 'failure_reason_not_safe_for_retry']}]",Strict
txn_001784,cust_001472,311.69,netbanking,447,25,19,0.76,1,False,bank_decline,0.532,0,retry,payment_link,True,[],"[{'action': 'retry', 'reasons': ['failure_reason_not_safe_for_retry']}]",Strict
txn_007260,cust_003117,1139.31,card,1312,7,4,0.5714,2,False,bank_decline,0.38427999999999995,1,retry,reminder,True,[],"[{'action': 'retry', 'reasons': ['strict_retry_limit_exceeded', 'failure_reason_not_safe_for_retry']}]",Strict
txn_006857,cust_003265,2043.74,upi,470,21,15,0.7143,4,False,insufficient_balance,0.38286,0,reminder,reminder,True,[],[],Strict
txn_001955,cust_003308,2162.39,upi,1337,23,14,0.6087,2,False,bank_decline,0.42173999999999995,1,retry,payment_link,True,[],"[{'action': 'retry', 'reasons': ['strict_retry_limit_exceeded', 'failure_reason_not_safe_for_retry']}]",Strict
txn_001747,cust_000327,1546.74,upi,503,26,17,0.6538,3,False,bank_decline,0.35075999999999996,1,retry,payment_link,True,[],"[{'action': 'retry', 'reasons': ['strict_retry_limit_exceeded', 'failure_reason_not_safe_for_retry']}]",Strict
txn_003133,cust_000119,212.86,netbanking,573,15,12,0.8,4,False,gateway_error,0.27,0,retry,payment_link,True,[],"[{'action': 'retry', 'reasons': ['strict_retry_limit_exceeded']}]",Strict
txn_008037,cust_001839,1530.38,upi,7,11,7,0.6364,2,False,gateway_error,0.39727999999999997,1,retry,payment_link,True,[],"[{'action': 'retry', 'reasons': ['strict_retry_limit_exceeded']}]",Strict
txn_008851,cust_001267,1220.58,netbanking,160,9,8,0.8889,4,False,bank_decline,0.31777999999999995,0,retry,payment_link,True,[],"[{'action': 'retry', 'reasons': ['strict_retry_limit_exceeded', 'failure_reason_not_safe_for_retry']}]",Strict
txn_000995,cust_000532,438.7,netbanking,708,2,2,1.0,3,False,authentication_failed,0.49,0,reminder,reminder,True,[],[],Strict
txn_006109,cust_001576,1083.44,upi,1430,0,0,0.0,1,True,authentication_failed,0.39999999999999997,0,payment_link,reminder,True,[],"[{'action': 'payment_link', 'reasons': ['payment_link_restricted']}]",Strict
txn_000731,cust_001838,1060.47,upi,957,17,14,0.8235,1,False,expired_card,0.8147,1,payment_link,payment_link,True,[],[],Strict
txn_006975,cust_003060,492.58,card,1496,26,17,0.6538,2,False,bank_decline,0.43076,1,retry,payment_link,True,[],"[{'action': 'retry', 'reasons': ['strict_retry_limit_exceeded', 'failure_reason_not_safe_for_retry']}]",Strict
txn_006274,cust_003106,689.56,upi,282,26,21,0.8077,2,False,insufficient_balance,0.56154,1,reminder,reminder,True,[],[],Strict
txn_006752,cust_000318,3758.27,wallet,1245,23,15,0.6522,3,False,network_error,0.32043999999999995,1,retry,payment_link,True,[],"[{'action': 'retry', 'reasons': ['strict_retry_limit_exceeded']}]",Strict
txn_003510,cust_001488,515.52,card,436,20,16,0.8,4,False,bank_decline,0.30000000000000004,0,retry,payment_link,True,[],"[{'action': 'retry', 'reasons': ['strict_retry_limit_exceeded', 'failure_reason_not_safe_for_retry']}]",Strict
txn_003534,cust_001783,1600.18,netbanking,936,8,6,0.75,1,False,insufficient_balance,0.63,1,reminder,reminder,True,[],[],Strict
txn_002514,cust_002532,3072.17,netbanking,113,12,7,0.5833,4,False,network_error,0.22666000000000003,1,retry,payment_link,True,[],"[{'action': 'retry', 'reasons': ['strict_retry_limit_exceeded']}]",Strict
txn_005437,cust_002735,802.59,upi,454,28,21,0.75,1,False,insufficient_balance,0.63,0,payment_link,reminder,True,[],"[{'action': 'payment_link', 'reasons': ['payment_link_restricted']}]",Strict
txn_003626,cust_002583,1169.59,netbanking,1194,11,6,0.5455,1,False,expired_card,0.7591,1,payment_link,payment_link,True,[],[],Strict
txn_000466,cust_000471,199.83,netbanking,169,17,14,0.8235,2,False,insufficient_balance,0.5647000000000001,1,reminder,reminder,True,[],[],Strict
txn_006756,cust_001095,683.74,upi,1173,5,4,0.8,4,False,gateway_error,0.27,1,retry,payment_link,True,[],"[{'action': 'retry', 'reasons': ['strict_retry_limit_exceeded']}]",Strict
txn_006760,cust_002780,1157.6,upi,1003,8,6,0.75,4,False,bank_decline,0.29000000000000004,0,retry,payment_link,True,[],"[{'action': 'retry', 'reasons': ['strict_retry_limit_exceeded', 'failure_reason_not_safe_for_retry']}]",Strict
txn_007992,cust_001298,2344.53,upi,1136,29,21,0.7241,4,False,bank_decline,0.28481999999999996,0,retry,payment_link,True,[],"[{'action': 'retry', 'reasons': ['strict_retry_limit_exceeded', 'failure_reason_not_safe_for_retry']}]",Strict
txn_000158,cust_003159,860.84,wallet,1126,19,15,0.7895,2,False,insufficient_balance,0.5579,1,reminder,reminder,True,[],[],Strict
txn_003961,cust_000455,439.59,card,1065,1,1,1.0,4,False,bank_decline,0.33999999999999997,0,retry,payment_link,True,[],"[{'action': 'retry', 'reasons': ['strict_retry_limit_exceeded', 'failure_reason_not_safe_for_retry']}]",Strict
txn_008833,cust_002247,1530.62,netbanking,1271,25,21,0.84,2,False,network_error,0.438,0,retry,payment_link,True,[],"[{'action': 'retry', 'reasons': ['strict_retry_limit_exceeded']}]",Strict
txn_005471,cust_000759,1007.05,upi,186,0,0,0.0,3,True,bank_decline,0.13999999999999996,0,reminder,reminder,True,[],[],Strict
txn_000186,cust_001621,788.87,netbanking,796,1,1,1.0,2,False,insufficient_balance,0.6,1,reminder,reminder,True,[],[],Strict
txn_001003,cust_000688,576.17,netbanking,883,26,18,0.6923,3,False,bank_decline,0.32846,1,retry,reminder,True,[],"[{'action': 'retry', 'reasons': ['strict_retry_limit_exceeded', 'failure_reason_not_safe_for_retry']}]",Strict
txn_009509,cust_002988,1285.92,upi,461,25,16,0.64,1,False,bank_decline,0.508,0,retry,payment_link,True,[],"[{'action': 'retry', 'reasons': ['failure_reason_not_safe_for_retry']}]",Strict
txn_005624,cust_003087,900.48,netbanking,1074,1,0,0.0,3,False,bank_decline,0.22,0,retry,payment_link,True,[],"[{'action': 'retry', 'reasons': ['strict_retry_limit_exceeded', 'failure_reason_not_safe_for_retry']}]",Strict
txn_000401,cust_001541,1519.57,wallet,1001,15,10,0.6667,2,False,bank_decline,0.4333399999999999,0,retry,payment_link,True,[],"[{'action': 'retry', 'reasons': ['strict_retry_limit_exceeded', 'failure_reason_not_safe_for_retry']}]",Strict
txn_006241,cust_002927,520.26,netbanking,866,22,17,0.7727,3,False,authentication_failed,0.44453999999999994,0,payment_link,reminder,True,[],"[{'action': 'payment_link', 'reasons': ['payment_link_restricted']}]",Strict
txn_008941,cust_001728,520.48,card,619,1,1,1.0,4,False,insufficient_balance,0.43999999999999995,1,reminder,reminder,True,[],[],Strict
txn_009933,cust_000484,2893.68,wallet,959,5,2,0.4,1,False,authentication_failed,0.53,0,payment_link,reminder,True,[],"[{'action': 'payment_link', 'reasons': ['payment_link_restricted']}]",Strict
txn_007343,cust_002978,1636.63,netbanking,582,6,4,0.6667,4,False,network_error,0.24333999999999995,0,retry,payment_link,True,[],"[{'action': 'retry', 'reasons': ['strict_retry_limit_exceeded']}]",Strict
txn_009833,cust_003271,276.05,card,781,12,9,0.75,2,False,network_error,0.42,0,retry,payment_link,True,[],"[{'action': 'retry', 'reasons': ['strict_retry_limit_exceeded']}]",Strict
txn_008467,cust_002978,155.21,netbanking,604,8,8,1.0,3,False,bank_decline,0.41999999999999993,0,retry,payment_link,True,[],"[{'action': 'retry', 'reasons': ['strict_retry_limit_exceeded', 'failure_reason_not_safe_for_retry']}]",Strict
txn_008757,cust_000472,4954.64,wallet,593,27,20,0.7407,3,False,gateway_error,0.33814,0,retry,payment_link,True,[],"[{'action': 'retry', 'reasons': ['strict_retry_limit_exceeded']}, {'action': 'reminder', 'reasons': ['reminder_not_allowed_for_temporary_failure']}]",Strict
txn_007959,cust_002668,195.15,upi,700,1,1,1.0,1,False,network_error,0.85,1,retry,retry,True,[],[],Strict
txn_001251,cust_001237,1079.21,netbanking,1406,6,5,0.8333,3,False,insufficient_balance,0.48666,0,reminder,reminder,True,[],[],Strict
txn_003144,cust_000103,10484.88,wallet,1113,28,17,0.6071,3,False,insufficient_balance,0.44142000000000003,0,reminder,reminder,True,[],[],Strict
txn_007431,cust_000691,209.63,upi,1281,27,22,0.8148,3,False,bank_decline,0.35295999999999994,0,retry,reminder,True,[],"[{'action': 'retry', 'reasons': ['strict_retry_limit_exceeded', 'failure_reason_not_safe_for_retry']}]",Strict
txn_000060,cust_002393,2154.92,wallet,210,11,5,0.4545,1,False,gateway_error,0.6909000000000001,1,retry,retry,True,[],[],Strict
txn_007856,cust_000808,1526.83,card,665,14,12,0.8571,4,False,network_error,0.28142,1,retry,payment_link,True,[],"[{'action': 'retry', 'reasons': ['strict_retry_limit_exceeded']}]",Strict
txn_001114,cust_003296,1365.27,card,356,9,8,0.8889,4,False,insufficient_balance,0.41778000000000004,1,reminder,reminder,True,[],[],Strict
txn_003058,cust_002892,3770.34,netbanking,492,5,4,0.8,3,False,authentication_failed,0.44999999999999996,0,payment_link,reminder,True,[],"[{'action': 'payment_link', 'reasons': ['payment_link_restricted']}]",Strict
txn_009570,cust_001756,2447.5,netbanking,1477,14,11,0.7857,2,False,network_error,0.42714,0,retry,payment_link,True,[],"[{'action': 'retry', 'reasons': ['strict_retry_limit_exceeded']}]",Strict
txn_001329,cust_002734,527.51,card,1404,5,5,1.0,3,False,authentication_failed,0.49,0,payment_link,reminder,True,[],"[{'action': 'payment_link', 'reasons': ['payment_link_restricted']}]",Strict
txn_004996,cust_002364,352.95,card,162,8,6,0.75,3,False,insufficient_balance,0.47,1,reminder,reminder,True,[],[],Strict
txn_006683,cust_002442,767.54,wallet,1128,11,6,0.5455,2,False,gateway_error,0.3791,0,retry,payment_link,True,[],"[{'action': 'retry', 'reasons': ['strict_retry_limit_exceeded']}]",Strict
txn_002073,cust_002216,318.86,wallet,654,27,19,0.7037,2,False,gateway_error,0.41074,0,retry,payment_link,True,[],"[{'action': 'retry', 'reasons': ['strict_retry_limit_exceeded']}]",Strict
txn_004794,cust_002454,825.99,upi,381,9,7,0.7778,2,False,authentication_failed,0.52556,1,payment_link,reminder,True,[],"[{'action': 'payment_link', 'reasons': ['payment_link_restricted']}]",Strict
txn_006830,cust_002846,604.94,upi,581,3,2,0.6667,1,False,gateway_error,0.7333399999999999,0,retry,retry,True,[],[],Strict
txn_009630,cust_000490,1267.5,card,473,29,20,0.6897,1,False,insufficient_balance,0.6179399999999999,0,payment_link,reminder,True,[],"[{'action': 'payment_link', 'reasons': ['payment_link_restricted']}]",Strict
txn_008219,cust_001049,1452.59,wallet,350,2,1,0.5,2,False,bank_decline,0.37,0,retry,reminder,True,[],"[{'action': 'retry', 'reasons': ['strict_retry_limit_exceeded', 'failure_reason_not_safe_for_retry']}]",Strict
txn_007568,cust_002024,394.95,card,1336,9,6,0.6667,1,False,bank_decline,0.5133399999999999,1,retry,payment_link,True,[],"[{'action': 'retry', 'reasons': ['failure_reason_not_safe_for_retry']}]",Strict
txn_005923,cust_002446,1695.14,card,1287,17,13,0.7647,2,False,bank_decline,0.45293999999999995,0,retry,payment_link,True,[],"[{'action': 'retry', 'reasons': ['strict_retry_limit_exceeded', 'failure_reason_not_safe_for_retry']}]",Strict
txn_001551,cust_002655,381.05,upi,260,19,15,0.7895,1,False,expired_card,0.8079,0,payment_link,payment_link,True,[],[],Strict
txn_001010,cust_002847,713.8,wallet,1204,4,3,0.75,2,False,bank_decline,0.42,0,retry,reminder,True,[],"[{'action': 'retry', 'reasons': ['strict_retry_limit_exceeded', 'failure_reason_not_safe_for_retry']}]",Strict
txn_003756,cust_003258,2203.77,netbanking,1441,1,0,0.0,1,False,bank_decline,0.38,0,retry,payment_link,True,[],"[{'action': 'retry', 'reasons': ['failure_reason_not_safe_for_retry']}]",Strict
txn_008682,cust_001773,955.23,netbanking,1172,2,1,0.5,1,False,gateway_error,0.7,0,retry,retry,True,[],[],Strict
txn_009343,cust_002927,1440.98,wallet,1384,21,14,0.6667,4,False,gateway_error,0.24333999999999995,0,retry,payment_link,True,[],"[{'action': 'retry', 'reasons': ['strict_retry_limit_exceeded']}]",Strict
txn_008010,cust_002490,1274.4,card,220,14,9,0.6429,3,False,bank_decline,0.3485799999999999,0,retry,payment_link,True,[],"[{'action': 'retry', 'reasons': ['strict_retry_limit_exceeded', 'failure_reason_not_safe_for_retry']}]",Strict
txn_003861,cust_002039,1980.42,netbanking,1188,18,13,0.7222,2,False,network_error,0.4144399999999999,0,retry,payment_link,True,[],"[{'action': 'retry', 'reasons': ['strict_retry_limit_exceeded']}]",Strict
txn_003149,cust_002835,2038.3,card,1240,1,1,1.0,4,False,gateway_error,0.31000000000000005,0,retry,payment_link,True,[],"[{'action': 'retry', 'reasons': ['strict_retry_limit_exceeded']}]",Strict
txn_002520,cust_002072,2625.44,netbanking,198,9,9,1.0,2,False,bank_decline,0.49999999999999994,1,retry,payment_link,True,[],"[{'action': 'retry', 'reasons': ['strict_retry_limit_exceeded', 'failure_reason_not_safe_for_retry']}]",Strict
txn_003128,cust_000192,489.6,wallet,105,16,11,0.6875,3,False,authentication_failed,0.4275,1,reminder,reminder,True,[],[],Strict
txn_009085,cust_000119,4712.97,upi,462,2,1,0.5,1,False,bank_decline,0.45,0,retry,reminder,True,[],"[{'action': 'retry', 'reasons': ['failure_reason_not_safe_for_retry']}]",Strict
txn_005317,cust_000998,856.2,upi,1311,6,5,0.8333,3,False,bank_decline,0.35666,1,retry,reminder,True,[],"[{'action': 'retry', 'reasons': ['strict_retry_limit_exceeded', 'failure_reason_not_safe_for_retry']}]",Strict
txn_001196,cust_001172,1708.74,card,435,10,7,0.7,4,False,gateway_error,0.24999999999999994,0,retry,payment_link,True,[],"[{'action': 'retry', 'reasons': ['strict_retry_limit_exceeded']}]",Strict
txn_009051,cust_002173,1160.67,wallet,575,26,21,0.8077,3,False,gateway_error,0.35153999999999996,0,retry,payment_link,True,[],"[{'action': 'retry', 'reasons': ['strict_retry_limit_exceeded']}, {'action': 'reminder', 'reasons': ['reminder_not_allowed_for_temporary_failure']}]",Strict
txn_000880,cust_002798,1282.73,wallet,134,12,7,0.5833,2,False,bank_decline,0.38666,0,retry,reminder,True,[],"[{'action': 'retry', 'reasons': ['strict_retry_limit_exceeded', 'failure_reason_not_safe_for_retry']}]",Strict
txn_006990,cust_002975,1981.72,netbanking,1200,14,12,0.8571,4,False,expired_card,0.58142,0,payment_link,payment_link,True,[],[],Strict
txn_002488,cust_002903,1853.08,upi,950,12,8,0.6667,1,False,bank_decline,0.5133399999999999,1,retry,payment_link,True,[],"[{'action': 'retry', 'reasons': ['failure_reason_not_safe_for_retry']}]",Strict
txn_002841,cust_000090,2665.2,netbanking,1405,18,13,0.7222,4,False,network_error,0.25443999999999994,0,retry,payment_link,True,[],"[{'action': 'retry', 'reasons': ['strict_retry_limit_exceeded']}]",Strict
txn_004330,cust_002933,781.27,netbanking,151,6,3,0.5,4,False,insufficient_balance,0.3400000000000001,1,reminder,reminder,True,[],[],Strict
txn_002931,cust_002988,719.08,netbanking,1155,15,11,0.7333,4,False,bank_decline,0.2866599999999999,0,retry,payment_link,True,[],"[{'action': 'retry', 'reasons': ['strict_retry_limit_exceeded', 'failure_reason_not_safe_for_retry']}]",Strict
txn_006425,cust_001788,493.11,netbanking,1058,9,8,0.8889,3,False,gateway_error,0.36778,0,retry,payment_link,True,[],"[{'action': 'retry', 'reasons': ['strict_retry_limit_exceeded']}]",Strict
txn_002486,cust_000627,1192.77,wallet,1003,28,25,0.8929,4,False,authentication_failed,0.38858000000000004,0,reminder,reminder,True,[],[],Strict
txn_005748,cust_001131,682.67,card,460,4,4,1.0,4,False,authentication_failed,0.41000000000000003,1,payment_link,reminder,True,[],"[{'action': 'payment_link', 'reasons': ['payment_link_restricted']}]",Strict
txn_000884,cust_002986,1416.91,upi,890,26,19,0.7308,4,False,bank_decline,0.28615999999999997,1,retry,payment_link,True,[],"[{'action': 'retry', 'reasons': ['strict_retry_limit_exceeded', 'failure_reason_not_safe_for_retry']}]",Strict
txn_004915,cust_001474,576.57,wallet,14,24,21,0.875,1,False,insufficient_balance,0.525,0,retry,retry,True,[],[],Strict
txn_006211,cust_000242,3962.77,netbanking,1273,24,16,0.6667,1,False,gateway_error,0.7333399999999999,1,retry,retry,True,[],[],Strict
txn_009579,cust_003312,910.15,upi,114,29,21,0.7241,3,False,bank_decline,0.33482,0,retry,reminder,True,[],"[{'action': 'retry', 'reasons': ['strict_retry_limit_exceeded', 'failure_reason_not_safe_for_retry']}]",Strict
txn_000212,cust_002905,4854.18,wallet,368,2,1,0.5,4,False,authentication_failed,0.31000000000000005,1,payment_link,reminder,True,[],"[{'action': 'payment_link', 'reasons': ['payment_link_restricted']}]",Strict
txn_002276,cust_003092,1265.13,card,976,10,6,0.6,2,False,expired_card,0.6900000000000001,1,payment_link,payment_link,True,[],[],Strict
txn_002329,cust_001725,4200.2,netbanking,1243,1,1,1.0,1,False,insufficient_balance,0.6799999999999999,0,reminder,reminder,True,[],[],Strict
txn_004951,cust_002145,1443.09,wallet,1144,7,6,0.8571,4,False,network_error,0.28142,1,retry,payment_link,True,[],"[{'action': 'retry', 'reasons': ['strict_retry_limit_exceeded']}]",Strict
txn_003320,cust_002178,515.32,wallet,1217,29,20,0.6897,4,False,network_error,0.24794,0,retry,payment_link,True,[],"[{'action': 'retry', 'reasons': ['strict_retry_limit_exceeded']}]",Strict
txn_009835,cust_000229,1112.62,wallet,809,28,23,0.8214,1,False,expired_card,0.81428,0,payment_link,payment_link,True,[],[],Strict
txn_004608,cust_002561,1107.57,card,724,29,21,0.7241,1,False,network_error,0.79482,1,retry,retry,True,[],[],Strict
txn_001439,cust_001400,1526.81,wallet,568,0,0,0.0,3,True,authentication_failed,0.23999999999999994,0,payment_link,reminder,True,[],"[{'action': 'payment_link', 'reasons': ['payment_link_restricted']}]",Strict
txn_000468,cust_000615,635.69,wallet,1076,18,18,1.0,2,False,authentication_failed,0.5700000000000001,1,reminder,reminder,True,[],[],Strict
txn_005467,cust_002714,1131.34,card,898,12,6,0.5,1,False,authentication_failed,0.55,0,payment_link,reminder,True,[],"[{'action': 'payment_link', 'reasons': ['payment_link_restricted']}]",Strict
txn_003330,cust_001387,477.57,upi,544,25,19,0.76,2,False,insufficient_balance,0.552,0,reminder,reminder,True,[],[],Strict
txn_005829,cust_002210,291.84,upi,1157,10,6,0.6,3,False,bank_decline,0.33999999999999997,0,retry,payment_link,True,[],"[{'action': 'retry', 'reasons': ['strict_retry_limit_exceeded', 'failure_reason_not_safe_for_retry']}]",Strict
txn_008608,cust_002139,1914.5,netbanking,1354,26,19,0.7308,1,False,authentication_failed,0.59616,1,payment_link,reminder,True,[],"[{'action': 'payment_link', 'reasons': ['payment_link_restricted']}]",Strict
txn_000697,cust_003091,600.87,netbanking,1145,29,25,0.8621,1,False,insufficient_balance,0.65242,1,payment_link,reminder,True,[],"[{'action': 'payment_link', 'reasons': ['payment_link_restricted']}]",Strict
txn_007268,cust_003099,1369.71,netbanking,1093,28,20,0.7143,3,False,authentication_failed,0.43286,0,reminder,reminder,True,[],[],Strict
txn_009145,cust_002548,4696.48,upi,107,7,5,0.7143,4,False,insufficient_balance,0.38286,1,payment_link,reminder,True,[],"[{'action': 'payment_link', 'reasons': ['payment_link_restricted']}]",Strict
txn_008181,cust_001445,1137.27,wallet,268,22,17,0.7727,1,False,gateway_error,0.75454,1,retry,retry,True,[],[],Strict
txn_009939,cust_000229,722.07,upi,526,15,12,0.8,4,False,authentication_failed,0.37,1,payment_link,reminder,True,[],"[{'action': 'payment_link', 'reasons': ['payment_link_restricted']}]",Strict
txn_001315,cust_002114,907.74,netbanking,963,12,10,0.8333,1,False,gateway_error,0.76666,0,retry,retry,True,[],[],Strict
txn_002302,cust_002240,1036.73,wallet,38,7,7,1.0,1,False,network_error,0.85,1,retry,retry,True,[],[],Strict
txn_002040,cust_002184,899.96,netbanking,983,16,11,0.6875,2,False,bank_decline,0.43749999999999994,0,retry,payment_link,True,[],"[{'action': 'retry', 'reasons': ['strict_retry_limit_exceeded', 'failure_reason_not_safe_for_retry']}]",Strict
txn_007109,cust_001064,1297.35,upi,1265,28,19,0.6786,1,False,network_error,0.78572,1,retry,retry,True,[],[],Strict
txn_003667,cust_000094,2006.18,netbanking,403,23,15,0.6522,1,False,insufficient_balance,0.61044,1,reminder,reminder,True,[],[],Strict
txn_000915,cust_003218,6755.6,card,829,0,0,0.0,1,True,insufficient_balance,0.43,0,payment_link,reminder,True,[],"[{'action': 'payment_link', 'reasons': ['payment_link_restricted']}]",Strict
txn_000013,cust_001115,779.15,netbanking,1176,29,22,0.7586,3,False,expired_card,0.64172,1,payment_link,payment_link,True,[],[],Strict
txn_008584,cust_000151,1212.98,netbanking,765,5,4,0.8,3,False,insufficient_balance,0.48,0,reminder,reminder,True,[],[],Strict
txn_006428,cust_002586,2467.14,upi,90,11,8,0.7273,1,False,authentication_failed,0.59546,1,payment_link,reminder,True,[],"[{'action': 'payment_link', 'reasons': ['payment_link_restricted']}]",Strict
txn_001537,cust_000639,413.52,netbanking,24,16,13,0.8125,1,False,authentication_failed,0.6125,0,reminder,reminder,True,[],[],Strict
txn_000737,cust_003077,514.94,upi,123,22,16,0.7273,2,False,insufficient_balance,0.54546,0,reminder,reminder,True,[],[],Strict
txn_008202,cust_002195,1085.16,wallet,632,7,6,0.8571,1,False,bank_decline,0.55142,1,retry,payment_link,True,[],"[{'action': 'retry', 'reasons': ['failure_reason_not_safe_for_retry']}]",Strict
txn_008653,cust_001251,292.03,upi,485,9,5,0.5556,3,False,bank_decline,0.30111999999999994,0,retry,reminder,True,[],"[{'action': 'retry', 'reasons': ['strict_retry_limit_exceeded', 'failure_reason_not_safe_for_retry']}]",Strict
txn_000454,cust_002661,1505.87,card,1116,12,10,0.8333,3,False,gateway_error,0.35666,1,retry,payment_link,True,[],"[{'action': 'retry', 'reasons': ['strict_retry_limit_exceeded']}, {'action': 'reminder', 'reasons': ['reminder_not_allowed_for_temporary_failure']}]",Strict
txn_004346,cust_000254,295.45,card,1145,12,10,0.8333,2,False,insufficient_balance,0.56666,0,reminder,reminder,True,[],[],Strict
txn_000928,cust_002978,3056.37,wallet,1055,28,16,0.5714,3,False,bank_decline,0.33428,0,retry,payment_link,True,[],"[{'action': 'retry', 'reasons': ['strict_retry_limit_exceeded', 'failure_reason_not_safe_for_retry']}]",Strict
txn_006292,cust_002958,1656.7,netbanking,1493,28,18,0.6429,1,False,bank_decline,0.5085799999999999,0,retry,payment_link,True,[],"[{'action': 'retry', 'reasons': ['failure_reason_not_safe_for_retry']}]",Strict
txn_008282,cust_000051,1023.07,upi,657,18,12,0.6667,1,False,bank_decline,0.5133399999999999,1,retry,payment_link,True,[],"[{'action': 'retry', 'reasons': ['failure_reason_not_safe_for_retry']}]",Strict
txn_008723,cust_000919,1159.86,card,477,4,2,0.5,1,False,gateway_error,0.7,1,retry,retry,True,[],[],Strict
txn_006474,cust_000472,380.57,card,930,2,2,1.0,1,False,authentication_failed,0.65,1,reminder,reminder,True,[],[],Strict
txn_000038,cust_002020,649.81,wallet,695,6,5,0.8333,4,False,gateway_error,0.27666,1,retry,payment_link,True,[],"[{'action': 'retry', 'reasons': ['strict_retry_limit_exceeded']}]",Strict
txn_005771,cust_002544,787.55,upi,1137,2,0,0.0,3,False,authentication_failed,0.2899999999999999,1,reminder,reminder,True,[],[],Strict
txn_002555,cust_000267,992.29,netbanking,82,18,12,0.6667,3,False,authentication_failed,0.42333999999999994,1,payment_link,reminder,True,[],"[{'action': 'payment_link', 'reasons': ['payment_link_restricted']}]",Strict
txn_007633,cust_000815,1590.86,netbanking,674,7,6,0.8571,3,False,bank_decline,0.39142,0,retry,payment_link,True,[],"[{'action': 'retry', 'reasons': ['strict_retry_limit_exceeded', 'failure_reason_not_safe_for_retry']}]",Strict
txn_009999,cust_002330,389.58,wallet,775,0,0,0.0,4,True,expired_card,0.35999999999999993,1,payment_link,payment_link,True,[],[],Strict
txn_006621,cust_002239,2226.64,upi,813,9,8,0.8889,3,False,gateway_error,0.36778,1,retry,payment_link,True,[],"[{'action': 'retry', 'reasons': ['strict_retry_limit_exceeded']}]",Strict
txn_000941,cust_000144,344.23,upi,1252,21,12,0.5714,2,False,gateway_error,0.38427999999999995,0,retry,payment_link,True,[],"[{'action': 'retry', 'reasons': ['strict_retry_limit_exceeded']}, {'action': 'reminder', 'reasons': ['reminder_not_allowed_for_temporary_failure']}]",Strict
txn_007399,cust_000420,801.24,wallet,942,2,1,0.5,4,False,bank_decline,0.24000000000000005,0,retry,payment_link,True,[],"[{'action': 'retry', 'reasons': ['strict_retry_limit_exceeded', 'failure_reason_not_safe_for_retry']}]",Strict
txn_006129,cust_002267,1239.13,upi,762,7,4,0.5714,3,False,bank_decline,0.33428,0,retry,payment_link,True,[],"[{'action': 'retry', 'reasons': ['strict_retry_limit_exceeded', 'failure_reason_not_safe_for_retry']}]",Strict
txn_009830,cust_002760,587.27,wallet,930,18,15,0.8333,3,False,network_error,0.35666,0,retry,payment_link,True,[],"[{'action': 'retry', 'reasons': ['strict_retry_limit_exceeded']}]",Strict
txn_002681,cust_001065,871.53,card,71,4,3,0.75,3,False,authentication_failed,0.43999999999999995,0,payment_link,reminder,True,[],"[{'action': 'payment_link', 'reasons': ['payment_link_restricted']}]",Strict
txn_004355,cust_002638,100.0,card,701,16,13,0.8125,4,False,insufficient_balance,0.4025000000000001,0,reminder,reminder,True,[],[],Strict
txn_003059,cust_001286,1172.17,wallet,456,13,9,0.6923,4,False,gateway_error,0.24845999999999996,0,retry,payment_link,True,[],"[{'action': 'retry', 'reasons': ['strict_retry_limit_exceeded']}]",Strict
txn_007881,cust_001729,450.98,upi,774,18,14,0.7778,1,False,authentication_failed,0.60556,0,payment_link,reminder,True,[],"[{'action': 'payment_link', 'reasons': ['payment_link_restricted']}]",Strict
txn_000739,cust_000778,767.47,upi,737,24,19,0.7917,1,False,gateway_error,0.75834,1,retry,retry,True,[],[],Strict
txn_000539,cust_003002,1216.25,netbanking,1224,6,4,0.6667,3,False,insufficient_balance,0.45333999999999997,1,reminder,reminder,True,[],[],Strict
txn_003326,cust_002463,1650.76,card,792,3,3,1.0,1,False,authentication_failed,0.65,1,reminder,reminder,True,[],[],Strict
txn_004240,cust_003042,1594.89,card,57,3,3,1.0,3,False,authentication_failed,0.49,1,reminder,reminder,True,[],[],Strict
txn_001401,cust_000116,1352.08,netbanking,1230,0,0,0.0,3,True,insufficient_balance,0.26999999999999996,0,reminder,reminder,True,[],[],Strict
txn_004047,cust_001546,1825.34,wallet,1466,29,25,0.8621,1,False,gateway_error,0.77242,1,retry,retry,True,[],[],Strict
txn_005138,cust_000353,6283.37,netbanking,700,10,7,0.7,1,False,authentication_failed,0.59,1,payment_link,reminder,True,[],"[{'action': 'payment_link', 'reasons': ['payment_link_restricted']}]",Strict
txn_004230,cust_002934,2235.39,card,153,11,6,0.5455,4,False,network_error,0.21910000000000002,0,retry,payment_link,True,[],"[{'action': 'retry', 'reasons': ['strict_retry_limit_exceeded']}]",Strict
txn_004192,cust_002096,2689.05,upi,614,10,6,0.6,1,False,network_error,0.77,0,retry,retry,True,[],[],Strict
txn_009143,cust_000236,1071.7,wallet,1048,10,8,0.8,3,False,insufficient_balance,0.48,1,reminder,reminder,True,[],[],Strict
txn_005539,cust_000780,395.36,wallet,1052,22,17,0.7727,3,False,expired_card,0.64454,0,payment_link,payment_link,True,[],[],Strict
txn_002693,cust_000685,824.33,upi,347,23,17,0.7391,3,False,bank_decline,0.33782,0,retry,reminder,True,[],"[{'action': 'retry', 'reasons': ['strict_retry_limit_exceeded', 'failure_reason_not_safe_for_retry']}]",Strict
txn_005341,cust_001216,1124.25,netbanking,829,23,18,0.7826,3,False,network_error,0.34651999999999994,1,retry,payment_link,True,[],"[{'action': 'retry', 'reasons': ['strict_retry_limit_exceeded']}]",Strict
txn_009918,cust_003326,966.93,upi,676,8,7,0.875,3,False,authentication_failed,0.46499999999999997,0,payment_link,reminder,True,[],"[{'action': 'payment_link', 'reasons': ['payment_link_restricted']}]",Strict
txn_007671,cust_001054,2271.79,netbanking,852,21,17,0.8095,4,False,bank_decline,0.30189999999999995,0,retry,payment_link,True,[],"[{'action': 'retry', 'reasons': ['strict_retry_limit_exceeded', 'failure_reason_not_safe_for_retry']}]",Strict
txn_009174,cust_002661,2591.09,netbanking,17,2,2,1.0,1,False,authentication_failed,0.65,1,payment_link,reminder,True,[],"[{'action': 'payment_link', 'reasons': ['payment_link_restricted']}]",Strict
txn_001808,cust_001925,1929.78,wallet,1224,9,6,0.6667,1,False,gateway_error,0.7333399999999999,1,retry,retry,True,[],[],Strict
txn_005112,cust_001642,957.59,wallet,696,5,4,0.8,1,False,network_error,0.81,0,retry,retry,True,[],[],Strict
txn_003990,cust_001673,527.13,wallet,1088,15,14,0.9333,4,False,bank_decline,0.32665999999999995,1,retry,payment_link,True,[],"[{'action': 'retry', 'reasons': ['strict_retry_limit_exceeded', 'failure_reason_not_safe_for_retry']}]",Strict
txn_003456,cust_001760,367.87,wallet,1100,8,6,0.75,3,False,authentication_failed,0.43999999999999995,0,reminder,reminder,True,[],[],Strict
txn_002908,cust_002373,412.8,netbanking,1218,7,4,0.5714,2,False,bank_decline,0.41428,1,retry,payment_link,True,[],"[{'action': 'retry', 'reasons': ['strict_retry_limit_exceeded', 'failure_reason_not_safe_for_retry']}]",Strict
txn_006652,cust_001559,464.1,upi,15,7,6,0.8571,1,False,expired_card,0.82142,1,payment_link,payment_link,True,[],[],Strict
txn_008288,cust_003233,276.27,netbanking,181,15,15,1.0,1,False,bank_decline,0.58,0,retry,payment_link,True,[],"[{'action': 'retry', 'reasons': ['failure_reason_not_safe_for_retry']}]",Strict
txn_006245,cust_001854,854.01,netbanking,656,0,0,0.0,1,True,bank_decline,0.3,0,reminder,reminder,True,[],[],Strict
txn_002698,cust_000359,816.64,netbanking,410,27,19,0.7037,2,False,bank_decline,0.44073999999999997,0,retry,payment_link,True,[],"[{'action': 'retry', 'reasons': ['strict_retry_limit_exceeded', 'failure_reason_not_safe_for_retry']}]",Strict
txn_004017,cust_000586,837.26,netbanking,891,3,2,0.6667,2,False,authentication_failed,0.50334,1,payment_link,reminder,True,[],"[{'action': 'payment_link', 'reasons': ['payment_link_restricted']}]",Strict
txn_004340,cust_001891,851.25,wallet,475,8,5,0.625,2,False,bank_decline,0.425,0,retry,payment_link,True,[],"[{'action': 'retry', 'reasons': ['strict_retry_limit_exceeded', 'failure_reason_not_safe_for_retry']}]",Strict
txn_004646,cust_002973,1709.11,card,511,28,17,0.6071,3,False,gateway_error,0.31142000000000003,0,retry,payment_link,True,[],"[{'action': 'retry', 'reasons': ['strict_retry_limit_exceeded']}]",Strict
txn_007740,cust_001072,420.74,wallet,861,8,4,0.5,4,False,bank_decline,0.24000000000000005,0,retry,payment_link,True,[],"[{'action': 'retry', 'reasons': ['strict_retry_limit_exceeded', 'failure_reason_not_safe_for_retry']}]",Strict
txn_007092,cust_000985,1295.26,wallet,39,10,6,0.6,2,False,network_error,0.38999999999999996,1,retry,payment_link,True,[],"[{'action': 'retry', 'reasons': ['strict_retry_limit_exceeded']}]",Strict
txn_004693,cust_000622,645.33,upi,1145,26,23,0.8846,1,False,bank_decline,0.55692,1,payment_link,payment_link,True,[],[],Strict
txn_001740,cust_001359,3803.42,card,1173,4,4,1.0,1,False,insufficient_balance,0.6799999999999999,1,reminder,reminder,True,[],[],Strict
txn_005407,cust_000768,1771.67,upi,361,0,0,0.0,1,True,bank_decline,0.3,1,reminder,reminder,True,[],[],Strict
txn_004589,cust_003236,908.58,upi,735,5,5,1.0,4,False,gateway_error,0.31000000000000005,1,retry,payment_link,True,[],"[{'action': 'retry', 'reasons': ['strict_retry_limit_exceeded']}]",Strict
txn_003126,cust_002502,843.91,card,134,2,2,1.0,2,False,authentication_failed,0.5700000000000001,1,reminder,reminder,True,[],[],Strict
txn_002158,cust_000196,2297.06,wallet,401,29,23,0.7931,2,False,gateway_error,0.42862000000000006,0,retry,payment_link,True,[],"[{'action': 'retry', 'reasons': ['strict_retry_limit_exceeded']}]",Strict
txn_005334,cust_001047,2365.42,upi,359,19,15,0.7895,1,False,insufficient_balance,0.6378999999999999,1,payment_link,reminder,True,[],"[{'action': 'payment_link', 'reasons': ['payment_link_restricted']}]",Strict
txn_008637,cust_002816,1575.76,wallet,396,14,11,0.7857,3,False,bank_decline,0.3771399999999999,0,retry,payment_link,True,[],"[{'action': 'retry', 'reasons': ['strict_retry_limit_exceeded', 'failure_reason_not_safe_for_retry']}]",Strict
txn_001826,cust_001751,2170.13,netbanking,719,8,5,0.625,4,False,gateway_error,0.235,0,retry,payment_link,True,[],"[{'action': 'retry', 'reasons': ['strict_retry_limit_exceeded']}]",Strict
txn_004231,cust_000966,869.09,wallet,286,18,14,0.7778,1,False,insufficient_balance,0.63556,0,reminder,reminder,True,[],[],Strict
txn_003488,cust_001699,587.39,upi,847,6,3,0.5,3,False,bank_decline,0.29000000000000004,0,retry,reminder,True,[],"[{'action': 'retry', 'reasons': ['strict_retry_limit_exceeded', 'failure_reason_not_safe_for_retry']}]",Strict
txn_009054,cust_000521,1799.15,wallet,519,5,4,0.8,1,False,insufficient_balance,0.64,1,reminder,reminder,True,[],[],Strict
txn_009769,cust_000399,1329.67,upi,918,25,18,0.72,2,False,expired_card,0.714,1,payment_link,payment_link,True,[],[],Strict
txn_003648,cust_001665,2555.95,wallet,1463,0,0,0.0,1,True,insufficient_balance,0.3,0,payment_link,retry,True,[],"[{'action': 'payment_link', 'reasons': ['payment_link_restricted']}]",Strict
txn_005903,cust_002385,488.25,card,971,1,1,1.0,4,False,gateway_error,0.31000000000000005,0,retry,payment_link,True,[],"[{'action': 'retry', 'reasons': ['strict_retry_limit_exceeded']}]",Strict
txn_006386,cust_003092,678.32,netbanking,924,27,22,0.8148,3,False,bank_decline,0.35295999999999994,0,retry,reminder,True,[],"[{'action': 'retry', 'reasons': ['strict_retry_limit_exceeded', 'failure_reason_not_safe_for_retry']}]",Strict
txn_005639,cust_001969,611.59,card,183,9,6,0.6667,1,False,bank_decline,0.5133399999999999,0,retry,payment_link,True,[],"[{'action': 'retry', 'reasons': ['failure_reason_not_safe_for_retry']}]",Strict
txn_006424,cust_001406,370.34,upi,1361,24,19,0.7917,3,False,bank_decline,0.34834,0,retry,reminder,True,[],"[{'action': 'retry', 'reasons': ['strict_retry_limit_exceeded', 'failure_reason_not_safe_for_retry']}]",Strict
txn_007827,cust_001037,999.68,wallet,1461,17,13,0.7647,1,False,network_error,0.80294,1,retry,retry,True,[],[],Strict
txn_007744,cust_000623,302.97,wallet,498,18,11,0.6111,2,False,network_error,0.39221999999999996,0,retry,payment_link,True,[],"[{'action': 'retry', 'reasons': ['strict_retry_limit_exceeded']}]",Strict
txn_003013,cust_001357,399.7,upi,1173,4,4,1.0,2,False,network_error,0.47000000000000003,0,retry,payment_link,True,[],"[{'action': 'retry', 'reasons': ['strict_retry_limit_exceeded']}, {'action': 'reminder', 'reasons': ['reminder_not_allowed_for_temporary_failure']}]",Strict
txn_007672,cust_003009,365.44,netbanking,257,18,14,0.7778,2,False,insufficient_balance,0.55556,0,reminder,reminder,True,[],[],Strict
txn_009549,cust_002209,2794.56,card,2,1,1,1.0,2,False,insufficient_balance,0.6,1,reminder,reminder,True,[],[],Strict
txn_009978,cust_003327,4077.68,upi,394,25,18,0.72,4,False,bank_decline,0.2839999999999999,0,retry,payment_link,True,[],"[{'action': 'retry', 'reasons': ['strict_retry_limit_exceeded', 'failure_reason_not_safe_for_retry']}]",Strict
txn_003081,cust_003179,2114.13,card,1063,23,16,0.6957,2,False,insufficient_balance,0.5391400000000001,0,reminder,reminder,True,[],[],Strict
txn_003521,cust_000241,1429.92,card,675,9,7,0.7778,4,False,authentication_failed,0.36556,0,reminder,reminder,True,[],[],Strict
txn_004979,cust_002968,645.94,upi,773,3,2,0.6667,2,False,gateway_error,0.4033399999999999,1,retry,payment_link,True,[],"[{'action': 'retry', 'reasons': ['strict_retry_limit_exceeded']}]",Strict
txn_007620,cust_001674,807.25,card,6,14,10,0.7143,3,False,authentication_failed,0.43286,1,payment_link,reminder,True,[],"[{'action': 'payment_link', 'reasons': ['payment_link_restricted']}]",Strict
txn_004348,cust_000959,302.42,card,880,19,16,0.8421,4,False,gateway_error,0.27842,1,retry,payment_link,True,[],"[{'action': 'retry', 'reasons': ['strict_retry_limit_exceeded']}, {'action': 'reminder', 'reasons': ['reminder_not_allowed_for_temporary_failure']}]",Strict
txn_008441,cust_001260,1091.27,upi,677,29,24,0.8276,2,False,bank_decline,0.46552,1,retry,payment_link,True,[],"[{'action': 'retry', 'reasons': ['strict_retry_limit_exceeded', 'failure_reason_not_safe_for_retry']}]",Strict
txn_001347,cust_002426,1711.16,wallet,806,22,15,0.6818,2,False,authentication_failed,0.50636,1,payment_link,reminder,True,[],"[{'action': 'payment_link', 'reasons': ['payment_link_restricted']}]",Strict
txn_007088,cust_002210,736.58,card,110,22,17,0.7727,2,False,bank_decline,0.45454,0,retry,payment_link,True,[],"[{'action': 'retry', 'reasons': ['strict_retry_limit_exceeded', 'failure_reason_not_safe_for_retry']}]",Strict
txn_008948,cust_000755,1307.95,upi,1143,1,1,1.0,1,False,network_error,0.85,1,retry,retry,True,[],[],Strict
txn_005652,cust_001123,2901.38,wallet,1474,16,11,0.6875,1,False,expired_card,0.7875,1,payment_link,payment_link,True,[],[],Strict
txn_008082,cust_001781,1507.62,wallet,648,18,13,0.7222,2,False,bank_decline,0.4444399999999999,0,retry,payment_link,True,[],"[{'action': 'retry', 'reasons': ['strict_retry_limit_exceeded', 'failure_reason_not_safe_for_retry']}]",Strict
txn_001792,cust_002859,1187.86,card,322,6,4,0.6667,1,False,bank_decline,0.5133399999999999,1,retry,payment_link,True,[],"[{'action': 'retry', 'reasons': ['failure_reason_not_safe_for_retry']}]",Strict
txn_007429,cust_002551,777.92,card,337,5,5,1.0,3,False,bank_decline,0.41999999999999993,0,retry,payment_link,True,[],"[{'action': 'retry', 'reasons': ['strict_retry_limit_exceeded', 'failure_reason_not_safe_for_retry']}]",Strict
txn_009580,cust_002958,371.12,upi,1226,8,3,0.375,3,False,gateway_error,0.265,1,retry,payment_link,True,[],"[{'action': 'retry', 'reasons': ['strict_retry_limit_exceeded']}]",Strict
txn_009960,cust_001608,834.69,netbanking,575,14,13,0.9286,3,False,insufficient_balance,0.50572,0,reminder,reminder,True,[],[],Strict
txn_002271,cust_000182,872.28,wallet,501,16,13,0.8125,4,False,expired_card,0.5725,1,payment_link,payment_link,True,[],[],Strict
txn_009767,cust_002217,167.18,netbanking,383,17,13,0.7647,4,False,authentication_failed,0.36294000000000004,0,payment_link,reminder,True,[],"[{'action': 'payment_link', 'reasons': ['payment_link_restricted']}]",Strict
txn_002956,cust_001693,1499.68,upi,165,14,9,0.6429,3,False,expired_card,0.6185799999999999,1,payment_link,payment_link,True,[],[],Strict
txn_003444,cust_002083,1824.79,wallet,471,23,20,0.8696,2,False,gateway_error,0.44392000000000004,0,retry,payment_link,True,[],"[{'action': 'retry', 'reasons': ['strict_retry_limit_exceeded']}]",Strict
txn_007736,cust_001797,1374.49,upi,593,1,1,1.0,1,False,bank_decline,0.58,1,retry,payment_link,True,[],"[{'action': 'retry', 'reasons': ['failure_reason_not_safe_for_retry']}]",Strict
txn_000834,cust_002727,323.54,netbanking,240,4,4,1.0,3,False,insufficient_balance,0.5199999999999999,0,reminder,reminder,True,[],[],Strict
txn_006499,cust_002282,1563.76,wallet,414,4,3,0.75,3,False,bank_decline,0.33999999999999997,0,retry,reminder,True,[],"[{'action': 'retry', 'reasons': ['strict_retry_limit_exceeded', 'failure_reason_not_safe_for_retry']}]",Strict
txn_002992,cust_003100,2798.94,card,463,12,8,0.6667,1,False,expired_card,0.7833399999999999,1,payment_link,payment_link,True,[],[],Strict
txn_007793,cust_000643,637.29,upi,1155,1,1,1.0,2,False,authentication_failed,0.5700000000000001,0,reminder,reminder,True,[],[],Strict
txn_002151,cust_001729,2353.72,netbanking,1039,27,19,0.7037,4,False,insufficient_balance,0.3807400000000001,0,reminder,reminder,True,[],[],Strict
txn_004023,cust_000577,11370.37,upi,1232,8,6,0.75,4,False,bank_decline,0.29000000000000004,1,retry,payment_link,True,[],"[{'action': 'retry', 'reasons': ['strict_retry_limit_exceeded', 'failure_reason_not_safe_for_retry']}]",Strict
txn_007615,cust_003274,6135.96,wallet,674,0,0,0.0,3,True,insufficient_balance,0.26999999999999996,0,payment_link,reminder,True,[],"[{'action': 'payment_link', 'reasons': ['payment_link_restricted']}]",Strict
txn_006124,cust_001265,1928.75,upi,1252,7,6,0.8571,2,False,gateway_error,0.44142,1,retry,payment_link,True,[],"[{'action': 'retry', 'reasons': ['strict_retry_limit_exceeded']}]",Strict
txn_003339,cust_002934,3654.86,netbanking,1270,17,13,0.7647,1,False,gateway_error,0.7529399999999999,1,retry,retry,True,[],[],Strict
txn_004344,cust_000688,566.78,wallet,414,12,7,0.5833,1,False,gateway_error,0.7166600000000001,1,retry,retry,True,[],[],Strict
txn_004464,cust_000246,1904.63,netbanking,275,27,20,0.7407,2,False,authentication_failed,0.51814,0,payment_link,reminder,True,[],"[{'action': 'payment_link', 'reasons': ['payment_link_restricted']}]",Strict
txn_002376,cust_000487,228.72,wallet,1069,5,4,0.8,2,False,gateway_error,0.43,0,retry,payment_link,True,[],"[{'action': 'retry', 'reasons': ['strict_retry_limit_exceeded']}]",Strict
txn_009044,cust_002790,2703.18,card,72,12,10,0.8333,1,False,bank_decline,0.54666,1,retry,payment_link,True,[],"[{'action': 'retry', 'reasons': ['failure_reason_not_safe_for_retry']}]",Strict
txn_005571,cust_000603,1341.21,upi,803,14,10,0.7143,3,False,gateway_error,0.33286000000000004,0,retry,payment_link,True,[],"[{'action': 'retry', 'reasons': ['strict_retry_limit_exceeded']}]",Strict
txn_008599,cust_002483,853.96,wallet,266,20,15,0.75,4,False,insufficient_balance,0.39,0,payment_link,reminder,True,[],"[{'action': 'payment_link', 'reasons': ['payment_link_restricted']}]",Strict
txn_008504,cust_000541,1178.58,netbanking,699,29,20,0.6897,2,False,bank_decline,0.43793999999999994,0,retry,payment_link,True,[],"[{'action': 'retry', 'reasons': ['strict_retry_limit_exceeded', 'failure_reason_not_safe_for_retry']}]",Strict
txn_008880,cust_003035,1120.42,wallet,247,25,22,0.88,3,False,bank_decline,0.3959999999999999,1,retry,payment_link,True,[],"[{'action': 'retry', 'reasons': ['strict_retry_limit_exceeded', 'failure_reason_not_safe_for_retry']}]",Strict
txn_001887,cust_002014,1014.63,netbanking,765,10,7,0.7,4,False,network_error,0.24999999999999994,0,retry,payment_link,True,[],"[{'action': 'retry', 'reasons': ['strict_retry_limit_exceeded']}]",Strict
txn_001198,cust_003176,1869.89,netbanking,371,2,2,1.0,3,False,authentication_failed,0.49,0,reminder,reminder,True,[],[],Strict
txn_006427,cust_002245,1455.36,wallet,678,9,7,0.7778,4,False,insufficient_balance,0.39556,1,reminder,reminder,True,[],[],Strict
txn_008911,cust_000491,627.46,wallet,90,15,12,0.8,2,False,network_error,0.43,0,retry,payment_link,True,[],"[{'action': 'retry', 'reasons': ['strict_retry_limit_exceeded']}, {'action': 'reminder', 'reasons': ['reminder_not_allowed_for_temporary_failure']}]",Strict
txn_002936,cust_001872,2698.6,upi,508,17,11,0.6471,4,False,insufficient_balance,0.3694200000000001,0,reminder,reminder,True,[],[],Strict
txn_006342,cust_001991,254.1,card,897,23,17,0.7391,3,False,bank_decline,0.3678199999999999,0,retry,payment_link,True,[],"[{'action': 'retry', 'reasons': ['strict_retry_limit_exceeded', 'failure_reason_not_safe_for_retry']}]",Strict
txn_001430,cust_002854,2238.68,wallet,1056,18,16,0.8889,3,False,bank_decline,0.3977799999999999,0,retry,payment_link,True,[],"[{'action': 'retry', 'reasons': ['strict_retry_limit_exceeded', 'failure_reason_not_safe_for_retry']}]",Strict
txn_006307,cust_003015,485.9,card,867,19,13,0.6842,2,False,bank_decline,0.43683999999999995,0,retry,payment_link,True,[],"[{'action': 'retry', 'reasons': ['strict_retry_limit_exceeded', 'failure_reason_not_safe_for_retry']}]",Strict
txn_003650,cust_001364,1379.49,netbanking,571,1,1,1.0,3,False,network_error,0.39,1,retry,payment_link,True,[],"[{'action': 'retry', 'reasons': ['strict_retry_limit_exceeded']}]",Strict
txn_001938,cust_001132,2468.43,upi,709,7,6,0.8571,2,False,expired_card,0.7414200000000001,1,payment_link,payment_link,True,[],[],Strict
txn_005172,cust_000935,937.03,card,908,2,2,1.0,3,False,authentication_failed,0.49,0,reminder,reminder,True,[],[],Strict
txn_007764,cust_000859,378.15,card,1468,17,12,0.7059,3,False,bank_decline,0.33118000000000003,0,retry,reminder,True,[],"[{'action': 'retry', 'reasons': ['strict_retry_limit_exceeded', 'failure_reason_not_safe_for_retry']}]",Strict
txn_006393,cust_000603,269.31,netbanking,890,13,10,0.7692,3,False,insufficient_balance,0.47383999999999993,0,reminder,reminder,True,[],[],Strict
txn_001154,cust_000066,679.22,wallet,87,23,19,0.8261,4,False,bank_decline,0.30521999999999994,0,retry,payment_link,True,[],"[{'action': 'retry', 'reasons': ['strict_retry_limit_exceeded', 'failure_reason_not_safe_for_retry']}]",Strict
txn_006250,cust_002360,1544.89,wallet,95,24,18,0.75,1,False,network_error,0.8,1,retry,retry,True,[],[],Strict
txn_007037,cust_001318,3025.39,upi,474,22,17,0.7727,1,False,gateway_error,0.75454,1,retry,retry,True,[],[],Strict
txn_004229,cust_002937,1740.81,card,554,15,12,0.8,1,False,gateway_error,0.76,1,retry,retry,True,[],[],Strict
txn_004975,cust_001625,812.76,upi,1130,20,18,0.9,4,False,authentication_failed,0.39,1,reminder,reminder,True,[],[],Strict
txn_006401,cust_001968,1262.04,card,1097,29,21,0.7241,2,False,network_error,0.41481999999999997,1,retry,payment_link,True,[],"[{'action': 'retry', 'reasons': ['strict_retry_limit_exceeded']}]",Strict
txn_003640,cust_001784,793.09,netbanking,515,0,0,0.0,4,True,expired_card,0.35999999999999993,1,payment_link,payment_link,True,[],[],Strict
txn_003972,cust_000395,2373.06,upi,1038,0,0,0.0,4,True,bank_decline,0.09000000000000001,0,retry,payment_link,True,[],"[{'action': 'retry', 'reasons': ['strict_retry_limit_exceeded', 'failure_reason_not_safe_for_retry']}]",Strict
txn_009594,cust_003124,998.91,card,452,22,14,0.6364,3,False,gateway_error,0.31728,0,retry,payment_link,True,[],"[{'action': 'retry', 'reasons': ['strict_retry_limit_exceeded']}]",Strict
txn_003376,cust_001535,312.22,upi,881,26,19,0.7308,3,False,gateway_error,0.33616,1,retry,payment_link,True,[],"[{'action': 'retry', 'reasons': ['strict_retry_limit_exceeded']}, {'action': 'reminder', 'reasons': ['reminder_not_allowed_for_temporary_failure']}]",Strict
txn_002487,cust_002729,1010.85,card,451,21,16,0.7619,2,False,bank_decline,0.45237999999999995,0,retry,payment_link,True,[],"[{'action': 'retry', 'reasons': ['strict_retry_limit_exceeded', 'failure_reason_not_safe_for_retry']}]",Strict
txn_006954,cust_002942,1373.76,wallet,329,17,17,1.0,3,False,gateway_error,0.39,0,retry,payment_link,True,[],"[{'action': 'retry', 'reasons': ['strict_retry_limit_exceeded']}, {'action': 'reminder', 'reasons': ['reminder_not_allowed_for_temporary_failure']}]",Strict
txn_000606,cust_001954,981.97,wallet,143,27,20,0.7407,4,False,network_error,0.25814,1,retry,payment_link,True,[],"[{'action': 'retry', 'reasons': ['strict_retry_limit_exceeded']}, {'action': 'reminder', 'reasons': ['reminder_not_allowed_for_temporary_failure']}]",Strict
txn_007444,cust_000611,1200.23,netbanking,191,13,9,0.6923,2,False,gateway_error,0.40845999999999993,1,retry,payment_link,True,[],"[{'action': 'retry', 'reasons': ['strict_retry_limit_exceeded']}]",Strict
txn_005928,cust_001189,497.63,upi,866,29,22,0.7586,4,False,expired_card,0.56172,1,payment_link,payment_link,True,[],[],Strict
txn_002454,cust_002720,947.14,upi,428,28,24,0.8571,2,False,bank_decline,0.47142,0,retry,payment_link,True,[],"[{'action': 'retry', 'reasons': ['strict_retry_limit_exceeded', 'failure_reason_not_safe_for_retry']}]",Strict
txn_003609,cust_000380,1250.38,wallet,1131,23,19,0.8261,1,False,network_error,0.81522,1,retry,retry,True,[],[],Strict
txn_001484,cust_002336,378.66,netbanking,1332,22,15,0.6818,1,False,bank_decline,0.5163599999999999,1,retry,payment_link,True,[],"[{'action': 'retry', 'reasons': ['failure_reason_not_safe_for_retry']}]",Strict
txn_004519,cust_002320,1001.8,upi,138,5,5,1.0,4,False,expired_card,0.61,1,payment_link,payment_link,True,[],[],Strict
txn_003038,cust_000642,1196.13,netbanking,853,2,1,0.5,4,False,authentication_failed,0.31000000000000005,0,payment_link,reminder,True,[],"[{'action': 'payment_link', 'reasons': ['payment_link_restricted']}]",Strict
txn_009352,cust_001616,2665.51,upi,249,13,13,1.0,2,False,authentication_failed,0.5700000000000001,1,reminder,reminder,True,[],[],Strict
txn_007692,cust_000427,2003.07,card,1406,1,0,0.0,1,False,network_error,0.6499999999999999,0,retry,retry,True,[],[],Strict
txn_004116,cust_001012,1322.0,netbanking,1341,19,13,0.6842,4,False,bank_decline,0.27684,1,retry,payment_link,True,[],"[{'action': 'retry', 'reasons': ['strict_retry_limit_exceeded', 'failure_reason_not_safe_for_retry']}]",Strict
txn_001427,cust_002017,1718.34,upi,1238,5,4,0.8,1,False,gateway_error,0.76,1,retry,retry,True,[],[],Strict
txn_000497,cust_001154,4543.15,card,209,23,16,0.6957,4,False,bank_decline,0.27913999999999994,0,retry,payment_link,True,[],"[{'action': 'retry', 'reasons': ['strict_retry_limit_exceeded', 'failure_reason_not_safe_for_retry']}]",Strict
txn_003353,cust_003085,1320.98,netbanking,163,22,13,0.5909,1,False,insufficient_balance,0.5981799999999999,1,reminder,reminder,True,[],[],Strict
txn_008794,cust_001500,1246.57,netbanking,1439,10,9,0.9,1,False,insufficient_balance,0.6599999999999999,1,reminder,reminder,True,[],[],Strict
txn_000759,cust_000634,779.87,wallet,585,19,15,0.7895,1,False,gateway_error,0.7579,0,retry,retry,True,[],[],Strict
txn_000838,cust_000307,1221.33,upi,475,12,8,0.6667,2,False,gateway_error,0.4033399999999999,0,retry,payment_link,True,[],"[{'action': 'retry', 'reasons': ['strict_retry_limit_exceeded']}]",Strict
txn_004327,cust_000617,946.81,wallet,740,4,3,0.75,2,False,gateway_error,0.42,1,retry,payment_link,True,[],"[{'action': 'retry', 'reasons': ['strict_retry_limit_exceeded']}]",Strict
txn_002128,cust_000875,1065.73,card,1392,13,8,0.6154,3,False,authentication_failed,0.41308,1,payment_link,reminder,True,[],"[{'action': 'payment_link', 'reasons': ['payment_link_restricted']}]",Strict
txn_001023,cust_001981,8732.77,wallet,1053,9,7,0.7778,4,False,bank_decline,0.29556000000000004,0,retry,payment_link,True,[],"[{'action': 'retry', 'reasons': ['strict_retry_limit_exceeded', 'failure_reason_not_safe_for_retry']}]",Strict
txn_008762,cust_003144,1335.63,netbanking,1280,3,3,1.0,3,False,network_error,0.39,0,retry,payment_link,True,[],"[{'action': 'retry', 'reasons': ['strict_retry_limit_exceeded']}]",Strict
txn_005614,cust_001317,616.3,card,276,18,13,0.7222,2,False,bank_decline,0.4444399999999999,1,retry,payment_link,True,[],"[{'action': 'retry', 'reasons': ['strict_retry_limit_exceeded', 'failure_reason_not_safe_for_retry']}]",Strict
txn_005581,cust_002053,871.42,wallet,1097,2,2,1.0,1,False,network_error,0.85,1,retry,retry,True,[],[],Strict
txn_001058,cust_001726,1806.13,card,695,15,12,0.8,2,False,bank_decline,0.46,0,retry,payment_link,True,[],"[{'action': 'retry', 'reasons': ['strict_retry_limit_exceeded', 'failure_reason_not_safe_for_retry']}]",Strict
txn_009542,cust_000042,262.34,upi,613,20,16,0.8,1,False,insufficient_balance,0.64,0,payment_link,reminder,True,[],"[{'action': 'payment_link', 'reasons': ['payment_link_restricted']}]",Strict
txn_006856,cust_000462,737.14,card,120,10,6,0.6,3,False,insufficient_balance,0.43999999999999995,0,reminder,reminder,True,[],[],Strict
txn_007349,cust_001749,817.4,upi,592,29,21,0.7241,3,False,authentication_failed,0.43482,0,payment_link,reminder,True,[],"[{'action': 'payment_link', 'reasons': ['payment_link_restricted']}]",Strict
txn_009045,cust_003229,2293.55,card,1014,22,13,0.5909,2,False,expired_card,0.68818,1,payment_link,payment_link,True,[],[],Strict
txn_002129,cust_002397,1214.35,upi,73,23,19,0.8261,2,False,authentication_failed,0.53522,1,reminder,reminder,True,[],[],Strict
txn_002767,cust_002452,7558.76,card,1086,9,7,0.7778,4,False,network_error,0.26556,0,retry,payment_link,True,[],"[{'action': 'retry', 'reasons': ['strict_retry_limit_exceeded']}]",Strict
txn_002109,cust_001110,1489.29,wallet,868,15,11,0.7333,4,False,authentication_failed,0.35666,0,reminder,reminder,True,[],[],Strict
txn_003617,cust_003186,701.19,upi,207,23,18,0.7826,2,False,insufficient_balance,0.55652,1,reminder,reminder,True,[],[],Strict
txn_001545,cust_003127,4956.99,wallet,953,16,13,0.8125,4,False,expired_card,0.5725,1,payment_link,payment_link,True,[],[],Strict
txn_006914,cust_001700,1828.53,card,213,10,8,0.8,1,False,insufficient_balance,0.64,1,reminder,reminder,True,[],[],Strict
txn_001719,cust_001714,3808.09,card,439,10,10,1.0,3,False,bank_decline,0.41999999999999993,0,retry,payment_link,True,[],"[{'action': 'retry', 'reasons': ['strict_retry_limit_exceeded', 'failure_reason_not_safe_for_retry']}]",Strict
txn_007435,cust_001857,826.84,wallet,631,14,12,0.8571,1,False,gateway_error,0.77142,1,retry,retry,True,[],[],Strict
txn_007365,cust_003280,1130.82,wallet,1252,23,12,0.5217,3,False,network_error,0.29434000000000005,0,retry,payment_link,True,[],"[{'action': 'retry', 'reasons': ['strict_retry_limit_exceeded']}]",Strict
txn_006235,cust_001023,1459.88,upi,122,4,3,0.75,2,False,gateway_error,0.42,0,retry,payment_link,True,[],"[{'action': 'retry', 'reasons': ['strict_retry_limit_exceeded']}]",Strict
txn_000725,cust_002809,1594.14,upi,1466,29,23,0.7931,2,False,insufficient_balance,0.55862,0,payment_link,reminder,True,[],"[{'action': 'payment_link', 'reasons': ['payment_link_restricted']}]",Strict
txn_006673,cust_001693,521.32,netbanking,357,17,12,0.7059,4,False,network_error,0.25118,0,retry,payment_link,True,[],"[{'action': 'retry', 'reasons': ['strict_retry_limit_exceeded']}]",Strict
txn_008029,cust_002640,2023.87,upi,375,16,12,0.75,4,False,authentication_failed,0.36,0,reminder,reminder,True,[],[],Strict
txn_005492,cust_000639,534.26,wallet,1150,24,18,0.75,3,False,expired_card,0.64,0,payment_link,payment_link,True,[],[],Strict
txn_001128,cust_001090,15291.97,card,39,29,22,0.7586,3,False,bank_decline,0.37171999999999994,1,retry,payment_link,True,[],"[{'action': 'retry', 'reasons': ['strict_retry_limit_exceeded', 'failure_reason_not_safe_for_retry']}]",Strict
txn_002957,cust_002721,1168.52,netbanking,464,27,22,0.8148,4,False,authentication_failed,0.37295999999999996,0,payment_link,reminder,True,[],"[{'action': 'payment_link', 'reasons': ['payment_link_restricted']}]",Strict
txn_005156,cust_001138,1098.2,upi,539,26,20,0.7692,2,False,gateway_error,0.42384000000000005,0,retry,payment_link,True,[],"[{'action': 'retry', 'reasons': ['strict_retry_limit_exceeded']}]",Strict
txn_004817,cust_001616,103.99,upi,756,4,4,1.0,2,False,network_error,0.47000000000000003,1,retry,payment_link,True,[],"[{'action': 'retry', 'reasons': ['strict_retry_limit_exceeded']}, {'action': 'reminder', 'reasons': ['reminder_not_allowed_for_temporary_failure']}]",Strict
txn_006202,cust_001009,612.68,netbanking,311,7,6,0.8571,1,False,expired_card,0.82142,1,payment_link,payment_link,True,[],[],Strict
txn_006224,cust_002072,1933.19,netbanking,204,16,15,0.9375,4,False,insufficient_balance,0.4275,1,retry,reminder,True,[],"[{'action': 'retry', 'reasons': ['strict_retry_limit_exceeded']}]",Strict
txn_008686,cust_000740,195.35,netbanking,408,8,8,1.0,3,False,network_error,0.39,0,retry,payment_link,True,[],"[{'action': 'retry', 'reasons': ['strict_retry_limit_exceeded']}, {'action': 'reminder', 'reasons': ['reminder_not_allowed_for_temporary_failure']}]",Strict
txn_007114,cust_002933,390.59,netbanking,709,13,11,0.8462,1,False,insufficient_balance,0.64924,1,payment_link,reminder,True,[],"[{'action': 'payment_link', 'reasons': ['payment_link_restricted']}]",Strict
txn_005275,cust_000351,808.05,upi,821,18,14,0.7778,4,False,gateway_error,0.26556,1,retry,payment_link,True,[],"[{'action': 'retry', 'reasons': ['strict_retry_limit_exceeded']}]",Strict
txn_008536,cust_002637,1929.63,netbanking,419,10,8,0.8,3,False,insufficient_balance,0.48,0,reminder,reminder,True,[],[],Strict
txn_003044,cust_001133,585.42,netbanking,1440,19,11,0.5789,4,False,insufficient_balance,0.35578,0,reminder,reminder,True,[],[],Strict
txn_006912,cust_002724,1115.15,card,301,25,18,0.72,2,False,expired_card,0.714,1,payment_link,payment_link,True,[],[],Strict
txn_000150,cust_001072,2326.76,upi,570,3,1,0.3333,1,False,authentication_failed,0.51666,0,payment_link,reminder,True,[],"[{'action': 'payment_link', 'reasons': ['payment_link_restricted']}]",Strict
txn_007574,cust_003043,503.98,netbanking,250,19,12,0.6316,2,False,network_error,0.39632,1,retry,payment_link,True,[],"[{'action': 'retry', 'reasons': ['strict_retry_limit_exceeded']}]",Strict
txn_004206,cust_003185,2355.2,netbanking,912,11,7,0.6364,4,False,expired_card,0.53728,0,payment_link,payment_link,True,[],[],Strict
txn_005493,cust_000601,366.56,netbanking,1351,14,11,0.7857,2,False,bank_decline,0.45713999999999994,0,retry,payment_link,True,[],"[{'action': 'retry', 'reasons': ['strict_retry_limit_exceeded', 'failure_reason_not_safe_for_retry']}]",Strict
txn_002690,cust_001156,2367.94,netbanking,1235,24,19,0.7917,2,False,insufficient_balance,0.55834,1,reminder,reminder,True,[],[],Strict
txn_004221,cust_000564,475.8,netbanking,1103,7,4,0.5714,3,False,expired_card,0.6042799999999999,0,payment_link,payment_link,True,[],[],Strict
txn_009102,cust_001198,6542.44,netbanking,1140,26,19,0.7308,4,False,network_error,0.25616,0,retry,payment_link,True,[],"[{'action': 'retry', 'reasons': ['strict_retry_limit_exceeded']}]",Strict
txn_000842,cust_000369,1398.27,netbanking,201,1,1,1.0,3,False,bank_decline,0.41999999999999993,0,retry,payment_link,True,[],"[{'action': 'retry', 'reasons': ['strict_retry_limit_exceeded', 'failure_reason_not_safe_for_retry']}]",Strict
txn_008137,cust_002792,1176.82,upi,1217,26,15,0.5769,4,False,network_error,0.22537999999999997,0,retry,payment_link,True,[],"[{'action': 'retry', 'reasons': ['strict_retry_limit_exceeded']}]",Strict
txn_006438,cust_003281,700.92,card,193,29,17,0.5862,4,False,gateway_error,0.22724,0,retry,payment_link,True,[],"[{'action': 'retry', 'reasons': ['strict_retry_limit_exceeded']}]",Strict
txn_009700,cust_001230,1203.6,card,868,12,10,0.8333,4,False,authentication_failed,0.37666,1,reminder,reminder,True,[],[],Strict
txn_006200,cust_001518,952.31,netbanking,413,7,7,1.0,2,False,bank_decline,0.49999999999999994,0,retry,payment_link,True,[],"[{'action': 'retry', 'reasons': ['strict_retry_limit_exceeded', 'failure_reason_not_safe_for_retry']}]",Strict
txn_002795,cust_001568,1058.41,netbanking,765,16,13,0.8125,2,False,gateway_error,0.43250000000000005,0,retry,payment_link,True,[],"[{'action': 'retry', 'reasons': ['strict_retry_limit_exceeded']}]",Strict
txn_007626,cust_002224,1094.84,wallet,880,16,9,0.5625,4,False,bank_decline,0.2525,0,retry,payment_link,True,[],"[{'action': 'retry', 'reasons': ['strict_retry_limit_exceeded', 'failure_reason_not_safe_for_retry']}]",Strict
txn_008475,cust_001945,1247.99,upi,1057,3,2,0.6667,3,False,network_error,0.32333999999999996,0,retry,payment_link,True,[],"[{'action': 'retry', 'reasons': ['strict_retry_limit_exceeded']}]",Strict
txn_007890,cust_002314,1369.44,wallet,20,29,21,0.7241,3,False,insufficient_balance,0.4648199999999999,0,retry,reminder,True,[],"[{'action': 'retry', 'reasons': ['strict_retry_limit_exceeded']}, {'action': 'payment_link', 'reasons': ['payment_link_restricted']}]",Strict
txn_006608,cust_002622,2016.98,upi,601,14,8,0.5714,3,False,authentication_failed,0.40428,1,payment_link,reminder,True,[],"[{'action': 'payment_link', 'reasons': ['payment_link_restricted']}]",Strict
txn_009195,cust_001532,247.95,netbanking,1108,5,5,1.0,4,False,gateway_error,0.31000000000000005,0,retry,payment_link,True,[],"[{'action': 'retry', 'reasons': ['strict_retry_limit_exceeded']}]",Strict
txn_008248,cust_000265,2583.16,upi,377,20,8,0.4,3,False,insufficient_balance,0.4,1,reminder,reminder,True,[],[],Strict
txn_001393,cust_003027,2016.61,card,433,16,12,0.75,4,False,insufficient_balance,0.39,0,reminder,reminder,True,[],[],Strict
txn_001922,cust_001339,667.64,netbanking,1401,26,21,0.8077,4,False,expired_card,0.5715399999999999,0,payment_link,payment_link,True,[],[],Strict
txn_007019,cust_002352,1418.5,wallet,56,15,11,0.7333,3,False,authentication_failed,0.43665999999999994,0,reminder,reminder,True,[],[],Strict
txn_003622,cust_002792,2355.44,card,130,6,5,0.8333,1,False,bank_decline,0.54666,1,retry,payment_link,True,[],"[{'action': 'retry', 'reasons': ['failure_reason_not_safe_for_retry']}]",Strict
txn_004849,cust_001233,2871.92,wallet,1303,25,20,0.8,3,False,network_error,0.35,1,retry,payment_link,True,[],"[{'action': 'retry', 'reasons': ['strict_retry_limit_exceeded']}]",Strict
txn_002292,cust_000793,523.9,netbanking,1167,7,5,0.7143,3,False,authentication_failed,0.43286,0,reminder,reminder,True,[],[],Strict
txn_002134,cust_000771,1250.02,netbanking,120,0,0,0.0,4,True,bank_decline,0.09000000000000001,0,payment_link,payment_link,True,[],[],Strict
txn_000551,cust_001408,907.05,card,461,26,21,0.8077,2,False,insufficient_balance,0.56154,1,payment_link,reminder,True,[],"[{'action': 'payment_link', 'reasons': ['payment_link_restricted']}, {'action': 'retry', 'reasons': ['strict_retry_limit_exceeded']}]",Strict
txn_001741,cust_002634,2671.96,upi,753,20,13,0.65,1,False,insufficient_balance,0.61,1,reminder,reminder,True,[],[],Strict
txn_005290,cust_001159,1358.74,netbanking,31,18,11,0.6111,4,False,bank_decline,0.26222,1,retry,payment_link,True,[],"[{'action': 'retry', 'reasons': ['strict_retry_limit_exceeded', 'failure_reason_not_safe_for_retry']}]",Strict
txn_001818,cust_002129,1402.89,card,1434,17,12,0.7059,2,False,bank_decline,0.44117999999999996,0,retry,payment_link,True,[],"[{'action': 'retry', 'reasons': ['strict_retry_limit_exceeded', 'failure_reason_not_safe_for_retry']}]",Strict
txn_004699,cust_001658,352.02,card,1133,21,19,0.9048,4,False,insufficient_balance,0.42096,0,reminder,reminder,True,[],[],Strict
txn_005182,cust_002315,2333.0,netbanking,291,14,13,0.9286,3,False,bank_decline,0.40571999999999997,0,retry,payment_link,True,[],"[{'action': 'retry', 'reasons': ['strict_retry_limit_exceeded', 'failure_reason_not_safe_for_retry']}]",Strict
txn_003019,cust_002570,2321.71,wallet,1301,3,2,0.6667,1,False,authentication_failed,0.58334,1,reminder,reminder,True,[],[],Strict
txn_000018,cust_000590,275.38,upi,1082,9,7,0.7778,3,False,gateway_error,0.34556,0,retry,payment_link,True,[],"[{'action': 'retry', 'reasons': ['strict_retry_limit_exceeded']}]",Strict
txn_001771,cust_001564,1393.97,wallet,230,29,20,0.6897,4,False,gateway_error,0.24794,0,retry,payment_link,True,[],"[{'action': 'retry', 'reasons': ['strict_retry_limit_exceeded']}, {'action': 'reminder', 'reasons': ['reminder_not_allowed_for_temporary_failure']}]",Strict
txn_001889,cust_001187,1249.34,upi,1011,16,12,0.75,1,False,gateway_error,0.75,0,retry,retry,True,[],[],Strict
txn_002153,cust_002724,674.12,card,1182,28,19,0.6786,4,False,gateway_error,0.24572,1,retry,payment_link,True,[],"[{'action': 'retry', 'reasons': ['strict_retry_limit_exceeded']}]",Strict
txn_001643,cust_002884,345.64,netbanking,1087,9,6,0.6667,2,False,bank_decline,0.4033399999999999,0,retry,reminder,True,[],"[{'action': 'retry', 'reasons': ['strict_retry_limit_exceeded', 'failure_reason_not_safe_for_retry']}]",Strict
txn_007847,cust_001109,9003.19,upi,1012,29,23,0.7931,1,False,insufficient_balance,0.5086200000000001,0,payment_link,retry,True,[],"[{'action': 'payment_link', 'reasons': ['payment_link_restricted']}]",Strict
txn_004194,cust_000023,932.73,card,1106,22,17,0.7727,3,False,authentication_failed,0.44453999999999994,1,payment_link,reminder,True,[],"[{'action': 'payment_link', 'reasons': ['payment_link_restricted']}]",Strict
txn_009433,cust_002399,3193.47,upi,1034,2,1,0.5,3,False,insufficient_balance,0.42000000000000004,0,reminder,reminder,True,[],[],Strict
txn_008899,cust_000773,383.41,card,1197,2,0,0.0,2,False,insufficient_balance,0.39999999999999997,0,reminder,reminder,True,[],[],Strict
txn_000534,cust_002644,1034.03,wallet,580,8,5,0.625,1,False,authentication_failed,0.575,1,reminder,reminder,True,[],[],Strict
txn_000133,cust_002332,2896.77,netbanking,1096,16,12,0.75,4,False,bank_decline,0.29000000000000004,1,retry,payment_link,True,[],"[{'action': 'retry', 'reasons': ['strict_retry_limit_exceeded', 'failure_reason_not_safe_for_retry']}]",Strict
txn_007723,cust_000202,2793.57,netbanking,997,18,15,0.8333,1,False,network_error,0.8166599999999999,1,retry,retry,True,[],[],Strict
txn_008459,cust_001367,1197.24,card,370,18,12,0.6667,1,False,bank_decline,0.5133399999999999,1,retry,payment_link,True,[],"[{'action': 'retry', 'reasons': ['failure_reason_not_safe_for_retry']}]",Strict
txn_000965,cust_000523,923.9,netbanking,82,13,10,0.7692,3,False,gateway_error,0.34384000000000003,1,retry,payment_link,True,[],"[{'action': 'retry', 'reasons': ['strict_retry_limit_exceeded']}, {'action': 'reminder', 'reasons': ['reminder_not_allowed_for_temporary_failure']}]",Strict
txn_008720,cust_003017,647.33,netbanking,1398,15,13,0.8667,4,False,gateway_error,0.28334000000000004,0,retry,payment_link,True,[],"[{'action': 'retry', 'reasons': ['strict_retry_limit_exceeded']}]",Strict
txn_006413,cust_002699,1686.13,upi,1039,25,20,0.8,2,False,insufficient_balance,0.56,0,reminder,reminder,True,[],[],Strict
txn_008286,cust_001315,1137.91,upi,59,13,10,0.7692,3,False,gateway_error,0.34384000000000003,1,retry,payment_link,True,[],"[{'action': 'retry', 'reasons': ['strict_retry_limit_exceeded']}]",Strict
txn_007854,cust_003005,4356.16,card,421,24,18,0.75,1,False,authentication_failed,0.6,1,payment_link,reminder,True,[],"[{'action': 'payment_link', 'reasons': ['payment_link_restricted']}]",Strict
txn_001096,cust_001771,1276.49,card,845,17,12,0.7059,1,False,expired_card,0.79118,0,payment_link,payment_link,True,[],[],Strict
txn_006930,cust_002675,1869.4,upi,918,18,12,0.6667,2,False,bank_decline,0.4333399999999999,0,retry,payment_link,True,[],"[{'action': 'retry', 'reasons': ['strict_retry_limit_exceeded', 'failure_reason_not_safe_for_retry']}]",Strict
