transaction_id,customer_id,amount,payment_method,customer_age_days,previous_transactions,previous_successes,historical_success_rate,attempt_number,is_first_purchase,failure_reason,recovery_probability,recovered
txn_000001,cust_002453,1399.36,netbanking,658,12,8,0.6667,4,False,bank_decline,0.34,0
txn_000002,cust_001236,851.51,wallet,770,3,2,0.6667,3,False,gateway_error,0.49,0
txn_000003,cust_000923,2702.12,netbanking,665,13,10,0.7692,1,False,bank_decline,0.6108,0
txn_000004,cust_002977,945.87,netbanking,1051,10,5,0.5,2,False,expired_card,0.22,1
txn_000005,cust_001370,1678.82,upi,66,16,11,0.6875,1,False,expired_card,0.3562,0
txn_000006,cust_000434,571.91,upi,115,14,12,0.8571,2,False,network_error,0.6571,1
txn_000007,cust_001451,1845.44,wallet,656,4,3,0.75,4,False,insufficient_balance,0.305,0
txn_000008,cust_000466,1203.93,wallet,1347,8,5,0.625,3,False,bank_decline,0.4075,1
txn_000009,cust_000125,1382.01,wallet,997,14,9,0.6429,3,False,network_error,0.5129,0
txn_000010,cust_001884,3626.25,card,659,20,15,0.75,4,False,expired_card,0.135,0
txn_000011,cust_000922,1752.81,card,839,23,21,0.913,2,False,network_error,0.6739,1
txn_000012,cust_000938,395.22,upi,53,7,7,1.0,4,False,insufficient_balance,0.38,0
txn_000013,cust_001115,779.15,netbanking,1176,29,22,0.7586,3,False,expired_card,0.2176,1
txn_000014,cust_000538,808.04,card,1157,21,16,0.7619,3,False,network_error,0.5486,1
txn_000015,cust_003199,1567.48,upi,669,4,4,1.0,2,False,authentication_failed,0.42,1
txn_000016,cust_002333,380.63,card,509,28,18,0.6429,2,False,insufficient_balance,0.4329,0
txn_000017,cust_000426,824.67,upi,1075,23,19,0.8261,2,False,bank_decline,0.5478,0
txn_000018,cust_000590,275.38,upi,1082,9,7,0.7778,3,False,gateway_error,0.5233,0
txn_000019,cust_002525,717.95,netbanking,648,9,7,0.7778,3,False,authentication_failed,0.2733,1
txn_000020,cust_000482,1307.66,upi,270,14,11,0.7857,3,False,bank_decline,0.4557,0
txn_000021,cust_000505,657.34,upi,1387,29,23,0.7931,3,False,authentication_failed,0.2779,1
txn_000022,cust_001623,486.65,wallet,701,23,20,0.8696,2,False,network_error,0.6609,0
txn_000023,cust_000949,496.89,netbanking,710,24,19,0.7917,2,False,network_error,0.6375,1
txn_000024,cust_001847,2572.89,card,15,26,22,0.8462,2,False,bank_decline,0.5538,0
txn_000025,cust_000789,1050.45,netbanking,1090,28,24,0.8571,4,False,gateway_error,0.4671,1
txn_000026,cust_002694,613.89,card,820,11,7,0.6364,2,False,insufficient_balance,0.4309,0
txn_000027,cust_000996,1492.13,netbanking,773,27,17,0.6296,2,False,bank_decline,0.4889,1
txn_000028,cust_002970,394.51,upi,228,26,18,0.6923,4,False,gateway_error,0.4177,0
txn_000029,cust_001267,3117.55,card,1158,10,8,0.8,3,False,bank_decline,0.46,0
txn_000030,cust_002771,411.75,upi,1421,7,7,1.0,1,False,bank_decline,0.68,1
txn_000031,cust_001665,3530.36,netbanking,1311,1,1,1.0,1,False,expired_card,0.45,0
txn_000032,cust_000766,962.22,netbanking,1401,0,0,0.0,1,True,bank_decline,0.33,0
txn_000033,cust_000084,212.7,upi,759,27,20,0.7407,3,False,bank_decline,0.4422,0
txn_000034,cust_003092,379.51,netbanking,1239,3,3,1.0,3,False,insufficient_balance,0.46,1
txn_000035,cust_001990,2445.99,netbanking,994,9,8,0.8889,4,False,gateway_error,0.4767,1
txn_000036,cust_001397,1263.02,netbanking,1261,3,3,1.0,3,False,gateway_error,0.59,0
txn_000037,cust_000960,554.13,netbanking,1206,12,8,0.6667,2,False,bank_decline,0.5,1
txn_000038,cust_002020,649.81,wallet,695,6,5,0.8333,4,False,gateway_error,0.46,0
txn_000039,cust_001770,717.98,card,561,27,19,0.7037,2,False,gateway_error,0.5811,1
txn_000040,cust_000351,391.53,card,1491,22,15,0.6818,4,False,bank_decline,0.3445,0
txn_000041,cust_000520,1441.22,card,1237,9,8,0.8889,2,False,gateway_error,0.6367,1
txn_000042,cust_000185,985.3,upi,684,3,3,1.0,3,False,bank_decline,0.52,1
txn_000043,cust_002642,1599.16,netbanking,1021,24,19,0.7917,2,False,network_error,0.6375,0
txn_000044,cust_000832,1412.61,wallet,740,5,5,1.0,1,False,network_error,0.78,1
txn_000045,cust_001347,595.59,card,561,27,23,0.8519,3,False,gateway_error,0.5456,1
txn_000046,cust_003265,271.6,wallet,1255,25,16,0.64,1,False,expired_card,0.342,0
txn_000047,cust_002779,1143.64,netbanking,1168,22,16,0.7273,1,False,network_error,0.6982,0
txn_000048,cust_000466,907.34,upi,1029,19,15,0.7895,1,False,network_error,0.7168,1
txn_000049,cust_000785,4367.21,upi,551,15,12,0.8,2,False,insufficient_balance,0.48,0
txn_000050,cust_001095,3102.72,upi,1006,27,20,0.7407,4,False,network_error,0.4622,0
txn_000051,cust_000118,1558.06,card,1206,16,11,0.6875,3,False,insufficient_balance,0.3662,0
txn_000052,cust_002048,2050.58,card,755,25,21,0.84,4,False,bank_decline,0.392,0
txn_000053,cust_001484,1967.7,netbanking,1403,21,12,0.5714,1,False,expired_card,0.3214,0
txn_000054,cust_001967,626.94,wallet,1397,28,23,0.8214,3,False,bank_decline,0.4664,0
txn_000055,cust_002426,650.77,card,847,0,0,0.0,3,True,network_error,0.27,0
txn_000056,cust_003104,1527.08,wallet,777,14,10,0.7143,1,False,bank_decline,0.5943,1
txn_000057,cust_002461,3571.57,upi,987,21,14,0.6667,2,False,authentication_failed,0.32,0
txn_000058,cust_001049,1322.82,wallet,952,8,7,0.875,3,False,bank_decline,0.4825,1
txn_000059,cust_001203,2440.26,netbanking,657,22,15,0.6818,2,False,network_error,0.6045,0
txn_000060,cust_002393,2154.92,wallet,210,11,5,0.4545,1,False,gateway_error,0.5864,1
txn_000061,cust_000319,7059.45,wallet,955,3,2,0.6667,1,False,authentication_failed,0.4,1
txn_000062,cust_001475,304.35,upi,647,8,6,0.75,2,False,insufficient_balance,0.465,0
txn_000063,cust_000145,1367.88,netbanking,166,11,7,0.6364,4,False,insufficient_balance,0.2709,0
txn_000064,cust_000097,1224.87,card,935,2,1,0.5,4,False,bank_decline,0.29,1
txn_000065,cust_000019,1283.6,wallet,298,0,0,0.0,4,True,authentication_failed,0.02,0
txn_000066,cust_000796,2129.44,card,1230,18,12,0.6667,4,False,gateway_error,0.41,1
txn_000067,cust_001521,1997.29,wallet,1391,3,2,0.6667,4,False,gateway_error,0.41,1
txn_000068,cust_000518,3238.51,card,822,18,12,0.6667,2,False,expired_card,0.27,1
txn_000069,cust_000015,823.52,card,1065,15,11,0.7333,4,False,bank_decline,0.36,0
txn_000070,cust_000306,987.45,card,688,21,18,0.8571,2,False,bank_decline,0.5571,0
txn_000071,cust_001805,649.74,netbanking,1176,7,5,0.7143,3,False,bank_decline,0.4343,0
txn_000072,cust_003136,336.47,upi,806,20,14,0.7,2,False,bank_decline,0.51,1
txn_000073,cust_002049,1449.57,wallet,711,3,3,1.0,1,False,insufficient_balance,0.62,1
txn_000074,cust_001363,1431.47,upi,601,19,15,0.7895,1,False,bank_decline,0.6168,1
txn_000075,cust_001170,448.58,wallet,55,8,6,0.75,2,False,bank_decline,0.525,0
txn_000076,cust_001054,791.82,netbanking,821,19,14,0.7368,3,False,expired_card,0.2111,0
txn_000077,cust_000428,439.86,netbanking,939,15,11,0.7333,2,False,expired_card,0.29,0
txn_000078,cust_001049,1047.93,wallet,1100,15,10,0.6667,1,False,gateway_error,0.65,1
txn_000079,cust_001626,1790.03,card,109,26,23,0.8846,4,False,insufficient_balance,0.3454,1
txn_000080,cust_002757,2317.95,card,100,22,21,0.9545,2,False,gateway_error,0.6564,1
txn_000081,cust_001499,2244.3,card,901,20,16,0.8,1,False,gateway_error,0.69,0
txn_000082,cust_001293,700.88,wallet,1156,20,14,0.7,4,False,authentication_failed,0.17,1
txn_000083,cust_003194,2064.5,wallet,788,14,12,0.8571,1,False,gateway_error,0.7071,0
txn_000084,cust_001495,539.07,netbanking,1202,29,24,0.8276,3,False,insufficient_balance,0.4083,1
txn_000085,cust_003136,1218.27,card,651,14,12,0.8571,2,False,bank_decline,0.5571,0
txn_000086,cust_001955,313.37,card,289,8,6,0.75,4,False,network_error,0.465,1
txn_000087,cust_002046,284.53,wallet,1265,25,18,0.72,3,False,authentication_failed,0.256,0
txn_000088,cust_002815,489.4,card,1115,16,13,0.8125,4,False,network_error,0.4837,0
txn_000089,cust_001943,5586.22,upi,757,12,9,0.75,4,False,gateway_error,0.435,1
txn_000090,cust_003058,727.04,upi,775,3,3,1.0,4,False,authentication_failed,0.26,1
txn_000091,cust_000475,2253.29,upi,288,7,4,0.5714,1,False,network_error,0.6514,1
txn_000092,cust_002113,1038.59,netbanking,623,8,5,0.625,3,False,gateway_error,0.4775,0
txn_000093,cust_001536,2976.07,wallet,1142,19,13,0.6842,4,False,gateway_error,0.4153,0
txn_000094,cust_001844,1942.08,wallet,761,21,16,0.7619,3,False,authentication_failed,0.2686,0
txn_000095,cust_000993,412.44,card,433,24,17,0.7083,3,False,insufficient_balance,0.3725,1
txn_000096,cust_001550,781.42,card,1444,14,7,0.5,4,False,gateway_error,0.36,0
txn_000097,cust_000795,690.88,netbanking,128,6,4,0.6667,3,False,gateway_error,0.49,0
txn_000098,cust_002251,284.72,card,1429,1,1,1.0,4,False,authentication_failed,0.26,0
txn_000099,cust_000779,575.2,netbanking,1109,11,10,0.9091,4,False,bank_decline,0.4127,0
txn_000100,cust_000099,1125.17,wallet,1427,15,11,0.7333,3,False,insufficient_balance,0.38,0
txn_000101,cust_002366,3262.06,upi,357,12,10,0.8333,4,False,gateway_error,0.46,1
txn_000102,cust_000626,855.44,netbanking,172,8,4,0.5,4,False,bank_decline,0.29,0
txn_000103,cust_000398,331.78,upi,1211,16,13,0.8125,4,False,insufficient_balance,0.3238,1
txn_000104,cust_001657,274.64,netbanking,91,11,6,0.5455,1,False,bank_decline,0.5436,1
txn_000105,cust_001499,453.51,upi,303,16,12,0.75,1,False,authentication_failed,0.425,1
txn_000106,cust_000949,283.28,upi,1443,22,16,0.7273,4,False,gateway_error,0.4282,1
txn_000107,cust_000084,301.11,wallet,1363,9,6,0.6667,3,False,authentication_failed,0.24,0
txn_000108,cust_002915,382.43,upi,450,9,8,0.8889,2,False,insufficient_balance,0.5067,0
txn_000109,cust_000853,1495.42,netbanking,1175,19,14,0.7368,2,False,gateway_error,0.5911,0
txn_000110,cust_001874,734.6,wallet,401,23,19,0.8261,1,False,bank_decline,0.6278,0
txn_000111,cust_000979,780.69,wallet,769,28,25,0.8929,2,False,gateway_error,0.6379,1
txn_000112,cust_001721,171.35,card,858,1,1,1.0,2,False,insufficient_balance,0.54,1
txn_000113,cust_001635,480.75,netbanking,577,23,16,0.6957,1,False,bank_decline,0.5887,1
txn_000114,cust_000374,1840.86,upi,228,0,0,0.0,2,True,gateway_error,0.32,1
txn_000115,cust_001558,926.53,upi,734,0,0,0.0,2,True,network_error,0.35,0
txn_000116,cust_001600,1015.42,wallet,344,9,8,0.8889,4,False,authentication_failed,0.2267,0
txn_000117,cust_002012,1374.81,card,1395,14,11,0.7857,1,False,authentication_failed,0.4357,1
txn_000118,cust_000628,943.75,card,31,27,25,0.9259,4,False,bank_decline,0.4178,1
txn_000119,cust_000936,181.67,upi,363,2,1,0.5,3,False,gateway_error,0.44,1
txn_000120,cust_002852,4619.66,wallet,687,4,2,0.5,4,False,insufficient_balance,0.23,0
txn_000121,cust_001828,486.84,wallet,905,27,21,0.7778,4,False,expired_card,0.1433,0
txn_000122,cust_001059,1562.49,wallet,445,6,5,0.8333,3,False,bank_decline,0.47,1
txn_000123,cust_002753,263.25,upi,29,21,15,0.7143,1,False,authentication_failed,0.4143,0
txn_000124,cust_000480,1345.03,upi,222,17,15,0.8824,4,False,authentication_failed,0.2247,1
txn_000125,cust_001294,1150.91,card,1487,7,7,1.0,1,False,gateway_error,0.75,1
txn_000126,cust_002073,1338.13,card,137,26,19,0.7308,1,False,insufficient_balance,0.5392,1
txn_000127,cust_000521,403.33,card,442,10,6,0.6,3,False,bank_decline,0.4,0
txn_000128,cust_001845,2491.57,card,1258,7,5,0.7143,1,False,insufficient_balance,0.5343,0
txn_000129,cust_003142,3071.33,wallet,850,8,3,0.375,4,False,insufficient_balance,0.1925,0
txn_000130,cust_000314,690.69,card,538,15,12,0.8,4,False,gateway_error,0.45,1
txn_000131,cust_003279,1333.13,upi,224,10,9,0.9,4,False,bank_decline,0.41,0
txn_000132,cust_002928,432.83,wallet,514,14,10,0.7143,3,False,insufficient_balance,0.3743,0
txn_000133,cust_002332,2896.77,netbanking,1096,16,12,0.75,4,False,bank_decline,0.365,0
txn_000134,cust_002479,536.21,wallet,754,2,2,1.0,2,False,bank_decline,0.6,0
txn_000135,cust_001905,1128.29,wallet,1079,27,21,0.7778,4,False,insufficient_balance,0.3133,0
txn_000136,cust_001559,622.78,netbanking,16,18,11,0.6111,3,False,bank_decline,0.4033,1
txn_000137,cust_002424,1370.4,wallet,197,9,6,0.6667,1,False,insufficient_balance,0.52,0
txn_000138,cust_000927,345.9,card,709,22,14,0.6364,2,False,bank_decline,0.4909,1
txn_000139,cust_000816,791.91,card,703,13,12,0.9231,2,False,network_error,0.6769,0
txn_000140,cust_000983,241.4,netbanking,1325,3,3,1.0,1,False,expired_card,0.45,0
txn_000141,cust_003138,1313.5,card,1476,18,10,0.5556,4,False,bank_decline,0.3067,1
txn_000142,cust_002056,776.6,upi,638,2,1,0.5,3,False,network_error,0.47,1
txn_000143,cust_002827,1131.01,upi,241,3,2,0.6667,4,False,expired_card,0.11,0
txn_000144,cust_000690,1497.8,upi,167,22,15,0.6818,1,False,gateway_error,0.6545,1
txn_000145,cust_000205,915.67,netbanking,151,11,7,0.6364,2,False,bank_decline,0.4909,1
txn_000146,cust_002915,666.65,upi,1318,21,14,0.6667,3,False,insufficient_balance,0.36,0
txn_000147,cust_001095,3264.11,upi,367,8,4,0.5,1,False,gateway_error,0.6,0
txn_000148,cust_001449,4943.06,netbanking,677,15,11,0.7333,4,False,bank_decline,0.36,1
txn_000149,cust_000548,1569.73,card,723,25,21,0.84,4,False,network_error,0.492,1
txn_000150,cust_001072,2326.76,upi,570,3,1,0.3333,1,False,authentication_failed,0.3,0
txn_000151,cust_001237,1382.28,netbanking,798,19,10,0.5263,1,False,expired_card,0.3079,0
txn_000152,cust_000168,1574.06,upi,1243,27,21,0.7778,3,False,insufficient_balance,0.3933,0
txn_000153,cust_000958,6596.78,card,1126,19,16,0.8421,4,False,gateway_error,0.4626,1
txn_000154,cust_000207,1065.83,netbanking,829,29,23,0.7931,4,False,network_error,0.4779,1
txn_000155,cust_002399,874.6,wallet,948,14,8,0.5714,2,False,insufficient_balance,0.4114,0
txn_000156,cust_003167,788.5,upi,987,17,13,0.7647,3,False,insufficient_balance,0.3894,1
txn_000157,cust_000926,1975.28,wallet,1269,17,13,0.7647,1,False,gateway_error,0.6794,0
txn_000158,cust_003159,860.84,wallet,1126,19,15,0.7895,2,False,insufficient_balance,0.4768,0
txn_000159,cust_000632,1004.47,wallet,843,4,3,0.75,3,False,gateway_error,0.515,1
txn_000160,cust_000420,611.9,netbanking,1045,12,9,0.75,2,False,bank_decline,0.525,0
txn_000161,cust_003133,812.51,netbanking,994,9,7,0.7778,1,False,bank_decline,0.6133,0
txn_000162,cust_000918,475.31,wallet,1369,20,17,0.85,4,False,bank_decline,0.395,1
txn_000163,cust_001942,1439.28,wallet,1365,22,16,0.7273,1,False,authentication_failed,0.4182,0
txn_000164,cust_003254,1128.73,netbanking,462,18,14,0.7778,3,False,insufficient_balance,0.3933,0
txn_000165,cust_002825,1616.68,netbanking,600,21,15,0.7143,4,False,network_error,0.4543,0
txn_000166,cust_002108,510.9,wallet,1285,16,12,0.75,2,False,insufficient_balance,0.465,1
txn_000167,cust_000778,713.28,wallet,1385,9,4,0.4444,4,False,expired_card,0.0433,0
txn_000168,cust_002150,7755.09,wallet,939,13,11,0.8462,3,False,insufficient_balance,0.4138,1
txn_000169,cust_001220,1565.22,upi,615,8,5,0.625,1,False,gateway_error,0.6375,1
txn_000170,cust_000462,465.18,card,682,23,15,0.6522,1,False,expired_card,0.3457,1
txn_000171,cust_002926,912.84,upi,1497,8,7,0.875,1,False,insufficient_balance,0.5825,0
txn_000172,cust_002636,3457.29,wallet,949,2,2,1.0,3,False,insufficient_balance,0.46,0
txn_000173,cust_000813,791.03,upi,168,21,18,0.8571,4,False,insufficient_balance,0.3371,0
txn_000174,cust_003332,2071.33,netbanking,1194,19,9,0.4737,1,False,network_error,0.6221,1
txn_000175,cust_001229,1628.88,card,1465,9,7,0.7778,2,False,insufficient_balance,0.4733,1
txn_000176,cust_002738,455.83,netbanking,486,23,15,0.6522,4,False,insufficient_balance,0.2757,0
txn_000177,cust_003053,3604.43,netbanking,1202,5,3,0.6,2,False,bank_decline,0.48,0
txn_000178,cust_000177,821.38,card,462,16,14,0.875,3,False,bank_decline,0.4825,1
txn_000179,cust_000218,908.08,card,53,10,6,0.6,3,False,bank_decline,0.4,1
txn_000180,cust_000310,536.27,wallet,830,16,10,0.625,1,False,insufficient_balance,0.5075,0
txn_000181,cust_001372,1152.13,upi,1128,6,4,0.6667,3,False,network_error,0.52,1
txn_000182,cust_000287,710.14,card,973,22,19,0.8636,4,False,bank_decline,0.3991,1
txn_000183,cust_003060,2500.28,card,598,20,17,0.85,4,False,authentication_failed,0.215,0
txn_000184,cust_000641,1097.81,upi,1429,29,19,0.6552,2,False,bank_decline,0.4966,0
txn_000185,cust_001237,894.54,upi,1102,0,0,0.0,3,True,network_error,0.27,0
txn_000186,cust_001621,788.87,netbanking,796,1,1,1.0,2,False,insufficient_balance,0.54,1
txn_000187,cust_000542,1024.66,card,1240,10,8,0.8,3,False,insufficient_balance,0.4,0
txn_000188,cust_000004,2172.75,upi,959,20,18,0.9,2,False,bank_decline,0.57,0
txn_000189,cust_001583,1468.93,wallet,258,25,19,0.76,4,False,network_error,0.468,0
txn_000190,cust_002265,5151.46,card,711,17,14,0.8235,2,False,bank_decline,0.5471,1
txn_000191,cust_001146,380.68,card,634,15,13,0.8667,1,False,gateway_error,0.71,1
txn_000192,cust_002035,542.61,upi,788,10,8,0.8,4,False,bank_decline,0.38,0
txn_000193,cust_000664,619.65,netbanking,150,22,19,0.8636,1,False,authentication_failed,0.4591,1
txn_000194,cust_003322,1058.33,wallet,156,24,18,0.75,1,False,bank_decline,0.605,1
txn_000195,cust_001087,1964.46,upi,1423,2,1,0.5,3,False,bank_decline,0.37,0
txn_000196,cust_000427,1175.21,upi,1208,11,8,0.7273,2,False,insufficient_balance,0.4582,1
txn_000197,cust_001466,3795.24,wallet,1299,0,0,0.0,3,True,insufficient_balance,0.11,0
txn_000198,cust_001305,1157.93,upi,569,27,17,0.6296,3,False,insufficient_balance,0.3489,0
txn_000199,cust_000236,3690.19,upi,693,8,6,0.75,3,False,insufficient_balance,0.385,1
txn_000200,cust_001297,4410.39,upi,459,4,3,0.75,4,False,bank_decline,0.365,0
txn_000201,cust_003308,1054.01,netbanking,386,15,9,0.6,4,False,authentication_failed,0.14,0
txn_000202,cust_001930,3496.35,card,1270,11,6,0.5455,4,False,bank_decline,0.3036,1
txn_000203,cust_000677,4008.03,wallet,844,2,1,0.5,1,False,gateway_error,0.6,1
txn_000204,cust_002929,1150.99,upi,852,23,18,0.7826,4,False,insufficient_balance,0.3148,0
txn_000205,cust_000256,1256.1,netbanking,241,13,10,0.7692,4,False,network_error,0.4708,0
txn_000206,cust_002927,646.04,wallet,1277,5,4,0.8,4,False,insufficient_balance,0.32,1
txn_000207,cust_003117,1792.59,netbanking,723,7,3,0.4286,3,False,authentication_failed,0.1686,0
txn_000208,cust_002793,830.46,upi,194,3,2,0.6667,1,False,insufficient_balance,0.52,1
txn_000209,cust_002089,4764.66,card,36,28,21,0.75,3,False,authentication_failed,0.265,1
txn_000210,cust_001539,1077.29,netbanking,1185,18,16,0.8889,3,False,network_error,0.5867,1
txn_000211,cust_000749,993.22,netbanking,283,14,13,0.9286,2,False,gateway_error,0.6486,1
txn_000212,cust_002905,4854.18,wallet,368,2,1,0.5,4,False,authentication_failed,0.11,0
txn_000213,cust_000679,1544.16,upi,54,6,2,0.3333,3,False,gateway_error,0.39,1
txn_000214,cust_003120,2281.86,netbanking,783,27,24,0.8889,2,False,gateway_error,0.6367,1
txn_000215,cust_002360,1953.72,card,1252,28,21,0.75,1,False,gateway_error,0.675,1
txn_000216,cust_001036,810.58,upi,1483,1,0,0.0,2,False,bank_decline,0.3,1
txn_000217,cust_002064,445.15,card,142,20,14,0.7,4,False,gateway_error,0.42,0
txn_000218,cust_001819,303.62,wallet,939,3,2,0.6667,2,False,network_error,0.6,0
txn_000219,cust_000650,3564.89,upi,1057,22,17,0.7727,2,False,insufficient_balance,0.4718,1
txn_000220,cust_001487,2978.0,upi,1086,2,1,0.5,3,False,gateway_error,0.44,0
txn_000221,cust_002215,710.49,upi,237,25,14,0.56,1,False,bank_decline,0.548,1
txn_000222,cust_000512,355.01,wallet,61,7,7,1.0,2,False,bank_decline,0.6,1
txn_000223,cust_002877,1911.68,upi,1368,7,5,0.7143,3,False,bank_decline,0.4343,0
txn_000224,cust_000302,312.83,netbanking,937,28,22,0.7857,1,False,bank_decline,0.6157,1
txn_000225,cust_000619,2384.9,wallet,568,9,7,0.7778,4,False,bank_decline,0.3733,1
txn_000226,cust_002407,528.92,netbanking,243,13,11,0.8462,4,False,bank_decline,0.3938,0
txn_000227,cust_000923,521.55,wallet,161,17,13,0.7647,2,False,network_error,0.6294,1
txn_000228,cust_000223,404.3,wallet,769,14,11,0.7857,4,False,authentication_failed,0.1957,0
txn_000229,cust_002391,977.28,netbanking,77,17,13,0.7647,4,False,gateway_error,0.4394,0
txn_000230,cust_001428,1648.99,card,1079,19,13,0.6842,4,False,authentication_failed,0.1653,0
txn_000231,cust_001997,1179.2,upi,522,13,9,0.6923,3,False,gateway_error,0.4977,1
txn_000232,cust_001533,2418.35,upi,554,15,10,0.6667,2,False,bank_decline,0.5,0
txn_000233,cust_001878,1197.02,upi,298,11,7,0.6364,3,False,gateway_error,0.4809,1
txn_000234,cust_000972,341.82,card,1203,4,4,1.0,2,False,network_error,0.7,0
txn_000235,cust_001297,1427.89,card,1062,25,20,0.8,1,False,network_error,0.72,1
txn_000236,cust_002350,669.79,upi,574,3,2,0.6667,4,False,bank_decline,0.34,0
txn_000237,cust_001132,1419.75,netbanking,1122,3,2,0.6667,4,False,gateway_error,0.41,1
txn_000238,cust_000804,1428.29,upi,347,14,11,0.7857,3,False,expired_card,0.2257,0
txn_000239,cust_003003,1219.11,upi,197,0,0,0.0,2,True,insufficient_balance,0.19,0
txn_000240,cust_002144,1297.55,card,89,27,20,0.7407,3,False,gateway_error,0.5122,0
txn_000241,cust_002369,121.54,upi,1334,24,16,0.6667,4,False,network_error,0.44,1
txn_000242,cust_001894,198.79,card,703,14,11,0.7857,2,False,network_error,0.6357,0
txn_000243,cust_000396,5469.84,netbanking,338,5,3,0.6,4,False,gateway_error,0.39,0
txn_000244,cust_002021,2147.24,wallet,193,12,10,0.8333,4,False,gateway_error,0.46,1
txn_000245,cust_002552,576.75,netbanking,445,6,5,0.8333,1,False,bank_decline,0.63,0
txn_000246,cust_000585,364.77,upi,5,20,17,0.85,3,False,expired_card,0.245,0
txn_000247,cust_001141,801.41,wallet,210,8,5,0.625,3,False,bank_decline,0.4075,1
txn_000248,cust_000844,1248.44,wallet,9,12,9,0.75,3,False,expired_card,0.215,0
txn_000249,cust_002943,1085.34,netbanking,1252,25,24,0.96,1,False,network_error,0.768,0
txn_000250,cust_000297,2840.39,card,1346,15,10,0.6667,4,False,insufficient_balance,0.28,0
txn_000251,cust_001755,168.09,card,284,5,4,0.8,1,False,network_error,0.72,0
txn_000252,cust_001345,611.76,netbanking,202,29,22,0.7586,3,False,gateway_error,0.5176,1
txn_000253,cust_001345,466.81,card,1132,29,22,0.7586,1,False,bank_decline,0.6076,1
txn_000254,cust_002676,1646.59,upi,289,23,14,0.6087,3,False,insufficient_balance,0.3426,1
txn_000255,cust_001343,1059.91,upi,203,0,0,0.0,4,True,insufficient_balance,0.03,0
txn_000256,cust_002131,1421.13,wallet,384,1,1,1.0,4,False,expired_card,0.21,0
txn_000257,cust_001805,1279.13,netbanking,1276,7,6,0.8571,4,False,bank_decline,0.3971,0
txn_000258,cust_002603,564.19,upi,806,22,19,0.8636,1,False,gateway_error,0.7091,0
txn_000259,cust_002070,2390.02,card,1315,5,3,0.6,3,False,gateway_error,0.47,0
txn_000260,cust_001685,1842.2,upi,1480,7,5,0.7143,3,False,authentication_failed,0.2543,0
txn_000261,cust_002656,629.35,wallet,1369,23,16,0.6957,1,False,authentication_failed,0.4087,0
txn_000262,cust_003060,1496.34,card,681,28,20,0.7143,4,False,gateway_error,0.4243,1
txn_000263,cust_000325,1010.17,netbanking,711,2,2,1.0,4,False,insufficient_balance,0.38,0
txn_000264,cust_002945,627.07,upi,901,11,5,0.4545,2,False,insufficient_balance,0.3764,0
txn_000265,cust_003060,301.26,card,909,8,5,0.625,3,False,bank_decline,0.4075,1
txn_000266,cust_001161,713.19,netbanking,908,14,13,0.9286,2,False,gateway_error,0.6486,1
txn_000267,cust_000745,979.34,upi,1417,26,18,0.6923,1,False,insufficient_balance,0.5277,0
txn_000268,cust_002598,1264.89,netbanking,447,6,5,0.8333,2,False,bank_decline,0.55,1
txn_000269,cust_000343,1290.66,upi,1437,13,9,0.6923,3,False,expired_card,0.1977,0
txn_000270,cust_002960,762.99,upi,92,19,16,0.8421,1,False,expired_card,0.4026,1
txn_000271,cust_002760,1831.32,card,212,7,4,0.5714,4,False,gateway_error,0.3814,1
txn_000272,cust_000238,375.89,card,200,2,2,1.0,2,False,gateway_error,0.67,1
txn_000273,cust_001026,1185.69,netbanking,1241,22,15,0.6818,3,False,authentication_failed,0.2445,0
txn_000274,cust_001154,923.8,netbanking,1408,21,16,0.7619,3,False,network_error,0.5486,1
txn_000275,cust_003177,569.18,wallet,391,12,10,0.8333,1,False,gateway_error,0.7,1
txn_000276,cust_001026,590.09,netbanking,1322,2,1,0.5,1,False,bank_decline,0.53,0
txn_000277,cust_001485,668.37,card,443,29,23,0.7931,3,False,network_error,0.5579,0
txn_000278,cust_002249,480.79,netbanking,1387,4,3,0.75,3,False,authentication_failed,0.265,1
txn_000279,cust_002570,472.71,card,614,13,11,0.8462,1,False,network_error,0.7338,0
txn_000280,cust_001576,855.09,card,696,16,11,0.6875,4,False,network_error,0.4462,0
txn_000281,cust_001367,1390.66,wallet,738,28,20,0.7143,3,False,expired_card,0.2043,1
txn_000282,cust_001561,156.16,netbanking,772,27,20,0.7407,3,False,gateway_error,0.5122,1
txn_000283,cust_001796,1395.83,upi,326,4,4,1.0,1,False,network_error,0.78,1
txn_000284,cust_003137,845.09,netbanking,324,17,15,0.8824,1,False,bank_decline,0.6447,1
txn_000285,cust_003148,1562.38,upi,962,9,6,0.6667,2,False,bank_decline,0.5,0
txn_000286,cust_000747,1132.02,netbanking,738,25,12,0.48,4,False,insufficient_balance,0.224,0
txn_000287,cust_002406,1256.57,netbanking,874,22,11,0.5,4,False,network_error,0.39,0
txn_000288,cust_002776,2029.18,wallet,484,6,5,0.8333,3,False,insufficient_balance,0.41,0
txn_000289,cust_002123,3816.36,upi,1477,27,18,0.6667,4,False,insufficient_balance,0.28,0
txn_000290,cust_001361,1742.24,netbanking,262,15,11,0.7333,2,False,expired_card,0.29,0
txn_000291,cust_000350,685.5,netbanking,191,12,7,0.5833,1,False,network_error,0.655,1
txn_000292,cust_001055,448.25,wallet,266,0,0,0.0,4,True,bank_decline,0.09,0
txn_000293,cust_000075,863.1,netbanking,98,0,0,0.0,1,True,authentication_failed,0.15,1
txn_000294,cust_001477,1502.22,wallet,778,18,14,0.7778,3,False,bank_decline,0.4533,0
txn_000295,cust_002991,1382.86,card,17,16,10,0.625,1,False,network_error,0.6675,1
txn_000296,cust_003177,699.63,card,212,21,15,0.7143,4,False,network_error,0.4543,1
txn_000297,cust_001197,4661.68,wallet,540,22,20,0.9091,1,False,insufficient_balance,0.5927,0
txn_000298,cust_002589,220.01,card,816,19,14,0.7368,3,False,expired_card,0.2111,0
txn_000299,cust_001918,2488.93,wallet,713,18,15,0.8333,3,False,bank_decline,0.47,1
txn_000300,cust_003086,1575.64,upi,125,5,3,0.6,3,False,bank_decline,0.4,0
txn_000301,cust_000654,988.29,upi,1387,15,15,1.0,4,False,expired_card,0.21,0
txn_000302,cust_002833,587.37,wallet,287,16,14,0.875,1,False,authentication_failed,0.4625,0
txn_000303,cust_000612,669.92,netbanking,858,15,10,0.6667,1,False,bank_decline,0.58,0
txn_000304,cust_003232,2705.91,wallet,1084,15,12,0.8,4,False,expired_card,0.15,0
txn_000305,cust_003156,1970.3,upi,330,21,13,0.619,2,False,expired_card,0.2557,1
txn_000306,cust_002062,1067.81,wallet,300,25,20,0.8,3,False,gateway_error,0.53,1
txn_000307,cust_001034,410.62,netbanking,1480,16,14,0.875,1,False,authentication_failed,0.4625,1
txn_000308,cust_001117,5435.85,card,1131,22,18,0.8182,3,False,gateway_error,0.5355,1
txn_000309,cust_002299,483.17,card,670,24,17,0.7083,4,False,bank_decline,0.3525,0
txn_000310,cust_000158,882.96,upi,406,4,3,0.75,1,False,insufficient_balance,0.545,1
txn_000311,cust_001021,777.15,netbanking,622,16,13,0.8125,3,False,bank_decline,0.4637,0
txn_000312,cust_000828,2030.19,upi,1139,3,3,1.0,2,False,network_error,0.7,1
txn_000313,cust_002522,700.39,card,567,25,18,0.72,3,False,bank_decline,0.436,0
txn_000314,cust_003142,575.35,upi,1107,3,2,0.6667,4,False,bank_decline,0.34,0
txn_000315,cust_002457,1176.49,wallet,427,23,17,0.7391,4,False,gateway_error,0.4317,0
txn_000316,cust_001121,643.74,card,1439,16,14,0.875,4,False,gateway_error,0.4725,1
txn_000317,cust_000063,450.9,card,1264,15,11,0.7333,2,False,gateway_error,0.59,1
txn_000318,cust_001413,1245.68,card,1183,15,13,0.8667,3,False,gateway_error,0.55,1
txn_000319,cust_001379,582.9,wallet,388,26,17,0.6538,3,False,network_error,0.5162,1
txn_000320,cust_000622,1292.49,wallet,494,15,8,0.5333,1,False,insufficient_balance,0.48,1
txn_000321,cust_001689,1201.11,netbanking,301,21,18,0.8571,3,False,authentication_failed,0.2971,1
txn_000322,cust_001205,1859.44,upi,455,21,16,0.7619,3,False,gateway_error,0.5186,0
txn_000323,cust_003175,1633.27,card,1350,12,11,0.9167,2,False,network_error,0.675,1
txn_000324,cust_002022,1470.21,card,445,24,15,0.625,1,False,authentication_failed,0.3875,0
txn_000325,cust_001498,344.6,upi,512,15,11,0.7333,1,False,network_error,0.7,1
txn_000326,cust_000132,1068.63,netbanking,111,27,22,0.8148,2,False,bank_decline,0.5444,1
txn_000327,cust_003268,889.58,wallet,50,10,9,0.9,2,False,insufficient_balance,0.51,1
txn_000328,cust_000674,527.37,upi,491,2,2,1.0,1,False,expired_card,0.45,0
txn_000329,cust_002445,2041.95,card,756,23,18,0.7826,3,False,expired_card,0.2248,0
txn_000330,cust_002688,1218.65,wallet,255,13,9,0.6923,3,False,insufficient_balance,0.3677,0
txn_000331,cust_002230,258.14,wallet,1491,13,12,0.9231,4,False,authentication_failed,0.2369,1
txn_000332,cust_000327,728.04,wallet,1204,18,12,0.6667,2,False,insufficient_balance,0.44,1
txn_000333,cust_000617,1631.21,netbanking,672,13,10,0.7692,2,False,insufficient_balance,0.4708,0
txn_000334,cust_001675,1302.55,upi,1375,12,10,0.8333,3,False,insufficient_balance,0.41,1
txn_000335,cust_003217,1072.33,card,228,23,17,0.7391,2,False,insufficient_balance,0.4617,0
txn_000336,cust_002794,7117.25,upi,12,23,13,0.5652,3,False,bank_decline,0.3896,0
txn_000337,cust_001178,2158.23,card,1227,9,8,0.8889,3,False,gateway_error,0.5567,1
txn_000338,cust_002720,616.72,netbanking,391,1,1,1.0,1,False,bank_decline,0.68,1
txn_000339,cust_000869,1042.31,card,994,11,6,0.5455,1,False,gateway_error,0.6136,1
txn_000340,cust_000521,573.89,upi,500,21,16,0.7619,2,False,bank_decline,0.5286,0
txn_000341,cust_001949,1742.94,upi,1308,7,4,0.5714,2,False,bank_decline,0.4714,1
txn_000342,cust_001509,607.47,wallet,517,9,7,0.7778,3,False,insufficient_balance,0.3933,1
txn_000343,cust_000342,1433.73,wallet,380,14,13,0.9286,3,False,bank_decline,0.4986,0
txn_000344,cust_002495,1322.85,upi,669,2,0,0.0,4,False,gateway_error,0.21,1
txn_000345,cust_001812,753.9,wallet,553,26,21,0.8077,3,False,bank_decline,0.4623,1
txn_000346,cust_002090,1259.42,upi,283,5,4,0.8,2,False,insufficient_balance,0.48,1
txn_000347,cust_000998,712.21,wallet,1158,0,0,0.0,2,True,authentication_failed,0.07,0
txn_000348,cust_001431,761.34,netbanking,1367,23,20,0.8696,3,False,authentication_failed,0.3009,0
txn_000349,cust_000270,3082.05,card,140,13,12,0.9231,3,False,expired_card,0.2669,0
txn_000350,cust_002515,334.14,netbanking,897,18,13,0.7222,2,False,gateway_error,0.5867,0
txn_000351,cust_000069,1322.71,card,834,21,14,0.6667,1,False,authentication_failed,0.4,0
txn_000352,cust_000312,391.69,card,1057,21,17,0.8095,3,False,gateway_error,0.5329,0
txn_000353,cust_002022,532.72,upi,439,5,3,0.6,4,False,authentication_failed,0.14,0
txn_000354,cust_000017,667.53,upi,110,21,19,0.9048,4,False,expired_card,0.1814,0
txn_000355,cust_001868,1024.93,card,707,7,6,0.8571,2,False,insufficient_balance,0.4971,0
txn_000356,cust_000263,2611.47,upi,949,26,13,0.5,4,False,insufficient_balance,0.23,1
txn_000357,cust_002809,1606.94,card,431,8,5,0.625,1,False,network_error,0.6675,0
txn_000358,cust_000876,458.35,card,40,12,11,0.9167,2,False,gateway_error,0.645,1
txn_000359,cust_001024,4958.96,card,860,12,9,0.75,2,False,insufficient_balance,0.465,0
txn_000360,cust_001232,1582.64,card,144,20,13,0.65,4,False,network_error,0.435,1
txn_000361,cust_003302,1567.64,netbanking,104,15,12,0.8,3,False,expired_card,0.23,1
txn_000362,cust_000188,601.84,wallet,113,2,2,1.0,4,False,gateway_error,0.51,1
txn_000363,cust_001337,774.52,wallet,639,8,6,0.75,4,False,network_error,0.465,0
txn_000364,cust_002955,2124.15,card,1417,1,1,1.0,1,False,authentication_failed,0.5,0
txn_000365,cust_002321,870.76,wallet,628,1,1,1.0,2,False,network_error,0.7,1
txn_000366,cust_002907,1106.96,upi,1297,10,9,0.9,4,False,authentication_failed,0.23,1
txn_000367,cust_000985,2439.97,wallet,1271,2,2,1.0,1,False,bank_decline,0.68,1
txn_000368,cust_000240,10036.15,wallet,405,1,1,1.0,1,False,authentication_failed,0.5,0
txn_000369,cust_001680,211.92,netbanking,17,9,3,0.3333,3,False,insufficient_balance,0.26,1
txn_000370,cust_002510,1997.33,card,918,17,11,0.6471,3,False,gateway_error,0.4841,0
txn_000371,cust_003029,190.73,netbanking,834,22,17,0.7727,2,False,gateway_error,0.6018,0
txn_000372,cust_000358,827.32,wallet,296,16,12,0.75,2,False,bank_decline,0.525,0
txn_000373,cust_000511,541.01,wallet,1397,22,18,0.8182,1,False,expired_card,0.3955,1
txn_000374,cust_002106,155.8,wallet,159,2,1,0.5,4,False,expired_card,0.06,0
txn_000375,cust_000636,2063.73,wallet,879,14,10,0.7143,2,False,gateway_error,0.5843,0
txn_000376,cust_000535,2693.17,netbanking,1007,22,10,0.4545,2,False,bank_decline,0.4364,0
txn_000377,cust_001151,539.17,wallet,857,1,1,1.0,1,False,authentication_failed,0.5,0
txn_000378,cust_002083,2402.23,netbanking,284,19,13,0.6842,4,False,network_error,0.4453,0
txn_000379,cust_001329,293.54,card,410,25,16,0.64,3,False,authentication_failed,0.232,1
txn_000380,cust_001978,280.84,netbanking,23,22,15,0.6818,2,False,authentication_failed,0.3245,0
txn_000381,cust_002609,1795.41,wallet,1296,1,1,1.0,3,False,insufficient_balance,0.46,1
txn_000382,cust_001684,2716.31,card,241,11,6,0.5455,2,False,bank_decline,0.4636,1
txn_000383,cust_003078,2495.05,card,1223,25,17,0.68,2,False,expired_card,0.274,1
txn_000384,cust_003078,499.46,netbanking,281,12,11,0.9167,4,False,gateway_error,0.485,0
txn_000385,cust_002576,504.06,netbanking,318,22,17,0.7727,4,False,bank_decline,0.3718,0
txn_000386,cust_003135,2111.77,wallet,1074,8,8,1.0,3,False,gateway_error,0.59,1
txn_000387,cust_001058,1178.12,wallet,694,20,17,0.85,2,False,bank_decline,0.555,1
txn_000388,cust_000718,969.05,wallet,32,6,4,0.6667,4,False,bank_decline,0.34,0
txn_000389,cust_003158,1862.28,wallet,939,8,7,0.875,4,False,gateway_error,0.4725,0
txn_000390,cust_002302,1129.11,wallet,807,18,13,0.7222,3,False,bank_decline,0.4367,0
txn_000391,cust_000001,541.86,card,1172,4,4,1.0,2,False,network_error,0.7,1
txn_000392,cust_001251,3301.69,upi,1245,7,5,0.7143,4,False,gateway_error,0.4243,1
txn_000393,cust_001086,2023.87,wallet,441,16,12,0.75,3,False,authentication_failed,0.265,0
txn_000394,cust_000875,2938.05,upi,1488,0,0,0.0,1,True,network_error,0.43,1
txn_000395,cust_001589,2904.98,netbanking,1017,3,2,0.6667,3,False,authentication_failed,0.24,0
txn_000396,cust_000053,4295.89,card,688,19,9,0.4737,2,False,network_error,0.5421,0
txn_000397,cust_000460,3459.21,upi,818,4,3,0.75,3,False,gateway_error,0.515,1
txn_000398,cust_000649,924.23,wallet,431,25,22,0.88,3,False,bank_decline,0.484,1
txn_000399,cust_002601,2606.81,card,249,6,5,0.8333,2,False,expired_card,0.32,0
txn_000400,cust_001357,2531.36,netbanking,1099,27,23,0.8519,2,False,gateway_error,0.6256,0
txn_000401,cust_001541,1519.57,wallet,1001,15,10,0.6667,2,False,bank_decline,0.5,1
txn_000402,cust_002956,273.7,netbanking,1180,19,15,0.7895,2,False,expired_card,0.3068,0
txn_000403,cust_003047,1497.02,card,407,4,4,1.0,2,False,gateway_error,0.67,0
txn_000404,cust_003106,1137.79,wallet,1364,28,23,0.8214,3,False,network_error,0.5664,1
txn_000405,cust_002778,1558.71,upi,514,1,1,1.0,2,False,bank_decline,0.6,1
txn_000406,cust_001548,1034.24,wallet,1048,15,12,0.8,1,False,bank_decline,0.62,0
txn_000407,cust_002762,496.27,netbanking,1075,24,18,0.75,4,False,gateway_error,0.435,1
txn_000408,cust_002821,3388.46,wallet,1383,23,16,0.6957,1,False,gateway_error,0.6587,1
txn_000409,cust_001791,1939.91,upi,1117,2,1,0.5,2,False,insufficient_balance,0.39,0
txn_000410,cust_001314,709.79,card,473,25,19,0.76,4,False,bank_decline,0.368,0
txn_000411,cust_001890,495.58,upi,1342,18,13,0.7222,1,False,network_error,0.6967,1
txn_000412,cust_001670,801.29,upi,747,14,10,0.7143,1,False,network_error,0.6943,0
txn_000413,cust_002218,4129.46,card,512,19,12,0.6316,4,False,bank_decline,0.3295,0
txn_000414,cust_000851,3237.18,upi,540,7,5,0.7143,1,False,network_error,0.6943,0
txn_000415,cust_001811,1048.85,card,1313,7,4,0.5714,4,False,bank_decline,0.3114,0
txn_000416,cust_001776,924.12,card,1404,26,18,0.6923,3,False,insufficient_balance,0.3677,0
txn_000417,cust_002671,510.06,card,703,15,13,0.8667,4,False,bank_decline,0.4,0
txn_000418,cust_002869,470.64,wallet,451,7,6,0.8571,1,False,bank_decline,0.6371,1
txn_000419,cust_002226,686.27,upi,19,12,9,0.75,3,False,expired_card,0.215,0
txn_000420,cust_000456,830.55,upi,382,22,15,0.6818,2,False,insufficient_balance,0.4445,0
txn_000421,cust_002665,1079.31,netbanking,448,5,4,0.8,3,False,insufficient_balance,0.4,0
txn_000422,cust_000311,1469.08,card,386,21,15,0.7143,4,False,gateway_error,0.4243,1
txn_000423,cust_003300,918.48,wallet,541,14,12,0.8571,4,False,bank_decline,0.3971,0
txn_000424,cust_000270,3070.13,card,53,21,14,0.6667,1,False,gateway_error,0.65,0
txn_000425,cust_002044,3358.7,netbanking,1047,15,11,0.7333,3,False,authentication_failed,0.26,0
txn_000426,cust_001485,450.5,card,41,2,0,0.0,3,False,authentication_failed,0.04,0
txn_000427,cust_002008,111.14,upi,243,8,4,0.5,4,False,bank_decline,0.29,0
txn_000428,cust_000451,979.34,upi,832,15,12,0.8,3,False,bank_decline,0.46,1
txn_000429,cust_001928,1262.14,card,527,9,6,0.6667,1,False,authentication_failed,0.4,0
txn_000430,cust_002466,957.53,wallet,808,25,22,0.88,2,False,gateway_error,0.634,0
txn_000431,cust_000033,757.58,netbanking,940,25,18,0.72,2,False,expired_card,0.286,0
txn_000432,cust_000816,554.27,upi,677,17,15,0.8824,2,False,insufficient_balance,0.5047,0
txn_000433,cust_001395,2532.2,wallet,249,0,0,0.0,1,True,gateway_error,0.4,0
txn_000434,cust_001989,800.38,card,714,16,13,0.8125,4,False,network_error,0.4837,0
txn_000435,cust_000190,1429.72,netbanking,1019,18,10,0.5556,1,False,gateway_error,0.6167,0
txn_000436,cust_000740,710.8,upi,1246,24,17,0.7083,1,False,network_error,0.6925,1
txn_000437,cust_002038,2378.39,wallet,1026,10,7,0.7,3,False,insufficient_balance,0.37,0
txn_000438,cust_000818,756.69,card,571,12,9,0.75,4,False,bank_decline,0.365,0
txn_000439,cust_001040,2572.88,netbanking,97,2,2,1.0,4,False,insufficient_balance,0.38,0
txn_000440,cust_002203,3581.98,wallet,804,22,13,0.5909,2,False,network_error,0.5773,0
txn_000441,cust_002783,693.48,wallet,622,20,16,0.8,3,False,bank_decline,0.46,1
txn_000442,cust_000121,2207.07,card,977,16,9,0.5625,1,False,authentication_failed,0.3688,0
txn_000443,cust_001102,1370.14,upi,375,27,22,0.8148,1,False,insufficient_balance,0.5644,1
txn_000444,cust_001833,1102.97,netbanking,188,4,4,1.0,2,False,insufficient_balance,0.54,0
txn_000445,cust_002946,319.71,upi,37,14,12,0.8571,4,False,bank_decline,0.3971,1
txn_000446,cust_000295,5113.28,wallet,968,18,9,0.5,3,False,gateway_error,0.44,1
txn_000447,cust_001608,494.45,netbanking,630,3,1,0.3333,2,False,bank_decline,0.4,0
txn_000448,cust_003076,958.82,upi,449,29,25,0.8621,2,False,network_error,0.6586,0
txn_000449,cust_000851,696.33,netbanking,800,4,3,0.75,3,False,bank_decline,0.445,1
txn_000450,cust_000025,1332.38,wallet,417,21,9,0.4286,3,False,bank_decline,0.3486,0
txn_000451,cust_001715,538.17,card,885,7,5,0.7143,3,False,insufficient_balance,0.3743,0
txn_000452,cust_002223,1649.31,netbanking,1369,16,10,0.625,4,False,network_error,0.4275,1
txn_000453,cust_003301,464.57,wallet,367,19,10,0.5263,1,False,bank_decline,0.5379,0
txn_000454,cust_002661,1505.87,card,1116,12,10,0.8333,3,False,gateway_error,0.54,0
txn_000455,cust_002295,1397.97,card,1165,5,2,0.4,1,False,network_error,0.6,1
txn_000456,cust_002658,1017.18,card,488,7,4,0.5714,1,False,gateway_error,0.6214,1
txn_000457,cust_003309,2399.64,card,386,27,21,0.7778,3,False,insufficient_balance,0.3933,0
txn_000458,cust_003102,713.6,card,300,19,16,0.8421,2,False,network_error,0.6526,0
txn_000459,cust_002480,1694.43,netbanking,1065,6,3,0.5,3,False,authentication_failed,0.19,0
txn_000460,cust_000203,3868.94,card,289,1,1,1.0,2,False,network_error,0.7,1
txn_000461,cust_000166,396.09,netbanking,1186,27,21,0.7778,4,False,network_error,0.4733,0
txn_000462,cust_000327,854.65,upi,200,6,2,0.3333,4,False,gateway_error,0.31,0
txn_000463,cust_001106,122.53,upi,1118,2,1,0.5,1,False,authentication_failed,0.35,1
txn_000464,cust_002540,1118.29,card,387,8,4,0.5,2,False,authentication_failed,0.27,0
txn_000465,cust_001169,1960.24,wallet,1422,7,6,0.8571,1,False,bank_decline,0.6371,1
txn_000466,cust_000471,199.83,netbanking,169,17,14,0.8235,2,False,insufficient_balance,0.4871,0
txn_000467,cust_000500,397.31,netbanking,567,14,13,0.9286,4,False,insufficient_balance,0.3586,1
txn_000468,cust_000615,635.69,wallet,1076,18,18,1.0,2,False,authentication_failed,0.42,1
txn_000469,cust_001049,687.3,netbanking,1147,13,9,0.6923,2,False,gateway_error,0.5777,1
txn_000470,cust_000326,673.12,netbanking,1184,7,4,0.5714,2,False,authentication_failed,0.2914,0
txn_000471,cust_000769,381.04,wallet,743,13,11,0.8462,3,False,bank_decline,0.4738,1
txn_000472,cust_001247,1830.94,netbanking,208,7,4,0.5714,2,False,network_error,0.5714,1
txn_000473,cust_001798,416.53,card,1097,1,1,1.0,2,False,gateway_error,0.67,0
txn_000474,cust_002037,317.9,netbanking,18,27,21,0.7778,1,False,authentication_failed,0.4333,1
txn_000475,cust_003100,1981.69,card,171,7,4,0.5714,3,False,expired_card,0.1614,0
txn_000476,cust_002916,661.98,card,1118,16,10,0.625,2,False,gateway_error,0.5575,0
txn_000477,cust_000529,411.45,card,698,27,23,0.8519,1,False,insufficient_balance,0.5756,1
txn_000478,cust_002536,1975.52,card,332,5,2,0.4,3,False,authentication_failed,0.16,0
txn_000479,cust_001253,410.1,netbanking,969,13,7,0.5385,1,False,insufficient_balance,0.4815,1
txn_000480,cust_000532,1035.25,netbanking,8,13,9,0.6923,1,False,authentication_failed,0.4077,1
txn_000481,cust_002278,813.37,netbanking,244,27,21,0.7778,2,False,network_error,0.6333,1
txn_000482,cust_003147,532.28,card,380,3,2,0.6667,3,False,insufficient_balance,0.36,0
txn_000483,cust_000238,640.67,netbanking,65,8,5,0.625,3,False,gateway_error,0.4775,1
txn_000484,cust_003320,1100.26,wallet,25,9,8,0.8889,2,False,bank_decline,0.5667,0
txn_000485,cust_000551,1294.92,card,1102,2,1,0.5,3,False,bank_decline,0.37,1
txn_000486,cust_001106,400.6,netbanking,1211,3,3,1.0,2,False,bank_decline,0.6,1
txn_000487,cust_000259,752.46,upi,468,23,13,0.5652,4,False,bank_decline,0.3096,0
txn_000488,cust_000256,644.16,netbanking,348,2,2,1.0,3,False,authentication_failed,0.34,0
txn_000489,cust_002461,648.6,card,1066,16,11,0.6875,4,False,bank_decline,0.3462,0
txn_000490,cust_000858,1036.32,upi,56,15,9,0.6,4,False,network_error,0.42,1
txn_000491,cust_000970,1323.58,wallet,121,28,18,0.6429,3,False,bank_decline,0.4129,1
txn_000492,cust_002160,970.12,card,368,16,11,0.6875,1,False,insufficient_balance,0.5262,0
txn_000493,cust_002472,1697.46,netbanking,232,17,12,0.7059,4,False,gateway_error,0.4218,0
txn_000494,cust_000209,1871.95,netbanking,1272,12,12,1.0,1,False,bank_decline,0.68,1
txn_000495,cust_000847,3018.82,card,1052,29,21,0.7241,4,False,bank_decline,0.3572,0
txn_000496,cust_000915,914.13,upi,1227,8,7,0.875,4,False,expired_card,0.1725,0
txn_000497,cust_001154,4543.15,card,209,23,16,0.6957,4,False,bank_decline,0.3487,0
txn_000498,cust_000334,589.23,upi,357,3,2,0.6667,2,False,bank_decline,0.5,1
txn_000499,cust_002378,1698.22,card,428,7,6,0.8571,2,False,gateway_error,0.6271,1
txn_000500,cust_001152,526.28,wallet,198,3,2,0.6667,2,False,expired_card,0.27,0
txn_000501,cust_000920,2041.51,card,1457,15,12,0.8,3,False,network_error,0.56,1
txn_000502,cust_000144,330.82,wallet,1214,9,7,0.7778,1,False,bank_decline,0.6133,0
txn_000503,cust_001149,614.87,card,716,25,20,0.8,2,False,bank_decline,0.54,0
txn_000504,cust_002139,999.6,wallet,1407,28,21,0.75,1,False,authentication_failed,0.425,0
txn_000505,cust_001582,693.02,card,725,12,10,0.8333,3,False,bank_decline,0.47,0
txn_000506,cust_002129,1417.09,card,154,2,2,1.0,4,False,authentication_failed,0.26,0
txn_000507,cust_000794,482.92,card,650,13,9,0.6923,2,False,network_error,0.6077,1
txn_000508,cust_001598,3434.37,upi,555,22,17,0.7727,4,False,bank_decline,0.3718,0
txn_000509,cust_000687,527.6,upi,384,26,18,0.6923,4,False,bank_decline,0.3477,1
txn_000510,cust_003123,3669.82,card,481,2,1,0.5,4,False,network_error,0.39,0
txn_000511,cust_001090,1984.31,upi,96,5,5,1.0,3,False,bank_decline,0.52,1
txn_000512,cust_002015,1616.63,card,1196,21,14,0.6667,3,False,gateway_error,0.49,1
txn_000513,cust_000267,2750.4,wallet,760,17,10,0.5882,1,False,insufficient_balance,0.4965,1
txn_000514,cust_002944,4086.49,card,281,10,8,0.8,3,False,insufficient_balance,0.4,0
txn_000515,cust_002762,3981.96,netbanking,1232,11,10,0.9091,1,False,network_error,0.7527,1
txn_000516,cust_000110,2604.93,wallet,1323,23,18,0.7826,4,False,bank_decline,0.3748,1
txn_000517,cust_000581,2365.81,card,743,8,6,0.75,2,False,network_error,0.625,0
txn_000518,cust_001988,3113.84,netbanking,268,10,7,0.7,4,False,insufficient_balance,0.29,0
txn_000519,cust_002894,481.64,upi,971,11,9,0.8182,1,False,gateway_error,0.6955,1
txn_000520,cust_000034,1562.09,wallet,546,15,12,0.8,3,False,gateway_error,0.53,1
txn_000521,cust_001874,2325.14,card,430,4,2,0.5,4,False,network_error,0.39,1
txn_000522,cust_000895,768.84,netbanking,1408,28,21,0.75,1,False,bank_decline,0.605,0
txn_000523,cust_000256,2187.51,netbanking,43,7,4,0.5714,3,False,bank_decline,0.3914,1
txn_000524,cust_001745,1251.89,netbanking,1277,2,1,0.5,2,False,gateway_error,0.52,0
txn_000525,cust_003326,639.65,upi,774,11,8,0.7273,2,False,bank_decline,0.5182,0
txn_000526,cust_000774,875.6,card,808,1,1,1.0,3,False,authentication_failed,0.34,0
txn_000527,cust_001153,2020.89,card,1275,8,7,0.875,4,False,authentication_failed,0.2225,0
txn_000528,cust_003081,1688.24,card,1016,2,1,0.5,3,False,gateway_error,0.44,0
txn_000529,cust_001478,832.03,wallet,1476,13,12,0.9231,1,False,network_error,0.7569,1
txn_000530,cust_000627,1048.63,upi,892,17,14,0.8235,4,False,bank_decline,0.3871,1
txn_000531,cust_003127,1123.28,card,505,0,0,0.0,3,True,expired_card,0.02,0
txn_000532,cust_000117,336.38,wallet,1219,16,16,1.0,1,False,gateway_error,0.75,0
txn_000533,cust_001571,506.74,card,1353,0,0,0.0,1,True,expired_card,0.1,0
txn_000534,cust_002644,1034.03,wallet,580,8,5,0.625,1,False,authentication_failed,0.3875,1
txn_000535,cust_001251,464.54,wallet,1450,24,18,0.75,2,False,network_error,0.625,1
txn_000536,cust_003107,890.53,netbanking,1210,24,15,0.625,1,False,network_error,0.6675,1
txn_000537,cust_001019,2543.98,card,1257,27,19,0.7037,3,False,expired_card,0.2011,0
txn_000538,cust_000009,1627.41,netbanking,926,14,10,0.7143,4,False,gateway_error,0.4243,0
txn_000539,cust_003002,1216.25,netbanking,1224,6,4,0.6667,3,False,insufficient_balance,0.36,0
txn_000540,cust_002150,2929.88,upi,578,0,0,0.0,3,True,authentication_failed,0.02,0
txn_000541,cust_000414,10420.79,upi,1215,18,15,0.8333,3,False,gateway_error,0.54,0
txn_000542,cust_002032,3370.36,wallet,669,27,19,0.7037,4,False,bank_decline,0.3511,0
txn_000543,cust_003305,1188.13,netbanking,781,18,16,0.8889,4,False,insufficient_balance,0.3467,0
txn_000544,cust_001615,2656.61,upi,1398,4,2,0.5,4,False,bank_decline,0.29,1
txn_000545,cust_002707,309.5,card,247,18,12,0.6667,3,False,bank_decline,0.42,0
txn_000546,cust_002953,515.67,card,512,26,19,0.7308,3,False,bank_decline,0.4392,1
txn_000547,cust_002156,363.24,upi,720,29,25,0.8621,4,False,gateway_error,0.4686,0
txn_000548,cust_002664,318.54,netbanking,222,15,12,0.8,1,False,network_error,0.72,0
txn_000549,cust_000978,198.34,upi,771,15,11,0.7333,3,False,gateway_error,0.51,1
txn_000550,cust_002791,3127.63,wallet,1178,25,19,0.76,3,False,insufficient_balance,0.388,0
txn_000551,cust_001408,907.05,card,461,26,21,0.8077,2,False,insufficient_balance,0.4823,0
txn_000552,cust_002640,2447.4,upi,233,2,1,0.5,3,False,insufficient_balance,0.31,0
txn_000553,cust_001485,1823.79,wallet,1201,29,22,0.7586,2,False,expired_card,0.2976,1
txn_000554,cust_000148,478.52,wallet,345,24,21,0.875,2,False,gateway_error,0.6325,0
txn_000555,cust_003289,989.61,upi,1426,7,6,0.8571,2,False,bank_decline,0.5571,1
txn_000556,cust_000478,612.84,card,1158,0,0,0.0,3,True,bank_decline,0.17,0
txn_000557,cust_001916,3845.14,upi,984,11,8,0.7273,2,False,gateway_error,0.5882,0
txn_000558,cust_003214,3120.04,netbanking,529,4,3,0.75,2,False,authentication_failed,0.345,1
txn_000559,cust_003049,2187.41,card,1253,12,9,0.75,3,False,gateway_error,0.515,0
txn_000560,cust_001996,652.46,netbanking,305,3,1,0.3333,3,False,insufficient_balance,0.26,0
txn_000561,cust_002379,425.07,netbanking,1233,2,1,0.5,1,False,network_error,0.63,1
txn_000562,cust_002520,1745.78,card,987,5,5,1.0,3,False,insufficient_balance,0.46,1
txn_000563,cust_002540,3311.06,upi,1288,22,18,0.8182,2,False,insufficient_balance,0.4855,1
txn_000564,cust_002932,2054.86,upi,753,4,3,0.75,3,False,bank_decline,0.445,1
txn_000565,cust_001114,1439.01,upi,1335,7,6,0.8571,3,False,insufficient_balance,0.4171,1
txn_000566,cust_002036,1043.85,card,161,17,13,0.7647,4,False,insufficient_balance,0.3094,0
txn_000567,cust_000206,707.97,wallet,1317,11,8,0.7273,2,False,insufficient_balance,0.4582,1
txn_000568,cust_000615,778.96,netbanking,1485,12,9,0.75,1,False,bank_decline,0.605,1
txn_000569,cust_002626,360.82,netbanking,923,10,10,1.0,2,False,authentication_failed,0.42,1
txn_000570,cust_000158,1063.02,netbanking,1486,12,10,0.8333,3,False,bank_decline,0.47,1
txn_000571,cust_002203,1219.55,card,366,12,8,0.6667,3,False,bank_decline,0.42,1
txn_000572,cust_002892,1425.99,upi,1223,13,9,0.6923,3,False,expired_card,0.1977,0
txn_000573,cust_001961,1138.02,wallet,1278,26,18,0.6923,4,False,expired_card,0.1177,0
txn_000574,cust_001438,990.49,upi,850,15,10,0.6667,1,False,expired_card,0.35,0
txn_000575,cust_001494,373.59,netbanking,374,16,11,0.6875,3,False,gateway_error,0.4962,0
txn_000576,cust_000850,3423.7,netbanking,1355,5,2,0.4,1,False,expired_card,0.27,0
txn_000577,cust_000373,2170.23,netbanking,317,13,8,0.6154,1,False,network_error,0.6646,1
txn_000578,cust_000668,1100.42,netbanking,1291,26,21,0.8077,3,False,bank_decline,0.4623,0
txn_000579,cust_000043,309.34,card,1127,18,14,0.7778,2,False,insufficient_balance,0.4733,1
txn_000580,cust_000295,1726.3,wallet,227,29,23,0.7931,2,False,bank_decline,0.5379,1
txn_000581,cust_001235,632.99,wallet,769,6,4,0.6667,2,False,authentication_failed,0.32,0
txn_000582,cust_001638,1358.61,wallet,992,24,16,0.6667,2,False,authentication_failed,0.32,1
txn_000583,cust_001189,1024.04,card,1442,19,12,0.6316,1,False,gateway_error,0.6395,1
txn_000584,cust_001164,468.89,netbanking,293,28,24,0.8571,4,False,authentication_failed,0.2171,0
txn_000585,cust_001639,1665.51,card,35,24,18,0.75,1,False,authentication_failed,0.425,0
txn_000586,cust_000689,1871.62,wallet,24,8,8,1.0,2,False,insufficient_balance,0.54,1
txn_000587,cust_003123,1565.49,card,237,13,9,0.6923,3,False,gateway_error,0.4977,0
txn_000588,cust_001437,1011.69,netbanking,1318,16,15,0.9375,3,False,insufficient_balance,0.4412,1
txn_000589,cust_001859,608.74,card,1029,24,16,0.6667,4,False,authentication_failed,0.16,0
txn_000590,cust_001093,3772.75,card,552,16,13,0.8125,1,False,gateway_error,0.6938,1
txn_000591,cust_002375,1817.91,upi,931,23,17,0.7391,2,False,insufficient_balance,0.4617,1
txn_000592,cust_002275,875.13,netbanking,1141,23,19,0.8261,2,False,authentication_failed,0.3678,0
txn_000593,cust_001688,935.36,upi,1098,19,16,0.8421,3,False,insufficient_balance,0.4126,0
txn_000594,cust_000733,1758.57,upi,1269,11,8,0.7273,2,False,expired_card,0.2882,0
txn_000595,cust_000027,1998.87,upi,123,0,0,0.0,2,True,bank_decline,0.25,0
txn_000596,cust_000858,518.5,upi,832,9,7,0.7778,1,False,authentication_failed,0.4333,0
txn_000597,cust_000690,249.15,wallet,306,4,4,1.0,1,False,gateway_error,0.75,1
txn_000598,cust_001396,4559.56,card,216,0,0,0.0,4,True,authentication_failed,0.02,0
txn_000599,cust_002768,1954.25,wallet,695,8,8,1.0,4,False,gateway_error,0.51,0
txn_000600,cust_001720,1053.71,wallet,768,4,3,0.75,2,False,network_error,0.625,0
txn_000601,cust_002449,134.27,netbanking,467,1,1,1.0,2,False,bank_decline,0.6,1
txn_000602,cust_002229,719.47,wallet,353,15,12,0.8,3,False,expired_card,0.23,0
txn_000603,cust_001839,1269.88,netbanking,1230,4,3,0.75,3,False,gateway_error,0.515,1
txn_000604,cust_002202,842.82,upi,606,15,11,0.7333,2,False,network_error,0.62,1
txn_000605,cust_002491,505.73,card,519,8,7,0.875,4,False,network_error,0.5025,0
txn_000606,cust_001954,981.97,wallet,143,27,20,0.7407,4,False,network_error,0.4622,1
txn_000607,cust_001200,4819.24,card,396,13,9,0.6923,2,False,network_error,0.6077,1
txn_000608,cust_000593,1759.68,card,1229,5,4,0.8,4,False,gateway_error,0.45,1
txn_000609,cust_002503,437.32,wallet,1313,25,19,0.76,2,False,gateway_error,0.598,0
txn_000610,cust_003157,4081.37,netbanking,70,17,8,0.4706,1,False,bank_decline,0.5212,1
txn_000611,cust_001411,1720.36,netbanking,195,3,3,1.0,3,False,insufficient_balance,0.46,1
txn_000612,cust_003180,793.9,upi,283,12,11,0.9167,3,False,bank_decline,0.495,0
txn_000613,cust_003225,3378.86,netbanking,115,18,16,0.8889,1,False,bank_decline,0.6467,1
txn_000614,cust_000781,889.2,netbanking,894,13,10,0.7692,1,False,insufficient_balance,0.5508,1
txn_000615,cust_002400,1811.65,card,700,1,0,0.0,4,False,gateway_error,0.21,0
txn_000616,cust_000318,1863.14,card,12,7,7,1.0,3,False,network_error,0.62,1
txn_000617,cust_001890,474.25,netbanking,1074,8,5,0.625,2,False,bank_decline,0.4875,0
txn_000618,cust_002041,183.18,card,1196,4,4,1.0,1,False,insufficient_balance,0.62,1
txn_000619,cust_003212,1420.08,netbanking,65,12,9,0.75,3,False,insufficient_balance,0.385,0
txn_000620,cust_001050,351.63,card,1342,6,5,0.8333,2,False,gateway_error,0.62,0
txn_000621,cust_000601,2642.15,upi,978,20,15,0.75,3,False,gateway_error,0.515,1
txn_000622,cust_001309,1202.48,upi,317,16,14,0.875,1,False,insufficient_balance,0.5825,0
txn_000623,cust_002503,1053.14,card,1232,26,18,0.6923,2,False,bank_decline,0.5077,0
txn_000624,cust_001223,1040.07,upi,991,7,6,0.8571,2,False,authentication_failed,0.3771,0
txn_000625,cust_001036,2408.1,card,821,14,9,0.6429,2,False,gateway_error,0.5629,1
txn_000626,cust_002346,905.44,wallet,637,24,14,0.5833,3,False,bank_decline,0.395,0
txn_000627,cust_002564,313.89,card,1183,19,13,0.6842,2,False,gateway_error,0.5753,1
txn_000628,cust_000097,895.1,upi,903,12,10,0.8333,1,False,insufficient_balance,0.57,0
txn_000629,cust_000356,367.16,card,235,27,21,0.7778,2,False,insufficient_balance,0.4733,0
txn_000630,cust_002057,1375.75,upi,1320,27,20,0.7407,1,False,bank_decline,0.6022,1
txn_000631,cust_000715,2463.48,netbanking,1147,17,14,0.8235,4,False,bank_decline,0.3871,1
txn_000632,cust_000984,6575.23,netbanking,501,20,12,0.6,2,False,authentication_failed,0.3,0
txn_000633,cust_001632,2787.86,upi,1361,20,14,0.7,1,False,expired_card,0.36,0
txn_000634,cust_001668,3666.44,netbanking,927,24,16,0.6667,3,False,expired_card,0.19,0
txn_000635,cust_001986,370.45,upi,1297,28,21,0.75,2,False,gateway_error,0.595,0
txn_000636,cust_001730,1283.2,wallet,634,29,24,0.8276,1,False,network_error,0.7283,0
txn_000637,cust_001147,1248.04,netbanking,1096,23,18,0.7826,3,False,network_error,0.5548,1
txn_000638,cust_002653,1069.47,card,119,25,18,0.72,1,False,insufficient_balance,0.536,1
txn_000639,cust_002620,951.83,card,575,15,12,0.8,2,False,bank_decline,0.54,0
txn_000640,cust_001460,1481.17,upi,1478,7,5,0.7143,2,False,network_error,0.6143,1
txn_000641,cust_002128,1013.6,upi,1361,1,1,1.0,1,False,bank_decline,0.68,1
txn_000642,cust_000830,567.2,upi,475,11,8,0.7273,1,False,bank_decline,0.5982,1
txn_000643,cust_002381,964.65,netbanking,689,26,18,0.6923,4,False,gateway_error,0.4177,1
txn_000644,cust_002180,729.25,wallet,519,18,9,0.5,4,False,gateway_error,0.36,0
txn_000645,cust_003050,1079.44,wallet,1049,10,6,0.6,2,False,expired_card,0.25,1
txn_000646,cust_002413,594.5,card,1421,14,13,0.9286,2,False,network_error,0.6786,0
txn_000647,cust_002275,1554.68,wallet,779,27,18,0.6667,1,False,bank_decline,0.58,1
txn_000648,cust_002488,2039.79,card,1271,3,2,0.6667,1,False,expired_card,0.35,1
txn_000649,cust_000869,1714.39,netbanking,673,22,16,0.7273,1,False,insufficient_balance,0.5382,1
txn_000650,cust_000238,623.22,card,129,5,3,0.6,2,False,gateway_error,0.55,0
txn_000651,cust_002378,1993.16,upi,22,22,19,0.8636,2,False,bank_decline,0.5591,0
txn_000652,cust_003254,593.94,netbanking,1445,16,13,0.8125,3,False,bank_decline,0.4637,0
txn_000653,cust_002087,1288.62,netbanking,101,16,13,0.8125,1,False,gateway_error,0.6938,1
txn_000654,cust_001696,808.76,netbanking,1472,24,18,0.75,2,False,authentication_failed,0.345,1
txn_000655,cust_000510,274.06,upi,32,29,20,0.6897,1,False,insufficient_balance,0.5269,1
txn_000656,cust_000102,1464.04,card,24,25,22,0.88,4,False,network_error,0.504,0
txn_000657,cust_002355,1680.09,netbanking,1438,21,17,0.8095,4,False,expired_card,0.1529,0
txn_000658,cust_002523,1640.77,netbanking,747,24,16,0.6667,1,False,gateway_error,0.65,1
txn_000659,cust_002989,603.68,netbanking,1293,2,2,1.0,1,False,insufficient_balance,0.62,0
txn_000660,cust_001185,2874.42,upi,1451,0,0,0.0,4,True,authentication_failed,0.02,0
txn_000661,cust_000657,1491.39,wallet,235,27,22,0.8148,4,False,gateway_error,0.4544,0
txn_000662,cust_002699,1738.94,card,293,2,1,0.5,3,False,insufficient_balance,0.31,0
txn_000663,cust_001060,214.29,wallet,800,8,6,0.75,3,False,authentication_failed,0.265,0
txn_000664,cust_001148,892.61,upi,305,3,2,0.6667,1,False,gateway_error,0.65,1
txn_000665,cust_001480,1394.78,wallet,1197,6,4,0.6667,2,False,bank_decline,0.5,0
txn_000666,cust_002748,1606.69,wallet,31,25,19,0.76,3,False,network_error,0.548,0
txn_000667,cust_000769,422.43,wallet,303,26,23,0.8846,3,False,expired_card,0.2554,0
txn_000668,cust_001581,2779.34,wallet,970,28,24,0.8571,4,False,gateway_error,0.4671,1
txn_000669,cust_002275,1291.39,wallet,38,23,15,0.6522,3,False,bank_decline,0.4157,1
txn_000670,cust_002554,556.23,netbanking,806,21,12,0.5714,4,False,gateway_error,0.3814,0
txn_000671,cust_000799,1637.05,netbanking,275,29,21,0.7241,1,False,bank_decline,0.5972,0
txn_000672,cust_002473,582.64,netbanking,774,9,7,0.7778,3,False,bank_decline,0.4533,0
txn_000673,cust_001464,1384.99,wallet,1468,29,24,0.8276,3,False,network_error,0.5683,0
txn_000674,cust_001707,578.55,card,55,8,7,0.875,2,False,bank_decline,0.5625,0
txn_000675,cust_002588,1503.69,upi,1085,21,13,0.619,1,False,bank_decline,0.5657,1
txn_000676,cust_003051,509.4,upi,326,14,9,0.6429,3,False,insufficient_balance,0.3529,1
txn_000677,cust_000164,4246.51,card,873,16,11,0.6875,1,False,network_error,0.6862,1
txn_000678,cust_000524,548.64,upi,918,5,3,0.6,2,False,expired_card,0.25,0
txn_000679,cust_001584,4196.71,netbanking,30,17,13,0.7647,2,False,authentication_failed,0.3494,0
txn_000680,cust_000175,1096.87,upi,1134,4,3,0.75,3,False,expired_card,0.215,1
txn_000681,cust_000959,1130.37,wallet,1163,28,26,0.9286,3,False,bank_decline,0.4986,0
txn_000682,cust_001974,710.76,upi,772,18,15,0.8333,2,False,insufficient_balance,0.49,1
txn_000683,cust_000334,1203.72,card,356,8,7,0.875,1,False,gateway_error,0.7125,0
txn_000684,cust_000788,4767.21,upi,9,17,11,0.6471,2,False,insufficient_balance,0.4341,1
txn_000685,cust_002282,1238.02,upi,472,4,2,0.5,4,False,bank_decline,0.29,0
txn_000686,cust_002808,744.09,upi,427,16,15,0.9375,1,False,gateway_error,0.7313,1
txn_000687,cust_002349,1661.18,upi,792,7,6,0.8571,2,False,authentication_failed,0.3771,1
txn_000688,cust_003231,2154.15,wallet,980,12,10,0.8333,1,False,bank_decline,0.63,1
txn_000689,cust_000064,815.86,upi,988,29,23,0.7931,4,False,gateway_error,0.4479,1
txn_000690,cust_001788,1976.17,netbanking,1405,14,10,0.7143,2,False,bank_decline,0.5143,0
txn_000691,cust_002054,188.26,upi,689,26,18,0.6923,3,False,bank_decline,0.4277,0
txn_000692,cust_001779,1603.35,upi,268,3,3,1.0,4,False,network_error,0.54,0
txn_000693,cust_000080,297.91,netbanking,161,0,0,0.0,2,True,insufficient_balance,0.19,0
txn_000694,cust_001517,432.89,upi,136,23,21,0.913,3,False,authentication_failed,0.3139,0
txn_000695,cust_002506,1054.91,upi,596,23,19,0.8261,2,False,expired_card,0.3178,0
txn_000696,cust_000381,1333.84,netbanking,1288,26,22,0.8462,3,False,insufficient_balance,0.4138,0
txn_000697,cust_003091,600.87,netbanking,1145,29,25,0.8621,1,False,insufficient_balance,0.5786,0
txn_000698,cust_002272,2765.77,wallet,46,16,11,0.6875,4,False,bank_decline,0.3462,0
txn_000699,cust_000069,1257.05,netbanking,476,18,14,0.7778,3,False,network_error,0.5533,1
txn_000700,cust_000099,1483.81,netbanking,151,10,10,1.0,1,False,gateway_error,0.75,1
txn_000701,cust_000731,507.77,netbanking,413,21,17,0.8095,4,False,expired_card,0.1529,0
txn_000702,cust_002253,1539.79,card,353,0,0,0.0,2,True,insufficient_balance,0.19,0
txn_000703,cust_000032,900.09,netbanking,1086,11,8,0.7273,1,False,gateway_error,0.6682,1
txn_000704,cust_002517,691.87,upi,149,4,3,0.75,4,False,bank_decline,0.365,0
txn_000705,cust_002807,2413.76,netbanking,455,2,2,1.0,4,False,insufficient_balance,0.38,0
txn_000706,cust_000252,601.74,card,1375,2,2,1.0,3,False,authentication_failed,0.34,0
txn_000707,cust_000242,725.38,netbanking,1471,20,14,0.7,3,False,network_error,0.53,0
txn_000708,cust_002433,1149.72,netbanking,1277,7,5,0.7143,4,False,bank_decline,0.3543,1
txn_000709,cust_001129,4481.16,wallet,652,6,5,0.8333,1,False,insufficient_balance,0.57,0
txn_000710,cust_001073,196.0,wallet,551,19,13,0.6842,3,False,gateway_error,0.4953,1
txn_000711,cust_002700,2074.66,card,1459,4,4,1.0,4,False,authentication_failed,0.26,0
txn_000712,cust_001489,889.0,upi,873,4,3,0.75,3,False,network_error,0.545,1
txn_000713,cust_002900,2094.97,wallet,958,27,23,0.8519,4,False,authentication_failed,0.2156,0
txn_000714,cust_001491,1414.72,upi,268,7,6,0.8571,1,False,insufficient_balance,0.5771,1
txn_000715,cust_001824,1275.34,wallet,80,25,18,0.72,2,False,bank_decline,0.516,1
txn_000716,cust_000910,1089.88,card,25,14,13,0.9286,2,False,gateway_error,0.6486,0
txn_000717,cust_002270,2556.18,wallet,465,25,17,0.68,2,False,expired_card,0.274,1
txn_000718,cust_000358,860.02,card,1187,26,17,0.6538,1,False,network_error,0.6762,1
txn_000719,cust_002139,632.22,wallet,1374,12,11,0.9167,2,False,network_error,0.675,1
txn_000720,cust_000526,401.18,wallet,588,26,21,0.8077,3,False,insufficient_balance,0.4023,1
txn_000721,cust_002630,914.18,card,990,20,17,0.85,1,False,bank_decline,0.635,1
txn_000722,cust_002457,534.52,wallet,1408,1,0,0.0,2,False,gateway_error,0.37,1
txn_000723,cust_001417,1406.84,upi,680,12,8,0.6667,4,False,network_error,0.44,1
txn_000724,cust_001334,2015.77,netbanking,645,11,8,0.7273,2,False,network_error,0.6182,1
txn_000725,cust_002809,1594.14,upi,1466,29,23,0.7931,2,False,insufficient_balance,0.4779,1
txn_000726,cust_001155,3777.12,upi,751,12,10,0.8333,1,False,expired_card,0.4,1
txn_000727,cust_000193,2197.25,upi,1351,13,11,0.8462,3,False,insufficient_balance,0.4138,0
txn_000728,cust_000892,1050.2,netbanking,628,13,10,0.7692,3,False,authentication_failed,0.2708,1
txn_000729,cust_001343,440.47,netbanking,1206,7,5,0.7143,2,False,insufficient_balance,0.4543,1
txn_000730,cust_002487,4134.48,wallet,957,7,4,0.5714,2,False,authentication_failed,0.2914,1
txn_000731,cust_001838,1060.47,upi,957,17,14,0.8235,1,False,expired_card,0.3971,1
txn_000732,cust_002896,627.28,card,788,13,9,0.6923,2,False,bank_decline,0.5077,1
txn_000733,cust_002109,1408.93,card,546,5,2,0.4,2,False,network_error,0.52,1
txn_000734,cust_001680,671.27,wallet,1374,27,20,0.7407,4,False,gateway_error,0.4322,0
txn_000735,cust_000148,594.62,netbanking,409,16,12,0.75,3,False,bank_decline,0.445,0
txn_000736,cust_001489,1232.0,netbanking,972,0,0,0.0,1,True,bank_decline,0.33,1
txn_000737,cust_003077,514.94,upi,123,22,16,0.7273,2,False,insufficient_balance,0.4582,0
txn_000738,cust_001063,3113.38,wallet,597,29,19,0.6552,1,False,expired_card,0.3466,1
txn_000739,cust_000778,767.47,upi,737,24,19,0.7917,1,False,gateway_error,0.6875,1
txn_000740,cust_002527,517.16,card,670,14,9,0.6429,3,False,network_error,0.5129,1
txn_000741,cust_001526,652.43,upi,694,14,10,0.7143,4,False,insufficient_balance,0.2943,0
txn_000742,cust_001693,1386.39,upi,268,15,11,0.7333,4,False,gateway_error,0.43,1
txn_000743,cust_001498,1017.28,card,355,21,16,0.7619,3,False,network_error,0.5486,0
txn_000744,cust_001341,1959.14,upi,563,21,16,0.7619,2,False,bank_decline,0.5286,1
txn_000745,cust_000588,1542.5,wallet,1363,5,4,0.8,3,False,authentication_failed,0.28,0
txn_000746,cust_000410,823.52,upi,1328,2,2,1.0,4,False,bank_decline,0.44,0
txn_000747,cust_000396,824.45,netbanking,413,20,16,0.8,2,False,insufficient_balance,0.48,1
txn_000748,cust_002438,967.92,netbanking,1122,23,19,0.8261,2,False,expired_card,0.3178,1
txn_000749,cust_002692,587.04,card,1424,15,11,0.7333,2,False,bank_decline,0.52,1
txn_000750,cust_002208,1029.99,netbanking,427,8,5,0.625,4,False,bank_decline,0.3275,1
txn_000751,cust_000811,270.75,card,664,27,21,0.7778,3,False,bank_decline,0.4533,0
txn_000752,cust_002268,1254.59,netbanking,438,16,13,0.8125,3,False,insufficient_balance,0.4037,1
txn_000753,cust_002767,1395.35,wallet,895,22,17,0.7727,3,False,gateway_error,0.5218,0
txn_000754,cust_000751,3946.96,card,1264,11,3,0.2727,2,False,insufficient_balance,0.3218,0
txn_000755,cust_002379,907.22,netbanking,1038,6,5,0.8333,2,False,network_error,0.65,0
txn_000756,cust_002928,2927.29,wallet,949,8,7,0.875,4,False,authentication_failed,0.2225,0
txn_000757,cust_000132,1107.13,netbanking,183,7,6,0.8571,3,False,bank_decline,0.4771,1
txn_000758,cust_002496,2732.61,upi,1308,9,6,0.6667,2,False,authentication_failed,0.32,0
txn_000759,cust_000634,779.87,wallet,585,19,15,0.7895,1,False,gateway_error,0.6868,1
txn_000760,cust_000956,378.9,upi,984,14,10,0.7143,2,False,expired_card,0.2843,0
txn_000761,cust_003277,804.85,upi,377,14,12,0.8571,3,False,insufficient_balance,0.4171,0
txn_000762,cust_001984,1744.98,netbanking,598,25,22,0.88,1,False,gateway_error,0.714,1
txn_000763,cust_000949,2011.15,card,893,14,10,0.7143,4,False,authentication_failed,0.1743,0
txn_000764,cust_000789,230.94,netbanking,1316,29,24,0.8276,4,False,gateway_error,0.4583,1
txn_000765,cust_000704,485.71,netbanking,1072,6,6,1.0,1,False,network_error,0.78,1
txn_000766,cust_000104,1059.37,card,18,11,9,0.8182,3,False,authentication_failed,0.2855,0
txn_000767,cust_001710,848.04,card,476,20,15,0.75,4,False,insufficient_balance,0.305,0
txn_000768,cust_000747,655.24,card,453,27,17,0.6296,4,False,insufficient_balance,0.2689,1
txn_000769,cust_001514,1646.98,card,499,18,15,0.8333,3,False,gateway_error,0.54,1
txn_000770,cust_001985,424.1,card,401,21,17,0.8095,3,False,bank_decline,0.4629,1
txn_000771,cust_002130,2320.59,wallet,530,16,13,0.8125,3,False,authentication_failed,0.2837,0
txn_000772,cust_002170,877.7,card,980,13,9,0.6923,3,False,authentication_failed,0.2477,0
txn_000773,cust_002856,2817.12,netbanking,798,2,1,0.5,1,False,bank_decline,0.53,1
txn_000774,cust_003065,1793.13,netbanking,735,18,14,0.7778,3,False,gateway_error,0.5233,0
txn_000775,cust_001722,1119.48,upi,952,9,7,0.7778,3,False,insufficient_balance,0.3933,0
txn_000776,cust_001750,1016.5,card,1275,25,22,0.88,4,False,authentication_failed,0.224,1
txn_000777,cust_000585,1190.17,wallet,285,16,11,0.6875,4,False,bank_decline,0.3462,1
txn_000778,cust_000766,1273.74,upi,631,7,1,0.1429,3,False,gateway_error,0.3329,1
txn_000779,cust_001829,3628.47,wallet,339,26,19,0.7308,2,False,bank_decline,0.5192,0
txn_000780,cust_000185,642.51,upi,1055,16,12,0.75,3,False,bank_decline,0.445,1
txn_000781,cust_001290,722.49,upi,218,6,5,0.8333,4,False,authentication_failed,0.21,0
txn_000782,cust_001510,1074.67,upi,566,8,7,0.875,1,False,network_error,0.7425,0
txn_000783,cust_001381,2693.19,upi,732,14,11,0.7857,1,False,authentication_failed,0.4357,1
txn_000784,cust_001379,1810.32,netbanking,540,1,0,0.0,1,False,expired_card,0.15,0
txn_000785,cust_000391,451.52,wallet,436,24,17,0.7083,2,False,insufficient_balance,0.4525,1
txn_000786,cust_002760,767.32,wallet,23,20,14,0.7,3,False,gateway_error,0.5,0
txn_000787,cust_002742,1753.32,netbanking,35,26,17,0.6538,3,False,network_error,0.5162,1
txn_000788,cust_002041,1367.19,upi,1030,25,21,0.84,2,False,expired_card,0.322,0
txn_000789,cust_002321,637.89,card,1389,5,3,0.6,3,False,bank_decline,0.4,0
txn_000790,cust_001842,892.15,netbanking,160,12,9,0.75,4,False,bank_decline,0.365,0
txn_000791,cust_001104,292.59,wallet,1375,15,12,0.8,4,False,bank_decline,0.38,1
txn_000792,cust_000758,4186.19,upi,788,1,1,1.0,4,False,gateway_error,0.51,0
txn_000793,cust_002584,2223.26,netbanking,479,22,17,0.7727,4,False,gateway_error,0.4418,0
txn_000794,cust_000294,995.64,upi,1154,8,6,0.75,1,False,network_error,0.705,1
txn_000795,cust_003261,2985.84,upi,6,12,9,0.75,2,False,network_error,0.625,1
txn_000796,cust_002163,446.16,wallet,752,3,3,1.0,3,False,expired_card,0.29,0
txn_000797,cust_003145,3287.59,card,187,26,18,0.6923,2,False,authentication_failed,0.3277,0
txn_000798,cust_000015,1234.69,card,1337,1,1,1.0,3,False,network_error,0.62,1
txn_000799,cust_001099,802.84,netbanking,577,17,12,0.7059,1,False,bank_decline,0.5918,0
txn_000800,cust_002028,865.91,card,677,26,19,0.7308,3,False,authentication_failed,0.2592,1
txn_000801,cust_000696,748.05,card,1320,3,2,0.6667,4,False,insufficient_balance,0.28,0
txn_000802,cust_001531,1159.76,netbanking,1040,5,5,1.0,2,False,bank_decline,0.6,1
txn_000803,cust_000471,919.05,upi,1394,4,4,1.0,1,False,network_error,0.78,1
txn_000804,cust_001251,1399.31,wallet,480,12,9,0.75,1,False,bank_decline,0.605,1
txn_000805,cust_002664,2592.98,upi,154,10,9,0.9,3,False,bank_decline,0.49,1
txn_000806,cust_000644,983.95,upi,80,0,0,0.0,2,True,bank_decline,0.25,0
txn_000807,cust_001319,890.64,card,609,9,6,0.6667,2,False,authentication_failed,0.32,1
txn_000808,cust_000978,1751.78,card,956,16,14,0.875,4,False,insufficient_balance,0.3425,1
txn_000809,cust_000309,351.39,wallet,979,1,1,1.0,3,False,bank_decline,0.52,0
txn_000810,cust_002506,1353.89,upi,584,7,4,0.5714,2,False,gateway_error,0.5414,0
txn_000811,cust_002916,712.21,wallet,640,15,11,0.7333,1,False,authentication_failed,0.42,1
txn_000812,cust_002900,110.42,wallet,385,1,1,1.0,4,False,gateway_error,0.51,1
txn_000813,cust_003058,596.76,netbanking,1312,17,11,0.6471,4,False,insufficient_balance,0.2741,0
txn_000814,cust_003192,1861.58,netbanking,1114,5,3,0.6,4,False,insufficient_balance,0.26,0
txn_000815,cust_001678,1050.91,wallet,300,23,16,0.6957,1,False,network_error,0.6887,1
txn_000816,cust_002227,455.06,netbanking,950,13,8,0.6154,2,False,expired_card,0.2546,0
txn_000817,cust_002511,510.2,netbanking,362,9,8,0.8889,2,False,network_error,0.6667,1
txn_000818,cust_002108,642.11,netbanking,246,0,0,0.0,2,True,gateway_error,0.32,1
txn_000819,cust_002313,463.23,wallet,423,11,9,0.8182,2,False,insufficient_balance,0.4855,0
txn_000820,cust_001357,1194.15,upi,811,1,0,0.0,1,False,insufficient_balance,0.32,1
txn_000821,cust_000844,1161.0,wallet,1295,10,9,0.9,1,False,bank_decline,0.65,1
txn_000822,cust_002475,423.88,wallet,220,10,7,0.7,2,False,bank_decline,0.51,1
txn_000823,cust_002917,376.63,upi,1163,9,6,0.6667,3,False,gateway_error,0.49,1
txn_000824,cust_000994,586.29,upi,921,26,19,0.7308,4,False,bank_decline,0.3592,0
txn_000825,cust_002089,3239.16,card,999,22,14,0.6364,1,False,expired_card,0.3409,0
txn_000826,cust_001389,854.57,netbanking,444,27,20,0.7407,2,False,insufficient_balance,0.4622,0
txn_000827,cust_000791,906.01,card,116,25,16,0.64,1,False,gateway_error,0.642,0
txn_000828,cust_000485,2060.88,upi,66,24,19,0.7917,3,False,gateway_error,0.5275,1
txn_000829,cust_001955,2549.43,card,975,15,12,0.8,3,False,expired_card,0.23,1
txn_000830,cust_000630,2055.25,wallet,1211,20,14,0.7,4,False,bank_decline,0.35,0
txn_000831,cust_002753,1666.63,card,286,12,7,0.5833,2,False,network_error,0.575,1
txn_000832,cust_001041,220.81,wallet,179,13,10,0.7692,2,False,insufficient_balance,0.4708,0
txn_000833,cust_001309,1758.56,netbanking,1023,7,6,0.8571,1,False,bank_decline,0.6371,1
txn_000834,cust_002727,323.54,netbanking,240,4,4,1.0,3,False,insufficient_balance,0.46,0
txn_000835,cust_001520,514.96,netbanking,283,21,16,0.7619,3,False,bank_decline,0.4486,0
txn_000836,cust_002618,7646.3,card,1474,11,8,0.7273,4,False,bank_decline,0.3582,0
txn_000837,cust_000039,1506.98,wallet,1426,8,4,0.5,4,False,authentication_failed,0.11,0
txn_000838,cust_000307,1221.33,upi,475,12,8,0.6667,2,False,gateway_error,0.57,1
txn_000839,cust_000942,1625.46,wallet,234,2,1,0.5,1,False,expired_card,0.3,0
txn_000840,cust_001792,1343.08,wallet,365,24,19,0.7917,3,False,network_error,0.5575,1
txn_000841,cust_000063,4033.07,netbanking,1121,26,16,0.6154,1,False,network_error,0.6646,1
txn_000842,cust_000369,1398.27,netbanking,201,1,1,1.0,3,False,bank_decline,0.52,0
txn_000843,cust_001239,1410.89,upi,1214,4,4,1.0,4,False,network_error,0.54,1
txn_000844,cust_002277,642.52,netbanking,906,28,23,0.8214,4,False,bank_decline,0.3864,1
txn_000845,cust_003112,1389.83,netbanking,860,19,18,0.9474,4,False,bank_decline,0.4242,1
txn_000846,cust_000478,1047.27,upi,391,27,18,0.6667,4,False,insufficient_balance,0.28,0
txn_000847,cust_003052,846.29,wallet,995,26,21,0.8077,1,False,gateway_error,0.6923,1
txn_000848,cust_000850,1998.52,wallet,342,0,0,0.0,3,True,bank_decline,0.17,0
txn_000849,cust_002905,2248.21,upi,939,10,8,0.8,4,False,bank_decline,0.38,0
txn_000850,cust_001561,2922.31,wallet,682,3,2,0.6667,1,False,insufficient_balance,0.52,1
txn_000851,cust_000954,402.83,netbanking,264,14,12,0.8571,1,False,network_error,0.7371,1
txn_000852,cust_003051,657.66,card,677,20,16,0.8,4,False,insufficient_balance,0.32,1
txn_000853,cust_001379,1750.99,wallet,1216,21,14,0.6667,2,False,network_error,0.6,1
txn_000854,cust_001232,1100.99,wallet,680,8,6,0.75,2,False,bank_decline,0.525,0
txn_000855,cust_002365,1643.19,card,898,13,10,0.7692,3,False,insufficient_balance,0.3908,0
txn_000856,cust_000215,1789.83,netbanking,202,13,11,0.8462,4,False,insufficient_balance,0.3338,1
txn_000857,cust_000864,950.81,upi,1318,26,21,0.8077,2,False,authentication_failed,0.3623,1
txn_000858,cust_003109,6836.01,wallet,943,3,3,1.0,4,False,bank_decline,0.44,0
txn_000859,cust_001156,639.24,netbanking,291,17,15,0.8824,4,False,bank_decline,0.4047,0
txn_000860,cust_002256,1963.0,wallet,7,3,1,0.3333,3,False,gateway_error,0.39,0
txn_000861,cust_000693,3092.58,netbanking,577,17,12,0.7059,2,False,authentication_failed,0.3318,0
txn_000862,cust_001423,1730.26,netbanking,862,14,10,0.7143,2,False,expired_card,0.2843,0
txn_000863,cust_001672,964.01,wallet,855,7,4,0.5714,3,False,insufficient_balance,0.3314,0
txn_000864,cust_003035,1476.48,upi,617,2,1,0.5,2,False,network_error,0.55,0
txn_000865,cust_002614,1360.15,upi,897,16,11,0.6875,2,False,bank_decline,0.5062,0
txn_000866,cust_001469,716.09,upi,657,18,15,0.8333,1,False,gateway_error,0.7,1
txn_000867,cust_002928,624.47,netbanking,664,8,6,0.75,2,False,authentication_failed,0.345,1
txn_000868,cust_001013,2052.9,netbanking,927,23,20,0.8696,3,False,insufficient_balance,0.4209,1
txn_000869,cust_001635,739.21,card,107,25,18,0.72,1,False,insufficient_balance,0.536,0
txn_000870,cust_002613,411.47,card,253,11,7,0.6364,3,False,insufficient_balance,0.3509,0
txn_000871,cust_000438,3113.57,wallet,871,24,18,0.75,1,False,bank_decline,0.605,0
txn_000872,cust_000677,2099.97,upi,284,10,8,0.8,4,False,gateway_error,0.45,0
txn_000873,cust_000151,964.59,wallet,1120,22,20,0.9091,2,False,network_error,0.6727,1
txn_000874,cust_002191,1786.66,card,1422,7,4,0.5714,2,False,gateway_error,0.5414,0
txn_000875,cust_003292,187.18,netbanking,543,18,14,0.7778,3,False,gateway_error,0.5233,1
txn_000876,cust_001244,1040.93,netbanking,577,11,7,0.6364,3,False,bank_decline,0.4109,0
txn_000877,cust_000840,1948.66,wallet,23,22,18,0.8182,1,False,expired_card,0.3955,0
txn_000878,cust_002499,1627.79,netbanking,362,16,10,0.625,1,False,insufficient_balance,0.5075,1
txn_000879,cust_003198,1568.6,netbanking,1281,17,11,0.6471,1,False,bank_decline,0.5741,1
txn_000880,cust_002798,1282.73,wallet,134,12,7,0.5833,2,False,bank_decline,0.475,0
txn_000881,cust_001717,1026.52,wallet,826,9,6,0.6667,4,False,bank_decline,0.34,1
txn_000882,cust_002545,3647.12,wallet,195,2,2,1.0,3,False,bank_decline,0.52,1
txn_000883,cust_001037,943.96,wallet,1200,23,17,0.7391,4,False,insufficient_balance,0.3017,0
txn_000884,cust_002986,1416.91,upi,890,26,19,0.7308,4,False,bank_decline,0.3592,0
txn_000885,cust_002881,3209.1,wallet,1002,1,1,1.0,4,False,authentication_failed,0.26,0
txn_000886,cust_000611,1317.6,wallet,543,20,18,0.9,1,False,gateway_error,0.72,0
txn_000887,cust_001083,2032.02,card,56,22,15,0.6818,2,False,expired_card,0.2745,1
txn_000888,cust_000178,1276.41,netbanking,1123,14,12,0.8571,1,False,bank_decline,0.6371,0
txn_000889,cust_002718,100.0,netbanking,620,28,20,0.7143,2,False,insufficient_balance,0.4543,0
txn_000890,cust_000745,1089.07,wallet,1262,7,5,0.7143,2,False,bank_decline,0.5143,0
txn_000891,cust_000435,788.92,upi,1086,26,13,0.5,1,False,gateway_error,0.6,1
txn_000892,cust_002716,557.37,wallet,136,22,14,0.6364,4,False,expired_card,0.1009,0
txn_000893,cust_002202,1773.81,card,1036,10,9,0.9,1,False,expired_card,0.42,0
txn_000894,cust_001380,1484.9,netbanking,778,19,15,0.7895,4,False,authentication_failed,0.1968,0
txn_000895,cust_001126,1413.86,netbanking,763,10,7,0.7,3,False,gateway_error,0.5,1
txn_000896,cust_002389,859.93,wallet,1168,2,1,0.5,3,False,network_error,0.47,0
txn_000897,cust_001598,2164.05,upi,303,10,8,0.8,2,False,authentication_failed,0.36,0
txn_000898,cust_002289,3737.24,netbanking,680,10,9,0.9,2,False,bank_decline,0.57,1
txn_000899,cust_000771,884.28,upi,1006,26,21,0.8077,2,False,authentication_failed,0.3623,0
txn_000900,cust_000662,250.24,card,1330,15,11,0.7333,1,False,insufficient_balance,0.54,1
txn_000901,cust_002358,1314.88,netbanking,851,4,2,0.5,2,False,gateway_error,0.52,1
txn_000902,cust_000079,1489.62,card,1021,29,19,0.6552,1,False,insufficient_balance,0.5166,1
txn_000903,cust_001901,2512.67,wallet,872,19,14,0.7368,3,False,insufficient_balance,0.3811,0
txn_000904,cust_001107,1282.06,card,1041,22,16,0.7273,3,False,gateway_error,0.5082,0
txn_000905,cust_000256,1125.35,card,293,18,15,0.8333,3,False,bank_decline,0.47,1
txn_000906,cust_002375,263.65,card,819,18,15,0.8333,1,False,insufficient_balance,0.57,1
txn_000907,cust_001596,1663.33,upi,1178,21,16,0.7619,4,False,bank_decline,0.3686,1
txn_000908,cust_001962,1421.89,card,1441,2,0,0.0,4,False,network_error,0.24,0
txn_000909,cust_000687,943.32,netbanking,1165,8,5,0.625,1,False,network_error,0.6675,1
txn_000910,cust_001550,830.52,wallet,1054,4,2,0.5,4,False,gateway_error,0.36,0
txn_000911,cust_001841,2872.75,netbanking,439,23,13,0.5652,1,False,bank_decline,0.5496,1
txn_000912,cust_002591,1257.02,upi,837,17,11,0.6471,4,False,gateway_error,0.4041,1
txn_000913,cust_001669,724.7,netbanking,14,4,4,1.0,3,False,network_error,0.62,1
txn_000914,cust_003308,2700.76,wallet,966,26,23,0.8846,1,False,bank_decline,0.6454,1
txn_000915,cust_003218,6755.6,card,829,0,0,0.0,1,True,insufficient_balance,0.27,0
txn_000916,cust_002721,1921.44,wallet,941,17,15,0.8824,2,False,bank_decline,0.5647,1
txn_000917,cust_001690,699.32,netbanking,1001,15,11,0.7333,2,False,insufficient_balance,0.46,1
txn_000918,cust_001820,788.01,upi,792,12,9,0.75,4,False,bank_decline,0.365,0
txn_000919,cust_000746,378.63,wallet,22,2,2,1.0,1,False,insufficient_balance,0.62,0
txn_000920,cust_002664,801.95,card,206,8,6,0.75,3,False,insufficient_balance,0.385,1
txn_000921,cust_002784,953.42,upi,1493,5,5,1.0,4,False,expired_card,0.21,0
txn_000922,cust_002758,876.84,card,1359,15,11,0.7333,2,False,insufficient_balance,0.46,0
txn_000923,cust_001608,3487.3,netbanking,65,12,6,0.5,2,False,network_error,0.55,1
txn_000924,cust_001255,559.38,netbanking,699,27,20,0.7407,1,False,authentication_failed,0.4222,0
txn_000925,cust_001700,2862.17,upi,1228,15,13,0.8667,2,False,network_error,0.66,1
txn_000926,cust_002610,293.17,card,925,19,12,0.6316,2,False,gateway_error,0.5595,0
txn_000927,cust_001485,7771.68,wallet,16,5,5,1.0,3,False,bank_decline,0.52,1
txn_000928,cust_002978,3056.37,wallet,1055,28,16,0.5714,3,False,bank_decline,0.3914,0
txn_000929,cust_001410,2050.86,card,1306,23,20,0.8696,1,False,gateway_error,0.7109,1
txn_000930,cust_003314,4293.05,upi,390,3,3,1.0,4,False,gateway_error,0.51,0
txn_000931,cust_002737,1738.64,netbanking,330,24,18,0.75,2,False,bank_decline,0.525,0
txn_000932,cust_000321,704.36,wallet,699,11,9,0.8182,3,False,insufficient_balance,0.4055,0
txn_000933,cust_003121,548.78,card,818,1,1,1.0,4,False,bank_decline,0.44,1
txn_000934,cust_002117,1673.07,card,356,24,15,0.625,3,False,insufficient_balance,0.3475,1
txn_000935,cust_001969,903.25,wallet,499,28,21,0.75,4,False,bank_decline,0.365,1
txn_000936,cust_000610,2245.37,card,113,1,1,1.0,1,False,expired_card,0.45,0
txn_000937,cust_000390,1079.15,netbanking,537,26,17,0.6538,1,False,bank_decline,0.5762,1
txn_000938,cust_001639,251.71,netbanking,1413,2,1,0.5,3,False,bank_decline,0.37,1
txn_000939,cust_002420,2153.13,netbanking,100,1,1,1.0,1,False,authentication_failed,0.5,0
txn_000940,cust_000466,669.99,upi,83,16,11,0.6875,2,False,network_error,0.6063,1
txn_000941,cust_000144,344.23,upi,1252,21,12,0.5714,2,False,gateway_error,0.5414,1
txn_000942,cust_000871,2913.43,upi,925,2,2,1.0,2,False,gateway_error,0.67,1
txn_000943,cust_001668,1262.73,upi,580,20,13,0.65,1,False,bank_decline,0.575,1
txn_000944,cust_001060,704.15,upi,265,10,9,0.9,1,False,bank_decline,0.65,1
txn_000945,cust_000918,1926.63,card,175,3,2,0.6667,2,False,expired_card,0.27,1
txn_000946,cust_000611,200.52,upi,410,28,23,0.8214,4,False,network_error,0.4864,1
txn_000947,cust_002439,1311.75,wallet,144,13,9,0.6923,3,False,authentication_failed,0.2477,0
txn_000948,cust_002403,1781.81,upi,1225,21,14,0.6667,2,False,insufficient_balance,0.44,1
txn_000949,cust_000508,1523.52,card,146,16,15,0.9375,2,False,bank_decline,0.5812,0
txn_000950,cust_002972,2491.76,netbanking,1381,10,7,0.7,2,False,authentication_failed,0.33,0
txn_000951,cust_002612,975.18,card,1048,19,15,0.7895,4,False,insufficient_balance,0.3168,0
txn_000952,cust_001239,188.33,upi,790,21,17,0.8095,4,False,network_error,0.4829,1
txn_000953,cust_000434,659.42,upi,1217,18,15,0.8333,3,False,expired_card,0.24,0
txn_000954,cust_000454,374.09,upi,1172,18,12,0.6667,1,False,bank_decline,0.58,1
txn_000955,cust_000173,2131.32,card,623,14,12,0.8571,4,False,network_error,0.4971,0
txn_000956,cust_001320,1836.49,netbanking,433,4,3,0.75,2,False,insufficient_balance,0.465,1
txn_000957,cust_000921,546.52,netbanking,49,14,11,0.7857,3,False,authentication_failed,0.2757,1
txn_000958,cust_001455,1835.72,card,521,20,17,0.85,3,False,network_error,0.575,1
txn_000959,cust_000759,2072.2,card,219,16,14,0.875,3,False,network_error,0.5825,1
txn_000960,cust_002729,343.99,upi,692,27,20,0.7407,4,False,bank_decline,0.3622,1
txn_000961,cust_000075,365.76,netbanking,631,24,16,0.6667,3,False,network_error,0.52,0
txn_000962,cust_000304,838.8,card,252,23,19,0.8261,3,False,gateway_error,0.5378,0
txn_000963,cust_000984,2437.61,card,568,5,5,1.0,4,False,insufficient_balance,0.38,1
txn_000964,cust_001608,1261.04,wallet,1480,19,17,0.8947,4,False,bank_decline,0.4084,0
txn_000965,cust_000523,923.9,netbanking,82,13,10,0.7692,3,False,gateway_error,0.5208,1
txn_000966,cust_001538,745.07,wallet,253,0,0,0.0,4,True,bank_decline,0.09,0
txn_000967,cust_001408,887.59,card,54,11,9,0.8182,3,False,authentication_failed,0.2855,0
txn_000968,cust_000289,926.43,card,1044,8,6,0.75,2,False,gateway_error,0.595,1
txn_000969,cust_002855,1078.8,card,1452,8,4,0.5,2,False,authentication_failed,0.27,0
txn_000970,cust_002682,5269.05,wallet,964,3,2,0.6667,2,False,authentication_failed,0.32,1
txn_000971,cust_002808,210.94,wallet,307,28,21,0.75,2,False,bank_decline,0.525,0
txn_000972,cust_002365,931.24,card,671,25,20,0.8,1,False,bank_decline,0.62,0
txn_000973,cust_002936,2417.94,wallet,229,4,3,0.75,3,False,network_error,0.545,0
txn_000974,cust_002884,1874.05,upi,1477,6,5,0.8333,3,False,bank_decline,0.47,0
txn_000975,cust_000268,853.43,wallet,1269,22,17,0.7727,3,False,bank_decline,0.4518,1
txn_000976,cust_001264,1127.01,wallet,698,14,9,0.6429,4,False,insufficient_balance,0.2729,0
txn_000977,cust_001374,808.42,netbanking,1071,15,9,0.6,4,False,gateway_error,0.39,0
txn_000978,cust_001650,955.96,upi,1450,28,20,0.7143,3,False,authentication_failed,0.2543,0
txn_000979,cust_001403,761.6,card,1145,11,9,0.8182,2,False,network_error,0.6455,1
txn_000980,cust_002132,1223.36,wallet,1252,14,11,0.7857,1,False,network_error,0.7157,1
txn_000981,cust_001526,297.52,wallet,539,18,15,0.8333,2,False,network_error,0.65,0
txn_000982,cust_000948,664.87,wallet,468,29,21,0.7241,4,False,bank_decline,0.3572,1
txn_000983,cust_001441,1089.32,upi,437,24,17,0.7083,2,False,gateway_error,0.5825,0
txn_000984,cust_000428,2012.2,wallet,282,26,21,0.8077,1,False,gateway_error,0.6923,1
txn_000985,cust_001534,991.29,netbanking,939,29,24,0.8276,2,False,authentication_failed,0.3683,0
txn_000986,cust_000537,956.4,wallet,33,16,10,0.625,4,False,bank_decline,0.3275,1
txn_000987,cust_000434,744.18,card,292,3,1,0.3333,3,False,bank_decline,0.32,0
txn_000988,cust_003156,1329.97,card,593,22,17,0.7727,2,False,network_error,0.6318,1
txn_000989,cust_002317,2301.34,upi,305,3,2,0.6667,4,False,insufficient_balance,0.28,0
txn_000990,cust_000382,847.58,netbanking,390,2,2,1.0,2,False,insufficient_balance,0.54,1
txn_000991,cust_002146,1029.3,wallet,617,17,15,0.8824,2,False,gateway_error,0.6347,1
txn_000992,cust_001917,996.95,upi,1303,9,5,0.5556,1,False,network_error,0.6467,0
txn_000993,cust_000031,8583.05,wallet,1219,25,21,0.84,1,False,authentication_failed,0.452,0
txn_000994,cust_001636,1163.74,netbanking,170,8,7,0.875,4,False,insufficient_balance,0.3425,0
txn_000995,cust_000532,438.7,netbanking,708,2,2,1.0,3,False,authentication_failed,0.34,1
txn_000996,cust_002851,617.7,netbanking,1055,7,5,0.7143,2,False,bank_decline,0.5143,0
txn_000997,cust_001919,5872.34,wallet,1299,23,17,0.7391,2,False,gateway_error,0.5917,1
txn_000998,cust_001159,1167.46,card,391,12,10,0.8333,2,False,expired_card,0.32,0
txn_000999,cust_000047,525.32,wallet,1102,0,0,0.0,4,True,gateway_error,0.16,0
txn_001000,cust_002216,1371.77,netbanking,406,29,23,0.7931,3,False,gateway_error,0.5279,1
txn_001001,cust_002246,3468.47,card,19,19,14,0.7368,2,False,insufficient_balance,0.4611,0
txn_001002,cust_002577,368.78,wallet,397,17,11,0.6471,4,False,bank_decline,0.3341,0
txn_001003,cust_000688,576.17,netbanking,883,26,18,0.6923,3,False,bank_decline,0.4277,1
txn_001004,cust_002171,1489.82,wallet,21,14,10,0.7143,4,False,bank_decline,0.3543,1
txn_001005,cust_000630,2091.59,card,673,10,9,0.9,1,False,insufficient_balance,0.59,0
txn_001006,cust_000914,891.62,upi,20,15,13,0.8667,2,False,gateway_error,0.63,0
txn_001007,cust_003088,516.1,netbanking,673,15,13,0.8667,1,False,authentication_failed,0.46,0
txn_001008,cust_001727,1229.84,netbanking,279,7,4,0.5714,3,False,insufficient_balance,0.3314,0
txn_001009,cust_000281,536.03,card,839,1,1,1.0,3,False,gateway_error,0.59,1
txn_001010,cust_002847,713.8,wallet,1204,4,3,0.75,2,False,bank_decline,0.525,0
txn_001011,cust_003104,5071.85,card,679,14,12,0.8571,2,False,gateway_error,0.6271,1
txn_001012,cust_002995,509.83,netbanking,1144,15,11,0.7333,4,False,authentication_failed,0.18,0
txn_001013,cust_001382,898.54,upi,909,10,7,0.7,2,False,network_error,0.61,0
txn_001014,cust_002498,852.51,wallet,528,24,18,0.75,3,False,bank_decline,0.445,0
txn_001015,cust_002249,1016.09,netbanking,6,0,0,0.0,4,True,gateway_error,0.16,0
txn_001016,cust_003332,3600.51,upi,611,13,8,0.6154,4,False,insufficient_balance,0.2646,1
txn_001017,cust_001264,889.05,upi,140,2,2,1.0,2,False,bank_decline,0.6,1
txn_001018,cust_000737,2254.13,card,118,3,1,0.3333,1,False,bank_decline,0.48,1
txn_001019,cust_001005,2955.25,upi,385,12,11,0.9167,3,False,gateway_error,0.565,1
txn_001020,cust_002695,3535.25,upi,1410,7,6,0.8571,3,False,insufficient_balance,0.4171,1
txn_001021,cust_001254,644.54,netbanking,19,6,4,0.6667,4,False,authentication_failed,0.16,0
txn_001022,cust_001932,879.19,netbanking,913,1,0,0.0,3,False,expired_card,0.02,0
txn_001023,cust_001981,8732.77,wallet,1053,9,7,0.7778,4,False,bank_decline,0.3733,0
txn_001024,cust_000240,545.64,card,1104,18,16,0.8889,1,False,bank_decline,0.6467,0
txn_001025,cust_003061,645.88,netbanking,991,17,12,0.7059,4,False,network_error,0.4518,0
txn_001026,cust_001414,593.26,upi,1178,28,19,0.6786,2,False,insufficient_balance,0.4436,0
txn_001027,cust_000254,1205.21,wallet,1274,28,20,0.7143,2,False,expired_card,0.2843,0
txn_001028,cust_001700,3495.2,card,17,11,9,0.8182,3,False,network_error,0.5655,0
txn_001029,cust_000474,1195.3,upi,654,29,26,0.8966,4,False,network_error,0.509,0
txn_001030,cust_001176,234.62,wallet,59,24,20,0.8333,2,False,gateway_error,0.62,0
txn_001031,cust_001230,2571.45,upi,713,17,15,0.8824,2,False,gateway_error,0.6347,0
txn_001032,cust_002406,1481.6,upi,1089,10,9,0.9,2,False,network_error,0.67,1
txn_001033,cust_001448,3854.96,upi,1468,1,1,1.0,1,False,network_error,0.78,1
txn_001034,cust_002855,315.22,netbanking,645,4,4,1.0,3,False,insufficient_balance,0.46,0
txn_001035,cust_002801,1070.26,upi,1258,18,12,0.6667,3,False,authentication_failed,0.24,0
txn_001036,cust_001414,991.42,upi,588,12,11,0.9167,2,False,insufficient_balance,0.515,1
txn_001037,cust_000704,960.44,card,1128,2,1,0.5,3,False,network_error,0.47,0
txn_001038,cust_001990,2796.3,wallet,919,29,26,0.8966,4,False,expired_card,0.179,0
txn_001039,cust_001223,3604.7,card,543,9,9,1.0,1,False,bank_decline,0.68,1
txn_001040,cust_000057,1622.46,netbanking,1158,13,9,0.6923,1,False,insufficient_balance,0.5277,0
txn_001041,cust_002991,818.44,upi,658,25,17,0.68,1,False,gateway_error,0.654,1
txn_001042,cust_002260,2057.11,card,399,17,10,0.5882,4,False,insufficient_balance,0.2565,0
txn_001043,cust_002978,489.6,upi,714,14,11,0.7857,4,False,insufficient_balance,0.3157,0
txn_001044,cust_001317,374.11,upi,81,15,12,0.8,4,False,network_error,0.48,1
txn_001045,cust_000284,461.57,upi,571,2,1,0.5,2,False,bank_decline,0.45,0
txn_001046,cust_002821,2652.74,netbanking,961,21,14,0.6667,1,False,insufficient_balance,0.52,1
txn_001047,cust_000383,1501.17,netbanking,873,4,3,0.75,3,False,expired_card,0.215,1
txn_001048,cust_001644,1438.23,netbanking,731,12,8,0.6667,2,False,insufficient_balance,0.44,0
txn_001049,cust_002110,847.83,wallet,789,2,2,1.0,4,False,expired_card,0.21,1
txn_001050,cust_000641,475.74,upi,156,3,2,0.6667,2,False,authentication_failed,0.32,1
txn_001051,cust_002561,290.38,card,1453,11,6,0.5455,3,False,network_error,0.4836,1
txn_001052,cust_002871,794.36,netbanking,1103,0,0,0.0,3,True,authentication_failed,0.02,0
txn_001053,cust_000871,7748.7,netbanking,927,3,1,0.3333,2,False,insufficient_balance,0.34,1
txn_001054,cust_002341,1002.19,card,522,29,19,0.6552,3,False,gateway_error,0.4866,0
txn_001055,cust_001300,5400.22,upi,902,23,19,0.8261,1,False,insufficient_balance,0.5678,1
txn_001056,cust_001360,1744.02,wallet,1251,11,8,0.7273,2,False,bank_decline,0.5182,1
txn_001057,cust_001235,2112.17,card,492,17,15,0.8824,1,False,bank_decline,0.6447,0
txn_001058,cust_001726,1806.13,card,695,15,12,0.8,2,False,bank_decline,0.54,0
txn_001059,cust_001399,2344.3,netbanking,1021,11,9,0.8182,3,False,insufficient_balance,0.4055,1
txn_001060,cust_000363,740.88,netbanking,1347,9,6,0.6667,4,False,bank_decline,0.34,0
txn_001061,cust_002651,1270.8,card,1202,21,12,0.5714,4,False,insufficient_balance,0.2514,0
txn_001062,cust_000213,1056.71,netbanking,416,18,14,0.7778,4,False,bank_decline,0.3733,1
txn_001063,cust_002600,171.75,wallet,1389,17,12,0.7059,1,False,gateway_error,0.6618,1
txn_001064,cust_002724,841.48,netbanking,1259,9,7,0.7778,3,False,expired_card,0.2233,0
txn_001065,cust_000239,681.9,netbanking,556,13,9,0.6923,3,False,authentication_failed,0.2477,0
txn_001066,cust_000935,991.79,netbanking,1384,10,7,0.7,1,False,authentication_failed,0.41,0
txn_001067,cust_001721,816.18,netbanking,630,13,10,0.7692,3,False,bank_decline,0.4508,1
txn_001068,cust_002410,762.74,wallet,74,29,23,0.7931,2,False,network_error,0.6379,0
txn_001069,cust_002915,862.42,card,1060,0,0,0.0,4,True,network_error,0.19,1
txn_001070,cust_001989,4513.1,upi,1408,14,10,0.7143,2,False,insufficient_balance,0.4543,0
txn_001071,cust_001268,430.87,wallet,1071,29,19,0.6552,3,False,authentication_failed,0.2366,0
txn_001072,cust_000961,1069.27,card,643,21,16,0.7619,2,False,network_error,0.6286,1
txn_001073,cust_003106,654.08,upi,535,10,7,0.7,1,False,insufficient_balance,0.53,1
txn_001074,cust_002579,1155.32,netbanking,786,17,13,0.7647,3,False,insufficient_balance,0.3894,1
txn_001075,cust_000010,748.62,upi,842,24,16,0.6667,1,False,bank_decline,0.58,0
txn_001076,cust_002555,597.53,netbanking,65,28,22,0.7857,2,False,insufficient_balance,0.4757,0
txn_001077,cust_002544,464.17,wallet,82,2,2,1.0,1,False,bank_decline,0.68,1
txn_001078,cust_002450,989.3,wallet,1160,23,15,0.6522,4,False,insufficient_balance,0.2757,0
txn_001079,cust_002496,225.11,upi,1114,2,1,0.5,4,False,network_error,0.39,0
txn_001080,cust_001761,441.15,upi,179,1,1,1.0,3,False,bank_decline,0.52,0
txn_001081,cust_001745,1009.48,upi,1077,22,13,0.5909,1,False,insufficient_balance,0.4973,1
txn_001082,cust_001125,863.21,card,766,29,17,0.5862,4,False,network_error,0.4159,1
txn_001083,cust_002009,861.21,upi,899,2,1,0.5,2,False,gateway_error,0.52,1
txn_001084,cust_002087,4100.48,card,684,3,3,1.0,3,False,bank_decline,0.52,0
txn_001085,cust_000330,1165.66,card,1389,3,3,1.0,3,False,bank_decline,0.52,1
txn_001086,cust_001700,2616.7,wallet,231,11,9,0.8182,2,False,insufficient_balance,0.4855,0
txn_001087,cust_002969,2013.85,netbanking,554,29,24,0.8276,2,False,insufficient_balance,0.4883,0
txn_001088,cust_000042,2071.82,card,460,12,10,0.8333,4,False,insufficient_balance,0.33,1
txn_001089,cust_000309,1065.21,card,1215,26,16,0.6154,3,False,insufficient_balance,0.3446,0
txn_001090,cust_002656,555.48,netbanking,918,9,7,0.7778,1,False,network_error,0.7133,1
txn_001091,cust_002936,467.12,upi,174,8,5,0.625,4,False,gateway_error,0.3975,0
txn_001092,cust_000906,1131.59,card,1096,22,15,0.6818,1,False,bank_decline,0.5845,1
txn_001093,cust_002059,6066.51,netbanking,861,16,11,0.6875,4,False,authentication_failed,0.1662,0
txn_001094,cust_001132,3371.67,upi,118,7,7,1.0,4,False,insufficient_balance,0.38,0
txn_001095,cust_001467,372.81,wallet,406,10,7,0.7,1,False,network_error,0.69,1
txn_001096,cust_001771,1276.49,card,845,17,12,0.7059,1,False,expired_card,0.3618,0
txn_001097,cust_000973,1019.66,upi,1035,26,19,0.7308,1,False,insufficient_balance,0.5392,1
txn_001098,cust_001057,5241.64,wallet,327,8,2,0.25,4,False,network_error,0.315,0
txn_001099,cust_001542,2347.09,wallet,676,12,11,0.9167,3,False,insufficient_balance,0.435,1
txn_001100,cust_000521,941.16,netbanking,732,6,4,0.6667,4,False,insufficient_balance,0.28,0
txn_001101,cust_001174,1394.42,upi,143,23,16,0.6957,4,False,insufficient_balance,0.2887,0
txn_001102,cust_003331,430.56,netbanking,315,16,11,0.6875,1,False,network_error,0.6862,0
txn_001103,cust_001173,5299.57,upi,1283,25,21,0.84,4,False,bank_decline,0.392,0
txn_001104,cust_001392,1514.47,upi,639,23,14,0.6087,1,False,authentication_failed,0.3826,1
txn_001105,cust_002789,1435.64,upi,33,5,4,0.8,3,False,expired_card,0.23,0
txn_001106,cust_003075,1165.47,upi,541,3,1,0.3333,4,False,insufficient_balance,0.18,0
txn_001107,cust_002137,596.56,upi,1035,11,10,0.9091,2,False,insufficient_balance,0.5127,1
txn_001108,cust_000903,674.92,upi,845,19,14,0.7368,2,False,network_error,0.6211,1
txn_001109,cust_000302,1620.62,upi,1434,18,11,0.6111,1,False,authentication_failed,0.3833,0
txn_001110,cust_003274,330.0,upi,1318,0,0,0.0,3,True,authentication_failed,0.02,0
txn_001111,cust_003139,889.07,card,61,26,19,0.7308,1,False,network_error,0.6992,0
txn_001112,cust_002303,415.54,netbanking,813,24,21,0.875,4,False,authentication_failed,0.2225,0
txn_001113,cust_002352,2752.26,upi,321,13,10,0.7692,1,False,bank_decline,0.6108,0
txn_001114,cust_003296,1365.27,card,356,9,8,0.8889,4,False,insufficient_balance,0.3467,1
txn_001115,cust_002744,2254.9,netbanking,561,23,16,0.6957,3,False,insufficient_balance,0.3687,0
txn_001116,cust_002346,632.21,upi,1429,17,14,0.8235,2,False,gateway_error,0.6171,1
txn_001117,cust_002054,194.17,card,1318,0,0,0.0,1,True,expired_card,0.1,0
txn_001118,cust_001793,1140.28,netbanking,439,25,18,0.72,3,False,bank_decline,0.436,0
txn_001119,cust_000699,1435.45,wallet,1067,10,6,0.6,1,False,gateway_error,0.63,1
txn_001120,cust_002097,629.88,card,231,1,1,1.0,2,False,gateway_error,0.67,1
txn_001121,cust_000272,2133.38,netbanking,1377,10,9,0.9,1,False,authentication_failed,0.47,0
txn_001122,cust_002396,1485.93,upi,802,18,12,0.6667,1,False,bank_decline,0.58,1
txn_001123,cust_002885,982.44,card,1398,5,3,0.6,4,False,bank_decline,0.32,0
txn_001124,cust_000482,2788.97,card,307,8,5,0.625,4,False,authentication_failed,0.1475,0
txn_001125,cust_000381,822.12,card,119,18,13,0.7222,4,False,network_error,0.4567,0
txn_001126,cust_000242,1657.61,wallet,511,15,12,0.8,1,False,expired_card,0.39,1
txn_001127,cust_001946,1234.43,card,580,16,13,0.8125,2,False,authentication_failed,0.3637,1
txn_001128,cust_001090,15291.97,card,39,29,22,0.7586,3,False,bank_decline,0.4476,1
txn_001129,cust_000471,926.33,wallet,1395,24,19,0.7917,3,False,gateway_error,0.5275,1
txn_001130,cust_001204,1788.41,upi,879,6,3,0.5,2,False,authentication_failed,0.27,0
txn_001131,cust_001657,1341.02,card,963,29,24,0.8276,2,False,gateway_error,0.6183,1
txn_001132,cust_001790,1115.49,upi,359,1,1,1.0,3,False,insufficient_balance,0.46,0
txn_001133,cust_000390,978.96,upi,195,2,2,1.0,1,False,gateway_error,0.75,1
txn_001134,cust_000921,1006.26,upi,1239,21,18,0.8571,1,False,authentication_failed,0.4571,0
txn_001135,cust_002784,1341.86,netbanking,1345,10,9,0.9,4,False,bank_decline,0.41,1
txn_001136,cust_002801,718.28,wallet,1362,27,22,0.8148,1,False,network_error,0.7244,0
txn_001137,cust_001813,694.74,netbanking,219,1,0,0.0,1,False,insufficient_balance,0.32,0
txn_001138,cust_000397,1163.13,upi,945,28,24,0.8571,3,False,expired_card,0.2471,0
txn_001139,cust_000761,1132.14,upi,52,14,12,0.8571,1,False,bank_decline,0.6371,1
txn_001140,cust_001065,313.86,netbanking,1434,26,20,0.7692,3,False,gateway_error,0.5208,0
txn_001141,cust_000069,1845.66,upi,382,5,4,0.8,2,False,network_error,0.64,1
txn_001142,cust_002550,1688.42,wallet,1359,17,14,0.8235,4,False,expired_card,0.1571,1
txn_001143,cust_000698,637.65,netbanking,987,11,9,0.8182,4,False,gateway_error,0.4555,0
txn_001144,cust_001655,2641.27,card,794,5,4,0.8,3,False,expired_card,0.23,1
txn_001145,cust_002447,383.77,netbanking,243,9,5,0.5556,3,False,gateway_error,0.4567,0
txn_001146,cust_001448,1011.34,netbanking,1319,0,0,0.0,2,True,bank_decline,0.25,0
txn_001147,cust_002390,3338.06,upi,1374,11,7,0.6364,4,False,authentication_failed,0.1509,0
txn_001148,cust_001576,1536.01,card,1135,19,15,0.7895,3,False,network_error,0.5568,1
txn_001149,cust_002083,1599.36,upi,628,3,1,0.3333,3,False,network_error,0.42,0
txn_001150,cust_001908,6182.97,wallet,533,19,14,0.7368,1,False,bank_decline,0.6011,0
txn_001151,cust_001132,2978.7,upi,6,20,17,0.85,1,False,expired_card,0.405,0
txn_001152,cust_001291,2542.7,card,545,10,8,0.8,2,False,network_error,0.64,1
txn_001153,cust_000563,1361.36,upi,637,10,8,0.8,4,False,gateway_error,0.45,0
txn_001154,cust_000066,679.22,wallet,87,23,19,0.8261,4,False,bank_decline,0.3878,1
txn_001155,cust_003091,256.77,upi,1499,8,7,0.875,4,False,gateway_error,0.4725,0
txn_001156,cust_001672,1113.31,upi,814,19,18,0.9474,1,False,expired_card,0.4342,1
txn_001157,cust_000103,518.22,wallet,799,19,11,0.5789,3,False,gateway_error,0.4637,0
txn_001158,cust_002328,3328.17,netbanking,1052,16,15,0.9375,3,False,authentication_failed,0.3213,0
txn_001159,cust_000120,8064.43,upi,1008,27,25,0.9259,2,False,bank_decline,0.5778,1
txn_001160,cust_002602,743.97,upi,439,5,5,1.0,3,False,expired_card,0.29,0
txn_001161,cust_002437,1711.27,netbanking,167,22,17,0.7727,1,False,bank_decline,0.6118,1
txn_001162,cust_000894,1008.39,wallet,505,24,20,0.8333,1,False,gateway_error,0.7,1
txn_001163,cust_000946,821.54,upi,1464,14,11,0.7857,3,False,network_error,0.5557,1
txn_001164,cust_000995,1061.32,card,475,26,19,0.7308,3,False,bank_decline,0.4392,0
txn_001165,cust_000246,1899.78,card,449,16,10,0.625,2,False,gateway_error,0.5575,0
txn_001166,cust_002946,245.25,upi,80,13,11,0.8462,4,False,bank_decline,0.3938,0
txn_001167,cust_000043,775.05,upi,1465,3,1,0.3333,3,False,bank_decline,0.32,0
txn_001168,cust_000061,408.1,card,804,27,24,0.8889,3,False,insufficient_balance,0.4267,1
txn_001169,cust_002001,155.58,netbanking,241,27,20,0.7407,4,False,insufficient_balance,0.3022,1
txn_001170,cust_003019,335.27,wallet,485,13,10,0.7692,3,False,gateway_error,0.5208,0
txn_001171,cust_000120,119.69,wallet,1332,19,13,0.6842,2,False,insufficient_balance,0.4453,0
txn_001172,cust_002991,380.98,wallet,54,15,11,0.7333,2,False,gateway_error,0.59,0
txn_001173,cust_001274,973.22,upi,484,23,16,0.6957,4,False,expired_card,0.1187,0
txn_001174,cust_002283,959.8,upi,1311,24,19,0.7917,3,False,expired_card,0.2275,0
txn_001175,cust_000560,500.45,upi,1113,13,11,0.8462,1,False,insufficient_balance,0.5738,1
txn_001176,cust_001697,781.08,wallet,1433,1,0,0.0,2,False,authentication_failed,0.12,0
txn_001177,cust_001625,2974.83,upi,175,21,16,0.7619,1,False,gateway_error,0.6786,1
txn_001178,cust_002350,844.42,upi,1084,27,21,0.7778,3,False,authentication_failed,0.2733,1
txn_001179,cust_001403,1452.05,upi,578,29,21,0.7241,2,False,expired_card,0.2872,1
txn_001180,cust_002645,796.17,netbanking,715,6,4,0.6667,1,False,expired_card,0.35,1
txn_001181,cust_002020,661.22,wallet,634,5,3,0.6,4,False,gateway_error,0.39,1
txn_001182,cust_001706,692.87,upi,707,11,8,0.7273,3,False,gateway_error,0.5082,1
txn_001183,cust_000687,1437.44,netbanking,602,10,7,0.7,2,False,insufficient_balance,0.45,0
txn_001184,cust_001506,399.71,wallet,573,29,21,0.7241,3,False,gateway_error,0.5072,1
txn_001185,cust_000277,727.2,netbanking,746,10,8,0.8,3,False,insufficient_balance,0.4,1
txn_001186,cust_001947,1318.69,upi,1432,6,5,0.8333,2,False,insufficient_balance,0.49,0
txn_001187,cust_000106,2382.84,card,866,28,21,0.75,1,False,network_error,0.705,1
txn_001188,cust_001244,955.49,upi,293,5,4,0.8,3,False,authentication_failed,0.28,0
txn_001189,cust_000745,1604.23,netbanking,639,7,6,0.8571,1,False,bank_decline,0.6371,1
txn_001190,cust_002878,850.97,wallet,686,13,11,0.8462,3,False,bank_decline,0.4738,1
txn_001191,cust_002610,13271.36,wallet,590,27,22,0.8148,1,False,authentication_failed,0.4444,1
txn_001192,cust_002745,685.66,netbanking,225,10,9,0.9,1,False,insufficient_balance,0.59,0
txn_001193,cust_002191,1598.55,upi,138,1,1,1.0,2,False,network_error,0.7,0
txn_001194,cust_002149,919.37,wallet,1045,17,13,0.7647,4,False,insufficient_balance,0.3094,0
txn_001195,cust_001946,574.64,wallet,401,5,3,0.6,4,False,insufficient_balance,0.26,0
txn_001196,cust_001172,1708.74,card,435,10,7,0.7,4,False,gateway_error,0.42,1
txn_001197,cust_003140,939.97,upi,952,8,5,0.625,1,False,insufficient_balance,0.5075,0
txn_001198,cust_003176,1869.89,netbanking,371,2,2,1.0,3,False,authentication_failed,0.34,0
txn_001199,cust_001388,424.94,upi,1310,19,13,0.6842,1,False,expired_card,0.3553,1
txn_001200,cust_002311,387.27,netbanking,384,11,6,0.5455,2,False,gateway_error,0.5336,0
txn_001201,cust_002869,335.04,upi,1069,0,0,0.0,3,True,bank_decline,0.17,0
txn_001202,cust_001266,431.59,netbanking,85,7,4,0.5714,1,False,insufficient_balance,0.4914,1
txn_001203,cust_002304,720.61,wallet,531,20,17,0.85,2,False,authentication_failed,0.375,0
txn_001204,cust_000444,1994.91,upi,1457,0,0,0.0,4,True,authentication_failed,0.02,0
txn_001205,cust_002270,1100.59,wallet,831,16,12,0.75,2,False,authentication_failed,0.345,0
txn_001206,cust_000844,808.19,upi,931,17,14,0.8235,2,False,gateway_error,0.6171,1
txn_001207,cust_001203,789.83,upi,220,12,10,0.8333,4,False,gateway_error,0.46,0
txn_001208,cust_000870,2923.7,card,500,18,14,0.7778,2,False,authentication_failed,0.3533,0
txn_001209,cust_000010,322.63,wallet,1314,12,11,0.9167,2,False,authentication_failed,0.395,1
txn_001210,cust_002344,1126.52,upi,1379,8,7,0.875,1,False,network_error,0.7425,0
txn_001211,cust_002470,710.58,wallet,725,1,0,0.0,2,False,bank_decline,0.3,1
txn_001212,cust_000425,2942.67,wallet,1128,18,17,0.9444,3,False,network_error,0.6033,0
txn_001213,cust_003304,393.06,upi,26,27,20,0.7407,1,False,authentication_failed,0.4222,1
txn_001214,cust_000413,996.66,card,1268,2,2,1.0,4,False,authentication_failed,0.26,0
txn_001215,cust_000290,1346.47,netbanking,1422,3,3,1.0,2,False,insufficient_balance,0.54,0
txn_001216,cust_002354,2342.83,card,1188,8,7,0.875,2,False,authentication_failed,0.3825,0
txn_001217,cust_000609,916.73,upi,155,20,16,0.8,1,False,authentication_failed,0.44,0
txn_001218,cust_002079,698.64,card,1293,9,7,0.7778,3,False,gateway_error,0.5233,0
txn_001219,cust_003147,614.98,upi,282,11,7,0.6364,3,False,network_error,0.5109,1
txn_001220,cust_003002,1257.03,wallet,1044,12,7,0.5833,4,False,gateway_error,0.385,0
txn_001221,cust_003141,3610.89,wallet,1394,9,6,0.6667,2,False,insufficient_balance,0.44,0
txn_001222,cust_001468,3660.72,netbanking,120,5,5,1.0,3,False,bank_decline,0.52,0
txn_001223,cust_000463,679.36,card,836,23,19,0.8261,1,False,authentication_failed,0.4478,1
txn_001224,cust_000559,1804.13,card,66,6,4,0.6667,4,False,insufficient_balance,0.28,0
txn_001225,cust_001492,1272.8,netbanking,896,4,2,0.5,2,False,insufficient_balance,0.39,1
txn_001226,cust_000196,711.0,wallet,1041,18,11,0.6111,1,False,gateway_error,0.6333,0
txn_001227,cust_000939,3407.95,upi,385,12,7,0.5833,1,False,bank_decline,0.555,1
txn_001228,cust_001701,711.68,netbanking,733,4,2,0.5,3,False,gateway_error,0.44,1
txn_001229,cust_002274,462.72,upi,955,6,5,0.8333,1,False,bank_decline,0.63,0
txn_001230,cust_001480,449.1,wallet,766,28,18,0.6429,2,False,insufficient_balance,0.4329,0
txn_001231,cust_002821,761.77,upi,1459,18,15,0.8333,4,False,gateway_error,0.46,0
txn_001232,cust_000185,534.46,netbanking,401,2,1,0.5,3,False,insufficient_balance,0.31,1
txn_001233,cust_001335,364.51,card,349,19,14,0.7368,4,False,gateway_error,0.4311,1
txn_001234,cust_002718,1599.21,card,31,21,16,0.7619,1,False,gateway_error,0.6786,1
txn_001235,cust_001709,1842.73,netbanking,1079,2,2,1.0,3,False,bank_decline,0.52,1
txn_001236,cust_000651,3904.73,wallet,446,9,6,0.6667,3,False,insufficient_balance,0.36,0
txn_001237,cust_002884,776.17,upi,368,23,18,0.7826,2,False,expired_card,0.3048,0
txn_001238,cust_001065,383.91,netbanking,1036,10,7,0.7,4,False,bank_decline,0.35,0
txn_001239,cust_001983,941.57,card,738,28,19,0.6786,1,False,bank_decline,0.5836,1
txn_001240,cust_002384,1759.02,wallet,634,27,22,0.8148,3,False,gateway_error,0.5344,0
txn_001241,cust_000036,605.58,wallet,590,11,6,0.5455,4,False,authentication_failed,0.1236,0
txn_001242,cust_002940,483.29,netbanking,592,9,6,0.6667,3,False,authentication_failed,0.24,1
txn_001243,cust_002848,2206.17,netbanking,1134,13,11,0.8462,4,False,bank_decline,0.3938,0
txn_001244,cust_000757,1938.72,card,43,12,9,0.75,4,False,network_error,0.465,0
txn_001245,cust_002309,2167.53,wallet,14,24,14,0.5833,1,False,gateway_error,0.625,1
txn_001246,cust_002729,362.79,netbanking,972,17,15,0.8824,3,False,gateway_error,0.5547,1
txn_001247,cust_001468,4106.37,card,153,4,4,1.0,2,False,insufficient_balance,0.54,0
txn_001248,cust_001507,2157.68,card,667,2,2,1.0,2,False,gateway_error,0.67,1
txn_001249,cust_003175,354.78,upi,1123,1,1,1.0,3,False,bank_decline,0.52,1
txn_001250,cust_000868,455.56,wallet,543,18,15,0.8333,3,False,gateway_error,0.54,0
txn_001251,cust_001237,1079.21,netbanking,1406,6,5,0.8333,3,False,insufficient_balance,0.41,0
txn_001252,cust_003148,587.36,upi,1394,21,17,0.8095,4,False,insufficient_balance,0.3229,0
txn_001253,cust_000631,612.23,card,913,29,21,0.7241,2,False,gateway_error,0.5872,0
txn_001254,cust_000148,1020.66,wallet,100,12,9,0.75,1,False,expired_card,0.375,1
txn_001255,cust_003076,1771.07,upi,389,10,8,0.8,2,False,authentication_failed,0.36,0
txn_001256,cust_001710,1413.77,upi,208,24,21,0.875,3,False,network_error,0.5825,1
txn_001257,cust_000875,935.96,card,936,9,5,0.5556,4,False,bank_decline,0.3067,1
txn_001258,cust_000742,947.7,upi,854,16,13,0.8125,2,False,insufficient_balance,0.4838,0
txn_001259,cust_000779,885.29,netbanking,1464,26,20,0.7692,1,False,gateway_error,0.6808,0
txn_001260,cust_002085,1621.8,netbanking,291,2,1,0.5,3,False,network_error,0.47,0
txn_001261,cust_000379,1232.79,wallet,382,28,21,0.75,4,False,bank_decline,0.365,0
txn_001262,cust_002228,9186.11,wallet,745,18,12,0.6667,1,False,gateway_error,0.65,1
txn_001263,cust_003133,1541.85,wallet,1355,4,3,0.75,3,False,bank_decline,0.445,0
txn_001264,cust_001977,1280.77,card,228,29,23,0.7931,3,False,insufficient_balance,0.3979,1
txn_001265,cust_002517,1516.1,netbanking,503,25,15,0.6,3,False,insufficient_balance,0.34,0
txn_001266,cust_002840,2750.02,netbanking,348,7,7,1.0,3,False,network_error,0.62,1
txn_001267,cust_001377,739.02,wallet,466,28,22,0.7857,4,False,gateway_error,0.4457,1
txn_001268,cust_002185,1671.53,card,235,4,1,0.25,2,False,bank_decline,0.375,1
txn_001269,cust_001910,987.31,upi,912,27,23,0.8519,4,False,gateway_error,0.4656,0
txn_001270,cust_003315,209.73,netbanking,1335,1,0,0.0,1,False,insufficient_balance,0.32,0
txn_001271,cust_000433,2446.46,upi,232,23,18,0.7826,1,False,bank_decline,0.6148,1
txn_001272,cust_000669,661.23,card,912,25,18,0.72,4,False,expired_card,0.126,0
txn_001273,cust_003092,1280.24,card,851,15,13,0.8667,2,False,gateway_error,0.63,0
txn_001274,cust_002438,460.25,netbanking,915,28,23,0.8214,3,False,insufficient_balance,0.4064,0
txn_001275,cust_002850,1284.17,upi,1462,21,17,0.8095,3,False,insufficient_balance,0.4029,0
txn_001276,cust_001978,610.15,netbanking,1186,9,7,0.7778,1,False,insufficient_balance,0.5533,1
txn_001277,cust_003272,2511.89,netbanking,252,4,2,0.5,2,False,insufficient_balance,0.39,1
txn_001278,cust_002294,1890.05,netbanking,164,13,13,1.0,2,False,insufficient_balance,0.54,0
txn_001279,cust_001919,715.03,wallet,4,3,2,0.6667,2,False,insufficient_balance,0.44,1
txn_001280,cust_002225,1054.43,upi,1250,3,2,0.6667,2,False,insufficient_balance,0.44,0
txn_001281,cust_001200,1003.89,upi,474,9,7,0.7778,1,False,bank_decline,0.6133,1
txn_001282,cust_000122,450.69,wallet,1115,9,7,0.7778,4,False,network_error,0.4733,1
txn_001283,cust_002571,580.52,upi,1300,22,16,0.7273,1,False,network_error,0.6982,0
txn_001284,cust_001949,570.65,upi,134,19,17,0.8947,3,False,bank_decline,0.4884,0
txn_001285,cust_001114,473.59,upi,165,2,1,0.5,2,False,bank_decline,0.45,0
txn_001286,cust_002090,2401.73,netbanking,828,24,18,0.75,2,False,bank_decline,0.525,1
txn_001287,cust_002139,1821.66,netbanking,1355,12,8,0.6667,4,False,bank_decline,0.34,0
txn_001288,cust_000536,939.22,wallet,1249,3,1,0.3333,1,False,bank_decline,0.48,0
txn_001289,cust_001819,3895.9,upi,559,11,5,0.4545,3,False,bank_decline,0.3564,0
txn_001290,cust_000687,368.84,upi,499,12,9,0.75,2,False,insufficient_balance,0.465,0
txn_001291,cust_000423,1616.74,card,1085,5,4,0.8,4,False,insufficient_balance,0.32,0
txn_001292,cust_001287,301.61,netbanking,1260,9,8,0.8889,2,False,gateway_error,0.6367,1
txn_001293,cust_001396,465.96,netbanking,849,2,2,1.0,3,False,network_error,0.62,0
txn_001294,cust_003276,2656.58,card,999,16,11,0.6875,4,False,expired_card,0.1162,0
txn_001295,cust_000998,1472.14,netbanking,882,15,9,0.6,4,False,gateway_error,0.39,1
txn_001296,cust_001668,1165.19,netbanking,1026,20,14,0.7,1,False,authentication_failed,0.41,1
txn_001297,cust_000771,490.8,upi,1241,19,12,0.6316,4,False,insufficient_balance,0.2695,1
txn_001298,cust_001143,402.19,upi,790,19,11,0.5789,1,False,network_error,0.6537,0
txn_001299,cust_001489,1738.81,netbanking,1446,17,16,0.9412,3,False,bank_decline,0.5024,0
txn_001300,cust_002662,1167.56,netbanking,976,23,18,0.7826,2,False,gateway_error,0.6048,1
txn_001301,cust_002584,1285.22,netbanking,462,0,0,0.0,2,True,insufficient_balance,0.19,0
txn_001302,cust_002641,788.92,card,932,20,17,0.85,2,False,gateway_error,0.625,1
txn_001303,cust_001810,1273.18,upi,1461,15,14,0.9333,1,False,gateway_error,0.73,0
txn_001304,cust_002195,1735.38,netbanking,52,27,19,0.7037,3,False,gateway_error,0.5011,0
txn_001305,cust_000764,1057.21,card,585,1,1,1.0,3,False,insufficient_balance,0.46,1
txn_001306,cust_000944,1869.25,wallet,1189,0,0,0.0,1,True,bank_decline,0.33,0
txn_001307,cust_002625,2710.13,card,421,24,22,0.9167,4,False,bank_decline,0.415,0
txn_001308,cust_000212,923.83,netbanking,1042,25,15,0.6,4,False,expired_card,0.09,0
txn_001309,cust_000042,2018.02,netbanking,1397,26,17,0.6538,2,False,authentication_failed,0.3162,0
txn_001310,cust_000061,1781.61,card,75,16,16,1.0,4,False,expired_card,0.21,1
txn_001311,cust_001717,2669.41,upi,1021,10,7,0.7,2,False,bank_decline,0.51,0
txn_001312,cust_003200,1812.52,wallet,424,15,11,0.7333,2,False,insufficient_balance,0.46,0
txn_001313,cust_002454,575.03,card,245,29,25,0.8621,3,False,authentication_failed,0.2986,0
txn_001314,cust_002736,1915.12,wallet,542,4,2,0.5,1,False,authentication_failed,0.35,0
txn_001315,cust_002114,907.74,netbanking,963,12,10,0.8333,1,False,gateway_error,0.7,0
txn_001316,cust_000857,6570.59,card,373,28,24,0.8571,1,False,bank_decline,0.6371,1
txn_001317,cust_003064,316.46,wallet,1461,25,19,0.76,2,False,expired_card,0.298,0
txn_001318,cust_002664,2335.69,netbanking,504,18,13,0.7222,2,False,authentication_failed,0.3367,0
txn_001319,cust_001455,839.63,upi,1016,26,21,0.8077,3,False,gateway_error,0.5323,1
txn_001320,cust_001227,4621.87,card,260,7,6,0.8571,2,False,gateway_error,0.6271,1
txn_001321,cust_001471,726.68,card,1191,10,5,0.5,3,False,expired_card,0.14,0
txn_001322,cust_000867,1574.01,wallet,1019,0,0,0.0,3,True,authentication_failed,0.02,0
txn_001323,cust_001608,2288.94,card,543,9,9,1.0,3,False,gateway_error,0.59,1
txn_001324,cust_001749,3516.96,card,888,14,10,0.7143,1,False,bank_decline,0.5943,0
txn_001325,cust_000205,1569.92,card,116,9,6,0.6667,4,False,authentication_failed,0.16,0
txn_001326,cust_003293,805.37,upi,1143,1,1,1.0,2,False,authentication_failed,0.42,1
txn_001327,cust_002345,2771.87,card,1118,19,16,0.8421,2,False,bank_decline,0.5526,0
txn_001328,cust_001904,289.83,netbanking,931,3,2,0.6667,4,False,authentication_failed,0.16,0
txn_001329,cust_002734,527.51,card,1404,5,5,1.0,3,False,authentication_failed,0.34,0
txn_001330,cust_002882,1380.75,card,931,27,21,0.7778,4,False,network_error,0.4733,0
txn_001331,cust_000037,1138.07,wallet,956,13,10,0.7692,1,False,insufficient_balance,0.5508,1
txn_001332,cust_000192,954.92,netbanking,196,8,3,0.375,1,False,insufficient_balance,0.4325,1
txn_001333,cust_002010,1021.45,netbanking,1027,3,2,0.6667,1,False,authentication_failed,0.4,1
txn_001334,cust_000694,3349.67,wallet,620,3,3,1.0,2,False,bank_decline,0.6,1
txn_001335,cust_002846,481.21,wallet,639,9,8,0.8889,2,False,gateway_error,0.6367,0
txn_001336,cust_001990,1493.17,card,633,13,9,0.6923,2,False,gateway_error,0.5777,1
txn_001337,cust_000762,1780.67,netbanking,1478,13,11,0.8462,1,False,expired_card,0.4038,0
txn_001338,cust_002028,1391.67,netbanking,1005,20,17,0.85,2,False,expired_card,0.325,0
txn_001339,cust_002612,391.54,netbanking,192,12,10,0.8333,4,False,bank_decline,0.39,0
txn_001340,cust_000118,3046.68,netbanking,288,0,0,0.0,3,True,expired_card,0.02,0
txn_001341,cust_001658,1367.34,upi,538,16,14,0.875,1,False,insufficient_balance,0.5825,1
txn_001342,cust_000429,5469.57,card,512,14,11,0.7857,3,False,bank_decline,0.4557,1
txn_001343,cust_002316,344.28,netbanking,1078,14,9,0.6429,1,False,authentication_failed,0.3929,1
txn_001344,cust_000133,429.11,card,876,1,1,1.0,4,False,expired_card,0.21,0
txn_001345,cust_000366,223.94,upi,1126,20,12,0.6,3,False,gateway_error,0.47,1
txn_001346,cust_001262,770.27,card,166,6,5,0.8333,3,False,network_error,0.57,0
txn_001347,cust_002426,1711.16,wallet,806,22,15,0.6818,2,False,authentication_failed,0.3245,1
txn_001348,cust_001339,1422.85,netbanking,1097,21,15,0.7143,3,False,authentication_failed,0.2543,0
txn_001349,cust_001089,890.33,wallet,818,15,12,0.8,3,False,expired_card,0.23,0
txn_001350,cust_001309,4715.87,card,305,8,7,0.875,1,False,bank_decline,0.6425,1
txn_001351,cust_003063,479.14,wallet,405,4,3,0.75,3,False,insufficient_balance,0.385,0
txn_001352,cust_003229,765.31,wallet,935,2,2,1.0,2,False,authentication_failed,0.42,0
txn_001353,cust_000990,505.98,card,270,15,10,0.6667,2,False,gateway_error,0.57,1
txn_001354,cust_002422,1533.36,netbanking,857,28,23,0.8214,2,False,bank_decline,0.5464,0
txn_001355,cust_001852,1392.32,upi,493,25,16,0.64,4,False,gateway_error,0.402,1
txn_001356,cust_002001,1927.59,netbanking,565,17,13,0.7647,3,False,bank_decline,0.4494,1
txn_001357,cust_002619,979.29,wallet,420,22,18,0.8182,1,False,expired_card,0.3955,0
txn_001358,cust_002744,2123.67,card,394,27,18,0.6667,4,False,gateway_error,0.41,0
txn_001359,cust_002442,375.66,netbanking,1423,10,6,0.6,2,False,expired_card,0.25,0
txn_001360,cust_002460,1183.8,wallet,133,12,9,0.75,4,False,gateway_error,0.435,0
txn_001361,cust_001829,2517.08,netbanking,1435,15,8,0.5333,1,False,bank_decline,0.54,0
txn_001362,cust_002161,425.06,card,1274,11,10,0.9091,3,False,expired_card,0.2627,1
txn_001363,cust_000062,2535.84,card,269,11,10,0.9091,1,False,authentication_failed,0.4727,0
txn_001364,cust_003255,2217.74,netbanking,334,17,11,0.6471,1,False,insufficient_balance,0.5141,1
txn_001365,cust_003214,987.44,netbanking,896,11,10,0.9091,3,False,gateway_error,0.5627,0
txn_001366,cust_002844,408.08,upi,841,6,5,0.8333,4,False,authentication_failed,0.21,1
txn_001367,cust_000554,1896.18,upi,136,25,19,0.76,2,False,authentication_failed,0.348,0
txn_001368,cust_001015,1016.82,wallet,59,23,21,0.913,4,False,gateway_error,0.4839,0
txn_001369,cust_002604,1169.98,card,1083,8,6,0.75,4,False,bank_decline,0.365,0
txn_001370,cust_000121,844.55,card,399,17,11,0.6471,3,False,expired_card,0.1841,0
txn_001371,cust_003182,1073.83,card,367,5,5,1.0,2,False,bank_decline,0.6,1
txn_001372,cust_002613,513.99,upi,128,5,2,0.4,1,False,insufficient_balance,0.44,0
txn_001373,cust_000891,2788.48,wallet,610,2,2,1.0,4,False,bank_decline,0.44,1
txn_001374,cust_000880,2869.53,netbanking,1121,12,9,0.75,4,False,network_error,0.465,1
txn_001375,cust_002273,715.7,wallet,1121,14,9,0.6429,2,False,bank_decline,0.4929,1
txn_001376,cust_001267,686.65,upi,378,22,13,0.5909,4,False,insufficient_balance,0.2573,0
txn_001377,cust_002874,1494.91,card,212,15,10,0.6667,4,False,gateway_error,0.41,1
txn_001378,cust_000391,424.67,card,452,28,23,0.8214,1,False,bank_decline,0.6264,0
txn_001379,cust_000768,897.14,upi,1043,28,20,0.7143,1,False,network_error,0.6943,1
txn_001380,cust_001583,1103.76,upi,715,9,4,0.4444,3,False,insufficient_balance,0.2933,0
txn_001381,cust_001607,1471.68,netbanking,4,19,16,0.8421,3,False,insufficient_balance,0.4126,0
txn_001382,cust_001065,2188.65,netbanking,229,5,4,0.8,2,False,gateway_error,0.61,1
txn_001383,cust_000277,3409.96,wallet,585,28,24,0.8571,4,False,insufficient_balance,0.3371,1
txn_001384,cust_001775,1218.41,card,1082,21,15,0.7143,4,False,network_error,0.4543,0
txn_001385,cust_000384,331.22,upi,895,29,23,0.7931,3,False,gateway_error,0.5279,1
txn_001386,cust_001218,1041.31,upi,1371,5,5,1.0,4,False,insufficient_balance,0.38,0
txn_001387,cust_000125,4073.37,upi,696,3,2,0.6667,4,False,gateway_error,0.41,1
txn_001388,cust_002352,1451.67,upi,992,0,0,0.0,4,True,bank_decline,0.09,0
txn_001389,cust_000723,1580.26,netbanking,49,20,14,0.7,2,False,gateway_error,0.58,1
txn_001390,cust_002371,4151.78,wallet,334,19,15,0.7895,3,False,expired_card,0.2268,0
txn_001391,cust_000100,4948.38,netbanking,1363,13,9,0.6923,2,False,network_error,0.6077,0
txn_001392,cust_003059,955.39,wallet,945,2,2,1.0,3,False,insufficient_balance,0.46,0
txn_001393,cust_003027,2016.61,card,433,16,12,0.75,4,False,insufficient_balance,0.305,1
txn_001394,cust_001026,998.17,card,1061,10,7,0.7,1,False,bank_decline,0.59,1
txn_001395,cust_001717,787.64,upi,1488,19,17,0.8947,2,False,authentication_failed,0.3884,0
txn_001396,cust_003317,3091.39,wallet,550,27,20,0.7407,1,False,bank_decline,0.6022,0
txn_001397,cust_000900,2942.55,netbanking,1375,14,9,0.6429,2,False,bank_decline,0.4929,0
txn_001398,cust_000721,2330.97,upi,1071,20,16,0.8,3,False,insufficient_balance,0.4,0
txn_001399,cust_003105,438.51,card,1112,16,10,0.625,1,False,authentication_failed,0.3875,1
txn_001400,cust_000692,3487.89,upi,865,10,9,0.9,4,False,bank_decline,0.41,1
txn_001401,cust_000116,1352.08,netbanking,1230,0,0,0.0,3,True,insufficient_balance,0.11,0
txn_001402,cust_002000,1266.23,netbanking,1425,6,5,0.8333,4,False,network_error,0.49,1
txn_001403,cust_001913,706.96,upi,1455,11,8,0.7273,2,False,network_error,0.6182,0
txn_001404,cust_002704,1748.79,netbanking,511,6,5,0.8333,2,False,insufficient_balance,0.49,0
txn_001405,cust_000472,5931.24,netbanking,747,23,18,0.7826,2,False,gateway_error,0.6048,1
txn_001406,cust_003200,222.15,netbanking,1224,25,18,0.72,1,False,gateway_error,0.666,1
txn_001407,cust_000118,1654.44,upi,1437,20,15,0.75,2,False,insufficient_balance,0.465,0
txn_001408,cust_000087,1723.16,card,44,12,9,0.75,1,False,authentication_failed,0.425,0
txn_001409,cust_000175,1095.42,wallet,474,28,21,0.75,1,False,gateway_error,0.675,1
txn_001410,cust_001505,843.01,netbanking,1479,21,17,0.8095,2,False,insufficient_balance,0.4829,1
txn_001411,cust_002482,428.72,upi,525,20,11,0.55,3,False,network_error,0.485,0
txn_001412,cust_001085,184.5,upi,435,6,5,0.8333,1,False,gateway_error,0.7,1
txn_001413,cust_002406,372.25,upi,737,6,4,0.6667,2,False,bank_decline,0.5,1
txn_001414,cust_000534,949.49,upi,563,20,18,0.9,2,False,gateway_error,0.64,0
txn_001415,cust_002044,4956.45,card,743,17,16,0.9412,4,False,insufficient_balance,0.3624,1
txn_001416,cust_002487,378.2,upi,342,22,12,0.5455,2,False,authentication_failed,0.2836,0
txn_001417,cust_000730,1294.56,netbanking,696,3,2,0.6667,2,False,insufficient_balance,0.44,0
txn_001418,cust_001664,1470.34,card,420,7,6,0.8571,3,False,bank_decline,0.4771,0
txn_001419,cust_003097,1977.06,upi,529,0,0,0.0,1,True,gateway_error,0.4,0
txn_001420,cust_001270,294.88,upi,355,22,13,0.5909,4,False,bank_decline,0.3173,1
txn_001421,cust_000456,1188.71,wallet,1116,26,14,0.5385,4,False,expired_card,0.0715,0
txn_001422,cust_000164,284.98,wallet,113,10,7,0.7,2,False,gateway_error,0.58,0
txn_001423,cust_002556,934.8,wallet,1172,7,7,1.0,2,False,expired_card,0.37,0
txn_001424,cust_002278,6034.72,wallet,367,9,7,0.7778,1,False,expired_card,0.3833,0
txn_001425,cust_001592,1504.72,wallet,740,16,13,0.8125,1,False,insufficient_balance,0.5638,0
txn_001426,cust_000806,2021.16,upi,597,18,12,0.6667,1,False,insufficient_balance,0.52,0
txn_001427,cust_002017,1718.34,upi,1238,5,4,0.8,1,False,gateway_error,0.69,1
txn_001428,cust_002834,17132.66,upi,654,3,2,0.6667,1,False,bank_decline,0.58,0
txn_001429,cust_003088,1594.06,netbanking,1279,14,9,0.6429,4,False,bank_decline,0.3329,0
txn_001430,cust_002854,2238.68,wallet,1056,18,16,0.8889,3,False,bank_decline,0.4867,1
txn_001431,cust_000633,2261.5,netbanking,1424,6,5,0.8333,4,False,bank_decline,0.39,0
txn_001432,cust_000266,2560.21,card,105,16,13,0.8125,1,False,insufficient_balance,0.5638,0
txn_001433,cust_000436,635.06,card,124,6,5,0.8333,1,False,bank_decline,0.63,0
txn_001434,cust_000817,691.24,netbanking,439,23,18,0.7826,1,False,network_error,0.7148,1
txn_001435,cust_002237,2593.95,netbanking,1265,16,13,0.8125,4,False,authentication_failed,0.2037,0
txn_001436,cust_003138,1055.73,netbanking,1367,17,14,0.8235,1,False,gateway_error,0.6971,1
txn_001437,cust_003241,1535.15,card,144,3,3,1.0,3,False,bank_decline,0.52,0
txn_001438,cust_000172,1606.74,upi,699,15,14,0.9333,3,False,authentication_failed,0.32,0
txn_001439,cust_001400,1526.81,wallet,568,0,0,0.0,3,True,authentication_failed,0.02,0
txn_001440,cust_000180,1597.53,upi,3,17,14,0.8235,1,False,bank_decline,0.6271,0
txn_001441,cust_003258,2350.16,netbanking,945,0,0,0.0,3,True,insufficient_balance,0.11,0
txn_001442,cust_001157,951.03,netbanking,96,23,17,0.7391,3,False,expired_card,0.2117,0
txn_001443,cust_000515,2371.56,wallet,1474,1,1,1.0,3,False,bank_decline,0.52,1
txn_001444,cust_000876,1170.03,upi,848,15,10,0.6667,1,False,authentication_failed,0.4,0
txn_001445,cust_001801,1598.28,card,1156,6,6,1.0,4,False,authentication_failed,0.26,0
txn_001446,cust_001119,2662.87,netbanking,834,29,24,0.8276,1,False,bank_decline,0.6283,1
txn_001447,cust_001121,812.95,wallet,737,14,11,0.7857,4,False,network_error,0.4757,0
txn_001448,cust_002099,7231.77,wallet,1466,0,0,0.0,2,True,gateway_error,0.32,0
txn_001449,cust_003186,2455.15,card,1112,6,4,0.6667,3,False,gateway_error,0.49,0
txn_001450,cust_001547,1726.68,netbanking,954,19,14,0.7368,3,False,authentication_failed,0.2611,0
txn_001451,cust_000174,387.27,netbanking,190,11,8,0.7273,3,False,insufficient_balance,0.3782,1
txn_001452,cust_001759,470.33,card,1206,12,8,0.6667,3,False,gateway_error,0.49,1
txn_001453,cust_000809,872.33,upi,853,12,9,0.75,1,False,expired_card,0.375,1
txn_001454,cust_000688,2188.2,upi,549,25,19,0.76,3,False,authentication_failed,0.268,0
txn_001455,cust_000592,1236.28,card,833,27,19,0.7037,2,False,network_error,0.6111,1
txn_001456,cust_002370,591.97,netbanking,786,21,17,0.8095,2,False,insufficient_balance,0.4829,0
txn_001457,cust_001549,1207.82,upi,371,11,6,0.5455,2,False,insufficient_balance,0.4036,0
txn_001458,cust_000597,961.03,netbanking,100,4,4,1.0,1,False,authentication_failed,0.5,0
txn_001459,cust_003318,1076.49,upi,38,3,3,1.0,2,False,gateway_error,0.67,1
txn_001460,cust_002235,697.67,card,1391,16,13,0.8125,3,False,bank_decline,0.4637,1
txn_001461,cust_003287,2092.61,wallet,547,8,6,0.75,4,False,expired_card,0.135,0
txn_001462,cust_002128,7199.25,netbanking,824,10,3,0.3,1,False,expired_card,0.24,0
txn_001463,cust_000506,1033.82,card,766,4,2,0.5,4,False,insufficient_balance,0.23,0
txn_001464,cust_000257,506.88,wallet,1000,2,2,1.0,4,False,bank_decline,0.44,0
txn_001465,cust_002871,264.51,upi,1036,21,15,0.7143,3,False,bank_decline,0.4343,0
txn_001466,cust_000245,633.41,netbanking,1037,5,3,0.6,1,False,authentication_failed,0.38,0
txn_001467,cust_001054,1093.78,card,1211,13,7,0.5385,1,False,gateway_error,0.6115,1
txn_001468,cust_000106,1040.22,upi,1277,27,20,0.7407,4,False,network_error,0.4622,1
txn_001469,cust_000003,386.08,card,763,1,0,0.0,1,False,insufficient_balance,0.32,0
txn_001470,cust_001183,717.01,netbanking,452,14,8,0.5714,4,False,gateway_error,0.3814,1
txn_001471,cust_000090,353.43,card,133,4,1,0.25,4,False,network_error,0.315,0
txn_001472,cust_001751,1243.15,netbanking,439,20,14,0.7,2,False,bank_decline,0.51,0
txn_001473,cust_002353,233.05,card,944,0,0,0.0,1,True,bank_decline,0.33,1
txn_001474,cust_002250,1250.61,upi,256,15,11,0.7333,3,False,bank_decline,0.44,1
txn_001475,cust_000035,1102.87,wallet,980,29,23,0.7931,3,False,expired_card,0.2279,1
txn_001476,cust_002394,482.29,netbanking,34,19,15,0.7895,2,False,bank_decline,0.5368,0
txn_001477,cust_003200,825.2,card,1023,13,12,0.9231,1,False,authentication_failed,0.4769,1
txn_001478,cust_001087,3194.42,card,1484,24,16,0.6667,1,False,network_error,0.68,0
txn_001479,cust_000700,1267.37,wallet,1086,13,8,0.6154,1,False,authentication_failed,0.3846,0
txn_001480,cust_001803,420.66,upi,1216,10,7,0.7,3,False,network_error,0.53,1
txn_001481,cust_001952,1948.69,wallet,588,24,15,0.625,1,False,network_error,0.6675,1
txn_001482,cust_002111,320.14,wallet,971,28,20,0.7143,4,False,bank_decline,0.3543,1
txn_001483,cust_002468,614.56,card,16,20,15,0.75,1,False,expired_card,0.375,1
txn_001484,cust_002336,378.66,netbanking,1332,22,15,0.6818,1,False,bank_decline,0.5845,1
txn_001485,cust_001103,478.11,upi,992,29,17,0.5862,4,False,bank_decline,0.3159,0
txn_001486,cust_002035,927.64,netbanking,1499,17,11,0.6471,3,False,insufficient_balance,0.3541,0
txn_001487,cust_000098,845.0,wallet,1342,29,19,0.6552,1,False,network_error,0.6766,1
txn_001488,cust_002670,433.55,netbanking,84,13,8,0.6154,4,False,bank_decline,0.3246,0
txn_001489,cust_002120,426.54,upi,1229,2,2,1.0,2,False,gateway_error,0.67,1
txn_001490,cust_000254,1302.32,upi,886,7,4,0.5714,3,False,expired_card,0.1614,0
txn_001491,cust_000245,1676.48,wallet,1306,16,9,0.5625,2,False,gateway_error,0.5388,1
txn_001492,cust_001347,5796.06,upi,243,17,12,0.7059,2,False,insufficient_balance,0.4518,0
txn_001493,cust_002419,829.59,wallet,1436,27,23,0.8519,2,False,bank_decline,0.5556,0
txn_001494,cust_000619,4772.52,wallet,12,4,3,0.75,1,False,expired_card,0.375,1
txn_001495,cust_001165,477.88,upi,574,25,19,0.76,2,False,bank_decline,0.528,1
txn_001496,cust_001024,8597.43,card,326,29,23,0.7931,3,False,bank_decline,0.4579,0
txn_001497,cust_001452,784.26,netbanking,1184,12,8,0.6667,3,False,insufficient_balance,0.36,0
txn_001498,cust_000288,1084.18,wallet,977,14,12,0.8571,3,False,gateway_error,0.5471,1
txn_001499,cust_003030,4821.63,wallet,1482,0,0,0.0,2,True,insufficient_balance,0.19,0
txn_001500,cust_003133,4724.85,wallet,413,7,5,0.7143,3,False,insufficient_balance,0.3743,0
txn_001501,cust_001457,2657.74,upi,265,0,0,0.0,1,True,authentication_failed,0.15,1
txn_001502,cust_001280,114.02,card,414,19,14,0.7368,2,False,network_error,0.6211,0
txn_001503,cust_000800,815.94,card,1189,7,4,0.5714,3,False,gateway_error,0.4614,1
txn_001504,cust_002014,1285.28,wallet,576,9,9,1.0,4,False,network_error,0.54,0
txn_001505,cust_003103,919.6,wallet,115,22,14,0.6364,1,False,bank_decline,0.5709,0
txn_001506,cust_002173,594.57,upi,89,15,12,0.8,4,False,authentication_failed,0.2,1
txn_001507,cust_001370,2492.21,netbanking,1116,2,2,1.0,3,False,expired_card,0.29,1
txn_001508,cust_000604,755.56,card,1228,20,13,0.65,2,False,network_error,0.595,0
txn_001509,cust_002254,134.65,card,775,1,1,1.0,3,False,insufficient_balance,0.46,1
txn_001510,cust_000150,205.85,wallet,1250,3,3,1.0,4,False,bank_decline,0.44,0
txn_001511,cust_000590,903.28,card,430,28,22,0.7857,1,False,bank_decline,0.6157,1
txn_001512,cust_002301,3190.92,netbanking,389,6,3,0.5,3,False,bank_decline,0.37,0
txn_001513,cust_001140,1189.22,wallet,467,13,9,0.6923,2,False,bank_decline,0.5077,0
txn_001514,cust_001332,1602.86,card,1171,0,0,0.0,3,True,gateway_error,0.24,0
txn_001515,cust_001400,769.38,netbanking,801,20,16,0.8,2,False,bank_decline,0.54,0
txn_001516,cust_000749,3772.46,upi,1032,15,10,0.6667,1,False,authentication_failed,0.4,0
txn_001517,cust_001550,3850.59,upi,14,17,13,0.7647,1,False,gateway_error,0.6794,0
txn_001518,cust_000701,5199.81,netbanking,1363,5,3,0.6,3,False,network_error,0.5,0
txn_001519,cust_002025,1298.82,upi,568,0,0,0.0,1,True,insufficient_balance,0.27,0
txn_001520,cust_002197,1276.65,upi,709,3,3,1.0,4,False,authentication_failed,0.26,0
txn_001521,cust_003126,1099.15,card,230,17,15,0.8824,3,False,gateway_error,0.5547,1
txn_001522,cust_003083,1106.67,upi,465,23,19,0.8261,1,False,bank_decline,0.6278,0
txn_001523,cust_001747,2047.47,upi,375,21,17,0.8095,1,False,gateway_error,0.6929,0
txn_001524,cust_002155,3997.91,card,1413,7,7,1.0,4,False,insufficient_balance,0.38,1
txn_001525,cust_002511,6644.38,card,1122,16,15,0.9375,4,False,gateway_error,0.4913,0
txn_001526,cust_002751,1218.52,netbanking,1004,26,19,0.7308,4,False,authentication_failed,0.1792,0
txn_001527,cust_002071,2350.92,upi,1381,2,2,1.0,1,False,authentication_failed,0.5,0
txn_001528,cust_001063,3019.86,netbanking,35,16,11,0.6875,3,False,gateway_error,0.4962,1
txn_001529,cust_000975,959.16,wallet,1335,6,5,0.8333,2,False,insufficient_balance,0.49,0
txn_001530,cust_001781,213.81,upi,1180,26,21,0.8077,3,False,authentication_failed,0.2823,1
txn_001531,cust_002501,7542.19,card,1457,21,19,0.9048,3,False,expired_card,0.2614,0
txn_001532,cust_002926,717.19,card,606,14,12,0.8571,1,False,insufficient_balance,0.5771,1
txn_001533,cust_001019,1457.92,netbanking,1151,11,6,0.5455,3,False,bank_decline,0.3836,0
txn_001534,cust_000804,921.39,netbanking,299,1,0,0.0,3,False,authentication_failed,0.04,0
txn_001535,cust_000643,1143.23,netbanking,1491,10,8,0.8,4,False,authentication_failed,0.2,0
txn_001536,cust_001533,966.03,netbanking,101,13,10,0.7692,1,False,network_error,0.7108,1
txn_001537,cust_000639,413.52,netbanking,24,16,13,0.8125,1,False,authentication_failed,0.4438,1
txn_001538,cust_001123,2380.89,netbanking,1004,2,0,0.0,3,False,authentication_failed,0.04,0
txn_001539,cust_001190,2256.03,upi,1260,1,1,1.0,1,False,insufficient_balance,0.62,1
txn_001540,cust_002774,1955.87,wallet,1482,18,10,0.5556,3,False,expired_card,0.1567,0
txn_001541,cust_003204,5528.97,upi,438,14,11,0.7857,2,False,bank_decline,0.5357,1
txn_001542,cust_001603,413.32,upi,1094,4,3,0.75,2,False,expired_card,0.295,0
txn_001543,cust_000933,2824.76,upi,55,21,18,0.8571,2,False,insufficient_balance,0.4971,0
txn_001544,cust_000147,295.02,card,681,21,16,0.7619,1,False,bank_decline,0.6086,0
txn_001545,cust_003127,4956.99,wallet,953,16,13,0.8125,4,False,expired_card,0.1537,0
txn_001546,cust_000431,1975.92,upi,96,29,24,0.8276,1,False,gateway_error,0.6983,1
txn_001547,cust_002190,1114.34,card,976,16,11,0.6875,3,False,expired_card,0.1962,1
txn_001548,cust_001743,2238.5,wallet,523,26,19,0.7308,3,False,network_error,0.5392,1
txn_001549,cust_003216,293.97,upi,988,3,2,0.6667,2,False,authentication_failed,0.32,0
txn_001550,cust_000078,1775.97,wallet,736,0,0,0.0,3,True,authentication_failed,0.02,0
txn_001551,cust_002655,381.05,upi,260,19,15,0.7895,1,False,expired_card,0.3868,0
txn_001552,cust_001908,351.08,wallet,1427,24,21,0.875,2,False,gateway_error,0.6325,1
txn_001553,cust_001252,777.24,card,331,8,6,0.75,1,False,gateway_error,0.675,1
txn_001554,cust_000584,896.29,wallet,1035,22,16,0.7273,3,False,authentication_failed,0.2582,0
txn_001555,cust_001822,943.57,wallet,338,19,11,0.5789,1,False,authentication_failed,0.3737,0
txn_001556,cust_002224,1632.82,netbanking,1083,4,3,0.75,3,False,bank_decline,0.445,1
txn_001557,cust_001309,1237.6,card,1303,9,9,1.0,3,False,gateway_error,0.59,1
txn_001558,cust_002689,3046.24,card,1144,23,14,0.6087,4,False,authentication_failed,0.1426,0
txn_001559,cust_002714,742.21,card,1420,14,11,0.7857,4,False,insufficient_balance,0.3157,1
txn_001560,cust_001454,5688.73,upi,656,0,0,0.0,1,True,gateway_error,0.4,0
txn_001561,cust_000166,314.07,upi,469,0,0,0.0,1,True,bank_decline,0.33,1
txn_001562,cust_003167,1375.42,card,347,9,9,1.0,1,False,bank_decline,0.68,1
txn_001563,cust_001045,1060.99,wallet,160,14,9,0.6429,2,False,network_error,0.5929,1
txn_001564,cust_002752,1014.74,netbanking,1432,1,1,1.0,2,False,insufficient_balance,0.54,1
txn_001565,cust_000051,804.33,card,1381,22,20,0.9091,1,False,insufficient_balance,0.5927,0
txn_001566,cust_001172,1352.77,upi,438,1,1,1.0,2,False,insufficient_balance,0.54,1
txn_001567,cust_001698,1729.34,upi,477,27,23,0.8519,3,False,network_error,0.5756,1
txn_001568,cust_002755,320.45,netbanking,1183,28,18,0.6429,2,False,gateway_error,0.5629,1
txn_001569,cust_001357,1057.25,wallet,477,24,20,0.8333,4,False,bank_decline,0.39,0
txn_001570,cust_002910,484.06,card,712,8,6,0.75,3,False,authentication_failed,0.265,1
txn_001571,cust_001791,764.3,upi,67,22,16,0.7273,1,False,insufficient_balance,0.5382,1
txn_001572,cust_001572,1824.61,card,1019,3,3,1.0,1,False,bank_decline,0.68,0
txn_001573,cust_000775,1849.98,upi,1024,29,20,0.6897,3,False,authentication_failed,0.2469,0
txn_001574,cust_001705,2514.19,upi,958,21,15,0.7143,1,False,bank_decline,0.5943,1
txn_001575,cust_000927,598.02,wallet,14,14,14,1.0,2,False,network_error,0.7,0
txn_001576,cust_000199,504.86,netbanking,777,0,0,0.0,2,True,authentication_failed,0.07,0
txn_001577,cust_002026,1397.29,netbanking,994,24,17,0.7083,3,False,expired_card,0.2025,0
txn_001578,cust_002542,664.03,card,156,10,7,0.7,4,False,insufficient_balance,0.29,1
txn_001579,cust_003322,1262.72,netbanking,374,18,15,0.8333,4,False,insufficient_balance,0.33,0
txn_001580,cust_001046,1155.72,upi,371,7,6,0.8571,1,False,expired_card,0.4071,1
txn_001581,cust_002992,939.55,wallet,57,18,12,0.6667,4,False,gateway_error,0.41,0
txn_001582,cust_001370,431.49,upi,263,9,5,0.5556,1,False,insufficient_balance,0.4867,0
txn_001583,cust_000347,2977.54,card,1449,3,3,1.0,1,False,insufficient_balance,0.62,1
txn_001584,cust_002322,1771.56,upi,776,23,19,0.8261,3,False,gateway_error,0.5378,0
txn_001585,cust_002771,624.58,upi,282,9,6,0.6667,1,False,network_error,0.68,1
txn_001586,cust_003185,824.6,wallet,349,25,19,0.76,3,False,bank_decline,0.448,1
txn_001587,cust_001821,1010.39,card,1337,8,7,0.875,2,False,insufficient_balance,0.5025,0
txn_001588,cust_002465,404.22,wallet,1225,1,1,1.0,2,False,insufficient_balance,0.54,0
txn_001589,cust_001464,187.05,wallet,368,6,4,0.6667,3,False,network_error,0.52,0
txn_001590,cust_000441,1239.59,netbanking,640,3,2,0.6667,1,False,bank_decline,0.58,1
txn_001591,cust_001332,446.81,netbanking,1498,7,4,0.5714,3,False,insufficient_balance,0.3314,0
txn_001592,cust_000747,920.17,wallet,1350,24,18,0.75,4,False,authentication_failed,0.185,0
txn_001593,cust_000193,1036.84,netbanking,354,11,9,0.8182,1,False,gateway_error,0.6955,1
txn_001594,cust_000630,2041.9,wallet,907,0,0,0.0,2,True,gateway_error,0.32,0
txn_001595,cust_003295,698.13,card,465,8,5,0.625,3,False,gateway_error,0.4775,1
txn_001596,cust_001882,1248.05,wallet,1455,25,19,0.76,1,False,insufficient_balance,0.548,0
txn_001597,cust_002522,972.38,upi,738,7,5,0.7143,3,False,network_error,0.5343,0
txn_001598,cust_002745,1529.63,upi,189,20,14,0.7,2,False,network_error,0.61,1
txn_001599,cust_000194,2079.86,netbanking,116,22,15,0.6818,1,False,network_error,0.6845,1
txn_001600,cust_000372,1675.46,wallet,1205,0,0,0.0,3,True,bank_decline,0.17,0
txn_001601,cust_001651,1555.12,netbanking,848,11,8,0.7273,2,False,bank_decline,0.5182,0
txn_001602,cust_001028,1281.77,netbanking,1356,24,17,0.7083,1,False,authentication_failed,0.4125,0
txn_001603,cust_002250,1268.7,wallet,290,15,9,0.6,3,False,network_error,0.5,0
txn_001604,cust_003001,2508.28,netbanking,294,1,1,1.0,3,False,expired_card,0.29,0
txn_001605,cust_001647,617.47,netbanking,759,29,24,0.8276,3,False,bank_decline,0.4683,0
txn_001606,cust_000077,752.05,netbanking,719,8,6,0.75,4,False,bank_decline,0.365,0
txn_001607,cust_003233,766.91,netbanking,1448,29,25,0.8621,2,False,bank_decline,0.5586,0
txn_001608,cust_002056,342.6,card,76,12,10,0.8333,4,False,network_error,0.49,1
txn_001609,cust_000621,742.5,upi,639,27,26,0.963,3,False,authentication_failed,0.3289,1
txn_001610,cust_003043,788.25,upi,791,29,24,0.8276,1,False,gateway_error,0.6983,1
txn_001611,cust_002315,685.14,netbanking,572,0,0,0.0,4,True,authentication_failed,0.02,0
txn_001612,cust_000917,159.03,card,1377,2,2,1.0,4,False,network_error,0.54,0
txn_001613,cust_003047,962.3,upi,297,3,2,0.6667,2,False,network_error,0.6,1
txn_001614,cust_000054,1114.55,upi,1397,29,21,0.7241,1,False,authentication_failed,0.4172,1
txn_001615,cust_001228,515.88,card,576,28,21,0.75,1,False,insufficient_balance,0.545,1
txn_001616,cust_000223,1353.33,netbanking,1003,25,19,0.76,4,False,network_error,0.468,1
txn_001617,cust_002704,571.58,wallet,1344,5,5,1.0,4,False,expired_card,0.21,0
txn_001618,cust_003312,997.27,upi,201,3,3,1.0,2,False,authentication_failed,0.42,1
txn_001619,cust_000776,366.06,upi,1425,19,12,0.6316,2,False,gateway_error,0.5595,1
txn_001620,cust_000175,1487.16,netbanking,899,23,18,0.7826,3,False,bank_decline,0.4548,0
txn_001621,cust_000129,1725.84,netbanking,1134,10,9,0.9,3,False,bank_decline,0.49,0
txn_001622,cust_003064,674.11,netbanking,330,4,3,0.75,2,False,bank_decline,0.525,1
txn_001623,cust_002436,876.15,upi,892,13,8,0.6154,4,False,expired_card,0.0946,1
txn_001624,cust_002175,834.16,upi,490,13,7,0.5385,4,False,bank_decline,0.3015,0
txn_001625,cust_000566,3062.17,wallet,98,24,17,0.7083,2,False,bank_decline,0.5125,1
txn_001626,cust_003085,889.6,netbanking,106,15,8,0.5333,3,False,network_error,0.48,1
txn_001627,cust_001830,904.31,netbanking,365,24,18,0.75,4,False,insufficient_balance,0.305,0
txn_001628,cust_000105,718.75,netbanking,295,6,3,0.5,1,False,expired_card,0.3,0
txn_001629,cust_000758,891.04,netbanking,110,27,18,0.6667,4,False,insufficient_balance,0.28,0
txn_001630,cust_000582,1512.32,wallet,1016,18,14,0.7778,4,False,gateway_error,0.4433,1
txn_001631,cust_001851,424.8,upi,853,15,12,0.8,3,False,insufficient_balance,0.4,0
txn_001632,cust_000290,893.99,netbanking,591,12,10,0.8333,3,False,expired_card,0.24,0
txn_001633,cust_002134,1026.58,wallet,704,5,3,0.6,2,False,authentication_failed,0.3,0
txn_001634,cust_002055,626.42,card,910,1,0,0.0,2,False,insufficient_balance,0.24,0
txn_001635,cust_001421,253.94,wallet,342,9,9,1.0,2,False,gateway_error,0.67,0
txn_001636,cust_003114,2495.35,wallet,1000,3,3,1.0,4,False,gateway_error,0.51,0
txn_001637,cust_000751,413.3,wallet,292,5,5,1.0,4,False,authentication_failed,0.26,0
txn_001638,cust_001621,601.46,upi,710,28,19,0.6786,4,False,network_error,0.4436,0
txn_001639,cust_002059,502.15,wallet,745,5,5,1.0,3,False,bank_decline,0.52,0
txn_001640,cust_002115,764.34,netbanking,1442,8,3,0.375,1,False,authentication_failed,0.3125,1
txn_001641,cust_002921,2272.34,card,1339,25,20,0.8,3,False,authentication_failed,0.28,0
txn_001642,cust_001660,1484.45,wallet,833,19,15,0.7895,4,False,expired_card,0.1468,0
txn_001643,cust_002884,345.64,netbanking,1087,9,6,0.6667,2,False,bank_decline,0.5,1
txn_001644,cust_001594,714.42,upi,203,22,17,0.7727,1,False,bank_decline,0.6118,0
txn_001645,cust_000384,277.48,card,1167,12,9,0.75,1,False,insufficient_balance,0.545,1
txn_001646,cust_000977,2496.13,card,1195,5,3,0.6,4,False,expired_card,0.09,0
txn_001647,cust_002246,2847.33,card,728,0,0,0.0,4,True,bank_decline,0.09,0
txn_001648,cust_002327,641.04,upi,779,24,16,0.6667,4,False,network_error,0.44,0
txn_001649,cust_002356,4325.17,netbanking,721,8,5,0.625,4,False,network_error,0.4275,1
txn_001650,cust_002016,930.8,card,931,3,2,0.6667,1,False,gateway_error,0.65,0
txn_001651,cust_001936,1361.34,wallet,612,8,6,0.75,1,False,bank_decline,0.605,1
txn_001652,cust_002768,3194.1,wallet,888,19,13,0.6842,1,False,network_error,0.6853,1
txn_001653,cust_001289,1405.41,upi,922,20,15,0.75,2,False,expired_card,0.295,1
txn_001654,cust_000565,2761.45,netbanking,628,8,8,1.0,4,False,gateway_error,0.51,0
txn_001655,cust_001035,711.28,card,918,9,5,0.5556,4,False,network_error,0.4067,1
txn_001656,cust_001205,4371.11,netbanking,804,7,5,0.7143,2,False,insufficient_balance,0.4543,0
txn_001657,cust_003289,1136.84,netbanking,1411,27,24,0.8889,4,False,expired_card,0.1767,0
txn_001658,cust_000532,5938.57,netbanking,478,25,19,0.76,2,False,insufficient_balance,0.468,1
txn_001659,cust_002226,1870.39,netbanking,269,25,19,0.76,3,False,gateway_error,0.518,1
txn_001660,cust_000716,1628.73,wallet,910,5,3,0.6,2,False,gateway_error,0.55,0
txn_001661,cust_001488,1391.91,netbanking,374,15,10,0.6667,2,False,expired_card,0.27,1
txn_001662,cust_001118,1582.28,upi,1303,17,15,0.8824,1,False,gateway_error,0.7147,1
txn_001663,cust_003103,2688.42,card,727,25,18,0.72,2,False,insufficient_balance,0.456,1
txn_001664,cust_000101,3440.99,wallet,1072,22,19,0.8636,1,False,bank_decline,0.6391,0
txn_001665,cust_000645,389.03,wallet,785,27,23,0.8519,4,False,network_error,0.4956,1
txn_001666,cust_000832,476.78,upi,594,26,22,0.8462,4,False,authentication_failed,0.2138,1
txn_001667,cust_002107,1367.12,netbanking,877,0,0,0.0,2,True,insufficient_balance,0.19,0
txn_001668,cust_002342,1273.14,wallet,652,17,14,0.8235,1,False,bank_decline,0.6271,1
txn_001669,cust_000588,169.9,card,1090,3,3,1.0,2,False,gateway_error,0.67,1
txn_001670,cust_002302,615.73,card,1119,8,6,0.75,3,False,network_error,0.545,0
txn_001671,cust_000283,1665.91,card,1140,13,11,0.8462,1,False,authentication_failed,0.4538,1
txn_001672,cust_002416,3143.46,card,161,21,18,0.8571,4,False,expired_card,0.1671,0
txn_001673,cust_001296,266.46,wallet,1208,0,0,0.0,1,True,gateway_error,0.4,0
txn_001674,cust_001402,1393.93,card,665,15,12,0.8,1,False,authentication_failed,0.44,0
txn_001675,cust_001779,1309.36,card,410,7,5,0.7143,3,False,authentication_failed,0.2543,0
txn_001676,cust_001820,1004.24,upi,1252,9,8,0.8889,2,False,insufficient_balance,0.5067,1
txn_001677,cust_001676,1887.86,card,1042,23,18,0.7826,4,False,bank_decline,0.3748,0
txn_001678,cust_001654,2614.92,upi,354,16,13,0.8125,4,False,insufficient_balance,0.3238,0
txn_001679,cust_000244,422.68,card,1285,26,17,0.6538,4,False,gateway_error,0.4062,1
txn_001680,cust_000973,13372.27,netbanking,214,11,10,0.9091,3,False,bank_decline,0.4927,0
txn_001681,cust_003159,3381.08,card,1025,23,18,0.7826,4,False,expired_card,0.1448,1
txn_001682,cust_001590,1415.27,card,807,9,7,0.7778,2,False,bank_decline,0.5333,1
txn_001683,cust_001109,812.57,netbanking,36,23,14,0.6087,4,False,authentication_failed,0.1426,0
txn_001684,cust_001423,1396.56,netbanking,1381,27,16,0.5926,4,False,authentication_failed,0.1378,0
txn_001685,cust_002063,1116.94,card,790,25,18,0.72,3,False,insufficient_balance,0.376,1
txn_001686,cust_001200,394.81,card,935,27,17,0.6296,4,False,insufficient_balance,0.2689,0
txn_001687,cust_003121,2369.69,card,758,26,22,0.8462,2,False,expired_card,0.3238,0
txn_001688,cust_001582,1950.13,upi,155,19,11,0.5789,4,False,network_error,0.4137,0
txn_001689,cust_003293,675.88,netbanking,1441,18,14,0.7778,4,False,bank_decline,0.3733,0
txn_001690,cust_003235,1677.18,wallet,781,22,14,0.6364,4,False,gateway_error,0.4009,0
txn_001691,cust_002656,485.74,upi,1481,10,9,0.9,1,False,gateway_error,0.72,1
txn_001692,cust_002010,1039.63,netbanking,774,15,8,0.5333,4,False,insufficient_balance,0.24,0
txn_001693,cust_003140,1245.45,wallet,1369,29,21,0.7241,2,False,insufficient_balance,0.4572,1
txn_001694,cust_000907,1529.79,card,1361,17,14,0.8235,4,False,bank_decline,0.3871,1
txn_001695,cust_001824,446.31,wallet,333,9,2,0.2222,1,False,insufficient_balance,0.3867,0
txn_001696,cust_002824,4616.65,netbanking,898,16,14,0.875,2,False,gateway_error,0.6325,1
txn_001697,cust_000739,915.62,card,815,4,2,0.5,4,False,bank_decline,0.29,0
txn_001698,cust_002159,374.05,wallet,504,3,2,0.6667,3,False,insufficient_balance,0.36,0
txn_001699,cust_002271,403.81,netbanking,1279,23,18,0.7826,3,False,gateway_error,0.5248,0
txn_001700,cust_001436,1707.48,netbanking,327,4,3,0.75,3,False,gateway_error,0.515,0
txn_001701,cust_000412,1450.35,netbanking,364,19,18,0.9474,3,False,gateway_error,0.5742,1
txn_001702,cust_001769,1067.16,wallet,643,7,2,0.2857,4,False,gateway_error,0.2957,0
txn_001703,cust_000123,930.0,upi,684,4,2,0.5,3,False,gateway_error,0.44,1
txn_001704,cust_002955,796.14,netbanking,1365,18,12,0.6667,4,False,network_error,0.44,1
txn_001705,cust_003059,1161.74,netbanking,200,1,0,0.0,2,False,insufficient_balance,0.24,0
txn_001706,cust_000272,2702.47,netbanking,122,7,3,0.4286,2,False,insufficient_balance,0.3686,0
txn_001707,cust_000960,398.79,netbanking,422,10,8,0.8,1,False,gateway_error,0.69,1
txn_001708,cust_002906,977.2,upi,1134,28,24,0.8571,1,False,insufficient_balance,0.5771,0
txn_001709,cust_003298,2554.58,wallet,125,25,20,0.8,3,False,expired_card,0.23,0
txn_001710,cust_003329,685.0,netbanking,956,21,17,0.8095,4,False,expired_card,0.1529,0
txn_001711,cust_001596,459.07,upi,884,20,16,0.8,3,False,authentication_failed,0.28,0
txn_001712,cust_000523,2063.19,card,445,1,1,1.0,3,False,network_error,0.62,0
txn_001713,cust_000802,568.02,wallet,1001,26,17,0.6538,3,False,bank_decline,0.4162,0
txn_001714,cust_001734,2522.81,upi,93,10,8,0.8,3,False,bank_decline,0.46,1
txn_001715,cust_002123,1205.71,card,747,12,10,0.8333,1,False,network_error,0.73,1
txn_001716,cust_003182,634.85,wallet,481,20,18,0.9,1,False,insufficient_balance,0.59,1
txn_001717,cust_000785,1872.23,card,127,29,23,0.7931,4,False,insufficient_balance,0.3179,1
txn_001718,cust_003021,822.56,wallet,344,27,18,0.6667,3,False,network_error,0.52,1
txn_001719,cust_001714,3808.09,card,439,10,10,1.0,3,False,bank_decline,0.52,0
txn_001720,cust_000465,637.72,card,349,3,2,0.6667,3,False,bank_decline,0.42,1
txn_001721,cust_001766,1104.45,wallet,301,0,0,0.0,1,True,gateway_error,0.4,0
txn_001722,cust_000834,931.71,card,1145,5,3,0.6,2,False,gateway_error,0.55,0
txn_001723,cust_001123,2634.19,wallet,14,1,1,1.0,4,False,expired_card,0.21,1
txn_001724,cust_001694,1727.29,netbanking,1337,28,21,0.75,2,False,insufficient_balance,0.465,0
txn_001725,cust_001741,2373.64,wallet,900,5,5,1.0,1,False,authentication_failed,0.5,0
txn_001726,cust_000736,1440.14,card,334,28,21,0.75,3,False,insufficient_balance,0.385,0
txn_001727,cust_000848,1973.32,wallet,991,9,6,0.6667,3,False,authentication_failed,0.24,1
txn_001728,cust_000401,1625.22,card,367,2,1,0.5,1,False,authentication_failed,0.35,1
txn_001729,cust_003241,353.59,upi,244,0,0,0.0,3,True,authentication_failed,0.02,0
txn_001730,cust_000266,2157.41,card,1231,23,18,0.7826,2,False,bank_decline,0.5348,1
txn_001731,cust_002784,1137.1,wallet,565,13,9,0.6923,3,False,insufficient_balance,0.3677,0
txn_001732,cust_000978,4028.17,card,218,2,2,1.0,1,False,authentication_failed,0.5,0
txn_001733,cust_000616,5188.05,card,93,9,9,1.0,4,False,gateway_error,0.51,0
txn_001734,cust_000458,2867.56,netbanking,59,22,15,0.6818,3,False,expired_card,0.1945,1
txn_001735,cust_001738,1085.09,upi,967,27,21,0.7778,4,False,bank_decline,0.3733,0
txn_001736,cust_000801,1373.64,upi,862,13,9,0.6923,2,False,bank_decline,0.5077,1
txn_001737,cust_002363,1687.86,wallet,344,26,20,0.7692,2,False,insufficient_balance,0.4708,0
txn_001738,cust_000456,661.37,wallet,88,8,8,1.0,2,False,network_error,0.7,1
txn_001739,cust_001158,761.49,upi,279,9,7,0.7778,2,False,gateway_error,0.6033,1
txn_001740,cust_001359,3803.42,card,1173,4,4,1.0,1,False,insufficient_balance,0.62,1
txn_001741,cust_002634,2671.96,upi,753,20,13,0.65,1,False,insufficient_balance,0.515,0
txn_001742,cust_001205,714.45,wallet,195,6,3,0.5,2,False,bank_decline,0.45,0
txn_001743,cust_000788,8883.29,netbanking,1275,29,19,0.6552,3,False,expired_card,0.1866,0
txn_001744,cust_002585,470.07,netbanking,831,28,19,0.6786,1,False,network_error,0.6836,1
txn_001745,cust_001480,1092.65,netbanking,17,5,4,0.8,1,False,authentication_failed,0.44,0
txn_001746,cust_000047,2695.39,card,1400,6,5,0.8333,1,False,authentication_failed,0.45,1
txn_001747,cust_000327,1546.74,upi,503,26,17,0.6538,3,False,bank_decline,0.4162,1
txn_001748,cust_002026,725.12,netbanking,601,24,14,0.5833,4,False,gateway_error,0.385,0
txn_001749,cust_003314,855.23,card,160,17,14,0.8235,1,False,network_error,0.7271,1
txn_001750,cust_000653,2615.88,card,411,5,4,0.8,2,False,authentication_failed,0.36,0
txn_001751,cust_002672,3447.11,card,86,17,9,0.5294,2,False,bank_decline,0.4588,1
txn_001752,cust_001730,1041.08,card,62,13,11,0.8462,4,False,gateway_error,0.4638,1
txn_001753,cust_002264,4776.74,wallet,1238,29,19,0.6552,2,False,insufficient_balance,0.4366,0
txn_001754,cust_002710,2116.57,wallet,285,24,17,0.7083,3,False,bank_decline,0.4325,0
txn_001755,cust_000452,1068.9,upi,1440,25,22,0.88,1,False,gateway_error,0.714,1
txn_001756,cust_001530,732.75,netbanking,490,19,16,0.8421,2,False,network_error,0.6526,1
txn_001757,cust_001387,1144.32,upi,211,20,17,0.85,3,False,insufficient_balance,0.415,1
txn_001758,cust_002266,320.78,upi,1230,12,7,0.5833,3,False,gateway_error,0.465,0
txn_001759,cust_003125,874.73,upi,1466,28,21,0.75,4,False,bank_decline,0.365,1
txn_001760,cust_001710,717.17,netbanking,605,20,16,0.8,2,False,bank_decline,0.54,1
txn_001761,cust_002097,530.09,card,1229,5,2,0.4,3,False,expired_card,0.11,0
txn_001762,cust_000352,418.83,netbanking,570,28,20,0.7143,4,False,authentication_failed,0.1743,1
txn_001763,cust_002006,527.35,upi,1039,8,7,0.875,4,False,bank_decline,0.4025,0
txn_001764,cust_001715,857.37,card,735,21,14,0.6667,2,False,network_error,0.6,1
txn_001765,cust_002445,602.61,upi,1133,26,21,0.8077,4,False,insufficient_balance,0.3223,1
txn_001766,cust_002628,1427.94,card,741,0,0,0.0,2,True,insufficient_balance,0.19,0
txn_001767,cust_001181,698.56,upi,1256,18,14,0.7778,4,False,bank_decline,0.3733,0
txn_001768,cust_000018,2871.55,card,873,1,0,0.0,3,False,network_error,0.32,0
txn_001769,cust_000643,1185.23,netbanking,435,20,14,0.7,4,False,network_error,0.45,1
txn_001770,cust_000130,1151.14,wallet,473,11,9,0.8182,4,False,bank_decline,0.3855,1
txn_001771,cust_001564,1393.97,wallet,230,29,20,0.6897,4,False,gateway_error,0.4169,0
txn_001772,cust_001731,4514.41,netbanking,1396,20,16,0.8,4,False,gateway_error,0.45,0
txn_001773,cust_001335,227.4,card,1105,26,23,0.8846,1,False,bank_decline,0.6454,1
txn_001774,cust_003294,559.62,netbanking,1470,0,0,0.0,2,True,network_error,0.35,0
txn_001775,cust_001006,860.79,netbanking,780,29,21,0.7241,2,False,gateway_error,0.5872,1
txn_001776,cust_000905,1152.89,upi,1343,25,20,0.8,4,False,gateway_error,0.45,0
txn_001777,cust_001855,408.94,wallet,399,20,11,0.55,2,False,network_error,0.565,1
txn_001778,cust_000053,1428.4,netbanking,967,1,0,0.0,3,False,gateway_error,0.29,0
txn_001779,cust_000699,731.44,card,1085,27,20,0.7407,4,False,network_error,0.4622,1
txn_001780,cust_001663,280.37,card,80,3,3,1.0,3,False,bank_decline,0.52,0
txn_001781,cust_002626,2247.25,wallet,1263,19,15,0.7895,1,False,gateway_error,0.6868,1
txn_001782,cust_002176,1429.12,netbanking,970,10,8,0.8,2,False,bank_decline,0.54,0
txn_001783,cust_000920,953.36,wallet,168,28,21,0.75,3,False,bank_decline,0.445,0
txn_001784,cust_001472,311.69,netbanking,447,25,19,0.76,1,False,bank_decline,0.608,1
txn_001785,cust_000667,581.67,netbanking,684,21,16,0.7619,3,False,authentication_failed,0.2686,0
txn_001786,cust_000227,405.18,wallet,292,27,18,0.6667,4,False,insufficient_balance,0.28,1
txn_001787,cust_003119,1579.64,netbanking,833,7,4,0.5714,2,False,insufficient_balance,0.4114,1
txn_001788,cust_000376,312.78,wallet,911,23,19,0.8261,4,False,bank_decline,0.3878,0
txn_001789,cust_001139,4516.71,upi,1351,23,18,0.7826,3,False,insufficient_balance,0.3948,1
txn_001790,cust_000426,1957.48,upi,1150,2,1,0.5,4,False,insufficient_balance,0.23,0
txn_001791,cust_002194,500.78,wallet,152,10,8,0.8,3,False,bank_decline,0.46,1
txn_001792,cust_002859,1187.86,card,322,6,4,0.6667,1,False,bank_decline,0.58,1
txn_001793,cust_003137,925.98,wallet,430,17,11,0.6471,1,False,insufficient_balance,0.5141,1
txn_001794,cust_003262,1932.41,netbanking,290,9,8,0.8889,4,False,insufficient_balance,0.3467,0
txn_001795,cust_000538,463.08,card,771,6,6,1.0,1,False,network_error,0.78,1
txn_001796,cust_002426,423.14,wallet,303,27,16,0.5926,2,False,bank_decline,0.4778,1
txn_001797,cust_001346,188.33,card,885,6,4,0.6667,1,False,insufficient_balance,0.52,1
txn_001798,cust_001877,2513.2,wallet,1124,15,11,0.7333,1,False,bank_decline,0.6,1
txn_001799,cust_000171,2393.57,netbanking,982,19,9,0.4737,1,False,expired_card,0.2921,0
txn_001800,cust_002341,1181.52,upi,253,21,15,0.7143,4,False,gateway_error,0.4243,0
txn_001801,cust_001687,2598.63,upi,662,4,3,0.75,3,False,expired_card,0.215,1
txn_001802,cust_001215,469.12,card,250,28,21,0.75,4,False,insufficient_balance,0.305,0
txn_001803,cust_001016,544.79,wallet,1443,3,2,0.6667,4,False,bank_decline,0.34,1
txn_001804,cust_000667,1708.01,netbanking,1011,6,4,0.6667,1,False,insufficient_balance,0.52,1
txn_001805,cust_002112,541.91,wallet,1098,26,17,0.6538,3,False,expired_card,0.1862,0
txn_001806,cust_001423,2751.12,wallet,1443,15,13,0.8667,3,False,network_error,0.58,1
txn_001807,cust_002436,2069.88,wallet,977,2,2,1.0,3,False,bank_decline,0.52,1
txn_001808,cust_001925,1929.78,wallet,1224,9,6,0.6667,1,False,gateway_error,0.65,1
txn_001809,cust_003330,580.91,netbanking,889,7,7,1.0,2,False,bank_decline,0.6,1
txn_001810,cust_001258,525.61,netbanking,176,5,3,0.6,4,False,gateway_error,0.39,1
txn_001811,cust_002752,449.07,card,1213,26,18,0.6923,2,False,network_error,0.6077,1
txn_001812,cust_000964,885.83,wallet,1251,12,7,0.5833,4,False,bank_decline,0.315,1
txn_001813,cust_001391,1209.63,card,1289,0,0,0.0,1,True,authentication_failed,0.15,0
txn_001814,cust_001000,1567.13,netbanking,556,28,22,0.7857,2,False,authentication_failed,0.3557,0
txn_001815,cust_000034,2171.76,upi,104,27,17,0.6296,1,False,bank_decline,0.5689,0
txn_001816,cust_001690,998.7,wallet,928,6,5,0.8333,1,False,insufficient_balance,0.57,0
txn_001817,cust_002554,568.91,netbanking,39,26,20,0.7692,1,False,insufficient_balance,0.5508,0
txn_001818,cust_002129,1402.89,card,1434,17,12,0.7059,2,False,bank_decline,0.5118,0
txn_001819,cust_002827,540.15,card,1159,4,3,0.75,1,False,authentication_failed,0.425,0
txn_001820,cust_001135,580.93,card,1462,22,17,0.7727,1,False,bank_decline,0.6118,1
txn_001821,cust_002363,1196.73,wallet,614,24,17,0.7083,3,False,authentication_failed,0.2525,0
txn_001822,cust_003214,1185.49,netbanking,1066,5,3,0.6,3,False,network_error,0.5,0
txn_001823,cust_003207,3150.91,card,729,28,20,0.7143,3,False,bank_decline,0.4343,1
txn_001824,cust_002183,1969.56,upi,73,9,6,0.6667,2,False,authentication_failed,0.32,1
txn_001825,cust_002932,382.43,netbanking,273,27,23,0.8519,1,False,bank_decline,0.6356,1
txn_001826,cust_001751,2170.13,netbanking,719,8,5,0.625,4,False,gateway_error,0.3975,0
txn_001827,cust_001742,1196.65,netbanking,1370,8,6,0.75,4,False,network_error,0.465,1
txn_001828,cust_000194,873.85,upi,522,15,13,0.8667,2,False,bank_decline,0.56,1
txn_001829,cust_001272,527.83,netbanking,1338,5,4,0.8,1,False,bank_decline,0.62,1
txn_001830,cust_002792,581.71,netbanking,685,28,15,0.5357,1,False,expired_card,0.3107,0
txn_001831,cust_000746,2513.81,wallet,527,22,18,0.8182,4,False,bank_decline,0.3855,1
txn_001832,cust_001703,2393.66,netbanking,605,0,0,0.0,3,True,insufficient_balance,0.11,0
txn_001833,cust_001923,641.25,card,73,21,15,0.7143,3,False,gateway_error,0.5043,0
txn_001834,cust_000359,389.59,wallet,1330,11,5,0.4545,4,False,expired_card,0.0464,1
txn_001835,cust_001202,2628.87,card,230,10,6,0.6,3,False,bank_decline,0.4,1
txn_001836,cust_000338,1170.39,upi,1341,11,6,0.5455,3,False,insufficient_balance,0.3236,0
txn_001837,cust_000001,862.14,wallet,418,13,9,0.6923,3,False,expired_card,0.1977,0
txn_001838,cust_000897,1263.43,netbanking,264,25,16,0.64,1,False,gateway_error,0.642,0
txn_001839,cust_003182,1232.89,netbanking,1001,25,19,0.76,4,False,expired_card,0.138,0
txn_001840,cust_001308,1120.51,netbanking,1327,5,4,0.8,4,False,expired_card,0.15,0
txn_001841,cust_001282,789.07,upi,1182,8,7,0.875,3,False,authentication_failed,0.3025,0
txn_001842,cust_002411,1035.09,netbanking,1302,29,23,0.7931,4,False,network_error,0.4779,1
txn_001843,cust_001946,5722.47,upi,369,9,6,0.6667,1,False,bank_decline,0.58,1
txn_001844,cust_000277,909.02,netbanking,1133,25,19,0.76,2,False,gateway_error,0.598,0
txn_001845,cust_001329,983.07,netbanking,1134,2,1,0.5,1,False,bank_decline,0.53,1
txn_001846,cust_000365,1057.98,card,1169,7,6,0.8571,2,False,expired_card,0.3271,1
txn_001847,cust_000268,1379.67,card,499,24,20,0.8333,4,False,gateway_error,0.46,1
txn_001848,cust_000835,610.65,card,269,2,2,1.0,4,False,gateway_error,0.51,0
txn_001849,cust_001678,680.61,netbanking,677,1,1,1.0,1,False,insufficient_balance,0.62,1
txn_001850,cust_000857,645.39,card,1368,20,12,0.6,3,False,gateway_error,0.47,1
txn_001851,cust_003071,1160.91,upi,1207,16,13,0.8125,1,False,expired_card,0.3937,0
txn_001852,cust_000583,416.05,netbanking,1336,2,0,0.0,2,False,insufficient_balance,0.24,1
txn_001853,cust_001884,852.02,card,1145,2,0,0.0,2,False,bank_decline,0.3,0
txn_001854,cust_003048,1027.36,card,677,1,0,0.0,1,False,authentication_failed,0.2,0
txn_001855,cust_002493,1338.22,upi,674,18,17,0.9444,2,False,authentication_failed,0.4033,0
txn_001856,cust_000649,318.94,wallet,843,10,8,0.8,3,False,authentication_failed,0.28,0
txn_001857,cust_003230,1269.58,upi,478,24,18,0.75,4,False,network_error,0.465,0
txn_001858,cust_000178,2638.16,netbanking,1032,24,15,0.625,2,False,bank_decline,0.4875,0
txn_001859,cust_000706,358.08,netbanking,574,18,13,0.7222,3,False,network_error,0.5367,1
txn_001860,cust_001194,672.31,card,1406,27,20,0.7407,1,False,gateway_error,0.6722,1
txn_001861,cust_000683,1145.79,card,175,1,1,1.0,3,False,expired_card,0.29,0
txn_001862,cust_002164,1425.31,upi,1000,28,24,0.8571,4,False,authentication_failed,0.2171,1
txn_001863,cust_000910,280.76,wallet,65,0,0,0.0,3,True,gateway_error,0.24,0
txn_001864,cust_002923,1072.89,wallet,763,11,6,0.5455,2,False,insufficient_balance,0.4036,0
txn_001865,cust_000398,865.11,card,1150,4,4,1.0,3,False,bank_decline,0.52,0
txn_001866,cust_001652,8452.07,netbanking,908,8,6,0.75,2,False,insufficient_balance,0.465,1
txn_001867,cust_001352,497.93,card,1298,13,11,0.8462,3,False,insufficient_balance,0.4138,0
txn_001868,cust_000345,3211.53,netbanking,1474,19,13,0.6842,1,False,insufficient_balance,0.5253,1
txn_001869,cust_000371,2149.81,card,644,20,17,0.85,3,False,authentication_failed,0.295,0
txn_001870,cust_001305,302.47,upi,1074,2,2,1.0,3,False,authentication_failed,0.34,1
txn_001871,cust_002136,2589.52,upi,1496,5,4,0.8,4,False,authentication_failed,0.2,1
txn_001872,cust_002669,1362.95,wallet,116,5,4,0.8,1,False,gateway_error,0.69,1
txn_001873,cust_001907,633.44,upi,1126,0,0,0.0,4,True,expired_card,0.02,0
txn_001874,cust_000189,283.02,netbanking,81,4,3,0.75,3,False,insufficient_balance,0.385,0
txn_001875,cust_002139,2504.68,card,813,16,10,0.625,1,False,gateway_error,0.6375,1
txn_001876,cust_000400,5507.63,netbanking,443,25,18,0.72,3,False,gateway_error,0.506,1
txn_001877,cust_002719,1133.41,wallet,258,23,20,0.8696,3,False,bank_decline,0.4809,1
txn_001878,cust_002807,1314.08,wallet,493,18,14,0.7778,4,False,insufficient_balance,0.3133,0
txn_001879,cust_000761,2659.37,wallet,499,12,7,0.5833,2,False,insufficient_balance,0.415,1
txn_001880,cust_002079,576.39,upi,982,27,20,0.7407,3,False,insufficient_balance,0.3822,1
txn_001881,cust_002459,1736.75,card,222,8,6,0.75,1,False,bank_decline,0.605,1
txn_001882,cust_000854,209.83,upi,424,4,4,1.0,3,False,network_error,0.62,0
txn_001883,cust_000123,585.67,upi,1127,10,6,0.6,3,False,network_error,0.5,0
txn_001884,cust_002656,7607.1,upi,726,9,8,0.8889,3,False,bank_decline,0.4867,0
txn_001885,cust_002721,1898.31,upi,746,4,3,0.75,1,False,insufficient_balance,0.545,0
txn_001886,cust_002409,2205.41,netbanking,509,15,10,0.6667,1,False,bank_decline,0.58,1
txn_001887,cust_002014,1014.63,netbanking,765,10,7,0.7,4,False,network_error,0.45,0
txn_001888,cust_002277,570.77,card,470,27,17,0.6296,2,False,bank_decline,0.4889,0
txn_001889,cust_001187,1249.34,upi,1011,16,12,0.75,1,False,gateway_error,0.675,0
txn_001890,cust_001393,828.8,netbanking,794,20,15,0.75,3,False,bank_decline,0.445,1
txn_001891,cust_002626,1245.57,wallet,37,6,3,0.5,1,False,authentication_failed,0.35,1
txn_001892,cust_001530,977.08,upi,1028,12,9,0.75,3,False,bank_decline,0.445,0
txn_001893,cust_001663,398.55,card,761,21,19,0.9048,1,False,bank_decline,0.6514,0
txn_001894,cust_001485,861.78,card,232,4,3,0.75,2,False,gateway_error,0.595,0
txn_001895,cust_002021,1374.89,wallet,985,24,14,0.5833,1,False,gateway_error,0.625,1
txn_001896,cust_003133,406.42,netbanking,437,16,11,0.6875,1,False,insufficient_balance,0.5262,0
txn_001897,cust_003091,661.54,netbanking,332,26,19,0.7308,3,False,expired_card,0.2092,0
txn_001898,cust_001515,441.67,card,675,4,4,1.0,3,False,gateway_error,0.59,1
txn_001899,cust_001198,1323.05,card,565,29,19,0.6552,2,False,authentication_failed,0.3166,0
txn_001900,cust_001224,10493.32,wallet,17,14,10,0.7143,4,False,gateway_error,0.4243,0
txn_001901,cust_002836,1882.31,netbanking,1288,15,12,0.8,2,False,bank_decline,0.54,1
txn_001902,cust_000746,698.68,upi,282,17,15,0.8824,3,False,network_error,0.5847,1
txn_001903,cust_002924,949.43,upi,1036,4,4,1.0,2,False,network_error,0.7,1
txn_001904,cust_003153,8856.09,netbanking,153,18,14,0.7778,4,False,bank_decline,0.3733,0
txn_001905,cust_002426,2311.6,netbanking,630,28,23,0.8214,1,False,gateway_error,0.6964,1
txn_001906,cust_000717,1048.59,wallet,262,13,9,0.6923,2,False,insufficient_balance,0.4477,0
txn_001907,cust_002637,6094.57,wallet,1382,9,9,1.0,4,False,network_error,0.54,1
txn_001908,cust_000712,3379.62,netbanking,343,26,16,0.6154,4,False,network_error,0.4246,1
txn_001909,cust_000612,785.52,wallet,287,21,20,0.9524,1,False,bank_decline,0.6657,1
txn_001910,cust_002611,303.99,card,452,23,19,0.8261,1,False,insufficient_balance,0.5678,0
txn_001911,cust_001722,3335.7,upi,847,15,13,0.8667,2,False,authentication_failed,0.38,0
txn_001912,cust_000182,384.12,wallet,530,15,10,0.6667,1,False,bank_decline,0.58,1
txn_001913,cust_001105,3312.26,netbanking,562,26,19,0.7308,1,False,authentication_failed,0.4192,0
txn_001914,cust_001759,1376.25,netbanking,1050,28,20,0.7143,3,False,bank_decline,0.4343,0
txn_001915,cust_003115,1513.77,wallet,1025,2,1,0.5,4,False,gateway_error,0.36,0
txn_001916,cust_002126,1228.59,wallet,1320,0,0,0.0,4,True,bank_decline,0.09,0
txn_001917,cust_000750,1295.88,wallet,725,3,3,1.0,1,False,bank_decline,0.68,1
txn_001918,cust_002844,219.93,wallet,899,13,11,0.8462,1,False,bank_decline,0.6338,0
txn_001919,cust_002618,2530.89,card,756,28,25,0.8929,1,False,network_error,0.7479,1
txn_001920,cust_001602,990.52,wallet,691,12,10,0.8333,1,False,bank_decline,0.63,0
txn_001921,cust_001395,444.64,netbanking,1215,26,21,0.8077,2,False,gateway_error,0.6123,0
txn_001922,cust_001339,667.64,netbanking,1401,26,21,0.8077,4,False,expired_card,0.1523,1
txn_001923,cust_001146,2232.25,wallet,529,25,22,0.88,1,False,gateway_error,0.714,0
txn_001924,cust_002444,414.29,upi,416,7,6,0.8571,1,False,bank_decline,0.6371,1
txn_001925,cust_001201,873.14,netbanking,895,11,8,0.7273,3,False,network_error,0.5382,0
txn_001926,cust_002701,3115.66,upi,1443,19,17,0.8947,4,False,authentication_failed,0.2284,0
txn_001927,cust_002082,1703.31,netbanking,656,26,21,0.8077,4,False,bank_decline,0.3823,1
txn_001928,cust_001519,260.86,upi,1165,19,12,0.6316,1,False,insufficient_balance,0.5095,1
txn_001929,cust_001158,520.05,wallet,1104,12,10,0.8333,1,False,gateway_error,0.7,1
txn_001930,cust_002275,763.75,card,1439,15,9,0.6,1,False,bank_decline,0.56,1
txn_001931,cust_001654,1215.33,card,1053,14,9,0.6429,3,False,network_error,0.5129,1
txn_001932,cust_003129,600.84,card,1459,12,9,0.75,3,False,bank_decline,0.445,0
txn_001933,cust_001903,739.47,card,1070,13,9,0.6923,1,False,bank_decline,0.5877,1
txn_001934,cust_003178,1095.1,netbanking,79,14,11,0.7857,3,False,insufficient_balance,0.3957,0
txn_001935,cust_001099,664.96,upi,996,5,4,0.8,2,False,bank_decline,0.54,0
txn_001936,cust_000272,1035.71,upi,670,25,21,0.84,2,False,insufficient_balance,0.492,0
txn_001937,cust_001066,1118.29,wallet,943,17,10,0.5882,3,False,insufficient_balance,0.3365,1
txn_001938,cust_001132,2468.43,upi,709,7,6,0.8571,2,False,expired_card,0.3271,0
txn_001939,cust_000148,542.32,netbanking,294,1,1,1.0,2,False,gateway_error,0.67,1
txn_001940,cust_002025,1434.22,netbanking,1422,18,15,0.8333,3,False,insufficient_balance,0.41,0
txn_001941,cust_000994,166.54,upi,418,2,2,1.0,2,False,bank_decline,0.6,0
txn_001942,cust_001568,1207.57,wallet,134,9,9,1.0,2,False,network_error,0.7,0
txn_001943,cust_002605,1219.9,wallet,1307,9,7,0.7778,4,False,authentication_failed,0.1933,0
txn_001944,cust_002460,1271.21,wallet,843,19,15,0.7895,2,False,gateway_error,0.6068,0
txn_001945,cust_000669,641.51,card,306,27,20,0.7407,4,False,gateway_error,0.4322,1
txn_001946,cust_002343,820.35,wallet,1379,5,5,1.0,4,False,bank_decline,0.44,0
txn_001947,cust_001335,1471.1,wallet,715,11,5,0.4545,2,False,expired_card,0.2064,0
txn_001948,cust_001734,1699.1,wallet,454,28,21,0.75,2,False,insufficient_balance,0.465,1
txn_001949,cust_001913,3092.61,netbanking,502,19,11,0.5789,3,False,network_error,0.4937,1
txn_001950,cust_001633,1245.11,netbanking,1052,23,17,0.7391,1,False,network_error,0.7017,1
txn_001951,cust_000165,396.26,netbanking,422,14,8,0.5714,2,False,bank_decline,0.4714,1
txn_001952,cust_000345,832.87,card,303,4,2,0.5,2,False,authentication_failed,0.27,1
txn_001953,cust_001966,1722.0,card,300,3,1,0.3333,3,False,bank_decline,0.32,0
txn_001954,cust_001483,1681.52,upi,173,21,17,0.8095,3,False,bank_decline,0.4629,0
txn_001955,cust_003308,2162.39,upi,1337,23,14,0.6087,2,False,bank_decline,0.4826,0
txn_001956,cust_000778,1772.1,upi,619,2,1,0.5,4,False,network_error,0.39,0
txn_001957,cust_000053,1942.44,wallet,53,28,24,0.8571,1,False,network_error,0.7371,0
txn_001958,cust_001918,799.8,upi,1119,19,15,0.7895,4,False,gateway_error,0.4468,1
txn_001959,cust_000217,1199.19,card,1210,6,4,0.6667,3,False,expired_card,0.19,0
txn_001960,cust_001274,2827.51,netbanking,373,20,14,0.7,2,False,gateway_error,0.58,1
txn_001961,cust_001343,832.49,wallet,518,7,5,0.7143,2,False,bank_decline,0.5143,0
txn_001962,cust_002444,644.24,netbanking,1212,7,5,0.7143,4,False,insufficient_balance,0.2943,1
txn_001963,cust_001359,913.83,card,143,20,11,0.55,1,False,bank_decline,0.545,1
txn_001964,cust_003117,1742.1,wallet,574,13,9,0.6923,2,False,bank_decline,0.5077,1
txn_001965,cust_002447,355.22,card,1171,27,21,0.7778,4,False,gateway_error,0.4433,1
txn_001966,cust_001937,1244.3,netbanking,1315,5,5,1.0,3,False,gateway_error,0.59,1
txn_001967,cust_001933,5365.56,wallet,515,23,18,0.7826,2,False,gateway_error,0.6048,1
txn_001968,cust_000780,820.38,netbanking,748,27,18,0.6667,1,False,insufficient_balance,0.52,1
txn_001969,cust_001863,644.21,upi,1226,16,12,0.75,3,False,authentication_failed,0.265,0
txn_001970,cust_000450,2038.17,card,949,9,6,0.6667,2,False,network_error,0.6,1
txn_001971,cust_000922,2150.9,card,43,8,8,1.0,2,False,insufficient_balance,0.54,1
txn_001972,cust_001948,916.71,upi,784,3,2,0.6667,3,False,network_error,0.52,0
txn_001973,cust_002511,640.3,upi,1065,25,17,0.68,4,False,insufficient_balance,0.284,0
txn_001974,cust_000646,290.32,card,1452,0,0,0.0,4,True,authentication_failed,0.02,0
txn_001975,cust_002016,2264.51,upi,838,7,3,0.4286,3,False,authentication_failed,0.1686,1
txn_001976,cust_003069,1232.5,card,109,6,3,0.5,1,False,gateway_error,0.6,1
txn_001977,cust_002977,2099.41,card,994,13,11,0.8462,1,False,bank_decline,0.6338,1
txn_001978,cust_000641,450.34,wallet,1153,8,6,0.75,2,False,insufficient_balance,0.465,1
txn_001979,cust_001717,1345.45,netbanking,985,29,19,0.6552,4,False,bank_decline,0.3366,0
txn_001980,cust_000523,2596.58,card,1108,15,14,0.9333,2,False,insufficient_balance,0.52,1
txn_001981,cust_001714,1525.82,netbanking,433,22,11,0.5,3,False,network_error,0.47,1
txn_001982,cust_001425,446.18,wallet,765,5,4,0.8,3,False,expired_card,0.23,1
txn_001983,cust_000884,5565.21,netbanking,1066,5,5,1.0,4,False,bank_decline,0.44,0
txn_001984,cust_001892,1542.54,netbanking,346,2,1,0.5,1,False,network_error,0.63,0
txn_001985,cust_001425,421.52,card,241,3,1,0.3333,3,False,insufficient_balance,0.26,0
txn_001986,cust_000082,1530.76,card,803,27,23,0.8519,3,False,expired_card,0.2456,0
txn_001987,cust_001519,882.24,wallet,1199,6,4,0.6667,1,False,insufficient_balance,0.52,1
txn_001988,cust_002830,1582.48,netbanking,693,25,16,0.64,1,False,insufficient_balance,0.512,1
txn_001989,cust_000663,848.92,netbanking,679,22,15,0.6818,3,False,insufficient_balance,0.3645,1
txn_001990,cust_002635,2414.99,netbanking,668,8,6,0.75,1,False,insufficient_balance,0.545,1
txn_001991,cust_002096,346.69,upi,1179,16,14,0.875,4,False,gateway_error,0.4725,0
txn_001992,cust_001692,480.55,netbanking,832,0,0,0.0,2,True,insufficient_balance,0.19,0
txn_001993,cust_001675,1020.63,card,1401,0,0,0.0,3,True,gateway_error,0.24,0
txn_001994,cust_000682,825.97,netbanking,183,27,22,0.8148,1,False,gateway_error,0.6944,1
txn_001995,cust_001213,1178.49,netbanking,91,29,21,0.7241,1,False,network_error,0.6972,1
txn_001996,cust_001079,539.24,upi,230,29,23,0.7931,2,False,insufficient_balance,0.4779,0
txn_001997,cust_001908,229.47,upi,1015,1,1,1.0,2,False,gateway_error,0.67,1
txn_001998,cust_002812,845.33,upi,1159,15,12,0.8,2,False,insufficient_balance,0.48,1
txn_001999,cust_002741,440.73,wallet,802,6,5,0.8333,4,False,insufficient_balance,0.33,0
txn_002000,cust_002640,513.27,wallet,188,4,3,0.75,1,False,expired_card,0.375,0
txn_002001,cust_000292,871.7,upi,302,10,8,0.8,1,False,bank_decline,0.62,1
txn_002002,cust_002233,8791.84,wallet,1202,1,1,1.0,4,False,network_error,0.54,1
txn_002003,cust_001109,690.81,netbanking,325,3,2,0.6667,1,False,authentication_failed,0.4,1
txn_002004,cust_000728,812.72,netbanking,1170,1,1,1.0,3,False,network_error,0.62,1
txn_002005,cust_001373,935.31,card,286,5,4,0.8,4,False,gateway_error,0.45,1
txn_002006,cust_002622,689.3,wallet,353,11,8,0.7273,4,False,network_error,0.4582,1
txn_002007,cust_003178,2487.09,upi,878,6,4,0.6667,2,False,insufficient_balance,0.44,0
txn_002008,cust_000590,5734.24,netbanking,491,7,6,0.8571,4,False,authentication_failed,0.2171,0
txn_002009,cust_001795,920.03,upi,306,4,3,0.75,4,False,authentication_failed,0.185,1
txn_002010,cust_000816,743.68,card,771,11,8,0.7273,1,False,insufficient_balance,0.5382,1
txn_002011,cust_002780,4890.58,netbanking,179,27,25,0.9259,1,False,authentication_failed,0.4778,0
txn_002012,cust_001561,332.85,netbanking,968,29,17,0.5862,3,False,bank_decline,0.3959,0
txn_002013,cust_000206,4402.29,card,1168,13,9,0.6923,3,False,gateway_error,0.4977,1
txn_002014,cust_000939,531.32,card,293,4,3,0.75,3,False,bank_decline,0.445,1
txn_002015,cust_001803,1925.26,wallet,602,2,2,1.0,3,False,gateway_error,0.59,0
txn_002016,cust_002604,1952.1,wallet,39,0,0,0.0,1,True,gateway_error,0.4,1
txn_002017,cust_002351,1091.63,card,991,26,19,0.7308,1,False,bank_decline,0.5992,1
txn_002018,cust_003313,2780.58,wallet,1086,23,16,0.6957,4,False,network_error,0.4487,1
txn_002019,cust_002547,681.87,wallet,938,1,1,1.0,2,False,insufficient_balance,0.54,1
txn_002020,cust_001642,818.92,wallet,828,10,7,0.7,4,False,expired_card,0.12,0
txn_002021,cust_002519,710.51,card,87,19,13,0.6842,1,False,insufficient_balance,0.5253,1
txn_002022,cust_002484,780.0,card,11,21,17,0.8095,3,False,gateway_error,0.5329,1
txn_002023,cust_001685,639.26,netbanking,191,22,19,0.8636,2,False,bank_decline,0.5591,1
txn_002024,cust_001794,504.7,card,885,16,9,0.5625,2,False,authentication_failed,0.2888,1
txn_002025,cust_002863,1499.29,card,578,24,15,0.625,4,False,bank_decline,0.3275,0
txn_002026,cust_002664,2106.97,netbanking,1140,3,2,0.6667,2,False,insufficient_balance,0.44,0
txn_002027,cust_001022,4092.73,netbanking,1396,1,1,1.0,1,False,insufficient_balance,0.62,0
txn_002028,cust_001346,1051.08,netbanking,1279,5,3,0.6,4,False,bank_decline,0.32,0
txn_002029,cust_000767,1623.81,netbanking,766,13,9,0.6923,1,False,expired_card,0.3577,0
txn_002030,cust_001472,1425.95,netbanking,613,24,19,0.7917,2,False,gateway_error,0.6075,1
txn_002031,cust_002456,1514.59,netbanking,309,11,10,0.9091,4,False,insufficient_balance,0.3527,0
txn_002032,cust_003308,472.6,card,121,14,12,0.8571,4,False,bank_decline,0.3971,0
txn_002033,cust_003271,1514.02,netbanking,194,1,1,1.0,1,False,insufficient_balance,0.62,1
txn_002034,cust_000612,437.5,wallet,240,27,22,0.8148,3,False,authentication_failed,0.2844,1
txn_002035,cust_002432,860.52,wallet,142,18,12,0.6667,1,False,insufficient_balance,0.52,0
txn_002036,cust_002902,619.56,card,998,11,8,0.7273,4,False,gateway_error,0.4282,1
txn_002037,cust_001116,884.86,wallet,1242,4,3,0.75,1,False,insufficient_balance,0.545,1
txn_002038,cust_003013,942.31,upi,841,26,19,0.7308,3,False,expired_card,0.2092,0
txn_002039,cust_001203,3863.87,netbanking,585,5,5,1.0,4,False,gateway_error,0.51,0
txn_002040,cust_002184,899.96,netbanking,983,16,11,0.6875,2,False,bank_decline,0.5062,0
txn_002041,cust_002415,2789.76,wallet,955,26,22,0.8462,3,False,expired_card,0.2438,0
txn_002042,cust_000690,688.09,netbanking,683,19,13,0.6842,4,False,bank_decline,0.3453,0
txn_002043,cust_002441,388.41,upi,172,18,14,0.7778,1,False,gateway_error,0.6833,1
txn_002044,cust_002935,1760.73,upi,245,28,23,0.8214,3,False,bank_decline,0.4664,0
txn_002045,cust_001154,925.72,netbanking,610,0,0,0.0,1,True,authentication_failed,0.15,1
txn_002046,cust_001204,1601.19,upi,260,1,0,0.0,1,False,bank_decline,0.38,1
txn_002047,cust_003292,456.02,netbanking,298,2,1,0.5,3,False,network_error,0.47,1
txn_002048,cust_000739,1400.48,wallet,899,18,11,0.6111,3,False,authentication_failed,0.2233,0
txn_002049,cust_000082,1527.88,wallet,1465,0,0,0.0,2,True,network_error,0.35,1
txn_002050,cust_002177,172.05,card,444,7,3,0.4286,3,False,gateway_error,0.4186,0
txn_002051,cust_000919,460.63,wallet,1499,17,13,0.7647,4,False,authentication_failed,0.1894,0
txn_002052,cust_001714,1149.38,card,1200,13,11,0.8462,4,False,authentication_failed,0.2138,0
txn_002053,cust_002971,1424.43,wallet,1449,2,1,0.5,4,False,bank_decline,0.29,0
txn_002054,cust_002272,929.32,card,850,9,7,0.7778,2,False,bank_decline,0.5333,0
txn_002055,cust_000255,698.78,card,445,23,18,0.7826,2,False,expired_card,0.3048,1
txn_002056,cust_002199,1285.23,card,108,23,13,0.5652,1,False,authentication_failed,0.3696,0
txn_002057,cust_000988,1132.08,wallet,100,23,19,0.8261,3,False,network_error,0.5678,1
txn_002058,cust_002889,6838.88,upi,712,11,10,0.9091,4,False,authentication_failed,0.2327,1
txn_002059,cust_002098,2746.45,upi,145,4,4,1.0,1,False,bank_decline,0.68,0
txn_002060,cust_002462,1365.9,wallet,333,18,12,0.6667,2,False,gateway_error,0.57,0
txn_002061,cust_001345,4621.16,card,1206,5,5,1.0,3,False,bank_decline,0.52,1
txn_002062,cust_001001,902.34,card,1284,0,0,0.0,1,True,gateway_error,0.4,1
txn_002063,cust_002926,456.0,wallet,605,9,6,0.6667,2,False,authentication_failed,0.32,1
txn_002064,cust_003025,1475.2,netbanking,1141,20,12,0.6,3,False,bank_decline,0.4,0
txn_002065,cust_001104,904.05,upi,1296,5,4,0.8,2,False,bank_decline,0.54,1
txn_002066,cust_001653,675.51,netbanking,909,7,4,0.5714,4,False,gateway_error,0.3814,0
txn_002067,cust_001620,3361.01,netbanking,1160,24,21,0.875,1,False,gateway_error,0.7125,1
txn_002068,cust_001554,5034.75,upi,1358,6,5,0.8333,1,False,insufficient_balance,0.57,0
txn_002069,cust_003089,2102.11,card,733,17,12,0.7059,1,False,bank_decline,0.5918,1
txn_002070,cust_000784,3252.91,wallet,202,22,18,0.8182,3,False,insufficient_balance,0.4055,0
txn_002071,cust_000531,1261.45,wallet,366,8,6,0.75,3,False,expired_card,0.215,0
txn_002072,cust_001611,529.72,netbanking,193,10,5,0.5,1,False,bank_decline,0.53,0
txn_002073,cust_002216,318.86,wallet,654,27,19,0.7037,2,False,gateway_error,0.5811,1
txn_002074,cust_002596,1667.0,upi,452,9,8,0.8889,1,False,bank_decline,0.6467,1
txn_002075,cust_000453,1232.76,card,442,1,1,1.0,4,False,gateway_error,0.51,1
txn_002076,cust_000680,1174.61,upi,230,11,8,0.7273,2,False,network_error,0.6182,1
txn_002077,cust_002312,1631.97,wallet,876,1,1,1.0,2,False,network_error,0.7,1
txn_002078,cust_002459,518.86,upi,296,2,2,1.0,1,False,bank_decline,0.68,1
txn_002079,cust_000177,946.17,wallet,1093,21,18,0.8571,1,False,network_error,0.7371,1
txn_002080,cust_001167,742.5,upi,780,22,13,0.5909,2,False,bank_decline,0.4773,1
txn_002081,cust_000083,1292.97,wallet,591,18,14,0.7778,4,False,bank_decline,0.3733,0
txn_002082,cust_001338,2460.12,wallet,259,23,15,0.6522,4,False,authentication_failed,0.1557,0
txn_002083,cust_002180,1201.21,netbanking,639,13,9,0.6923,1,False,gateway_error,0.6577,1
txn_002084,cust_000447,3172.19,netbanking,39,3,2,0.6667,1,False,expired_card,0.35,1
txn_002085,cust_000428,2256.53,upi,553,23,16,0.6957,2,False,network_error,0.6087,1
txn_002086,cust_001914,289.07,wallet,885,3,3,1.0,4,False,authentication_failed,0.26,0
txn_002087,cust_000414,806.04,netbanking,336,29,25,0.8621,2,False,expired_card,0.3286,1
txn_002088,cust_000677,552.96,netbanking,152,23,20,0.8696,2,False,gateway_error,0.6309,1
txn_002089,cust_002845,2525.45,card,1121,2,2,1.0,4,False,gateway_error,0.51,1
txn_002090,cust_002679,1990.84,wallet,229,7,7,1.0,3,False,gateway_error,0.59,1
txn_002091,cust_002798,394.32,upi,419,27,18,0.6667,1,False,bank_decline,0.58,0
txn_002092,cust_002842,582.54,wallet,602,15,7,0.4667,3,False,authentication_failed,0.18,1
txn_002093,cust_000344,381.8,upi,1191,14,10,0.7143,2,False,expired_card,0.2843,0
txn_002094,cust_000209,985.49,card,1485,26,21,0.8077,1,False,gateway_error,0.6923,1
txn_002095,cust_000582,1454.9,wallet,1243,24,13,0.5417,2,False,gateway_error,0.5325,1
txn_002096,cust_001742,718.19,upi,1425,19,14,0.7368,3,False,gateway_error,0.5111,1
txn_002097,cust_002986,1701.42,wallet,987,6,6,1.0,3,False,authentication_failed,0.34,0
txn_002098,cust_002747,889.29,card,1233,14,11,0.7857,2,False,insufficient_balance,0.4757,0
txn_002099,cust_002000,2578.48,card,80,29,24,0.8276,2,False,bank_decline,0.5483,0
txn_002100,cust_003067,1906.98,card,1384,11,9,0.8182,4,False,network_error,0.4855,0
txn_002101,cust_003251,408.51,wallet,1307,5,5,1.0,1,False,gateway_error,0.75,1
txn_002102,cust_003308,229.53,netbanking,918,16,11,0.6875,2,False,bank_decline,0.5062,0
txn_002103,cust_000948,1995.59,netbanking,459,2,2,1.0,4,False,bank_decline,0.44,0
txn_002104,cust_000023,1767.06,wallet,687,22,18,0.8182,1,False,insufficient_balance,0.5655,0
txn_002105,cust_000507,1255.62,card,196,9,7,0.7778,3,False,bank_decline,0.4533,1
txn_002106,cust_001527,2512.0,wallet,1138,22,19,0.8636,4,False,expired_card,0.1691,0
txn_002107,cust_003210,472.3,card,573,23,19,0.8261,2,False,gateway_error,0.6178,1
txn_002108,cust_003107,422.04,netbanking,1406,18,13,0.7222,4,False,insufficient_balance,0.2967,0
txn_002109,cust_001110,1489.29,wallet,868,15,11,0.7333,4,False,authentication_failed,0.18,0
txn_002110,cust_003319,196.65,wallet,241,5,4,0.8,4,False,network_error,0.48,1
txn_002111,cust_000524,508.28,wallet,97,3,3,1.0,1,False,bank_decline,0.68,0
txn_002112,cust_001310,1247.86,upi,1480,15,12,0.8,2,False,insufficient_balance,0.48,1
txn_002113,cust_002217,3319.5,card,166,16,14,0.875,1,False,insufficient_balance,0.5825,1
txn_002114,cust_001019,236.69,upi,145,1,0,0.0,2,False,bank_decline,0.3,0
txn_002115,cust_002493,189.76,card,1159,11,8,0.7273,1,False,gateway_error,0.6682,1
txn_002116,cust_002162,2325.2,card,532,29,23,0.7931,1,False,bank_decline,0.6179,0
txn_002117,cust_002219,1129.33,card,920,4,3,0.75,1,False,bank_decline,0.605,0
txn_002118,cust_002236,301.81,netbanking,314,29,22,0.7586,4,False,bank_decline,0.3676,0
txn_002119,cust_002255,382.71,upi,632,11,7,0.6364,2,False,gateway_error,0.5609,0
txn_002120,cust_001812,249.19,netbanking,541,28,20,0.7143,4,False,authentication_failed,0.1743,0
txn_002121,cust_002328,7663.64,wallet,830,23,15,0.6522,4,False,network_error,0.4357,1
txn_002122,cust_000311,3254.64,netbanking,789,15,9,0.6,4,False,insufficient_balance,0.26,0
txn_002123,cust_003142,1577.91,upi,639,23,18,0.7826,1,False,network_error,0.7148,1
txn_002124,cust_002207,1466.7,upi,441,19,14,0.7368,1,False,insufficient_balance,0.5411,1
txn_002125,cust_002507,6595.83,wallet,1426,27,20,0.7407,2,False,network_error,0.6222,0
txn_002126,cust_001981,602.3,upi,863,25,21,0.84,2,False,insufficient_balance,0.492,0
txn_002127,cust_000831,1740.73,netbanking,16,7,5,0.7143,4,False,network_error,0.4543,1
txn_002128,cust_000875,1065.73,card,1392,13,8,0.6154,3,False,authentication_failed,0.2246,0
txn_002129,cust_002397,1214.35,upi,73,23,19,0.8261,2,False,authentication_failed,0.3678,1
txn_002130,cust_000074,594.63,wallet,39,16,12,0.75,2,False,bank_decline,0.525,1
txn_002131,cust_002661,470.84,upi,1443,12,8,0.6667,1,False,authentication_failed,0.4,0
txn_002132,cust_000875,1460.4,netbanking,1132,15,10,0.6667,4,False,expired_card,0.11,0
txn_002133,cust_002222,1671.95,netbanking,456,1,1,1.0,4,False,authentication_failed,0.26,0
txn_002134,cust_000771,1250.02,netbanking,120,0,0,0.0,4,True,bank_decline,0.09,0
txn_002135,cust_000433,407.54,upi,1107,10,6,0.6,4,False,insufficient_balance,0.26,0
txn_002136,cust_002037,403.18,netbanking,1351,17,12,0.7059,1,False,expired_card,0.3618,1
txn_002137,cust_002010,961.62,wallet,313,10,8,0.8,4,False,network_error,0.48,0
txn_002138,cust_003044,4300.0,upi,785,5,4,0.8,1,False,insufficient_balance,0.56,1
txn_002139,cust_002016,8965.26,card,679,5,4,0.8,4,False,network_error,0.48,1
txn_002140,cust_003034,425.31,card,569,24,20,0.8333,4,False,insufficient_balance,0.33,0
txn_002141,cust_000539,1380.0,netbanking,1344,10,8,0.8,3,False,bank_decline,0.46,1
txn_002142,cust_001595,6275.6,wallet,298,20,17,0.85,2,False,insufficient_balance,0.495,0
txn_002143,cust_001854,2248.31,netbanking,1486,15,10,0.6667,4,False,bank_decline,0.34,0
txn_002144,cust_002515,993.35,wallet,943,14,12,0.8571,2,False,insufficient_balance,0.4971,1
txn_002145,cust_003162,1259.08,upi,839,19,13,0.6842,2,False,authentication_failed,0.3253,0
txn_002146,cust_001520,1452.32,card,1330,12,9,0.75,4,False,insufficient_balance,0.305,0
txn_002147,cust_000989,1332.71,card,1310,11,3,0.2727,1,False,authentication_failed,0.2818,1
txn_002148,cust_001690,588.18,netbanking,3,28,19,0.6786,2,False,insufficient_balance,0.4436,0
txn_002149,cust_001979,886.88,card,771,28,22,0.7857,2,False,authentication_failed,0.3557,0
txn_002150,cust_002542,2645.55,wallet,76,17,13,0.7647,3,False,insufficient_balance,0.3894,0
txn_002151,cust_001729,2353.72,netbanking,1039,27,19,0.7037,4,False,insufficient_balance,0.2911,0
txn_002152,cust_000077,454.48,card,639,23,15,0.6522,3,False,gateway_error,0.4857,1
txn_002153,cust_002724,674.12,card,1182,28,19,0.6786,4,False,gateway_error,0.4136,0
txn_002154,cust_003100,911.06,card,540,22,19,0.8636,2,False,bank_decline,0.5591,0
txn_002155,cust_000795,525.11,netbanking,1261,16,12,0.75,4,False,authentication_failed,0.185,0
txn_002156,cust_001438,635.79,wallet,158,8,8,1.0,2,False,bank_decline,0.6,0
txn_002157,cust_000429,949.68,upi,1415,23,14,0.6087,4,False,authentication_failed,0.1426,0
txn_002158,cust_000196,2297.06,wallet,401,29,23,0.7931,2,False,gateway_error,0.6079,0
txn_002159,cust_002445,811.58,card,1088,9,7,0.7778,1,False,insufficient_balance,0.5533,1
txn_002160,cust_001555,1508.95,card,1167,13,11,0.8462,2,False,network_error,0.6538,0
txn_002161,cust_003076,1684.87,wallet,363,6,3,0.5,1,False,gateway_error,0.6,0
txn_002162,cust_002625,1188.17,wallet,251,26,20,0.7692,3,False,gateway_error,0.5208,0
txn_002163,cust_000277,950.25,wallet,567,18,14,0.7778,2,False,gateway_error,0.6033,0
txn_002164,cust_001235,1515.92,card,1338,11,8,0.7273,4,False,network_error,0.4582,0
txn_002165,cust_002472,278.76,card,1130,2,1,0.5,2,False,bank_decline,0.45,0
txn_002166,cust_002818,3180.35,netbanking,1001,27,21,0.7778,1,False,insufficient_balance,0.5533,1
txn_002167,cust_002442,2568.43,netbanking,1085,16,10,0.625,4,False,insufficient_balance,0.2675,0
txn_002168,cust_002787,738.86,wallet,218,1,1,1.0,2,False,gateway_error,0.67,0
txn_002169,cust_001283,1302.97,card,85,29,23,0.7931,3,False,bank_decline,0.4579,1
txn_002170,cust_001457,2597.24,card,591,22,17,0.7727,3,False,authentication_failed,0.2718,0
txn_002171,cust_000115,1167.3,card,968,16,11,0.6875,3,False,authentication_failed,0.2462,0
txn_002172,cust_001184,1876.54,netbanking,142,11,9,0.8182,3,False,insufficient_balance,0.4055,0
txn_002173,cust_001153,1487.93,netbanking,564,25,20,0.8,3,False,bank_decline,0.46,1
txn_002174,cust_003112,2868.57,upi,470,14,10,0.7143,2,False,authentication_failed,0.3343,1
txn_002175,cust_001604,1066.47,upi,1190,1,0,0.0,2,False,network_error,0.4,1
txn_002176,cust_001069,1692.6,card,894,29,19,0.6552,1,False,expired_card,0.3466,1
txn_002177,cust_000374,1260.47,card,1046,25,19,0.76,4,False,network_error,0.468,1
txn_002178,cust_002279,628.29,upi,786,25,23,0.92,4,False,insufficient_balance,0.356,0
txn_002179,cust_000141,858.66,upi,600,10,7,0.7,3,False,gateway_error,0.5,1
txn_002180,cust_003192,1406.37,netbanking,609,8,5,0.625,1,False,gateway_error,0.6375,1
txn_002181,cust_001160,9356.84,netbanking,722,13,7,0.5385,3,False,insufficient_balance,0.3215,0
txn_002182,cust_001896,1925.35,netbanking,1416,19,13,0.6842,2,False,gateway_error,0.5753,1
txn_002183,cust_003059,742.93,wallet,972,1,1,1.0,4,False,network_error,0.54,0
txn_002184,cust_002839,1399.27,card,1199,23,16,0.6957,3,False,expired_card,0.1987,0
txn_002185,cust_003020,3604.15,netbanking,936,19,13,0.6842,4,False,bank_decline,0.3453,0
txn_002186,cust_002792,1038.16,netbanking,363,16,11,0.6875,1,False,insufficient_balance,0.5262,0
txn_002187,cust_001527,805.41,wallet,341,8,6,0.75,2,False,expired_card,0.295,0
txn_002188,cust_001063,206.34,card,1123,25,18,0.72,4,False,gateway_error,0.426,1
txn_002189,cust_001135,707.11,card,656,24,16,0.6667,3,False,bank_decline,0.42,0
txn_002190,cust_000634,880.36,netbanking,762,27,19,0.7037,3,False,insufficient_balance,0.3711,0
txn_002191,cust_000652,2493.1,netbanking,808,18,11,0.6111,4,False,expired_card,0.0933,0
txn_002192,cust_000744,1155.4,card,208,28,25,0.8929,4,False,expired_card,0.1779,0
txn_002193,cust_002868,766.24,wallet,402,18,14,0.7778,2,False,gateway_error,0.6033,0
txn_002194,cust_002840,1291.84,netbanking,544,12,10,0.8333,2,False,gateway_error,0.62,1
txn_002195,cust_002012,349.41,wallet,22,22,15,0.6818,2,False,insufficient_balance,0.4445,0
txn_002196,cust_001486,861.8,card,897,6,5,0.8333,2,False,gateway_error,0.62,1
txn_002197,cust_002332,1047.54,wallet,15,10,9,0.9,1,False,expired_card,0.42,1
txn_002198,cust_000015,282.38,upi,1018,17,13,0.7647,2,False,network_error,0.6294,0
txn_002199,cust_002685,3519.29,wallet,1062,16,10,0.625,1,False,gateway_error,0.6375,1
txn_002200,cust_002038,516.82,upi,1081,25,19,0.76,2,False,bank_decline,0.528,1
txn_002201,cust_002265,549.44,wallet,931,29,19,0.6552,4,False,authentication_failed,0.1566,0
txn_002202,cust_001345,665.61,wallet,838,26,13,0.5,1,False,authentication_failed,0.35,0
txn_002203,cust_000687,1869.14,wallet,955,20,15,0.75,2,False,bank_decline,0.525,0
txn_002204,cust_000334,1454.81,netbanking,1455,4,3,0.75,2,False,insufficient_balance,0.465,1
txn_002205,cust_001571,1005.78,upi,623,11,7,0.6364,3,False,insufficient_balance,0.3509,0
txn_002206,cust_003191,2823.67,card,1170,2,2,1.0,2,False,authentication_failed,0.42,0
txn_002207,cust_003154,904.97,upi,1396,16,13,0.8125,2,False,gateway_error,0.6138,1
txn_002208,cust_001609,1880.83,upi,1046,5,3,0.6,1,False,gateway_error,0.63,1
txn_002209,cust_002508,141.36,upi,1080,29,22,0.7586,3,False,network_error,0.5476,0
txn_002210,cust_001048,1374.27,wallet,1454,13,9,0.6923,1,False,bank_decline,0.5877,0
txn_002211,cust_001452,1348.71,upi,349,1,1,1.0,3,False,bank_decline,0.52,1
txn_002212,cust_001425,763.78,card,810,24,19,0.7917,4,False,authentication_failed,0.1975,0
txn_002213,cust_002975,1646.44,card,580,12,10,0.8333,2,False,bank_decline,0.55,0
txn_002214,cust_002503,6520.9,wallet,402,0,0,0.0,1,True,network_error,0.43,1
txn_002215,cust_002096,2022.28,netbanking,1164,15,8,0.5333,1,False,bank_decline,0.54,1
txn_002216,cust_000864,1325.56,card,300,29,21,0.7241,2,False,expired_card,0.2872,0
txn_002217,cust_002118,1466.52,wallet,1399,19,14,0.7368,4,False,insufficient_balance,0.3011,0
txn_002218,cust_002053,2019.2,card,800,13,11,0.8462,1,False,gateway_error,0.7038,1
txn_002219,cust_002564,477.59,wallet,635,22,19,0.8636,3,False,bank_decline,0.4791,0
txn_002220,cust_002269,738.2,netbanking,1463,10,10,1.0,3,False,insufficient_balance,0.46,1
txn_002221,cust_001364,893.1,netbanking,1106,29,21,0.7241,1,False,bank_decline,0.5972,1
txn_002222,cust_002461,1107.89,netbanking,1013,8,4,0.5,2,False,gateway_error,0.52,0
txn_002223,cust_000025,1979.55,wallet,948,20,14,0.7,2,False,insufficient_balance,0.45,1
txn_002224,cust_002859,1404.16,card,1484,2,1,0.5,4,False,expired_card,0.06,0
txn_002225,cust_002673,687.28,card,1383,21,16,0.7619,3,False,gateway_error,0.5186,1
txn_002226,cust_002332,305.48,upi,719,3,3,1.0,2,False,insufficient_balance,0.54,0
txn_002227,cust_003009,2357.41,card,1316,12,8,0.6667,1,False,bank_decline,0.58,0
txn_002228,cust_000419,3497.66,upi,381,6,4,0.6667,1,False,bank_decline,0.58,0
txn_002229,cust_000099,271.85,netbanking,1055,18,13,0.7222,3,False,expired_card,0.2067,0
txn_002230,cust_000724,1330.49,wallet,802,17,12,0.7059,3,False,insufficient_balance,0.3718,1
txn_002231,cust_000155,722.64,upi,549,25,18,0.72,3,False,authentication_failed,0.256,1
txn_002232,cust_001004,706.23,wallet,731,3,3,1.0,3,False,gateway_error,0.59,1
txn_002233,cust_001575,1406.09,netbanking,213,12,9,0.75,1,False,expired_card,0.375,0
txn_002234,cust_002249,730.83,wallet,1028,14,9,0.6429,3,False,gateway_error,0.4829,1
txn_002235,cust_003280,1109.52,upi,1015,12,8,0.6667,1,False,insufficient_balance,0.52,1
txn_002236,cust_000929,148.0,wallet,741,26,17,0.6538,4,False,authentication_failed,0.1562,0
txn_002237,cust_003036,113.88,netbanking,709,1,1,1.0,4,False,gateway_error,0.51,1
txn_002238,cust_000224,5251.76,wallet,1254,20,14,0.7,2,False,authentication_failed,0.33,0
txn_002239,cust_000970,2301.5,card,1452,4,3,0.75,3,False,network_error,0.545,0
txn_002240,cust_001048,764.89,netbanking,956,2,1,0.5,4,False,insufficient_balance,0.23,1
txn_002241,cust_002146,1647.78,card,1446,15,8,0.5333,3,False,gateway_error,0.45,1
txn_002242,cust_000943,445.73,card,407,2,1,0.5,1,False,gateway_error,0.6,0
txn_002243,cust_003061,2102.32,netbanking,1476,17,11,0.6471,4,False,expired_card,0.1041,0
txn_002244,cust_001675,1127.84,netbanking,229,1,1,1.0,3,False,bank_decline,0.52,1
txn_002245,cust_002296,1619.84,wallet,441,22,17,0.7727,1,False,expired_card,0.3818,0
txn_002246,cust_001009,1446.82,netbanking,643,25,21,0.84,3,False,network_error,0.572,0
txn_002247,cust_000264,371.22,card,1174,12,9,0.75,3,False,authentication_failed,0.265,1
txn_002248,cust_000804,3939.69,upi,121,29,23,0.7931,4,False,bank_decline,0.3779,0
txn_002249,cust_001082,7701.08,upi,973,25,21,0.84,1,False,insufficient_balance,0.572,0
txn_002250,cust_001024,2058.84,upi,663,19,13,0.6842,2,False,expired_card,0.2753,0
txn_002251,cust_000864,1194.74,card,676,20,11,0.55,4,False,expired_card,0.075,0
txn_002252,cust_001743,1577.45,card,942,5,4,0.8,3,False,expired_card,0.23,0
txn_002253,cust_000880,3528.58,upi,839,5,3,0.6,4,False,gateway_error,0.39,1
txn_002254,cust_001091,4013.61,netbanking,1104,29,27,0.931,2,False,insufficient_balance,0.5193,1
txn_002255,cust_000604,2628.39,upi,68,9,6,0.6667,2,False,insufficient_balance,0.44,1
txn_002256,cust_003287,880.74,netbanking,91,29,20,0.6897,4,False,bank_decline,0.3469,0
txn_002257,cust_002292,1370.47,card,1069,20,17,0.85,2,False,bank_decline,0.555,0
txn_002258,cust_001859,725.92,wallet,817,19,13,0.6842,3,False,insufficient_balance,0.3653,0
txn_002259,cust_000252,1354.88,card,1080,13,9,0.6923,3,False,bank_decline,0.4277,0
txn_002260,cust_001995,290.89,upi,539,26,19,0.7308,2,False,bank_decline,0.5192,1
txn_002261,cust_002724,261.33,wallet,123,1,0,0.0,1,False,insufficient_balance,0.32,0
txn_002262,cust_001709,927.42,upi,542,14,9,0.6429,1,False,bank_decline,0.5729,1
txn_002263,cust_001323,991.21,wallet,1240,28,23,0.8214,1,False,network_error,0.7264,1
txn_002264,cust_001923,736.65,netbanking,885,28,24,0.8571,4,False,expired_card,0.1671,1
txn_002265,cust_001252,999.85,netbanking,1296,9,5,0.5556,4,False,expired_card,0.0767,0
txn_002266,cust_002908,213.3,wallet,1298,17,11,0.6471,1,False,gateway_error,0.6441,1
txn_002267,cust_003062,2195.91,upi,306,25,18,0.72,4,False,bank_decline,0.356,0
txn_002268,cust_001962,1412.17,upi,1021,29,21,0.7241,3,False,bank_decline,0.4372,1
txn_002269,cust_002906,735.18,wallet,500,13,10,0.7692,2,False,authentication_failed,0.3508,1
txn_002270,cust_000152,2675.73,netbanking,1060,5,3,0.6,3,False,network_error,0.5,0
txn_002271,cust_000182,872.28,wallet,501,16,13,0.8125,4,False,expired_card,0.1537,0
txn_002272,cust_003165,567.22,card,1344,15,13,0.8667,4,False,network_error,0.5,0
txn_002273,cust_002692,249.79,wallet,206,23,16,0.6957,3,False,insufficient_balance,0.3687,0
txn_002274,cust_001691,2745.93,netbanking,848,23,17,0.7391,1,False,expired_card,0.3717,0
txn_002275,cust_002025,423.83,wallet,1227,22,17,0.7727,2,False,gateway_error,0.6018,0
txn_002276,cust_003092,1265.13,card,976,10,6,0.6,2,False,expired_card,0.25,0
txn_002277,cust_001215,972.5,netbanking,50,1,1,1.0,2,False,network_error,0.7,1
txn_002278,cust_001645,2865.34,card,1358,24,21,0.875,4,False,bank_decline,0.4025,1
txn_002279,cust_000836,1230.82,wallet,1063,13,11,0.8462,2,False,gateway_error,0.6238,1
txn_002280,cust_001925,1059.73,wallet,1261,16,12,0.75,3,False,expired_card,0.215,1
txn_002281,cust_000142,1382.28,upi,1295,0,0,0.0,4,True,network_error,0.19,0
txn_002282,cust_002166,1052.8,wallet,1468,25,19,0.76,3,False,network_error,0.548,1
txn_002283,cust_002275,2635.33,wallet,903,10,7,0.7,1,False,insufficient_balance,0.53,1
txn_002284,cust_001923,3391.83,netbanking,1268,15,15,1.0,4,False,bank_decline,0.44,0
txn_002285,cust_000375,1029.85,netbanking,1306,17,15,0.8824,1,False,network_error,0.7447,0
txn_002286,cust_001946,1335.8,wallet,317,10,10,1.0,2,False,insufficient_balance,0.54,0
txn_002287,cust_002990,4336.02,upi,1148,24,21,0.875,4,False,network_error,0.5025,0
txn_002288,cust_002982,2907.11,upi,985,26,21,0.8077,2,False,insufficient_balance,0.4823,0
txn_002289,cust_000921,3218.69,wallet,791,4,4,1.0,1,False,insufficient_balance,0.62,1
txn_002290,cust_001469,1696.89,netbanking,126,5,5,1.0,4,False,bank_decline,0.44,1
txn_002291,cust_002557,208.77,card,1116,26,21,0.8077,3,False,gateway_error,0.5323,0
txn_002292,cust_000793,523.9,netbanking,1167,7,5,0.7143,3,False,authentication_failed,0.2543,0
txn_002293,cust_000803,1589.81,netbanking,228,21,16,0.7619,1,False,bank_decline,0.6086,1
txn_002294,cust_001922,672.81,upi,868,28,18,0.6429,4,False,insufficient_balance,0.2729,0
txn_002295,cust_001934,966.98,netbanking,734,5,3,0.6,1,False,bank_decline,0.56,0
txn_002296,cust_001873,2762.98,card,1137,23,16,0.6957,1,False,gateway_error,0.6587,0
txn_002297,cust_001301,3180.63,wallet,1494,13,11,0.8462,2,False,gateway_error,0.6238,1
txn_002298,cust_002007,750.02,wallet,110,3,3,1.0,2,False,gateway_error,0.67,1
txn_002299,cust_000037,1609.33,wallet,560,26,19,0.7308,2,False,authentication_failed,0.3392,1
txn_002300,cust_002046,1442.04,upi,1011,7,6,0.8571,1,False,insufficient_balance,0.5771,1
txn_002301,cust_002953,4898.69,netbanking,1164,4,2,0.5,1,False,network_error,0.63,1
txn_002302,cust_002240,1036.73,wallet,38,7,7,1.0,1,False,network_error,0.78,0
txn_002303,cust_002034,3337.53,netbanking,622,13,11,0.8462,2,False,gateway_error,0.6238,1
txn_002304,cust_002599,681.65,wallet,123,15,14,0.9333,4,False,bank_decline,0.42,0
txn_002305,cust_001506,2448.3,card,974,23,16,0.6957,1,False,network_error,0.6887,1
txn_002306,cust_002352,5239.18,upi,144,12,8,0.6667,3,False,network_error,0.52,1
txn_002307,cust_000030,4041.69,card,554,26,21,0.8077,1,False,gateway_error,0.6923,1
txn_002308,cust_001790,1044.66,card,1323,1,0,0.0,2,False,expired_card,0.07,0
txn_002309,cust_002718,718.04,netbanking,1198,12,8,0.6667,4,False,authentication_failed,0.16,0
txn_002310,cust_001887,342.94,wallet,635,22,17,0.7727,3,False,gateway_error,0.5218,0
txn_002311,cust_002378,864.24,upi,1084,9,6,0.6667,4,False,gateway_error,0.41,0
txn_002312,cust_003035,238.96,wallet,1331,14,9,0.6429,3,False,bank_decline,0.4129,1
txn_002313,cust_002470,1731.89,card,1155,1,1,1.0,4,False,bank_decline,0.44,1
txn_002314,cust_002689,3438.34,wallet,1291,3,3,1.0,3,False,network_error,0.62,1
txn_002315,cust_001608,1437.08,upi,1430,19,15,0.7895,2,False,bank_decline,0.5368,1
txn_002316,cust_001268,954.07,wallet,1361,13,8,0.6154,4,False,gateway_error,0.3946,1
txn_002317,cust_001437,200.24,wallet,1282,3,2,0.6667,4,False,authentication_failed,0.16,0
txn_002318,cust_001960,1143.07,netbanking,1009,13,9,0.6923,2,False,gateway_error,0.5777,1
txn_002319,cust_002152,496.28,wallet,322,26,24,0.9231,4,False,gateway_error,0.4869,1
txn_002320,cust_000335,765.77,upi,1198,12,8,0.6667,1,False,network_error,0.68,1
txn_002321,cust_000698,1333.83,upi,141,20,14,0.7,2,False,gateway_error,0.58,0
txn_002322,cust_002899,928.34,wallet,785,16,10,0.625,3,False,expired_card,0.1775,0
txn_002323,cust_002202,1149.3,wallet,171,9,4,0.4444,2,False,network_error,0.5333,1
txn_002324,cust_000165,900.5,netbanking,1260,24,16,0.6667,2,False,network_error,0.6,1
txn_002325,cust_002259,1240.91,wallet,261,25,18,0.72,3,False,authentication_failed,0.256,0
txn_002326,cust_001822,1110.68,netbanking,1052,2,2,1.0,3,False,insufficient_balance,0.46,0
txn_002327,cust_001504,2188.38,upi,1243,25,17,0.68,1,False,bank_decline,0.584,1
txn_002328,cust_001912,1009.97,upi,1211,6,4,0.6667,3,False,gateway_error,0.49,0
txn_002329,cust_001725,4200.2,netbanking,1243,1,1,1.0,1,False,insufficient_balance,0.62,0
txn_002330,cust_000794,460.96,card,170,19,15,0.7895,4,False,network_error,0.4768,0
txn_002331,cust_000147,483.76,wallet,551,27,17,0.6296,4,False,bank_decline,0.3289,0
txn_002332,cust_000910,527.54,card,1046,13,10,0.7692,2,False,network_error,0.6308,1
txn_002333,cust_000261,2788.42,netbanking,737,17,11,0.6471,3,False,bank_decline,0.4141,1
txn_002334,cust_001670,716.93,upi,1043,1,0,0.0,3,False,network_error,0.32,0
txn_002335,cust_002069,465.99,netbanking,375,0,0,0.0,4,True,insufficient_balance,0.03,0
txn_002336,cust_000355,2361.08,wallet,334,13,10,0.7692,1,False,gateway_error,0.6808,0
txn_002337,cust_001863,602.53,upi,1420,16,8,0.5,1,False,gateway_error,0.6,1
txn_002338,cust_002097,910.68,netbanking,91,9,7,0.7778,1,False,bank_decline,0.6133,1
txn_002339,cust_001105,166.0,upi,761,14,12,0.8571,1,False,authentication_failed,0.4571,1
txn_002340,cust_002820,1614.66,netbanking,1115,20,16,0.8,2,False,bank_decline,0.54,0
txn_002341,cust_002227,1352.19,netbanking,64,3,3,1.0,3,False,network_error,0.62,0
txn_002342,cust_000132,1521.25,wallet,543,29,22,0.7586,2,False,expired_card,0.2976,1
txn_002343,cust_002764,854.59,card,105,8,7,0.875,2,False,insufficient_balance,0.5025,0
txn_002344,cust_001966,393.85,wallet,177,2,2,1.0,2,False,bank_decline,0.6,1
txn_002345,cust_001243,3337.83,wallet,1002,8,5,0.625,3,False,insufficient_balance,0.3475,0
txn_002346,cust_000915,304.33,wallet,1239,18,13,0.7222,2,False,network_error,0.6167,1
txn_002347,cust_003325,823.61,netbanking,2,18,15,0.8333,3,False,authentication_failed,0.29,0
txn_002348,cust_002484,1319.49,netbanking,494,9,7,0.7778,3,False,bank_decline,0.4533,0
txn_002349,cust_002049,943.57,netbanking,1326,6,5,0.8333,2,False,bank_decline,0.55,0
txn_002350,cust_002013,4569.16,netbanking,555,21,17,0.8095,3,False,expired_card,0.2329,1
txn_002351,cust_002407,498.96,upi,1337,1,0,0.0,4,False,insufficient_balance,0.08,0
txn_002352,cust_000802,1050.14,card,1211,4,2,0.5,4,False,bank_decline,0.29,1
txn_002353,cust_000699,252.59,card,280,8,7,0.875,1,False,insufficient_balance,0.5825,0
txn_002354,cust_001217,1214.07,upi,707,5,5,1.0,2,False,bank_decline,0.6,1
txn_002355,cust_002907,473.85,wallet,478,12,11,0.9167,4,False,authentication_failed,0.235,0
txn_002356,cust_003255,521.03,wallet,241,23,15,0.6522,3,False,expired_card,0.1857,1
txn_002357,cust_003143,1303.97,upi,1222,10,9,0.9,1,False,gateway_error,0.72,1
txn_002358,cust_002417,1377.11,wallet,1446,21,18,0.8571,3,False,network_error,0.5771,0
txn_002359,cust_002333,2831.73,netbanking,164,24,21,0.875,1,False,gateway_error,0.7125,1
txn_002360,cust_002241,738.5,card,1025,7,6,0.8571,3,False,insufficient_balance,0.4171,0
txn_002361,cust_001061,938.14,card,433,9,5,0.5556,3,False,insufficient_balance,0.3267,0
txn_002362,cust_001517,649.01,upi,702,22,20,0.9091,4,False,bank_decline,0.4127,0
txn_002363,cust_002748,449.2,upi,491,9,5,0.5556,1,False,insufficient_balance,0.4867,1
txn_002364,cust_002276,2094.58,card,1451,7,4,0.5714,2,False,bank_decline,0.4714,0
txn_002365,cust_000193,411.23,wallet,24,7,6,0.8571,3,False,gateway_error,0.5471,0
txn_002366,cust_001724,584.17,card,1154,16,14,0.875,4,False,gateway_error,0.4725,1
txn_002367,cust_000538,1638.29,upi,692,21,18,0.8571,2,False,network_error,0.6571,0
txn_002368,cust_001027,2232.24,netbanking,1189,12,12,1.0,3,False,authentication_failed,0.34,1
txn_002369,cust_002433,3288.0,wallet,716,27,18,0.6667,3,False,authentication_failed,0.24,0
txn_002370,cust_002918,2047.39,wallet,1295,8,7,0.875,1,False,bank_decline,0.6425,0
txn_002371,cust_001787,650.71,wallet,1108,8,4,0.5,2,False,bank_decline,0.45,1
txn_002372,cust_002769,1525.78,wallet,164,8,4,0.5,1,False,bank_decline,0.53,0
txn_002373,cust_000131,481.48,upi,323,17,15,0.8824,3,False,network_error,0.5847,1
txn_002374,cust_002743,1644.47,wallet,524,6,3,0.5,1,False,insufficient_balance,0.47,0
txn_002375,cust_002549,922.63,netbanking,439,5,5,1.0,2,False,authentication_failed,0.42,0
txn_002376,cust_000487,228.72,wallet,1069,5,4,0.8,2,False,gateway_error,0.61,0
txn_002377,cust_000557,1924.7,upi,1122,14,12,0.8571,1,False,insufficient_balance,0.5771,0
txn_002378,cust_001810,1122.1,upi,1479,19,16,0.8421,3,False,bank_decline,0.4726,0
txn_002379,cust_003150,987.21,card,1320,12,11,0.9167,3,False,expired_card,0.265,0
txn_002380,cust_001272,2495.55,netbanking,1084,24,20,0.8333,1,False,insufficient_balance,0.57,1
txn_002381,cust_001374,530.58,wallet,923,25,15,0.6,2,False,authentication_failed,0.3,1
txn_002382,cust_003079,4417.72,wallet,693,15,11,0.7333,2,False,insufficient_balance,0.46,1
txn_002383,cust_001650,1331.92,card,1330,7,6,0.8571,1,False,gateway_error,0.7071,0
txn_002384,cust_001870,189.41,upi,1314,14,10,0.7143,1,False,expired_card,0.3643,1
txn_002385,cust_002124,761.8,upi,88,17,16,0.9412,4,False,bank_decline,0.4224,1
txn_002386,cust_001749,1291.2,card,981,19,12,0.6316,1,False,network_error,0.6695,1
txn_002387,cust_003232,1708.9,upi,166,19,17,0.8947,2,False,bank_decline,0.5684,0
txn_002388,cust_002027,2178.57,card,819,24,20,0.8333,1,False,insufficient_balance,0.57,0
txn_002389,cust_000252,318.87,netbanking,90,7,6,0.8571,4,False,insufficient_balance,0.3371,0
txn_002390,cust_001978,978.07,netbanking,722,10,9,0.9,4,False,gateway_error,0.48,1
txn_002391,cust_001759,541.37,wallet,265,28,18,0.6429,4,False,authentication_failed,0.1529,1
txn_002392,cust_001250,448.3,upi,1144,18,8,0.4444,4,False,bank_decline,0.2733,1
txn_002393,cust_002278,600.96,card,853,12,8,0.6667,1,False,bank_decline,0.58,0
txn_002394,cust_001467,1063.21,upi,498,19,13,0.6842,2,False,expired_card,0.2753,0
txn_002395,cust_001642,1460.66,card,1430,3,3,1.0,4,False,gateway_error,0.51,0
txn_002396,cust_003111,1322.64,card,1103,1,1,1.0,4,False,insufficient_balance,0.38,0
txn_002397,cust_003061,731.49,upi,811,25,20,0.8,4,False,network_error,0.48,1
txn_002398,cust_001998,512.68,netbanking,1189,20,16,0.8,2,False,authentication_failed,0.36,0
txn_002399,cust_001216,915.37,netbanking,1300,7,7,1.0,1,False,gateway_error,0.75,1
txn_002400,cust_002737,180.39,wallet,661,27,20,0.7407,3,False,expired_card,0.2122,0
txn_002401,cust_001687,385.58,upi,5,20,12,0.6,2,False,insufficient_balance,0.42,0
txn_002402,cust_001941,1510.03,netbanking,860,29,25,0.8621,1,False,network_error,0.7386,1
txn_002403,cust_001842,4065.12,upi,1041,5,3,0.6,1,False,authentication_failed,0.38,1
txn_002404,cust_000010,1157.02,upi,1002,23,17,0.7391,3,False,network_error,0.5417,1
txn_002405,cust_001254,905.05,wallet,53,23,18,0.7826,1,False,authentication_failed,0.4348,0
txn_002406,cust_001856,351.17,upi,1218,20,18,0.9,3,False,insufficient_balance,0.43,1
txn_002407,cust_002326,1257.0,wallet,326,7,6,0.8571,3,False,insufficient_balance,0.4171,0
txn_002408,cust_000678,4378.33,card,391,22,13,0.5909,4,False,bank_decline,0.3173,1
txn_002409,cust_002197,900.44,card,610,8,5,0.625,2,False,bank_decline,0.4875,0
txn_002410,cust_000447,611.18,upi,873,19,14,0.7368,2,False,gateway_error,0.5911,0
txn_002411,cust_001592,1299.06,card,1080,2,2,1.0,1,False,insufficient_balance,0.62,1
txn_002412,cust_002824,301.02,upi,614,0,0,0.0,2,True,bank_decline,0.25,0
txn_002413,cust_002734,1532.64,upi,907,16,12,0.75,1,False,expired_card,0.375,0
txn_002414,cust_002603,1844.77,upi,501,18,15,0.8333,1,False,authentication_failed,0.45,0
txn_002415,cust_000927,653.83,card,877,10,7,0.7,4,False,bank_decline,0.35,0
txn_002416,cust_002739,415.07,netbanking,451,7,6,0.8571,1,False,bank_decline,0.6371,1
txn_002417,cust_002784,1296.5,card,254,3,2,0.6667,1,False,bank_decline,0.58,0
txn_002418,cust_002673,952.54,netbanking,103,12,12,1.0,1,False,bank_decline,0.68,1
txn_002419,cust_002271,508.25,wallet,453,26,15,0.5769,2,False,bank_decline,0.4731,1
txn_002420,cust_003254,882.51,upi,1030,26,18,0.6923,4,False,bank_decline,0.3477,0
txn_002421,cust_003261,196.23,upi,1365,9,7,0.7778,4,False,gateway_error,0.4433,0
txn_002422,cust_000004,2755.96,card,108,29,23,0.7931,1,False,gateway_error,0.6879,1
txn_002423,cust_000136,1708.7,netbanking,1069,28,22,0.7857,3,False,bank_decline,0.4557,0
txn_002424,cust_002865,460.31,upi,99,25,23,0.92,1,False,expired_card,0.426,0
txn_002425,cust_000845,2189.91,wallet,484,15,9,0.6,3,False,gateway_error,0.47,1
txn_002426,cust_002662,867.52,netbanking,779,20,13,0.65,4,False,insufficient_balance,0.275,0
txn_002427,cust_001859,199.63,card,741,19,14,0.7368,3,False,expired_card,0.2111,0
txn_002428,cust_001714,1818.8,card,553,15,10,0.6667,2,False,insufficient_balance,0.44,1
txn_002429,cust_001697,2113.51,card,746,4,3,0.75,3,False,insufficient_balance,0.385,1
txn_002430,cust_003312,1757.18,card,1167,8,7,0.875,2,False,insufficient_balance,0.5025,0
txn_002431,cust_002135,1202.29,wallet,435,12,7,0.5833,1,False,network_error,0.655,0
txn_002432,cust_001527,1104.11,wallet,1351,20,17,0.85,2,False,gateway_error,0.625,1
txn_002433,cust_002012,5248.53,card,871,5,5,1.0,2,False,authentication_failed,0.42,0
txn_002434,cust_003332,482.59,card,1078,0,0,0.0,2,True,insufficient_balance,0.19,0
txn_002435,cust_002719,585.04,card,1069,11,6,0.5455,4,False,bank_decline,0.3036,0
txn_002436,cust_003047,569.8,netbanking,111,21,20,0.9524,1,False,authentication_failed,0.4857,0
txn_002437,cust_001481,850.33,netbanking,1482,26,18,0.6923,3,False,gateway_error,0.4977,1
txn_002438,cust_001084,597.42,card,1436,19,14,0.7368,3,False,gateway_error,0.5111,1
txn_002439,cust_001738,1446.11,upi,721,9,9,1.0,2,False,expired_card,0.37,0
txn_002440,cust_002052,931.0,upi,316,18,14,0.7778,2,False,network_error,0.6333,0
txn_002441,cust_000142,322.59,wallet,166,17,14,0.8235,4,False,gateway_error,0.4571,0
txn_002442,cust_003161,4227.88,card,291,3,1,0.3333,4,False,authentication_failed,0.06,0
txn_002443,cust_000389,688.23,card,643,7,4,0.5714,1,False,insufficient_balance,0.4914,1
txn_002444,cust_000867,234.28,card,737,28,22,0.7857,4,False,expired_card,0.1457,0
txn_002445,cust_000021,4509.02,upi,1351,27,23,0.8519,4,False,authentication_failed,0.2156,0
txn_002446,cust_002179,1164.48,upi,182,12,6,0.5,4,False,bank_decline,0.29,0
txn_002447,cust_002289,2031.09,netbanking,593,3,3,1.0,4,False,gateway_error,0.51,1
txn_002448,cust_003304,714.82,netbanking,1119,19,12,0.6316,4,False,authentication_failed,0.1495,0
txn_002449,cust_001623,1306.17,wallet,641,26,17,0.6538,2,False,authentication_failed,0.3162,0
txn_002450,cust_001157,2324.16,wallet,1105,28,24,0.8571,4,False,authentication_failed,0.2171,0
txn_002451,cust_000955,889.88,card,1163,4,4,1.0,4,False,bank_decline,0.44,1
txn_002452,cust_003162,984.28,upi,917,9,5,0.5556,1,False,gateway_error,0.6167,1
txn_002453,cust_002880,667.56,card,250,6,5,0.8333,2,False,gateway_error,0.62,0
txn_002454,cust_002720,947.14,upi,428,28,24,0.8571,2,False,bank_decline,0.5571,1
txn_002455,cust_001127,1438.49,upi,3,13,12,0.9231,3,False,authentication_failed,0.3169,0
txn_002456,cust_000555,2176.03,wallet,1409,20,16,0.8,2,False,authentication_failed,0.36,0
txn_002457,cust_002941,301.34,wallet,1433,7,7,1.0,2,False,gateway_error,0.67,1
txn_002458,cust_000837,1370.62,netbanking,1077,12,9,0.75,1,False,authentication_failed,0.425,1
txn_002459,cust_000191,372.14,netbanking,18,24,19,0.7917,2,False,expired_card,0.3075,0
txn_002460,cust_002961,664.96,card,917,6,5,0.8333,1,False,authentication_failed,0.45,0
txn_002461,cust_002103,792.71,upi,187,3,2,0.6667,4,False,authentication_failed,0.16,0
txn_002462,cust_000177,2023.64,upi,633,16,13,0.8125,1,False,authentication_failed,0.4438,1
txn_002463,cust_000077,694.95,card,1051,27,20,0.7407,2,False,authentication_failed,0.3422,0
txn_002464,cust_000694,434.96,wallet,1173,29,26,0.8966,4,False,authentication_failed,0.229,1
txn_002465,cust_003164,988.38,wallet,231,27,20,0.7407,3,False,bank_decline,0.4422,0
txn_002466,cust_001606,629.2,card,516,3,2,0.6667,3,False,network_error,0.52,0
txn_002467,cust_003124,3165.79,upi,1123,15,11,0.7333,2,False,insufficient_balance,0.46,1
txn_002468,cust_000817,5696.49,card,1320,28,19,0.6786,2,False,network_error,0.6036,0
txn_002469,cust_002373,382.81,upi,660,18,15,0.8333,3,False,network_error,0.57,1
txn_002470,cust_000604,1947.0,card,1025,21,10,0.4762,3,False,expired_card,0.1329,0
txn_002471,cust_000222,818.13,netbanking,1444,17,11,0.6471,4,False,gateway_error,0.4041,0
txn_002472,cust_001009,731.99,upi,569,24,21,0.875,4,False,insufficient_balance,0.3425,0
txn_002473,cust_002537,1812.69,upi,456,22,19,0.8636,3,False,gateway_error,0.5491,1
txn_002474,cust_001549,805.99,card,313,23,17,0.7391,4,False,insufficient_balance,0.3017,0
txn_002475,cust_003109,920.66,upi,1077,9,4,0.4444,2,False,authentication_failed,0.2533,0
txn_002476,cust_001412,1732.83,wallet,677,22,15,0.6818,4,False,network_error,0.4445,1
txn_002477,cust_001106,417.16,upi,555,21,12,0.5714,2,False,bank_decline,0.4714,0
txn_002478,cust_001515,582.55,upi,840,1,1,1.0,1,False,insufficient_balance,0.62,0
txn_002479,cust_000231,495.27,card,112,24,21,0.875,2,False,bank_decline,0.5625,1
txn_002480,cust_001785,638.55,netbanking,60,25,17,0.68,4,False,insufficient_balance,0.284,1
txn_002481,cust_001623,1264.13,card,435,19,10,0.5263,2,False,bank_decline,0.4579,1
txn_002482,cust_001347,1878.49,wallet,10,11,10,0.9091,3,False,gateway_error,0.5627,0
txn_002483,cust_002367,638.9,card,461,0,0,0.0,2,True,authentication_failed,0.07,0
txn_002484,cust_002805,2108.94,card,879,26,17,0.6538,3,False,network_error,0.5162,0
txn_002485,cust_000607,526.0,upi,36,23,19,0.8261,2,False,gateway_error,0.6178,0
txn_002486,cust_000627,1192.77,wallet,1003,28,25,0.8929,4,False,authentication_failed,0.2279,0
txn_002487,cust_002729,1010.85,card,451,21,16,0.7619,2,False,bank_decline,0.5286,0
txn_002488,cust_002903,1853.08,upi,950,12,8,0.6667,1,False,bank_decline,0.58,1
txn_002489,cust_003000,1693.38,wallet,826,10,9,0.9,2,False,gateway_error,0.64,0
txn_002490,cust_000371,1557.88,card,21,5,4,0.8,3,False,bank_decline,0.46,1
txn_002491,cust_001109,1103.09,netbanking,729,17,11,0.6471,2,False,insufficient_balance,0.4341,0
txn_002492,cust_002080,291.28,wallet,990,5,4,0.8,2,False,bank_decline,0.54,1
txn_002493,cust_002593,550.47,upi,909,22,18,0.8182,4,False,gateway_error,0.4555,0
txn_002494,cust_002476,1657.55,card,389,2,1,0.5,4,False,authentication_failed,0.11,0
txn_002495,cust_003147,773.74,card,1400,17,12,0.7059,4,False,network_error,0.4518,1
txn_002496,cust_003162,1306.53,card,785,17,11,0.6471,4,False,bank_decline,0.3341,1
txn_002497,cust_000453,676.68,wallet,1483,4,3,0.75,4,False,network_error,0.465,0
txn_002498,cust_001859,267.11,upi,897,8,7,0.875,3,False,insufficient_balance,0.4225,0
txn_002499,cust_002350,349.0,upi,798,16,13,0.8125,4,False,authentication_failed,0.2037,1
txn_002500,cust_002357,1112.67,netbanking,773,6,6,1.0,3,False,authentication_failed,0.34,0
txn_002501,cust_000665,718.37,netbanking,959,17,14,0.8235,3,False,network_error,0.5671,1
txn_002502,cust_002982,609.43,wallet,1317,13,6,0.4615,2,False,bank_decline,0.4385,0
txn_002503,cust_001139,910.05,wallet,1280,19,15,0.7895,1,False,gateway_error,0.6868,1
txn_002504,cust_001831,392.5,wallet,214,3,1,0.3333,1,False,gateway_error,0.55,0
txn_002505,cust_000121,1021.24,upi,397,22,16,0.7273,2,False,bank_decline,0.5182,1
txn_002506,cust_000236,1817.8,wallet,1139,21,16,0.7619,2,False,bank_decline,0.5286,1
txn_002507,cust_002946,4133.54,upi,131,15,10,0.6667,4,False,bank_decline,0.34,0
txn_002508,cust_002216,737.14,wallet,854,28,22,0.7857,2,False,bank_decline,0.5357,0
txn_002509,cust_001300,4449.33,netbanking,1467,6,6,1.0,4,False,authentication_failed,0.26,0
txn_002510,cust_000169,1279.23,card,1431,28,20,0.7143,1,False,gateway_error,0.6643,0
txn_002511,cust_001082,815.32,wallet,706,21,15,0.7143,3,False,network_error,0.5343,1
txn_002512,cust_000899,1102.25,card,781,10,8,0.8,3,False,authentication_failed,0.28,0
txn_002513,cust_001426,1834.86,wallet,239,24,20,0.8333,4,False,insufficient_balance,0.33,1
txn_002514,cust_002532,3072.17,netbanking,113,12,7,0.5833,4,False,network_error,0.415,0
txn_002515,cust_001398,1948.95,card,1434,25,17,0.68,3,False,gateway_error,0.494,0
txn_002516,cust_001378,151.26,card,982,21,15,0.7143,1,False,insufficient_balance,0.5343,0
txn_002517,cust_001446,780.23,card,301,28,23,0.8214,3,False,network_error,0.5664,0
txn_002518,cust_002024,953.18,netbanking,152,2,2,1.0,4,False,gateway_error,0.51,0
txn_002519,cust_000787,2483.9,wallet,496,25,16,0.64,1,False,network_error,0.672,1
txn_002520,cust_002072,2625.44,netbanking,198,9,9,1.0,2,False,bank_decline,0.6,1
txn_002521,cust_000172,754.06,netbanking,1498,5,5,1.0,2,False,network_error,0.7,1
txn_002522,cust_001138,191.96,wallet,800,12,8,0.6667,1,False,network_error,0.68,0
txn_002523,cust_003319,4498.28,wallet,470,10,8,0.8,4,False,insufficient_balance,0.32,1
txn_002524,cust_001231,1091.39,upi,651,12,10,0.8333,2,False,authentication_failed,0.37,0
txn_002525,cust_000054,1464.18,upi,969,3,3,1.0,4,False,insufficient_balance,0.38,1
txn_002526,cust_000286,349.98,upi,394,9,5,0.5556,1,False,network_error,0.6467,1
txn_002527,cust_000166,2833.17,netbanking,559,3,2,0.6667,3,False,gateway_error,0.49,0
txn_002528,cust_001389,380.7,upi,34,2,2,1.0,2,False,authentication_failed,0.42,0
txn_002529,cust_000150,386.73,netbanking,1344,28,19,0.6786,2,False,network_error,0.6036,1
txn_002530,cust_001589,1831.01,upi,16,11,7,0.6364,1,False,bank_decline,0.5709,0
txn_002531,cust_002241,747.09,upi,1423,14,10,0.7143,3,False,network_error,0.5343,0
txn_002532,cust_002029,1161.71,upi,624,29,20,0.6897,4,False,network_error,0.4469,0
txn_002533,cust_002880,1120.28,wallet,489,10,9,0.9,1,False,bank_decline,0.65,0
txn_002534,cust_002363,2232.27,card,1060,27,22,0.8148,1,False,network_error,0.7244,0
txn_002535,cust_002137,1967.29,netbanking,568,23,15,0.6522,2,False,bank_decline,0.4957,0
txn_002536,cust_000420,885.66,card,1447,13,12,0.9231,1,False,insufficient_balance,0.5969,0
txn_002537,cust_002476,208.77,netbanking,308,28,24,0.8571,2,False,authentication_failed,0.3771,0
txn_002538,cust_002989,1226.86,wallet,1143,10,8,0.8,2,False,bank_decline,0.54,1
txn_002539,cust_002685,580.07,wallet,1140,5,1,0.2,3,False,insufficient_balance,0.22,0
txn_002540,cust_001709,765.84,upi,899,6,3,0.5,4,False,expired_card,0.06,0
txn_002541,cust_002895,3139.56,card,1112,10,6,0.6,2,False,gateway_error,0.55,0
txn_002542,cust_003280,739.43,card,560,28,20,0.7143,3,False,network_error,0.5343,1
txn_002543,cust_000681,214.87,wallet,69,15,11,0.7333,3,False,bank_decline,0.44,1
txn_002544,cust_002805,1278.19,netbanking,208,29,23,0.7931,2,False,bank_decline,0.5379,1
txn_002545,cust_001993,6664.8,netbanking,669,27,22,0.8148,4,False,bank_decline,0.3844,0
txn_002546,cust_002552,1504.1,card,897,4,3,0.75,4,False,bank_decline,0.365,0
txn_002547,cust_000785,2972.63,card,807,2,1,0.5,2,False,gateway_error,0.52,1
txn_002548,cust_000659,2539.7,wallet,1014,14,11,0.7857,4,False,bank_decline,0.3757,1
txn_002549,cust_000162,575.47,wallet,860,20,13,0.65,1,False,gateway_error,0.645,1
txn_002550,cust_000362,1776.5,card,968,26,20,0.7692,2,False,gateway_error,0.6008,1
txn_002551,cust_002930,407.65,upi,1340,11,8,0.7273,4,False,insufficient_balance,0.2982,0
txn_002552,cust_002533,2892.65,card,846,6,4,0.6667,2,False,gateway_error,0.57,0
txn_002553,cust_000043,347.76,netbanking,318,4,4,1.0,3,False,bank_decline,0.52,0
txn_002554,cust_002262,1653.32,upi,1467,15,8,0.5333,3,False,bank_decline,0.38,0
txn_002555,cust_000267,992.29,netbanking,82,18,12,0.6667,3,False,authentication_failed,0.24,1
txn_002556,cust_001526,2511.66,wallet,440,1,1,1.0,1,False,bank_decline,0.68,0
txn_002557,cust_000211,3492.16,upi,21,3,1,0.3333,4,False,bank_decline,0.24,0
txn_002558,cust_002360,643.27,wallet,1260,15,9,0.6,3,False,insufficient_balance,0.34,1
txn_002559,cust_002157,1174.48,upi,560,17,14,0.8235,2,False,gateway_error,0.6171,0
txn_002560,cust_002085,3055.64,upi,1124,3,3,1.0,4,False,bank_decline,0.44,0
txn_002561,cust_002024,769.08,upi,39,6,5,0.8333,4,False,insufficient_balance,0.33,1
txn_002562,cust_002933,522.07,netbanking,414,24,17,0.7083,3,False,authentication_failed,0.2525,0
txn_002563,cust_002216,1545.27,card,694,2,1,0.5,3,False,bank_decline,0.37,0
txn_002564,cust_000051,631.19,upi,316,3,3,1.0,3,False,bank_decline,0.52,1
txn_002565,cust_000783,1167.01,wallet,839,2,0,0.0,2,False,expired_card,0.07,0
txn_002566,cust_002233,2662.42,upi,1393,10,8,0.8,1,False,authentication_failed,0.44,1
txn_002567,cust_000972,425.93,wallet,434,24,14,0.5833,4,False,insufficient_balance,0.255,0
txn_002568,cust_001359,6470.26,wallet,1292,2,1,0.5,1,False,bank_decline,0.53,0
txn_002569,cust_000700,456.35,card,132,22,18,0.8182,4,False,network_error,0.4855,0
txn_002570,cust_001761,280.5,card,782,19,14,0.7368,3,False,gateway_error,0.5111,0
txn_002571,cust_000144,2482.82,upi,553,28,18,0.6429,3,False,expired_card,0.1829,0
txn_002572,cust_001187,1075.7,wallet,279,8,6,0.75,3,False,authentication_failed,0.265,0
txn_002573,cust_002259,631.09,wallet,1431,1,1,1.0,2,False,expired_card,0.37,1
txn_002574,cust_001423,1642.26,wallet,133,4,2,0.5,4,False,bank_decline,0.29,1
txn_002575,cust_003063,787.97,card,1403,23,20,0.8696,2,False,bank_decline,0.5609,0
txn_002576,cust_002145,779.57,upi,525,10,8,0.8,2,False,network_error,0.64,1
txn_002577,cust_003077,485.04,wallet,691,17,15,0.8824,3,False,bank_decline,0.4847,0
txn_002578,cust_002188,1069.51,upi,219,11,9,0.8182,1,False,insufficient_balance,0.5655,1
txn_002579,cust_003320,1628.51,netbanking,648,19,16,0.8421,4,False,gateway_error,0.4626,0
txn_002580,cust_001301,1663.19,card,427,19,14,0.7368,2,False,gateway_error,0.5911,0
txn_002581,cust_002116,3794.65,wallet,1269,26,18,0.6923,4,False,authentication_failed,0.1677,0
txn_002582,cust_003165,618.03,netbanking,1378,17,15,0.8824,1,False,authentication_failed,0.4647,0
txn_002583,cust_001873,433.97,netbanking,774,9,6,0.6667,2,False,authentication_failed,0.32,0
txn_002584,cust_002981,817.35,upi,1411,13,8,0.6154,3,False,expired_card,0.1746,0
txn_002585,cust_001909,1914.04,wallet,1388,3,3,1.0,4,False,authentication_failed,0.26,0
txn_002586,cust_000480,3715.68,card,895,27,15,0.5556,3,False,network_error,0.4867,0
txn_002587,cust_002107,828.54,wallet,652,18,17,0.9444,3,False,authentication_failed,0.3233,0
txn_002588,cust_001145,754.02,card,996,15,11,0.7333,2,False,bank_decline,0.52,0
txn_002589,cust_002999,167.01,upi,967,17,13,0.7647,3,False,authentication_failed,0.2694,0
txn_002590,cust_001637,259.88,netbanking,397,13,10,0.7692,1,False,network_error,0.7108,1
txn_002591,cust_001751,329.59,wallet,1087,26,17,0.6538,1,False,authentication_failed,0.3962,1
txn_002592,cust_002820,548.62,netbanking,878,27,17,0.6296,4,False,network_error,0.4289,0
txn_002593,cust_002495,905.79,card,1312,14,8,0.5714,1,False,authentication_failed,0.3714,1
txn_002594,cust_001841,568.3,wallet,541,27,25,0.9259,2,False,authentication_failed,0.3978,1
txn_002595,cust_001997,950.13,netbanking,977,13,9,0.6923,2,False,bank_decline,0.5077,0
txn_002596,cust_001151,6240.33,wallet,1424,15,12,0.8,3,False,gateway_error,0.53,1
txn_002597,cust_001309,800.07,wallet,450,14,9,0.6429,3,False,bank_decline,0.4129,1
txn_002598,cust_001806,592.68,card,571,12,8,0.6667,3,False,bank_decline,0.42,0
txn_002599,cust_002589,1490.47,wallet,590,0,0,0.0,1,True,expired_card,0.1,1
txn_002600,cust_000360,696.51,wallet,959,26,22,0.8462,3,False,gateway_error,0.5438,1
txn_002601,cust_000706,947.15,card,860,12,9,0.75,1,False,gateway_error,0.675,0
txn_002602,cust_002234,2150.26,upi,712,20,18,0.9,4,False,bank_decline,0.41,1
txn_002603,cust_002968,4459.01,card,324,26,19,0.7308,1,False,insufficient_balance,0.5392,1
txn_002604,cust_002621,527.4,upi,19,26,22,0.8462,2,False,bank_decline,0.5538,1
txn_002605,cust_000459,2667.43,netbanking,310,16,11,0.6875,1,False,expired_card,0.3562,0
txn_002606,cust_001772,2539.85,wallet,203,4,4,1.0,1,False,gateway_error,0.75,1
txn_002607,cust_001834,3383.49,card,658,29,22,0.7586,4,False,expired_card,0.1376,0
txn_002608,cust_001440,1741.28,upi,92,23,16,0.6957,4,False,insufficient_balance,0.2887,1
txn_002609,cust_001766,1114.22,upi,170,3,2,0.6667,1,False,expired_card,0.35,0
txn_002610,cust_000484,5187.96,netbanking,881,28,22,0.7857,4,False,bank_decline,0.3757,0
txn_002611,cust_000866,3149.65,upi,510,3,2,0.6667,3,False,authentication_failed,0.24,0
txn_002612,cust_001967,3694.55,netbanking,965,2,1,0.5,1,False,bank_decline,0.53,0
txn_002613,cust_001028,503.64,upi,1268,18,14,0.7778,4,False,bank_decline,0.3733,1
txn_002614,cust_002108,539.1,wallet,1222,29,19,0.6552,2,False,bank_decline,0.4966,1
txn_002615,cust_002370,4844.91,upi,1151,0,0,0.0,1,True,gateway_error,0.4,0
txn_002616,cust_001285,1196.56,upi,1094,17,12,0.7059,2,False,insufficient_balance,0.4518,1
txn_002617,cust_002141,931.12,wallet,1141,12,7,0.5833,4,False,bank_decline,0.315,0
txn_002618,cust_003166,1729.68,card,502,22,14,0.6364,3,False,gateway_error,0.4809,1
txn_002619,cust_001983,1533.65,netbanking,89,12,9,0.75,3,False,bank_decline,0.445,0
txn_002620,cust_002219,2457.03,netbanking,564,12,10,0.8333,3,False,authentication_failed,0.29,1
txn_002621,cust_000298,1159.23,card,1418,25,21,0.84,4,False,network_error,0.492,0
txn_002622,cust_000639,1362.84,card,123,28,21,0.75,2,False,expired_card,0.295,0
txn_002623,cust_000223,926.62,upi,446,9,8,0.8889,1,False,gateway_error,0.7167,1
txn_002624,cust_002218,1435.23,wallet,1158,22,17,0.7727,4,False,insufficient_balance,0.3118,0
txn_002625,cust_000110,963.59,upi,69,11,10,0.9091,4,False,bank_decline,0.4127,0
txn_002626,cust_000156,3324.41,upi,783,25,17,0.68,2,False,network_error,0.604,1
txn_002627,cust_001433,344.68,upi,1130,4,4,1.0,4,False,bank_decline,0.44,0
txn_002628,cust_002327,731.08,upi,948,4,4,1.0,2,False,gateway_error,0.67,1
txn_002629,cust_000487,714.94,card,578,28,21,0.75,1,False,insufficient_balance,0.545,0
txn_002630,cust_003085,310.87,upi,356,6,4,0.6667,2,False,insufficient_balance,0.44,0
txn_002631,cust_001221,4373.6,wallet,214,2,1,0.5,4,False,gateway_error,0.36,1
txn_002632,cust_000567,3979.67,upi,1011,0,0,0.0,2,True,gateway_error,0.32,1
txn_002633,cust_002377,1654.14,upi,418,15,11,0.7333,2,False,bank_decline,0.52,0
txn_002634,cust_001411,822.68,wallet,2,23,18,0.7826,3,False,gateway_error,0.5248,0
txn_002635,cust_001468,1098.15,wallet,732,3,2,0.6667,2,False,authentication_failed,0.32,1
txn_002636,cust_002479,1373.85,wallet,1468,2,1,0.5,1,False,insufficient_balance,0.47,0
txn_002637,cust_003195,354.11,netbanking,1452,7,5,0.7143,2,False,gateway_error,0.5843,0
txn_002638,cust_001458,1158.86,card,1103,26,25,0.9615,4,False,authentication_failed,0.2485,0
txn_002639,cust_000615,2726.84,netbanking,99,15,12,0.8,4,False,gateway_error,0.45,1
txn_002640,cust_000901,1357.59,card,901,23,18,0.7826,3,False,authentication_failed,0.2748,0
txn_002641,cust_000574,1621.66,card,1422,23,16,0.6957,2,False,insufficient_balance,0.4487,1
txn_002642,cust_000890,804.02,wallet,1290,28,24,0.8571,4,False,gateway_error,0.4671,0
txn_002643,cust_000386,2772.43,wallet,888,29,19,0.6552,1,False,bank_decline,0.5766,1
txn_002644,cust_001239,1804.18,card,1266,28,19,0.6786,1,False,bank_decline,0.5836,1
txn_002645,cust_001057,3305.19,netbanking,122,17,13,0.7647,3,False,gateway_error,0.5194,1
txn_002646,cust_002654,706.12,netbanking,686,29,21,0.7241,3,False,authentication_failed,0.2572,0
txn_002647,cust_001960,2585.36,wallet,1076,26,22,0.8462,3,False,bank_decline,0.4738,0
txn_002648,cust_000861,396.47,card,748,21,17,0.8095,1,False,insufficient_balance,0.5629,1
txn_002649,cust_000178,1817.21,upi,1116,27,24,0.8889,4,False,expired_card,0.1767,0
txn_002650,cust_001089,3239.61,wallet,873,16,12,0.75,4,False,gateway_error,0.435,1
txn_002651,cust_000894,1169.56,upi,966,6,5,0.8333,3,False,insufficient_balance,0.41,1
txn_002652,cust_003022,542.21,wallet,766,7,6,0.8571,1,False,gateway_error,0.7071,1
txn_002653,cust_001075,1398.9,netbanking,230,9,5,0.5556,1,False,gateway_error,0.6167,1
txn_002654,cust_001691,327.95,wallet,598,23,16,0.6957,3,False,gateway_error,0.4987,1
txn_002655,cust_001145,1153.46,netbanking,478,1,1,1.0,4,False,network_error,0.54,0
txn_002656,cust_000956,2506.08,upi,655,7,5,0.7143,4,False,insufficient_balance,0.2943,0
txn_002657,cust_002509,542.13,upi,1191,11,7,0.6364,1,False,gateway_error,0.6409,0
txn_002658,cust_001033,2625.36,netbanking,1048,21,16,0.7619,3,False,bank_decline,0.4486,1
txn_002659,cust_000572,162.48,upi,169,2,1,0.5,3,False,insufficient_balance,0.31,1
txn_002660,cust_002893,1622.65,card,66,24,17,0.7083,1,False,gateway_error,0.6625,1
txn_002661,cust_002061,2417.43,wallet,700,1,1,1.0,2,False,insufficient_balance,0.54,0
txn_002662,cust_002465,290.77,netbanking,387,3,2,0.6667,2,False,network_error,0.6,1
txn_002663,cust_003198,1561.87,card,1168,11,11,1.0,3,False,network_error,0.62,1
txn_002664,cust_000095,678.58,netbanking,714,11,9,0.8182,3,False,bank_decline,0.4655,0
txn_002665,cust_002118,2389.95,wallet,9,0,0,0.0,4,True,bank_decline,0.09,0
txn_002666,cust_000647,224.56,netbanking,193,15,11,0.7333,3,False,gateway_error,0.51,1
txn_002667,cust_002536,1029.0,card,1416,0,0,0.0,2,True,insufficient_balance,0.19,0
txn_002668,cust_001526,861.4,card,1239,11,8,0.7273,3,False,gateway_error,0.5082,0
txn_002669,cust_002452,357.04,upi,1439,13,7,0.5385,4,False,authentication_failed,0.1215,0
txn_002670,cust_002402,1577.5,card,6,15,9,0.6,2,False,bank_decline,0.48,1
txn_002671,cust_002696,5756.21,wallet,30,6,2,0.3333,3,False,bank_decline,0.32,1
txn_002672,cust_000424,1893.31,netbanking,1483,15,14,0.9333,2,False,insufficient_balance,0.52,1
txn_002673,cust_001584,3422.31,upi,1260,16,10,0.625,1,False,gateway_error,0.6375,1
txn_002674,cust_000764,885.97,netbanking,528,17,13,0.7647,4,False,authentication_failed,0.1894,1
txn_002675,cust_002139,976.27,card,984,14,12,0.8571,2,False,bank_decline,0.5571,1
txn_002676,cust_003330,1512.62,netbanking,341,3,2,0.6667,3,False,authentication_failed,0.24,0
txn_002677,cust_001782,8820.1,wallet,1319,15,14,0.9333,4,False,bank_decline,0.42,1
txn_002678,cust_002009,887.54,wallet,830,27,25,0.9259,4,False,insufficient_balance,0.3578,0
txn_002679,cust_000352,1593.71,wallet,1123,26,20,0.7692,2,False,expired_card,0.3008,0
txn_002680,cust_001621,4829.76,wallet,23,14,8,0.5714,1,False,gateway_error,0.6214,0
txn_002681,cust_001065,871.53,card,71,4,3,0.75,3,False,authentication_failed,0.265,0
txn_002682,cust_001931,5067.04,netbanking,960,16,15,0.9375,1,False,gateway_error,0.7313,1
txn_002683,cust_003168,2832.49,wallet,1203,14,9,0.6429,1,False,expired_card,0.3429,0
txn_002684,cust_001085,1292.68,card,95,18,15,0.8333,3,False,gateway_error,0.54,0
txn_002685,cust_000186,3158.52,card,1433,17,14,0.8235,1,False,authentication_failed,0.4471,1
txn_002686,cust_001875,900.28,card,620,1,1,1.0,1,False,authentication_failed,0.5,1
txn_002687,cust_002408,933.55,upi,1333,2,2,1.0,4,False,bank_decline,0.44,0
txn_002688,cust_001103,859.95,upi,1094,5,5,1.0,3,False,insufficient_balance,0.46,0
txn_002689,cust_002180,149.3,upi,642,13,8,0.6154,1,False,bank_decline,0.5646,1
txn_002690,cust_001156,2367.94,netbanking,1235,24,19,0.7917,2,False,insufficient_balance,0.4775,0
txn_002691,cust_001070,2841.66,netbanking,492,3,1,0.3333,1,False,bank_decline,0.48,1
txn_002692,cust_000324,4468.3,wallet,751,17,12,0.7059,3,False,expired_card,0.2018,0
txn_002693,cust_000685,824.33,upi,347,23,17,0.7391,3,False,bank_decline,0.4417,1
txn_002694,cust_002089,1679.57,wallet,1440,28,22,0.7857,1,False,authentication_failed,0.4357,0
txn_002695,cust_003313,1464.33,wallet,1115,1,1,1.0,3,False,authentication_failed,0.34,0
txn_002696,cust_000086,830.33,card,310,18,11,0.6111,2,False,network_error,0.5833,1
txn_002697,cust_001481,717.52,netbanking,1124,12,8,0.6667,3,False,expired_card,0.19,1
txn_002698,cust_000359,816.64,netbanking,410,27,19,0.7037,2,False,bank_decline,0.5111,1
txn_002699,cust_000013,584.54,card,165,27,21,0.7778,3,False,authentication_failed,0.2733,0
txn_002700,cust_000707,2194.96,card,1102,2,1,0.5,2,False,authentication_failed,0.27,0
txn_002701,cust_002913,4551.66,netbanking,401,19,18,0.9474,3,False,insufficient_balance,0.4442,0
txn_002702,cust_001345,2699.9,upi,902,13,8,0.6154,3,False,gateway_error,0.4746,0
txn_002703,cust_003210,780.12,card,549,22,15,0.6818,3,False,bank_decline,0.4245,1
txn_002704,cust_001790,988.18,card,430,21,18,0.8571,3,False,expired_card,0.2471,0
txn_002705,cust_000641,1411.75,wallet,457,18,13,0.7222,2,False,bank_decline,0.5167,1
txn_002706,cust_000449,560.52,wallet,215,4,3,0.75,2,False,insufficient_balance,0.465,1
txn_002707,cust_002339,1779.27,netbanking,90,22,14,0.6364,4,False,bank_decline,0.3309,0
txn_002708,cust_002044,738.51,card,138,26,19,0.7308,1,False,insufficient_balance,0.5392,1
txn_002709,cust_002447,3524.63,netbanking,201,29,22,0.7586,3,False,bank_decline,0.4476,0
txn_002710,cust_000036,6853.94,wallet,28,15,10,0.6667,4,False,authentication_failed,0.16,0
txn_002711,cust_002813,2785.19,card,1469,25,20,0.8,2,False,bank_decline,0.54,0
txn_002712,cust_002386,741.69,wallet,827,16,14,0.875,3,False,network_error,0.5825,1
txn_002713,cust_002281,1793.49,wallet,1366,5,5,1.0,2,False,gateway_error,0.67,1
txn_002714,cust_000378,775.64,upi,982,7,6,0.8571,1,False,bank_decline,0.6371,1
txn_002715,cust_001213,1681.16,netbanking,191,3,3,1.0,3,False,bank_decline,0.52,0
txn_002716,cust_003062,324.66,upi,440,10,7,0.7,1,False,bank_decline,0.59,0
txn_002717,cust_000276,2078.29,card,106,22,15,0.6818,1,False,authentication_failed,0.4045,0
txn_002718,cust_002639,1393.64,netbanking,1257,26,16,0.6154,1,False,network_error,0.6646,0
txn_002719,cust_001216,526.02,upi,1350,6,4,0.6667,4,False,bank_decline,0.34,1
txn_002720,cust_000543,1447.11,wallet,380,15,9,0.6,3,False,bank_decline,0.4,0
txn_002721,cust_000934,612.32,card,649,27,24,0.8889,4,False,expired_card,0.1767,1
txn_002722,cust_001286,2517.15,wallet,678,22,16,0.7273,2,False,insufficient_balance,0.4582,1
txn_002723,cust_000595,4113.51,netbanking,301,17,12,0.7059,1,False,bank_decline,0.5918,1
txn_002724,cust_001962,571.51,upi,394,15,11,0.7333,2,False,network_error,0.62,1
txn_002725,cust_000481,912.93,wallet,1065,15,10,0.6667,2,False,authentication_failed,0.32,0
txn_002726,cust_002977,2155.28,netbanking,528,12,9,0.75,1,False,authentication_failed,0.425,0
txn_002727,cust_000428,1373.43,netbanking,368,14,12,0.8571,4,False,bank_decline,0.3971,1
txn_002728,cust_001173,2483.51,wallet,1162,14,8,0.5714,1,False,expired_card,0.3214,0
txn_002729,cust_003190,786.14,card,1162,26,21,0.8077,4,False,bank_decline,0.3823,0
txn_002730,cust_002404,634.04,upi,208,6,3,0.5,2,False,gateway_error,0.52,1
txn_002731,cust_002862,701.3,wallet,766,8,6,0.75,3,False,network_error,0.545,0
txn_002732,cust_002335,4232.91,card,1026,21,19,0.9048,4,False,insufficient_balance,0.3514,1
txn_002733,cust_001306,388.7,upi,323,7,2,0.2857,4,False,network_error,0.3257,0
txn_002734,cust_003302,1369.91,card,661,4,2,0.5,2,False,bank_decline,0.45,0
txn_002735,cust_002727,2713.46,card,812,9,6,0.6667,1,False,bank_decline,0.58,0
txn_002736,cust_001803,1002.07,upi,774,27,19,0.7037,3,False,insufficient_balance,0.3711,0
txn_002737,cust_001597,305.61,upi,1419,4,3,0.75,2,False,expired_card,0.295,0
txn_002738,cust_002096,253.82,wallet,61,0,0,0.0,2,True,network_error,0.35,0
txn_002739,cust_002333,1602.81,netbanking,204,14,11,0.7857,2,False,authentication_failed,0.3557,1
txn_002740,cust_000763,1515.17,netbanking,1061,12,8,0.6667,4,False,expired_card,0.11,0
txn_002741,cust_002684,1776.99,card,451,5,4,0.8,1,False,bank_decline,0.62,0
txn_002742,cust_001305,556.53,upi,1021,14,12,0.8571,2,False,bank_decline,0.5571,0
txn_002743,cust_002151,2991.76,wallet,1310,12,10,0.8333,1,False,bank_decline,0.63,0
txn_002744,cust_002539,586.02,netbanking,399,10,10,1.0,1,False,network_error,0.78,0
txn_002745,cust_000391,1700.76,netbanking,1107,11,3,0.2727,1,False,bank_decline,0.4618,0
txn_002746,cust_001586,1478.01,card,1101,25,16,0.64,3,False,insufficient_balance,0.352,0
txn_002747,cust_002978,2161.8,card,932,7,5,0.7143,1,False,insufficient_balance,0.5343,0
txn_002748,cust_002987,944.19,card,696,25,19,0.76,2,False,bank_decline,0.528,1
txn_002749,cust_000227,1091.28,card,601,18,15,0.8333,3,False,network_error,0.57,1
txn_002750,cust_001523,1969.58,netbanking,848,0,0,0.0,3,True,network_error,0.27,0
txn_002751,cust_000508,2671.59,card,609,15,11,0.7333,4,False,expired_card,0.13,0
txn_002752,cust_001570,2632.37,wallet,723,2,2,1.0,4,False,authentication_failed,0.26,1
txn_002753,cust_002943,352.8,netbanking,1123,4,3,0.75,2,False,authentication_failed,0.345,1
txn_002754,cust_001799,1185.83,netbanking,1063,24,23,0.9583,1,False,gateway_error,0.7375,1
txn_002755,cust_002162,1758.78,card,292,1,0,0.0,3,False,gateway_error,0.29,0
txn_002756,cust_000239,651.78,upi,272,3,3,1.0,1,False,gateway_error,0.75,1
txn_002757,cust_000830,6234.65,netbanking,650,15,11,0.7333,2,False,bank_decline,0.52,1
txn_002758,cust_001255,780.94,upi,814,21,14,0.6667,1,False,bank_decline,0.58,1
txn_002759,cust_000587,733.66,card,322,23,14,0.6087,1,False,gateway_error,0.6326,1
txn_002760,cust_003228,818.61,wallet,1227,14,11,0.7857,2,False,bank_decline,0.5357,0
txn_002761,cust_000480,1038.18,card,943,22,15,0.6818,3,False,gateway_error,0.4945,0
txn_002762,cust_001392,1136.36,netbanking,93,29,22,0.7586,1,False,network_error,0.7076,1
txn_002763,cust_000581,202.01,card,525,1,0,0.0,1,False,gateway_error,0.45,0
txn_002764,cust_002110,1887.32,wallet,339,11,6,0.5455,1,False,expired_card,0.3136,0
txn_002765,cust_001216,636.49,card,125,0,0,0.0,4,True,bank_decline,0.09,0
txn_002766,cust_001762,830.3,card,935,11,7,0.6364,4,False,bank_decline,0.3309,1
txn_002767,cust_002452,7558.76,card,1086,9,7,0.7778,4,False,network_error,0.4733,1
txn_002768,cust_001457,726.5,wallet,1135,22,19,0.8636,1,False,gateway_error,0.7091,1
txn_002769,cust_001225,807.75,wallet,1407,22,16,0.7273,4,False,network_error,0.4582,0
txn_002770,cust_003053,733.06,upi,1398,12,8,0.6667,4,False,network_error,0.44,1
txn_002771,cust_002095,1713.48,card,1214,4,4,1.0,3,False,gateway_error,0.59,0
txn_002772,cust_000348,2267.82,wallet,1001,29,19,0.6552,3,False,gateway_error,0.4866,0
txn_002773,cust_002248,869.82,upi,1140,18,14,0.7778,3,False,bank_decline,0.4533,1
txn_002774,cust_000694,7148.7,netbanking,1301,0,0,0.0,4,True,authentication_failed,0.02,0
txn_002775,cust_001685,1188.06,card,123,5,4,0.8,3,False,gateway_error,0.53,1
txn_002776,cust_002885,485.58,card,912,29,23,0.7931,4,False,expired_card,0.1479,0
txn_002777,cust_000224,1561.44,upi,152,18,12,0.6667,1,False,gateway_error,0.65,1
txn_002778,cust_001332,704.95,card,1338,17,10,0.5882,2,False,authentication_failed,0.2965,0
txn_002779,cust_001929,939.39,netbanking,1248,12,8,0.6667,1,False,gateway_error,0.65,0
txn_002780,cust_000909,1816.54,netbanking,1081,16,11,0.6875,3,False,gateway_error,0.4962,1
txn_002781,cust_002166,883.74,upi,638,25,19,0.76,1,False,authentication_failed,0.428,0
txn_002782,cust_000906,2439.73,netbanking,1065,27,20,0.7407,2,False,gateway_error,0.5922,1
txn_002783,cust_000800,1890.93,wallet,802,6,5,0.8333,3,False,gateway_error,0.54,1
txn_002784,cust_000266,810.38,wallet,794,3,3,1.0,2,False,network_error,0.7,0
txn_002785,cust_002077,2378.77,card,1117,29,19,0.6552,1,False,insufficient_balance,0.5166,0
txn_002786,cust_000877,1862.79,netbanking,1352,15,9,0.6,2,False,authentication_failed,0.3,0
txn_002787,cust_002974,308.42,card,582,13,8,0.6154,2,False,network_error,0.5846,1
txn_002788,cust_003202,1715.57,card,1125,26,19,0.7308,4,False,authentication_failed,0.1792,0
txn_002789,cust_000857,872.3,upi,338,9,7,0.7778,4,False,insufficient_balance,0.3133,0
txn_002790,cust_000422,483.3,netbanking,1359,11,9,0.8182,3,False,bank_decline,0.4655,0
txn_002791,cust_001929,754.14,card,629,1,1,1.0,2,False,bank_decline,0.6,1
txn_002792,cust_001988,1370.47,card,468,3,2,0.6667,3,False,gateway_error,0.49,0
txn_002793,cust_000324,435.93,upi,1020,29,23,0.7931,2,False,bank_decline,0.5379,1
txn_002794,cust_001061,4806.13,card,1461,21,15,0.7143,4,False,network_error,0.4543,1
txn_002795,cust_001568,1058.41,netbanking,765,16,13,0.8125,2,False,gateway_error,0.6138,1
txn_002796,cust_003220,1017.15,netbanking,305,5,4,0.8,3,False,bank_decline,0.46,1
txn_002797,cust_001050,1998.49,netbanking,722,13,9,0.6923,2,False,network_error,0.6077,0
txn_002798,cust_002826,621.39,card,387,8,5,0.625,4,False,gateway_error,0.3975,0
txn_002799,cust_000250,394.08,wallet,214,19,15,0.7895,1,False,network_error,0.7168,1
txn_002800,cust_002619,3972.08,netbanking,697,29,22,0.7586,3,False,expired_card,0.2176,0
txn_002801,cust_000049,1276.18,upi,426,23,13,0.5652,1,False,authentication_failed,0.3696,0
txn_002802,cust_003047,789.46,wallet,522,22,13,0.5909,4,False,insufficient_balance,0.2573,1
txn_002803,cust_003133,1806.58,wallet,670,22,14,0.6364,4,False,insufficient_balance,0.2709,0
txn_002804,cust_001208,1618.97,netbanking,67,19,16,0.8421,3,False,network_error,0.5726,1
txn_002805,cust_000381,1908.39,wallet,1398,28,23,0.8214,1,False,insufficient_balance,0.5664,1
txn_002806,cust_000342,762.49,upi,677,1,0,0.0,4,False,gateway_error,0.21,0
txn_002807,cust_001619,808.59,wallet,152,21,17,0.8095,1,False,gateway_error,0.6929,0
txn_002808,cust_000683,1330.9,card,67,4,2,0.5,3,False,bank_decline,0.37,0
txn_002809,cust_001961,1665.64,upi,572,15,11,0.7333,1,False,expired_card,0.37,1
txn_002810,cust_001202,239.61,wallet,277,23,20,0.8696,4,False,bank_decline,0.4009,0
txn_002811,cust_001502,763.06,card,508,1,1,1.0,4,False,authentication_failed,0.26,0
txn_002812,cust_001473,938.51,netbanking,1308,10,10,1.0,2,False,bank_decline,0.6,1
txn_002813,cust_000235,219.35,netbanking,268,28,20,0.7143,4,False,network_error,0.4543,0
txn_002814,cust_000685,1286.49,upi,1069,5,4,0.8,3,False,gateway_error,0.53,1
txn_002815,cust_002431,212.51,upi,794,28,20,0.7143,2,False,authentication_failed,0.3343,0
txn_002816,cust_001257,469.59,netbanking,398,13,9,0.6923,4,False,network_error,0.4477,1
txn_002817,cust_001391,772.19,card,116,8,7,0.875,4,False,insufficient_balance,0.3425,1
txn_002818,cust_000880,857.72,upi,386,21,18,0.8571,2,False,bank_decline,0.5571,1
txn_002819,cust_003320,471.88,netbanking,570,24,18,0.75,4,False,network_error,0.465,0
txn_002820,cust_003023,1664.28,card,549,14,11,0.7857,1,False,insufficient_balance,0.5557,0
txn_002821,cust_002142,787.14,upi,402,17,11,0.6471,2,False,bank_decline,0.4941,0
txn_002822,cust_002465,560.69,card,962,15,10,0.6667,4,False,authentication_failed,0.16,0
txn_002823,cust_002341,877.24,wallet,370,29,23,0.7931,2,False,authentication_failed,0.3579,1
txn_002824,cust_003236,2376.7,card,668,0,0,0.0,1,True,insufficient_balance,0.27,1
txn_002825,cust_002683,1178.67,netbanking,900,10,8,0.8,4,False,insufficient_balance,0.32,0
txn_002826,cust_000274,1441.69,upi,875,8,7,0.875,1,False,expired_card,0.4125,1
txn_002827,cust_001252,227.27,upi,390,19,15,0.7895,2,False,authentication_failed,0.3568,0
txn_002828,cust_001999,3289.67,upi,49,22,18,0.8182,3,False,expired_card,0.2355,0
txn_002829,cust_000572,1547.84,upi,1103,19,15,0.7895,1,False,insufficient_balance,0.5568,0
txn_002830,cust_000068,563.74,netbanking,1361,9,9,1.0,2,False,bank_decline,0.6,1
txn_002831,cust_000689,329.92,upi,904,12,11,0.9167,3,False,authentication_failed,0.315,1
txn_002832,cust_001159,4084.78,upi,553,15,14,0.9333,2,False,authentication_failed,0.4,1
txn_002833,cust_003099,2255.31,netbanking,638,24,18,0.75,1,False,authentication_failed,0.425,0
txn_002834,cust_001041,1470.68,wallet,961,4,4,1.0,1,False,authentication_failed,0.5,0
txn_002835,cust_001355,913.31,netbanking,1426,9,6,0.6667,2,False,gateway_error,0.57,1
txn_002836,cust_002788,1920.17,card,407,27,21,0.7778,4,False,network_error,0.4733,1
txn_002837,cust_002789,967.68,netbanking,661,26,20,0.7692,3,False,bank_decline,0.4508,1
txn_002838,cust_000340,5817.71,card,1486,11,9,0.8182,4,False,authentication_failed,0.2055,0
txn_002839,cust_000531,1316.41,netbanking,24,5,4,0.8,3,False,authentication_failed,0.28,0
txn_002840,cust_002295,1466.88,card,416,0,0,0.0,2,True,insufficient_balance,0.19,0
txn_002841,cust_000090,2665.2,netbanking,1405,18,13,0.7222,4,False,network_error,0.4567,0
txn_002842,cust_002037,1437.21,netbanking,837,17,11,0.6471,4,False,bank_decline,0.3341,0
txn_002843,cust_001800,3320.03,netbanking,248,1,1,1.0,4,False,bank_decline,0.44,0
txn_002844,cust_001429,2465.22,wallet,294,14,13,0.9286,2,False,insufficient_balance,0.5186,1
txn_002845,cust_001644,1440.37,upi,952,20,12,0.6,4,False,gateway_error,0.39,0
txn_002846,cust_001286,708.85,upi,1130,15,12,0.8,3,False,insufficient_balance,0.4,0
txn_002847,cust_002497,1506.41,card,727,25,22,0.88,2,False,gateway_error,0.634,1
txn_002848,cust_002108,1239.49,upi,426,25,19,0.76,2,False,bank_decline,0.528,0
txn_002849,cust_001612,2112.55,netbanking,1079,6,4,0.6667,1,False,insufficient_balance,0.52,1
txn_002850,cust_000730,812.53,netbanking,13,10,6,0.6,3,False,network_error,0.5,1
txn_002851,cust_000133,1402.29,netbanking,1343,8,4,0.5,1,False,insufficient_balance,0.47,0
txn_002852,cust_001207,932.61,card,855,27,20,0.7407,2,False,expired_card,0.2922,0
txn_002853,cust_002507,231.71,wallet,998,0,0,0.0,3,True,expired_card,0.02,0
txn_002854,cust_003290,3354.09,upi,608,17,13,0.7647,1,False,bank_decline,0.6094,1
txn_002855,cust_002300,1224.16,upi,1069,0,0,0.0,4,True,authentication_failed,0.02,0
txn_002856,cust_001819,2832.47,upi,219,27,23,0.8519,1,False,insufficient_balance,0.5756,1
txn_002857,cust_001819,2071.11,card,950,8,4,0.5,1,False,gateway_error,0.6,1
txn_002858,cust_002697,1924.35,wallet,1129,2,2,1.0,4,False,authentication_failed,0.26,1
txn_002859,cust_002655,285.06,card,1062,21,16,0.7619,3,False,expired_card,0.2186,0
txn_002860,cust_002251,1916.7,card,981,9,6,0.6667,1,False,insufficient_balance,0.52,1
txn_002861,cust_000970,483.24,card,1273,21,15,0.7143,4,False,bank_decline,0.3543,1
txn_002862,cust_000022,656.6,wallet,1088,21,17,0.8095,1,False,authentication_failed,0.4429,0
txn_002863,cust_001321,1068.13,wallet,403,9,7,0.7778,4,False,expired_card,0.1433,0
txn_002864,cust_002162,2171.26,upi,19,17,13,0.7647,2,False,bank_decline,0.5294,0
txn_002865,cust_001345,1934.99,card,337,11,9,0.8182,4,False,gateway_error,0.4555,1
txn_002866,cust_000017,595.94,upi,921,1,1,1.0,1,False,insufficient_balance,0.62,1
txn_002867,cust_002479,860.49,wallet,350,14,13,0.9286,1,False,bank_decline,0.6586,1
txn_002868,cust_000562,543.17,card,604,27,22,0.8148,1,False,authentication_failed,0.4444,0
txn_002869,cust_000962,597.62,wallet,1181,16,8,0.5,3,False,gateway_error,0.44,0
txn_002870,cust_001086,834.14,netbanking,1067,26,19,0.7308,4,False,bank_decline,0.3592,0
txn_002871,cust_002286,1417.39,upi,1218,5,3,0.6,1,False,bank_decline,0.56,0
txn_002872,cust_000612,3588.29,upi,705,12,10,0.8333,2,False,expired_card,0.32,1
txn_002873,cust_001655,1875.8,card,1067,4,2,0.5,1,False,expired_card,0.3,0
txn_002874,cust_000242,2148.82,wallet,1132,29,24,0.8276,3,False,authentication_failed,0.2883,0
txn_002875,cust_000033,134.64,upi,588,5,3,0.6,2,False,bank_decline,0.48,1
txn_002876,cust_002941,1950.93,netbanking,499,24,20,0.8333,4,False,authentication_failed,0.21,0
txn_002877,cust_000221,3224.27,card,535,7,5,0.7143,3,False,bank_decline,0.4343,0
txn_002878,cust_002902,480.77,netbanking,14,15,12,0.8,4,False,authentication_failed,0.2,0
txn_002879,cust_000267,2167.91,card,997,1,1,1.0,2,False,gateway_error,0.67,1
txn_002880,cust_003123,760.07,netbanking,807,24,17,0.7083,4,False,authentication_failed,0.1725,1
txn_002881,cust_000450,1270.72,netbanking,1355,20,18,0.9,1,False,authentication_failed,0.47,0
txn_002882,cust_001572,737.31,card,959,9,6,0.6667,3,False,network_error,0.52,0
txn_002883,cust_002990,1236.68,card,1009,19,15,0.7895,2,False,network_error,0.6368,0
txn_002884,cust_001823,1421.84,wallet,719,3,2,0.6667,1,False,bank_decline,0.58,0
txn_002885,cust_001375,900.01,upi,741,14,13,0.9286,2,False,network_error,0.6786,1
txn_002886,cust_000533,1118.35,wallet,797,4,4,1.0,2,False,gateway_error,0.67,0
txn_002887,cust_001481,1709.43,wallet,1260,8,5,0.625,1,False,authentication_failed,0.3875,1
txn_002888,cust_002974,733.1,upi,74,26,22,0.8462,1,False,gateway_error,0.7038,0
txn_002889,cust_001862,1071.13,upi,332,7,6,0.8571,3,False,bank_decline,0.4771,0
txn_002890,cust_003040,2484.54,card,400,28,21,0.75,2,False,insufficient_balance,0.465,1
txn_002891,cust_003073,281.22,upi,537,25,17,0.68,2,False,gateway_error,0.574,1
txn_002892,cust_000867,888.99,card,476,14,11,0.7857,2,False,bank_decline,0.5357,1
txn_002893,cust_001370,1233.4,upi,1108,0,0,0.0,2,True,insufficient_balance,0.19,0
txn_002894,cust_001585,1004.46,card,1219,20,13,0.65,2,False,network_error,0.595,1
txn_002895,cust_002213,504.44,netbanking,890,6,6,1.0,2,False,insufficient_balance,0.54,1
txn_002896,cust_000185,240.65,upi,951,28,23,0.8214,3,False,insufficient_balance,0.4064,1
txn_002897,cust_002369,3170.02,netbanking,9,1,0,0.0,4,False,network_error,0.24,0
txn_002898,cust_000601,2623.13,netbanking,492,8,2,0.25,4,False,insufficient_balance,0.155,0
txn_002899,cust_000044,275.28,card,315,16,14,0.875,1,False,insufficient_balance,0.5825,1
txn_002900,cust_002804,1487.48,netbanking,376,0,0,0.0,4,True,network_error,0.19,0
txn_002901,cust_000549,991.35,upi,1354,1,1,1.0,1,False,gateway_error,0.75,1
txn_002902,cust_002109,374.06,card,1069,23,19,0.8261,2,False,gateway_error,0.6178,1
txn_002903,cust_002733,5050.96,netbanking,824,24,19,0.7917,3,False,authentication_failed,0.2775,0
txn_002904,cust_000655,663.46,wallet,844,24,18,0.75,1,False,expired_card,0.375,1
txn_002905,cust_000259,909.16,upi,80,23,16,0.6957,3,False,insufficient_balance,0.3687,0
txn_002906,cust_002993,691.94,card,577,13,8,0.6154,1,False,gateway_error,0.6346,1
txn_002907,cust_002102,745.02,wallet,694,4,3,0.75,3,False,expired_card,0.215,0
txn_002908,cust_002373,412.8,netbanking,1218,7,4,0.5714,2,False,bank_decline,0.4714,0
txn_002909,cust_001597,3596.44,upi,1169,6,6,1.0,1,False,authentication_failed,0.5,1
txn_002910,cust_002405,1543.75,card,619,0,0,0.0,3,True,network_error,0.27,1
txn_002911,cust_000119,1799.94,card,82,6,5,0.8333,1,False,network_error,0.73,1
txn_002912,cust_002383,1029.07,netbanking,1353,17,14,0.8235,4,False,network_error,0.4871,1
txn_002913,cust_000405,526.74,upi,1176,15,11,0.7333,1,False,expired_card,0.37,1
txn_002914,cust_003299,869.76,wallet,458,22,14,0.6364,4,False,authentication_failed,0.1509,0
txn_002915,cust_002802,1074.36,wallet,435,29,22,0.7586,4,False,gateway_error,0.4376,1
txn_002916,cust_001147,959.29,card,237,15,13,0.8667,4,False,gateway_error,0.47,0
txn_002917,cust_000372,1330.98,upi,203,6,4,0.6667,2,False,bank_decline,0.5,1
txn_002918,cust_000631,388.07,wallet,655,27,22,0.8148,3,False,bank_decline,0.4644,0
txn_002919,cust_002560,273.16,card,1126,4,2,0.5,2,False,authentication_failed,0.27,0
txn_002920,cust_002889,1337.83,wallet,446,20,17,0.85,2,False,insufficient_balance,0.495,0
txn_002921,cust_003188,1244.96,wallet,180,9,7,0.7778,2,False,insufficient_balance,0.4733,0
txn_002922,cust_002971,2280.79,netbanking,239,16,11,0.6875,1,False,insufficient_balance,0.5262,0
txn_002923,cust_001599,821.91,wallet,1015,2,2,1.0,4,False,bank_decline,0.44,0
txn_002924,cust_000625,1761.26,upi,75,4,2,0.5,3,False,network_error,0.47,0
txn_002925,cust_001493,1053.37,wallet,821,24,20,0.8333,3,False,network_error,0.57,1
txn_002926,cust_000498,233.96,card,312,18,15,0.8333,3,False,gateway_error,0.54,1
txn_002927,cust_003240,539.56,upi,626,14,13,0.9286,3,False,bank_decline,0.4986,0
txn_002928,cust_000452,1924.14,upi,1222,10,8,0.8,4,False,network_error,0.48,0
txn_002929,cust_000334,178.2,wallet,1215,29,19,0.6552,2,False,network_error,0.5966,1
txn_002930,cust_003275,2069.66,netbanking,3,0,0,0.0,3,True,gateway_error,0.24,0
txn_002931,cust_002988,719.08,netbanking,1155,15,11,0.7333,4,False,bank_decline,0.36,0
txn_002932,cust_000631,1659.18,card,734,17,12,0.7059,3,False,network_error,0.5318,0
txn_002933,cust_001982,1862.52,card,273,28,19,0.6786,1,False,network_error,0.6836,1
txn_002934,cust_000660,465.88,netbanking,872,15,13,0.8667,4,False,bank_decline,0.4,0
txn_002935,cust_002070,1510.47,upi,1139,29,20,0.6897,3,False,gateway_error,0.4969,0
txn_002936,cust_001872,2698.6,upi,508,17,11,0.6471,4,False,insufficient_balance,0.2741,0
txn_002937,cust_002806,1555.93,upi,430,7,5,0.7143,4,False,insufficient_balance,0.2943,0
txn_002938,cust_002297,2246.41,netbanking,1155,4,3,0.75,1,False,bank_decline,0.605,1
txn_002939,cust_000453,3327.01,card,498,21,17,0.8095,2,False,network_error,0.6429,0
txn_002940,cust_001830,2780.14,upi,346,11,8,0.7273,2,False,expired_card,0.2882,0
txn_002941,cust_001007,1186.25,wallet,742,21,13,0.619,4,False,gateway_error,0.3957,1
txn_002942,cust_001246,2017.41,card,712,22,19,0.8636,4,False,authentication_failed,0.2191,1
txn_002943,cust_001607,2309.06,upi,345,0,0,0.0,4,True,insufficient_balance,0.03,0
txn_002944,cust_001828,1710.18,netbanking,1294,13,8,0.6154,3,False,bank_decline,0.4046,0
txn_002945,cust_000250,1681.04,card,729,16,12,0.75,2,False,bank_decline,0.525,1
txn_002946,cust_000216,523.17,card,747,18,13,0.7222,3,False,bank_decline,0.4367,0
txn_002947,cust_001829,1575.32,upi,1250,6,6,1.0,1,False,insufficient_balance,0.62,0
txn_002948,cust_000990,617.57,upi,604,2,1,0.5,4,False,authentication_failed,0.11,0
txn_002949,cust_001162,434.0,netbanking,315,7,7,1.0,4,False,bank_decline,0.44,0
txn_002950,cust_001371,1318.13,card,949,7,5,0.7143,4,False,gateway_error,0.4243,0
txn_002951,cust_002745,928.79,wallet,374,20,13,0.65,4,False,gateway_error,0.405,1
txn_002952,cust_002621,625.62,netbanking,767,28,23,0.8214,1,False,authentication_failed,0.4464,0
txn_002953,cust_002163,2145.67,netbanking,1278,29,24,0.8276,2,False,insufficient_balance,0.4883,0
txn_002954,cust_002238,960.74,card,1477,29,19,0.6552,4,False,expired_card,0.1066,0
txn_002955,cust_002368,410.81,upi,798,9,8,0.8889,4,False,bank_decline,0.4067,0
txn_002956,cust_001693,1499.68,upi,165,14,9,0.6429,3,False,expired_card,0.1829,0
txn_002957,cust_002721,1168.52,netbanking,464,27,22,0.8148,4,False,authentication_failed,0.2044,1
txn_002958,cust_000679,348.47,wallet,979,17,13,0.7647,1,False,network_error,0.7094,0
txn_002959,cust_003272,990.59,upi,1488,27,19,0.7037,4,False,network_error,0.4511,0
txn_002960,cust_001597,1280.06,netbanking,169,25,15,0.6,1,False,bank_decline,0.56,0
txn_002961,cust_002506,272.34,wallet,561,18,13,0.7222,3,False,insufficient_balance,0.3767,0
txn_002962,cust_002727,672.7,upi,261,0,0,0.0,2,True,insufficient_balance,0.19,0
txn_002963,cust_001268,1188.23,card,362,3,2,0.6667,4,False,network_error,0.44,0
txn_002964,cust_000775,1531.1,wallet,1054,29,23,0.7931,3,False,bank_decline,0.4579,1
txn_002965,cust_002049,412.62,upi,458,14,13,0.9286,3,False,insufficient_balance,0.4386,0
txn_002966,cust_002954,3764.37,card,74,22,16,0.7273,4,False,gateway_error,0.4282,1
txn_002967,cust_000181,501.63,netbanking,356,28,20,0.7143,2,False,authentication_failed,0.3343,0
txn_002968,cust_000072,1656.44,netbanking,337,17,15,0.8824,3,False,network_error,0.5847,0
txn_002969,cust_002839,376.25,upi,644,1,1,1.0,2,False,insufficient_balance,0.54,1
txn_002970,cust_000759,623.93,card,676,15,9,0.6,3,False,network_error,0.5,0
txn_002971,cust_001046,1434.44,netbanking,493,7,4,0.5714,1,False,gateway_error,0.6214,1
txn_002972,cust_002463,765.29,netbanking,674,1,1,1.0,2,False,bank_decline,0.6,1
txn_002973,cust_001206,1005.22,wallet,35,18,13,0.7222,2,False,network_error,0.6167,1
txn_002974,cust_002848,1122.72,upi,9,8,7,0.875,4,False,authentication_failed,0.2225,0
txn_002975,cust_001719,1508.82,upi,205,6,3,0.5,1,False,authentication_failed,0.35,1
txn_002976,cust_001332,924.75,card,1106,7,5,0.7143,1,False,gateway_error,0.6643,0
txn_002977,cust_001913,1487.86,upi,1294,26,15,0.5769,4,False,insufficient_balance,0.2531,1
txn_002978,cust_002737,1123.36,card,499,20,18,0.9,3,False,expired_card,0.26,0
txn_002979,cust_002303,1735.3,upi,231,22,19,0.8636,3,False,authentication_failed,0.2991,0
txn_002980,cust_003212,379.29,card,719,17,13,0.7647,1,False,bank_decline,0.6094,0
txn_002981,cust_001099,1087.46,card,325,2,1,0.5,4,False,authentication_failed,0.11,0
txn_002982,cust_003132,630.21,upi,870,4,2,0.5,4,False,gateway_error,0.36,0
txn_002983,cust_001576,1326.13,upi,782,6,3,0.5,2,False,authentication_failed,0.27,0
txn_002984,cust_000762,2263.94,wallet,758,24,16,0.6667,2,False,bank_decline,0.5,0
txn_002985,cust_002619,1627.97,upi,1494,0,0,0.0,1,True,bank_decline,0.33,1
txn_002986,cust_002034,1780.31,wallet,1007,25,15,0.6,1,False,bank_decline,0.56,1
txn_002987,cust_001648,11410.08,card,368,13,8,0.6154,4,False,authentication_failed,0.1446,0
txn_002988,cust_001614,1002.77,wallet,261,20,15,0.75,4,False,insufficient_balance,0.305,0
txn_002989,cust_000558,1331.46,upi,1170,17,11,0.6471,1,False,insufficient_balance,0.5141,0
txn_002990,cust_001012,955.54,card,1107,19,15,0.7895,3,False,insufficient_balance,0.3968,1
txn_002991,cust_000077,1174.4,upi,696,5,4,0.8,2,False,authentication_failed,0.36,0
txn_002992,cust_003100,2798.94,card,463,12,8,0.6667,1,False,expired_card,0.35,0
txn_002993,cust_002126,667.21,card,1274,22,18,0.8182,4,False,authentication_failed,0.2055,0
txn_002994,cust_001588,1178.49,wallet,601,7,5,0.7143,1,False,insufficient_balance,0.5343,1
txn_002995,cust_001322,642.73,upi,1299,19,12,0.6316,4,False,gateway_error,0.3995,0
txn_002996,cust_003252,1785.88,card,1123,19,15,0.7895,3,False,insufficient_balance,0.3968,0
txn_002997,cust_000538,2136.61,upi,55,24,17,0.7083,4,False,authentication_failed,0.1725,0
txn_002998,cust_000514,629.05,card,1363,0,0,0.0,4,True,insufficient_balance,0.03,0
txn_002999,cust_000378,1058.44,upi,836,29,23,0.7931,2,False,gateway_error,0.6079,0
txn_003000,cust_001898,1959.1,wallet,921,21,18,0.8571,3,False,gateway_error,0.5471,1
txn_003001,cust_000931,927.07,wallet,1062,2,2,1.0,2,False,expired_card,0.37,0
txn_003002,cust_003222,3850.03,card,1104,29,23,0.7931,2,False,authentication_failed,0.3579,1
txn_003003,cust_002141,951.09,card,1165,20,18,0.9,2,False,bank_decline,0.57,0
txn_003004,cust_002630,1088.64,netbanking,21,7,5,0.7143,3,False,bank_decline,0.4343,0
txn_003005,cust_001501,345.15,netbanking,477,23,16,0.6957,4,False,authentication_failed,0.1687,1
txn_003006,cust_001027,2079.83,wallet,464,24,19,0.7917,4,False,gateway_error,0.4475,0
txn_003007,cust_002222,865.7,card,1253,19,12,0.6316,1,False,gateway_error,0.6395,1
txn_003008,cust_002269,6235.06,netbanking,164,27,20,0.7407,4,False,authentication_failed,0.1822,0
txn_003009,cust_002603,1374.28,card,500,25,19,0.76,2,False,gateway_error,0.598,1
txn_003010,cust_001447,1220.16,upi,993,4,1,0.25,3,False,bank_decline,0.295,0
txn_003011,cust_002691,1301.53,upi,726,24,16,0.6667,4,False,bank_decline,0.34,0
txn_003012,cust_001864,952.62,netbanking,644,7,4,0.5714,1,False,expired_card,0.3214,0
txn_003013,cust_001357,399.7,upi,1173,4,4,1.0,2,False,network_error,0.7,1
txn_003014,cust_002919,2821.77,netbanking,855,16,14,0.875,4,False,authentication_failed,0.2225,0
txn_003015,cust_000588,398.86,card,125,25,22,0.88,3,False,network_error,0.584,1
txn_003016,cust_002973,449.65,card,685,0,0,0.0,4,True,expired_card,0.02,0
txn_003017,cust_000295,626.43,netbanking,1174,18,14,0.7778,1,False,bank_decline,0.6133,1
txn_003018,cust_003286,1396.79,wallet,31,28,18,0.6429,4,False,expired_card,0.1029,0
txn_003019,cust_002570,2321.71,wallet,1301,3,2,0.6667,1,False,authentication_failed,0.4,1
txn_003020,cust_000917,439.18,upi,485,12,10,0.8333,3,False,insufficient_balance,0.41,0
txn_003021,cust_003137,1179.64,card,362,26,20,0.7692,2,False,bank_decline,0.5308,0
txn_003022,cust_001523,770.89,upi,1382,16,10,0.625,2,False,bank_decline,0.4875,0
txn_003023,cust_002339,100.0,wallet,635,21,10,0.4762,4,False,network_error,0.3829,1
txn_003024,cust_000634,3624.37,netbanking,728,27,22,0.8148,3,False,bank_decline,0.4644,0
txn_003025,cust_000753,3379.78,netbanking,507,20,16,0.8,2,False,gateway_error,0.61,1
txn_003026,cust_002740,2473.5,card,1416,19,13,0.6842,3,False,bank_decline,0.4253,1
txn_003027,cust_001691,999.63,card,1060,17,14,0.8235,4,False,expired_card,0.1571,0
txn_003028,cust_002730,2186.57,wallet,371,4,2,0.5,2,False,authentication_failed,0.27,0
txn_003029,cust_001179,119.59,wallet,1035,8,6,0.75,2,False,bank_decline,0.525,1
txn_003030,cust_001431,613.7,card,331,26,21,0.8077,1,False,bank_decline,0.6223,1
txn_003031,cust_002191,753.8,netbanking,861,5,4,0.8,4,False,authentication_failed,0.2,0
txn_003032,cust_002958,2672.41,card,557,3,2,0.6667,3,False,network_error,0.52,1
txn_003033,cust_000754,627.3,netbanking,466,14,11,0.7857,4,False,expired_card,0.1457,1
txn_003034,cust_002423,325.96,card,712,27,22,0.8148,4,False,bank_decline,0.3844,0
txn_003035,cust_000972,2882.6,card,933,4,4,1.0,2,False,gateway_error,0.67,1
txn_003036,cust_001413,674.69,card,1430,2,2,1.0,4,False,bank_decline,0.44,0
txn_003037,cust_001625,968.67,wallet,1392,2,2,1.0,3,False,expired_card,0.29,1
txn_003038,cust_000642,1196.13,netbanking,853,2,1,0.5,4,False,authentication_failed,0.11,0
txn_003039,cust_001743,2663.38,wallet,589,3,2,0.6667,3,False,expired_card,0.19,0
txn_003040,cust_002034,189.26,wallet,685,0,0,0.0,1,True,bank_decline,0.33,1
txn_003041,cust_002492,1227.23,netbanking,1242,14,8,0.5714,4,False,insufficient_balance,0.2514,0
txn_003042,cust_001908,546.23,wallet,737,11,9,0.8182,4,False,authentication_failed,0.2055,0
txn_003043,cust_002127,758.08,upi,1104,16,13,0.8125,3,False,insufficient_balance,0.4037,0
txn_003044,cust_001133,585.42,netbanking,1440,19,11,0.5789,4,False,insufficient_balance,0.2537,0
txn_003045,cust_001635,695.98,netbanking,182,21,17,0.8095,1,False,authentication_failed,0.4429,0
txn_003046,cust_002463,1838.85,upi,1320,22,20,0.9091,4,False,bank_decline,0.4127,0
txn_003047,cust_001835,635.96,card,963,8,7,0.875,1,False,authentication_failed,0.4625,0
txn_003048,cust_001416,1843.44,wallet,1257,17,11,0.6471,4,False,gateway_error,0.4041,1
txn_003049,cust_000908,2398.36,upi,1169,6,6,1.0,1,False,bank_decline,0.68,1
txn_003050,cust_000981,1048.6,netbanking,715,4,4,1.0,2,False,bank_decline,0.6,1
txn_003051,cust_002868,2226.51,upi,1051,2,2,1.0,2,False,bank_decline,0.6,1
txn_003052,cust_000450,1503.12,upi,1258,22,17,0.7727,1,False,authentication_failed,0.4318,0
txn_003053,cust_003301,833.56,card,1273,5,3,0.6,1,False,bank_decline,0.56,0
txn_003054,cust_002276,856.13,card,627,18,13,0.7222,4,False,bank_decline,0.3567,0
txn_003055,cust_002965,913.94,netbanking,1015,18,14,0.7778,1,False,insufficient_balance,0.5533,0
txn_003056,cust_000954,1746.64,netbanking,128,21,17,0.8095,3,False,insufficient_balance,0.4029,0
txn_003057,cust_000582,352.19,card,1386,15,14,0.9333,1,False,gateway_error,0.73,1
txn_003058,cust_002892,3770.34,netbanking,492,5,4,0.8,3,False,authentication_failed,0.28,0
txn_003059,cust_001286,1172.17,wallet,456,13,9,0.6923,4,False,gateway_error,0.4177,0
txn_003060,cust_003258,2894.3,netbanking,350,8,2,0.25,1,False,network_error,0.555,0
txn_003061,cust_000282,5473.15,netbanking,1275,6,4,0.6667,3,False,authentication_failed,0.24,0
txn_003062,cust_000667,977.27,wallet,767,25,21,0.84,2,False,authentication_failed,0.372,0
txn_003063,cust_001844,742.06,wallet,412,9,7,0.7778,1,False,gateway_error,0.6833,0
txn_003064,cust_003071,7259.7,wallet,1308,25,20,0.8,1,False,network_error,0.72,1
txn_003065,cust_000993,338.91,card,1176,11,10,0.9091,1,False,expired_card,0.4227,0
txn_003066,cust_001012,1018.04,netbanking,814,19,16,0.8421,3,False,bank_decline,0.4726,0
txn_003067,cust_000765,2340.1,netbanking,147,26,19,0.7308,2,False,insufficient_balance,0.4592,1
txn_003068,cust_002371,1138.7,netbanking,1445,24,18,0.75,4,False,gateway_error,0.435,0
txn_003069,cust_001155,1470.58,netbanking,90,18,14,0.7778,2,False,insufficient_balance,0.4733,0
txn_003070,cust_000697,1211.68,card,682,29,21,0.7241,4,False,gateway_error,0.4272,1
txn_003071,cust_000267,827.55,wallet,647,20,13,0.65,1,False,bank_decline,0.575,0
txn_003072,cust_000246,703.69,card,967,1,0,0.0,3,False,gateway_error,0.29,0
txn_003073,cust_003180,1971.31,card,54,6,4,0.6667,3,False,network_error,0.52,0
txn_003074,cust_000447,162.44,wallet,374,15,13,0.8667,1,False,expired_card,0.41,0
txn_003075,cust_003271,509.36,upi,147,1,1,1.0,2,False,gateway_error,0.67,0
txn_003076,cust_002243,731.95,card,179,1,1,1.0,3,False,bank_decline,0.52,1
txn_003077,cust_000347,1196.13,wallet,1240,8,6,0.75,3,False,gateway_error,0.515,0
txn_003078,cust_002893,551.18,wallet,553,6,6,1.0,3,False,authentication_failed,0.34,1
txn_003079,cust_003130,5675.5,netbanking,1433,27,19,0.7037,1,False,authentication_failed,0.4111,1
txn_003080,cust_003018,401.01,netbanking,160,27,18,0.6667,2,False,expired_card,0.27,1
txn_003081,cust_003179,2114.13,card,1063,23,16,0.6957,2,False,insufficient_balance,0.4487,1
txn_003082,cust_001461,588.13,netbanking,768,15,11,0.7333,3,False,expired_card,0.21,0
txn_003083,cust_001905,462.76,netbanking,653,5,5,1.0,3,False,authentication_failed,0.34,1
txn_003084,cust_002236,776.93,wallet,193,15,10,0.6667,1,False,bank_decline,0.58,0
txn_003085,cust_000737,799.71,card,368,23,18,0.7826,3,False,authentication_failed,0.2748,0
txn_003086,cust_001210,2398.32,wallet,652,13,8,0.6154,3,False,network_error,0.5046,1
txn_003087,cust_001231,100.0,wallet,696,13,9,0.6923,2,False,authentication_failed,0.3277,0
txn_003088,cust_002848,2450.73,wallet,515,0,0,0.0,2,True,insufficient_balance,0.19,0
txn_003089,cust_001391,782.99,wallet,1039,20,17,0.85,2,False,network_error,0.655,0
txn_003090,cust_001199,172.46,upi,905,13,10,0.7692,4,False,bank_decline,0.3708,1
txn_003091,cust_002439,1033.23,upi,154,18,16,0.8889,4,False,insufficient_balance,0.3467,0
txn_003092,cust_000976,1401.7,wallet,1086,4,3,0.75,1,False,authentication_failed,0.425,0
txn_003093,cust_002166,438.75,upi,1266,10,6,0.6,1,False,gateway_error,0.63,0
txn_003094,cust_000070,2204.06,wallet,218,1,1,1.0,4,False,network_error,0.54,0
txn_003095,cust_002616,376.38,netbanking,1016,21,19,0.9048,2,False,bank_decline,0.5714,0
txn_003096,cust_000769,524.31,upi,939,4,1,0.25,2,False,authentication_failed,0.195,1
txn_003097,cust_001228,1686.19,upi,1075,26,19,0.7308,3,False,bank_decline,0.4392,0
txn_003098,cust_001119,2002.55,netbanking,1493,4,3,0.75,4,False,expired_card,0.135,0
txn_003099,cust_002849,613.19,card,25,0,0,0.0,1,True,bank_decline,0.33,0
txn_003100,cust_003263,247.71,upi,48,10,9,0.9,4,False,insufficient_balance,0.35,0
txn_003101,cust_002949,1919.38,card,849,29,21,0.7241,2,False,authentication_failed,0.3372,1
txn_003102,cust_002285,313.23,wallet,874,10,8,0.8,2,False,insufficient_balance,0.48,1
txn_003103,cust_000738,634.39,wallet,625,10,6,0.6,1,False,insufficient_balance,0.5,0
txn_003104,cust_001891,1146.32,netbanking,1305,28,23,0.8214,1,False,bank_decline,0.6264,1
txn_003105,cust_000757,3704.97,wallet,1024,18,15,0.8333,4,False,expired_card,0.16,0
txn_003106,cust_000902,492.67,card,1262,17,13,0.7647,4,False,bank_decline,0.3694,0
txn_003107,cust_003085,450.89,wallet,103,25,18,0.72,3,False,network_error,0.536,1
txn_003108,cust_002819,225.72,wallet,358,11,7,0.6364,3,False,expired_card,0.1809,0
txn_003109,cust_000125,3119.6,card,1141,11,7,0.6364,2,False,insufficient_balance,0.4309,1
txn_003110,cust_000118,1190.98,upi,637,15,10,0.6667,2,False,bank_decline,0.5,0
txn_003111,cust_002693,951.18,netbanking,1020,26,19,0.7308,4,False,insufficient_balance,0.2992,0
txn_003112,cust_002481,2737.56,wallet,1010,24,19,0.7917,2,False,bank_decline,0.5375,0
txn_003113,cust_002727,972.7,wallet,1350,7,4,0.5714,1,False,bank_decline,0.5514,1
txn_003114,cust_002203,4272.76,netbanking,134,10,7,0.7,3,False,authentication_failed,0.25,0
txn_003115,cust_000562,235.3,netbanking,605,1,1,1.0,1,False,expired_card,0.45,1
txn_003116,cust_002622,793.1,card,24,25,18,0.72,4,False,gateway_error,0.426,0
txn_003117,cust_000401,4538.16,netbanking,958,29,21,0.7241,4,False,bank_decline,0.3572,0
txn_003118,cust_002752,1939.43,wallet,1229,29,20,0.6897,2,False,gateway_error,0.5769,1
txn_003119,cust_001628,932.84,wallet,580,5,3,0.6,4,False,gateway_error,0.39,0
txn_003120,cust_002769,641.58,wallet,322,12,11,0.9167,3,False,authentication_failed,0.315,0
txn_003121,cust_002723,308.04,wallet,922,29,15,0.5172,2,False,gateway_error,0.5252,0
txn_003122,cust_002423,664.71,wallet,820,3,2,0.6667,1,False,bank_decline,0.58,1
txn_003123,cust_000899,1325.08,wallet,95,18,14,0.7778,2,False,gateway_error,0.6033,1
txn_003124,cust_001483,1019.96,card,579,3,2,0.6667,2,False,bank_decline,0.5,0
txn_003125,cust_002825,493.9,card,172,8,5,0.625,2,False,authentication_failed,0.3075,0
txn_003126,cust_002502,843.91,card,134,2,2,1.0,2,False,authentication_failed,0.42,1
txn_003127,cust_000514,494.43,upi,1168,4,3,0.75,1,False,bank_decline,0.605,1
txn_003128,cust_000192,489.6,wallet,105,16,11,0.6875,3,False,authentication_failed,0.2462,0
txn_003129,cust_001676,4961.0,wallet,1196,29,22,0.7586,4,False,gateway_error,0.4376,0
txn_003130,cust_000999,484.28,upi,1064,2,2,1.0,3,False,gateway_error,0.59,0
txn_003131,cust_002080,1353.59,upi,1414,15,11,0.7333,3,False,gateway_error,0.51,0
txn_003132,cust_000717,1543.69,netbanking,1485,7,4,0.5714,3,False,bank_decline,0.3914,1
txn_003133,cust_000119,212.86,netbanking,573,15,12,0.8,4,False,gateway_error,0.45,0
txn_003134,cust_002600,1547.37,netbanking,1287,8,5,0.625,3,False,network_error,0.5075,0
txn_003135,cust_001498,867.3,card,169,15,10,0.6667,3,False,expired_card,0.19,1
txn_003136,cust_002096,1680.77,card,423,7,7,1.0,1,False,network_error,0.78,1
txn_003137,cust_000943,680.25,netbanking,93,18,12,0.6667,2,False,gateway_error,0.57,1
txn_003138,cust_000821,1403.09,wallet,1192,18,9,0.5,1,False,bank_decline,0.53,0
txn_003139,cust_001828,5429.07,upi,520,27,24,0.8889,1,False,bank_decline,0.6467,1
txn_003140,cust_001073,1638.6,wallet,1091,24,22,0.9167,4,False,gateway_error,0.485,1
txn_003141,cust_002250,1691.09,netbanking,1239,9,9,1.0,1,False,gateway_error,0.75,1
txn_003142,cust_002251,1072.87,netbanking,235,6,5,0.8333,3,False,insufficient_balance,0.41,0
txn_003143,cust_001387,1720.54,card,827,24,17,0.7083,2,False,expired_card,0.2825,1
txn_003144,cust_000103,10484.88,wallet,1113,28,17,0.6071,3,False,insufficient_balance,0.3421,0
txn_003145,cust_002235,729.11,card,1233,10,7,0.7,1,False,gateway_error,0.66,0
txn_003146,cust_000822,1737.92,card,839,3,2,0.6667,3,False,authentication_failed,0.24,1
txn_003147,cust_003154,238.48,netbanking,451,0,0,0.0,4,True,authentication_failed,0.02,0
txn_003148,cust_000357,833.83,netbanking,1393,0,0,0.0,1,True,network_error,0.43,0
txn_003149,cust_002835,2038.3,card,1240,1,1,1.0,4,False,gateway_error,0.51,0
txn_003150,cust_002167,902.28,netbanking,795,7,4,0.5714,1,False,expired_card,0.3214,0
txn_003151,cust_002272,6952.97,netbanking,56,21,13,0.619,2,False,authentication_failed,0.3057,0
txn_003152,cust_001259,1061.59,upi,1351,25,17,0.68,1,False,bank_decline,0.584,0
txn_003153,cust_002903,821.99,netbanking,674,0,0,0.0,3,True,bank_decline,0.17,0
txn_003154,cust_002716,1796.18,card,235,25,20,0.8,2,False,network_error,0.64,1
txn_003155,cust_001888,448.49,upi,238,2,1,0.5,3,False,expired_card,0.14,0
txn_003156,cust_001387,1375.43,wallet,701,17,12,0.7059,3,False,bank_decline,0.4318,0
txn_003157,cust_002624,2400.44,upi,336,27,24,0.8889,4,False,expired_card,0.1767,0
txn_003158,cust_003179,838.7,upi,1280,24,17,0.7083,4,False,authentication_failed,0.1725,0
txn_003159,cust_000100,1716.34,wallet,618,20,18,0.9,2,False,insufficient_balance,0.51,0
txn_003160,cust_001919,506.82,wallet,827,6,4,0.6667,4,False,bank_decline,0.34,0
txn_003161,cust_002432,291.03,card,1413,25,17,0.68,2,False,gateway_error,0.574,0
txn_003162,cust_000391,989.96,card,1131,29,25,0.8621,2,False,gateway_error,0.6286,0
txn_003163,cust_002862,9366.15,netbanking,241,4,2,0.5,2,False,insufficient_balance,0.39,1
txn_003164,cust_000945,2804.27,card,1331,8,5,0.625,2,False,bank_decline,0.4875,0
txn_003165,cust_002733,2712.6,wallet,1027,21,18,0.8571,4,False,network_error,0.4971,1
txn_003166,cust_001299,818.3,upi,518,25,24,0.96,3,False,gateway_error,0.578,0
txn_003167,cust_002289,560.17,card,584,20,15,0.75,2,False,network_error,0.625,1
txn_003168,cust_000182,1051.41,upi,444,0,0,0.0,2,True,insufficient_balance,0.19,0
txn_003169,cust_001668,888.84,netbanking,166,25,18,0.72,2,False,network_error,0.616,0
txn_003170,cust_001875,306.67,wallet,125,15,11,0.7333,1,False,bank_decline,0.6,0
txn_003171,cust_001803,746.72,netbanking,1111,19,15,0.7895,3,False,gateway_error,0.5268,0
txn_003172,cust_001971,4836.21,netbanking,793,24,20,0.8333,4,False,authentication_failed,0.21,0
txn_003173,cust_001639,739.45,card,738,25,19,0.76,1,False,expired_card,0.378,1
txn_003174,cust_001254,529.88,card,701,20,18,0.9,4,False,bank_decline,0.41,0
txn_003175,cust_003278,1278.87,netbanking,164,15,13,0.8667,3,False,bank_decline,0.48,0
txn_003176,cust_001816,564.15,card,164,12,10,0.8333,1,False,gateway_error,0.7,1
txn_003177,cust_001436,602.03,upi,1378,17,11,0.6471,2,False,network_error,0.5941,0
txn_003178,cust_002023,1089.01,wallet,1498,27,20,0.7407,2,False,network_error,0.6222,1
txn_003179,cust_001745,735.66,wallet,1417,21,13,0.619,3,False,insufficient_balance,0.3457,1
txn_003180,cust_002920,279.1,upi,529,14,8,0.5714,4,False,network_error,0.4114,1
txn_003181,cust_003256,4516.18,card,918,13,10,0.7692,3,False,bank_decline,0.4508,1
txn_003182,cust_001783,1925.38,wallet,45,28,22,0.7857,3,False,insufficient_balance,0.3957,0
txn_003183,cust_000390,867.52,netbanking,1041,4,4,1.0,1,False,bank_decline,0.68,1
txn_003184,cust_002623,387.74,wallet,22,18,13,0.7222,4,False,bank_decline,0.3567,0
txn_003185,cust_002526,1253.54,upi,794,1,1,1.0,1,False,insufficient_balance,0.62,0
txn_003186,cust_001079,987.83,netbanking,218,14,9,0.6429,2,False,bank_decline,0.4929,0
txn_003187,cust_003034,639.67,netbanking,489,0,0,0.0,2,True,bank_decline,0.25,0
txn_003188,cust_001269,8721.6,wallet,1377,28,22,0.7857,2,False,authentication_failed,0.3557,1
txn_003189,cust_001529,3657.61,wallet,17,17,12,0.7059,3,False,gateway_error,0.5018,0
txn_003190,cust_001719,770.26,netbanking,1303,17,12,0.7059,1,False,expired_card,0.3618,1
txn_003191,cust_002909,2463.79,card,1439,5,4,0.8,2,False,network_error,0.64,0
txn_003192,cust_001810,1840.77,card,957,25,18,0.72,1,False,insufficient_balance,0.536,1
txn_003193,cust_002006,2205.98,netbanking,1006,12,6,0.5,4,False,network_error,0.39,0
txn_003194,cust_003142,389.31,netbanking,544,19,16,0.8421,2,False,authentication_failed,0.3726,0
txn_003195,cust_003263,715.65,card,712,17,11,0.6471,3,False,bank_decline,0.4141,1
txn_003196,cust_000883,7908.18,wallet,200,0,0,0.0,3,True,network_error,0.27,1
txn_003197,cust_000460,1584.11,upi,809,26,20,0.7692,3,False,insufficient_balance,0.3908,0
txn_003198,cust_002746,594.7,upi,1255,8,5,0.625,4,False,insufficient_balance,0.2675,0
txn_003199,cust_001135,1855.46,netbanking,664,10,8,0.8,4,False,network_error,0.48,0
txn_003200,cust_000533,1243.83,card,1355,4,0,0.0,1,False,bank_decline,0.38,0
txn_003201,cust_001352,1004.66,wallet,791,18,17,0.9444,4,False,authentication_failed,0.2433,0
txn_003202,cust_000295,1498.99,upi,417,16,13,0.8125,2,False,bank_decline,0.5438,0
txn_003203,cust_000681,1093.43,netbanking,1360,28,16,0.5714,1,False,gateway_error,0.6214,1
txn_003204,cust_002671,1799.34,card,586,2,2,1.0,3,False,gateway_error,0.59,0
txn_003205,cust_000578,1412.59,wallet,840,17,14,0.8235,4,False,expired_card,0.1571,0
txn_003206,cust_001700,360.64,netbanking,1002,14,10,0.7143,1,False,insufficient_balance,0.5343,1
txn_003207,cust_000486,265.66,netbanking,588,10,7,0.7,3,False,gateway_error,0.5,0
txn_003208,cust_001678,4357.78,card,1086,21,18,0.8571,2,False,insufficient_balance,0.4971,1
txn_003209,cust_000363,257.41,wallet,1394,19,16,0.8421,3,False,gateway_error,0.5426,0
txn_003210,cust_003024,1979.17,wallet,1152,5,3,0.6,4,False,bank_decline,0.32,1
txn_003211,cust_001337,383.45,netbanking,1499,14,8,0.5714,4,False,authentication_failed,0.1314,0
txn_003212,cust_001618,183.86,netbanking,350,21,15,0.7143,2,False,insufficient_balance,0.4543,0
txn_003213,cust_002575,286.51,netbanking,546,23,18,0.7826,4,False,bank_decline,0.3748,1
txn_003214,cust_001832,747.8,upi,860,21,14,0.6667,1,False,gateway_error,0.65,0
txn_003215,cust_002063,1427.3,netbanking,134,19,14,0.7368,1,False,insufficient_balance,0.5411,0
txn_003216,cust_001260,3491.12,netbanking,113,4,4,1.0,2,False,gateway_error,0.67,0
txn_003217,cust_002081,1150.39,wallet,1008,3,3,1.0,3,False,bank_decline,0.52,1
txn_003218,cust_000372,2655.68,card,612,23,20,0.8696,4,False,bank_decline,0.4009,1
txn_003219,cust_001135,2318.38,netbanking,21,3,0,0.0,2,False,insufficient_balance,0.24,1
txn_003220,cust_002990,3930.72,upi,54,16,13,0.8125,3,False,gateway_error,0.5337,0
txn_003221,cust_001530,2338.16,wallet,1197,21,15,0.7143,1,False,insufficient_balance,0.5343,1
txn_003222,cust_000814,215.97,upi,390,20,15,0.75,3,False,bank_decline,0.445,0
txn_003223,cust_000298,4138.33,card,928,10,7,0.7,2,False,authentication_failed,0.33,1
txn_003224,cust_000787,1063.71,netbanking,1268,2,1,0.5,3,False,bank_decline,0.37,0
txn_003225,cust_003046,463.46,netbanking,361,24,23,0.9583,3,False,expired_card,0.2775,0
txn_003226,cust_000129,954.34,wallet,182,10,6,0.6,3,False,bank_decline,0.4,0
txn_003227,cust_002194,423.76,netbanking,8,28,22,0.7857,3,False,authentication_failed,0.2757,0
txn_003228,cust_002644,524.1,upi,1268,13,12,0.9231,2,False,gateway_error,0.6469,0
txn_003229,cust_002877,1438.88,netbanking,702,10,9,0.9,3,False,gateway_error,0.56,0
txn_003230,cust_002567,3270.79,upi,1208,17,10,0.5882,3,False,gateway_error,0.4665,0
txn_003231,cust_002372,916.72,card,1136,11,10,0.9091,1,False,gateway_error,0.7227,0
txn_003232,cust_000299,481.2,wallet,1380,8,4,0.5,2,False,network_error,0.55,1
txn_003233,cust_000980,1037.55,card,777,5,4,0.8,2,False,bank_decline,0.54,0
txn_003234,cust_000218,420.25,netbanking,1364,13,11,0.8462,2,False,gateway_error,0.6238,1
txn_003235,cust_001161,3713.94,wallet,564,18,12,0.6667,4,False,bank_decline,0.34,0
txn_003236,cust_002883,1486.41,upi,1486,29,20,0.6897,3,False,network_error,0.5269,1
txn_003237,cust_002840,1505.03,card,1124,25,19,0.76,1,False,bank_decline,0.608,1
txn_003238,cust_002212,924.25,wallet,236,24,19,0.7917,1,False,gateway_error,0.6875,0
txn_003239,cust_002134,1444.82,upi,392,11,7,0.6364,2,False,expired_card,0.2609,0
txn_003240,cust_001847,2399.37,netbanking,271,8,4,0.5,1,False,expired_card,0.3,0
txn_003241,cust_000926,637.97,card,1303,26,17,0.6538,2,False,insufficient_balance,0.4362,0
txn_003242,cust_003332,2291.55,wallet,316,8,6,0.75,1,False,bank_decline,0.605,0
txn_003243,cust_002227,1451.38,card,616,18,13,0.7222,3,False,expired_card,0.2067,0
txn_003244,cust_002166,764.04,wallet,503,2,1,0.5,4,False,bank_decline,0.29,0
txn_003245,cust_001613,1088.91,upi,296,20,15,0.75,2,False,insufficient_balance,0.465,0
txn_003246,cust_001799,1182.94,card,385,23,18,0.7826,1,False,bank_decline,0.6148,1
txn_003247,cust_000884,1746.98,netbanking,337,10,7,0.7,4,False,bank_decline,0.35,0
txn_003248,cust_003102,765.78,wallet,786,21,18,0.8571,3,False,network_error,0.5771,1
txn_003249,cust_002754,403.84,wallet,545,27,25,0.9259,3,False,bank_decline,0.4978,1
txn_003250,cust_002732,1056.32,netbanking,582,1,0,0.0,2,False,bank_decline,0.3,1
txn_003251,cust_001536,260.09,netbanking,172,8,6,0.75,4,False,insufficient_balance,0.305,0
txn_003252,cust_001800,2967.82,upi,459,19,15,0.7895,4,False,insufficient_balance,0.3168,0
txn_003253,cust_000552,981.42,netbanking,1345,24,18,0.75,4,False,expired_card,0.135,0
txn_003254,cust_002186,374.82,card,408,13,8,0.6154,4,False,bank_decline,0.3246,0
txn_003255,cust_000374,3344.51,wallet,255,25,23,0.92,3,False,gateway_error,0.566,1
txn_003256,cust_001150,600.67,upi,1112,2,1,0.5,1,False,authentication_failed,0.35,0
txn_003257,cust_000833,2208.5,wallet,693,13,11,0.8462,2,False,expired_card,0.3238,1
txn_003258,cust_002812,871.57,upi,646,14,8,0.5714,1,False,expired_card,0.3214,0
txn_003259,cust_002837,654.77,card,55,10,8,0.8,4,False,insufficient_balance,0.32,0
txn_003260,cust_000377,876.98,wallet,1048,4,2,0.5,3,False,gateway_error,0.44,0
txn_003261,cust_002595,663.52,upi,1372,21,14,0.6667,2,False,bank_decline,0.5,1
txn_003262,cust_001718,2356.42,upi,58,0,0,0.0,3,True,gateway_error,0.24,0
txn_003263,cust_000839,206.63,netbanking,792,18,15,0.8333,1,False,gateway_error,0.7,0
txn_003264,cust_000298,635.62,card,468,11,9,0.8182,3,False,bank_decline,0.4655,1
txn_003265,cust_003128,1935.52,card,1267,24,18,0.75,4,False,network_error,0.465,0
txn_003266,cust_000463,1049.91,card,812,1,0,0.0,2,False,expired_card,0.07,1
txn_003267,cust_001070,2114.35,card,876,6,4,0.6667,1,False,bank_decline,0.58,1
txn_003268,cust_002527,1197.17,upi,864,25,19,0.76,3,False,gateway_error,0.518,0
txn_003269,cust_003226,480.35,netbanking,695,0,0,0.0,1,True,network_error,0.43,1
txn_003270,cust_000005,571.0,wallet,1482,18,16,0.8889,1,False,expired_card,0.4167,0
txn_003271,cust_002783,508.38,netbanking,806,2,1,0.5,1,False,authentication_failed,0.35,1
txn_003272,cust_002092,2332.89,netbanking,1437,7,7,1.0,1,False,expired_card,0.45,1
txn_003273,cust_000899,849.85,netbanking,1143,2,2,1.0,2,False,insufficient_balance,0.54,1
txn_003274,cust_000890,1955.53,wallet,814,2,2,1.0,2,False,bank_decline,0.6,1
txn_003275,cust_002597,1072.22,wallet,334,24,19,0.7917,2,False,network_error,0.6375,1
txn_003276,cust_000226,141.98,upi,840,12,6,0.5,1,False,authentication_failed,0.35,1
txn_003277,cust_000694,1104.83,wallet,820,26,15,0.5769,4,False,network_error,0.4131,1
txn_003278,cust_001346,2980.41,wallet,1131,15,10,0.6667,1,False,network_error,0.68,1
txn_003279,cust_001424,1943.0,upi,1479,29,23,0.7931,1,False,network_error,0.7179,1
txn_003280,cust_002661,462.0,card,1398,14,11,0.7857,4,False,insufficient_balance,0.3157,0
txn_003281,cust_000718,1844.49,upi,497,23,15,0.6522,4,False,insufficient_balance,0.2757,0
txn_003282,cust_002763,2545.8,wallet,1344,8,6,0.75,2,False,network_error,0.625,1
txn_003283,cust_000900,2734.24,wallet,175,15,13,0.8667,4,False,expired_card,0.17,0
txn_003284,cust_000022,785.26,upi,703,26,20,0.7692,1,False,bank_decline,0.6108,0
txn_003285,cust_000886,2348.01,upi,603,26,18,0.6923,1,False,insufficient_balance,0.5277,1
txn_003286,cust_000695,686.48,upi,929,28,21,0.75,3,False,gateway_error,0.515,1
txn_003287,cust_001120,509.52,upi,488,24,15,0.625,4,False,gateway_error,0.3975,1
txn_003288,cust_002133,2909.39,wallet,368,10,8,0.8,4,False,gateway_error,0.45,0
txn_003289,cust_002892,2560.21,upi,968,9,7,0.7778,1,False,expired_card,0.3833,0
txn_003290,cust_000313,1216.62,wallet,129,11,7,0.6364,1,False,gateway_error,0.6409,0
txn_003291,cust_003228,1117.52,card,1326,29,22,0.7586,3,False,gateway_error,0.5176,1
txn_003292,cust_002811,2103.06,wallet,1433,26,19,0.7308,2,False,network_error,0.6192,1
txn_003293,cust_000268,1520.99,upi,627,11,10,0.9091,1,False,authentication_failed,0.4727,0
txn_003294,cust_002985,1756.37,netbanking,994,0,0,0.0,2,True,authentication_failed,0.07,0
txn_003295,cust_001193,469.39,card,243,26,18,0.6923,4,False,authentication_failed,0.1677,0
txn_003296,cust_003299,155.74,wallet,62,9,7,0.7778,3,False,network_error,0.5533,1
txn_003297,cust_003301,664.4,netbanking,267,27,20,0.7407,2,False,gateway_error,0.5922,1
txn_003298,cust_000857,755.64,upi,1485,21,15,0.7143,3,False,bank_decline,0.4343,1
txn_003299,cust_002564,1056.51,card,1212,14,9,0.6429,3,False,bank_decline,0.4129,1
txn_003300,cust_000622,2099.84,wallet,708,4,3,0.75,3,False,bank_decline,0.445,1
txn_003301,cust_003058,1095.06,netbanking,85,18,13,0.7222,3,False,network_error,0.5367,1
txn_003302,cust_001360,806.64,card,1263,15,8,0.5333,4,False,network_error,0.4,0
txn_003303,cust_001465,1327.95,netbanking,1155,5,2,0.4,3,False,authentication_failed,0.16,0
txn_003304,cust_001957,623.8,wallet,543,28,16,0.5714,4,False,bank_decline,0.3114,0
txn_003305,cust_001346,2952.35,netbanking,866,24,16,0.6667,1,False,gateway_error,0.65,1
txn_003306,cust_001307,264.05,netbanking,148,3,3,1.0,3,False,gateway_error,0.59,1
txn_003307,cust_000116,1060.51,card,385,12,11,0.9167,2,False,authentication_failed,0.395,1
txn_003308,cust_002009,2817.01,wallet,260,25,21,0.84,1,False,expired_card,0.402,0
txn_003309,cust_002199,1050.87,upi,149,25,19,0.76,3,False,gateway_error,0.518,0
txn_003310,cust_000259,2062.34,netbanking,277,20,17,0.85,4,False,expired_card,0.165,0
txn_003311,cust_000016,626.2,upi,178,3,2,0.6667,1,False,gateway_error,0.65,0
txn_003312,cust_000797,1128.64,card,239,19,12,0.6316,3,False,authentication_failed,0.2295,1
txn_003313,cust_002162,324.57,wallet,192,12,11,0.9167,4,False,authentication_failed,0.235,0
txn_003314,cust_002402,1130.6,upi,344,17,12,0.7059,3,False,authentication_failed,0.2518,1
txn_003315,cust_003007,639.01,wallet,250,25,16,0.64,3,False,gateway_error,0.482,1
txn_003316,cust_001742,257.41,card,1422,10,7,0.7,3,False,insufficient_balance,0.37,0
txn_003317,cust_000948,656.91,upi,1177,16,14,0.875,2,False,insufficient_balance,0.5025,0
txn_003318,cust_002934,1070.0,wallet,1429,28,21,0.75,1,False,insufficient_balance,0.545,0
txn_003319,cust_002774,1609.36,wallet,1153,12,10,0.8333,4,False,gateway_error,0.46,0
txn_003320,cust_002178,515.32,wallet,1217,29,20,0.6897,4,False,network_error,0.4469,0
txn_003321,cust_003205,976.71,card,878,1,1,1.0,4,False,authentication_failed,0.26,0
txn_003322,cust_000189,656.62,upi,406,10,8,0.8,2,False,bank_decline,0.54,0
txn_003323,cust_002034,1326.12,netbanking,32,22,18,0.8182,1,False,bank_decline,0.6255,0
txn_003324,cust_002340,830.32,netbanking,865,15,13,0.8667,4,False,gateway_error,0.47,1
txn_003325,cust_001811,712.31,card,943,7,7,1.0,1,False,authentication_failed,0.5,0
txn_003326,cust_002463,1650.76,card,792,3,3,1.0,1,False,authentication_failed,0.5,0
txn_003327,cust_002269,980.22,upi,970,7,5,0.7143,4,False,insufficient_balance,0.2943,0
txn_003328,cust_002464,956.02,upi,1404,8,6,0.75,2,False,authentication_failed,0.345,1
txn_003329,cust_001494,3742.94,card,1217,3,2,0.6667,4,False,bank_decline,0.34,0
txn_003330,cust_001387,477.57,upi,544,25,19,0.76,2,False,insufficient_balance,0.468,1
txn_003331,cust_000158,957.21,upi,713,4,3,0.75,2,False,insufficient_balance,0.465,0
txn_003332,cust_001194,3181.44,wallet,1141,11,7,0.6364,2,False,network_error,0.5909,0
txn_003333,cust_001016,551.56,netbanking,1400,14,11,0.7857,2,False,bank_decline,0.5357,1
txn_003334,cust_000070,562.14,netbanking,696,13,11,0.8462,3,False,network_error,0.5738,0
txn_003335,cust_002357,469.69,card,1165,6,6,1.0,1,False,gateway_error,0.75,0
txn_003336,cust_000391,1712.0,upi,1442,25,19,0.76,3,False,bank_decline,0.448,1
txn_003337,cust_000739,1352.73,upi,903,7,6,0.8571,2,False,bank_decline,0.5571,0
txn_003338,cust_001953,1334.5,wallet,1048,23,19,0.8261,2,False,network_error,0.6478,1
txn_003339,cust_002934,3654.86,netbanking,1270,17,13,0.7647,1,False,gateway_error,0.6794,0
txn_003340,cust_000923,853.66,upi,1307,25,21,0.84,1,False,bank_decline,0.632,1
txn_003341,cust_002085,1076.18,netbanking,1240,12,6,0.5,2,False,authentication_failed,0.27,0
txn_003342,cust_000683,1533.08,card,1037,17,12,0.7059,3,False,network_error,0.5318,1
txn_003343,cust_002665,2116.06,card,333,24,19,0.7917,1,False,gateway_error,0.6875,0
txn_003344,cust_002745,121.78,card,451,14,12,0.8571,2,False,network_error,0.6571,0
txn_003345,cust_002109,4578.39,card,1455,28,20,0.7143,4,False,gateway_error,0.4243,0
txn_003346,cust_001629,471.8,card,282,24,16,0.6667,2,False,expired_card,0.27,1
txn_003347,cust_001481,2508.73,upi,879,25,21,0.84,2,False,expired_card,0.322,0
txn_003348,cust_002840,1941.39,netbanking,748,7,5,0.7143,3,False,bank_decline,0.4343,0
txn_003349,cust_002642,810.74,wallet,1222,9,7,0.7778,3,False,expired_card,0.2233,0
txn_003350,cust_002992,1619.24,card,192,13,10,0.7692,2,False,insufficient_balance,0.4708,1
txn_003351,cust_003270,2234.44,upi,363,5,3,0.6,1,False,gateway_error,0.63,0
txn_003352,cust_000342,611.91,upi,122,24,15,0.625,2,False,gateway_error,0.5575,0
txn_003353,cust_003085,1320.98,netbanking,163,22,13,0.5909,1,False,insufficient_balance,0.4973,0
txn_003354,cust_001737,1588.38,card,39,14,8,0.5714,3,False,expired_card,0.1614,0
txn_003355,cust_002768,1333.56,wallet,1422,28,18,0.6429,2,False,bank_decline,0.4929,0
txn_003356,cust_002702,907.55,wallet,1239,14,11,0.7857,3,False,insufficient_balance,0.3957,0
txn_003357,cust_001488,1102.43,card,112,14,11,0.7857,4,False,insufficient_balance,0.3157,0
txn_003358,cust_001380,702.63,wallet,588,29,23,0.7931,3,False,bank_decline,0.4579,1
txn_003359,cust_000106,3576.04,wallet,1,16,11,0.6875,2,False,network_error,0.6063,1
txn_003360,cust_002794,950.35,upi,1095,23,15,0.6522,4,False,bank_decline,0.3357,0
txn_003361,cust_000775,752.88,card,1412,20,15,0.75,3,False,expired_card,0.215,0
txn_003362,cust_000484,2089.24,upi,748,25,18,0.72,1,False,insufficient_balance,0.536,0
txn_003363,cust_001162,2538.82,card,1171,11,9,0.8182,1,False,expired_card,0.3955,1
txn_003364,cust_000185,938.25,upi,980,10,6,0.6,4,False,expired_card,0.09,0
txn_003365,cust_000459,1181.34,netbanking,1308,2,1,0.5,1,False,bank_decline,0.53,0
txn_003366,cust_000494,457.3,card,388,5,4,0.8,4,False,bank_decline,0.38,1
txn_003367,cust_000985,998.89,netbanking,1079,5,5,1.0,2,False,gateway_error,0.67,1
txn_003368,cust_002858,447.23,upi,154,14,10,0.7143,3,False,authentication_failed,0.2543,0
txn_003369,cust_000757,4376.34,card,1482,0,0,0.0,3,True,authentication_failed,0.02,0
txn_003370,cust_000905,1661.22,wallet,956,3,3,1.0,2,False,gateway_error,0.67,0
txn_003371,cust_000209,1252.07,netbanking,640,8,5,0.625,1,False,gateway_error,0.6375,1
txn_003372,cust_001193,1843.65,upi,1360,19,12,0.6316,3,False,bank_decline,0.4095,0
txn_003373,cust_000385,908.52,upi,1260,14,11,0.7857,4,False,network_error,0.4757,0
txn_003374,cust_003012,212.28,wallet,109,23,19,0.8261,2,False,authentication_failed,0.3678,1
txn_003375,cust_003250,2575.43,netbanking,1086,10,8,0.8,3,False,expired_card,0.23,0
txn_003376,cust_001535,312.22,upi,881,26,19,0.7308,3,False,gateway_error,0.5092,1
txn_003377,cust_001884,2700.6,card,736,15,8,0.5333,1,False,expired_card,0.31,1
txn_003378,cust_000622,2165.24,wallet,1481,24,20,0.8333,4,False,expired_card,0.16,0
txn_003379,cust_000121,1783.79,upi,691,13,10,0.7692,1,False,authentication_failed,0.4308,1
txn_003380,cust_000450,966.87,netbanking,736,13,8,0.6154,1,False,bank_decline,0.5646,1
txn_003381,cust_003187,1427.08,card,400,0,0,0.0,4,True,insufficient_balance,0.03,0
txn_003382,cust_001185,581.35,wallet,265,16,15,0.9375,2,False,bank_decline,0.5812,1
txn_003383,cust_000459,2297.52,netbanking,589,11,7,0.6364,3,False,bank_decline,0.4109,1
txn_003384,cust_001852,1827.72,wallet,1389,4,4,1.0,3,False,authentication_failed,0.34,0
txn_003385,cust_000514,1447.14,netbanking,794,29,20,0.6897,1,False,gateway_error,0.6569,1
txn_003386,cust_003133,1437.17,upi,1173,5,4,0.8,3,False,bank_decline,0.46,1
txn_003387,cust_001904,1681.69,card,881,15,13,0.8667,3,False,expired_card,0.25,1
txn_003388,cust_001893,12183.24,wallet,876,0,0,0.0,2,True,bank_decline,0.25,0
txn_003389,cust_001243,641.5,card,642,16,12,0.75,1,False,bank_decline,0.605,1
txn_003390,cust_000277,787.54,card,364,21,18,0.8571,4,False,bank_decline,0.3971,1
txn_003391,cust_003024,2489.8,wallet,600,15,10,0.6667,4,False,bank_decline,0.34,1
txn_003392,cust_000200,1034.61,card,226,15,14,0.9333,4,False,bank_decline,0.42,0
txn_003393,cust_001606,1278.56,netbanking,1454,16,13,0.8125,2,False,network_error,0.6437,1
txn_003394,cust_000092,496.94,upi,91,10,8,0.8,2,False,authentication_failed,0.36,0
txn_003395,cust_001688,461.84,wallet,1411,3,1,0.3333,2,False,network_error,0.5,1
txn_003396,cust_000229,3664.02,netbanking,1452,6,5,0.8333,2,False,bank_decline,0.55,0
txn_003397,cust_002473,10106.11,wallet,40,11,6,0.5455,1,False,gateway_error,0.6136,0
txn_003398,cust_001791,7421.29,card,1146,9,6,0.6667,3,False,expired_card,0.19,0
txn_003399,cust_001558,2229.61,card,644,26,20,0.7692,2,False,authentication_failed,0.3508,0
txn_003400,cust_000984,684.87,upi,1307,11,9,0.8182,2,False,bank_decline,0.5455,0
txn_003401,cust_000274,1739.67,upi,502,17,12,0.7059,2,False,gateway_error,0.5818,0
txn_003402,cust_000396,3503.61,upi,138,7,4,0.5714,2,False,gateway_error,0.5414,0
txn_003403,cust_003190,5574.32,netbanking,1161,19,15,0.7895,2,False,insufficient_balance,0.4768,1
txn_003404,cust_000520,285.2,netbanking,682,26,17,0.6538,2,False,bank_decline,0.4962,1
txn_003405,cust_002210,5117.28,wallet,1034,10,7,0.7,3,False,network_error,0.53,0
txn_003406,cust_000411,505.86,netbanking,1031,24,17,0.7083,2,False,gateway_error,0.5825,1
txn_003407,cust_000310,1675.57,upi,694,23,20,0.8696,2,False,bank_decline,0.5609,0
txn_003408,cust_002621,581.46,netbanking,1070,24,19,0.7917,4,False,network_error,0.4775,1
txn_003409,cust_000526,683.79,card,1392,21,14,0.6667,1,False,bank_decline,0.58,0
txn_003410,cust_000199,716.97,netbanking,67,24,18,0.75,1,False,expired_card,0.375,0
txn_003411,cust_001449,3723.39,upi,1096,3,3,1.0,1,False,authentication_failed,0.5,1
txn_003412,cust_001923,1709.5,upi,1321,24,18,0.75,1,False,gateway_error,0.675,0
txn_003413,cust_003306,381.16,wallet,698,12,11,0.9167,1,False,insufficient_balance,0.595,0
txn_003414,cust_000511,793.77,wallet,837,12,9,0.75,1,False,bank_decline,0.605,1
txn_003415,cust_002910,331.21,upi,192,0,0,0.0,4,True,insufficient_balance,0.03,0
txn_003416,cust_000841,2238.24,wallet,55,7,4,0.5714,3,False,expired_card,0.1614,1
txn_003417,cust_002164,1427.33,card,1088,22,14,0.6364,4,False,insufficient_balance,0.2709,0
txn_003418,cust_000786,3642.47,upi,400,0,0,0.0,4,True,bank_decline,0.09,0
txn_003419,cust_000643,1257.54,upi,878,0,0,0.0,1,True,authentication_failed,0.15,0
txn_003420,cust_001191,1047.69,upi,101,28,15,0.5357,3,False,gateway_error,0.4507,0
txn_003421,cust_003189,1369.57,upi,42,24,21,0.875,1,False,expired_card,0.4125,1
txn_003422,cust_002442,8080.52,card,415,28,21,0.75,4,False,bank_decline,0.365,0
txn_003423,cust_001162,3181.73,upi,424,4,4,1.0,2,False,authentication_failed,0.42,0
txn_003424,cust_003018,1239.24,card,973,2,2,1.0,1,False,authentication_failed,0.5,1
txn_003425,cust_002614,570.56,upi,1226,18,11,0.6111,4,False,bank_decline,0.3233,0
txn_003426,cust_000102,1419.14,card,824,12,8,0.6667,4,False,expired_card,0.11,0
txn_003427,cust_000559,325.59,card,279,3,3,1.0,4,False,authentication_failed,0.26,0
txn_003428,cust_002111,446.69,upi,845,10,8,0.8,3,False,bank_decline,0.46,1
txn_003429,cust_002699,1797.69,upi,416,1,1,1.0,1,False,bank_decline,0.68,0
txn_003430,cust_001901,1358.6,wallet,43,25,18,0.72,2,False,insufficient_balance,0.456,0
txn_003431,cust_002245,1241.65,card,787,18,14,0.7778,1,False,authentication_failed,0.4333,1
txn_003432,cust_001103,633.8,card,1405,7,7,1.0,4,False,gateway_error,0.51,0
txn_003433,cust_000917,3057.75,card,1260,3,2,0.6667,3,False,authentication_failed,0.24,0
txn_003434,cust_001708,1345.08,netbanking,1227,1,1,1.0,1,False,gateway_error,0.75,0
txn_003435,cust_002466,874.83,upi,996,0,0,0.0,4,True,expired_card,0.02,0
txn_003436,cust_000951,1640.63,upi,1253,4,4,1.0,3,False,bank_decline,0.52,1
txn_003437,cust_002797,859.69,wallet,515,19,17,0.8947,4,False,gateway_error,0.4784,0
txn_003438,cust_001440,886.9,wallet,1113,19,15,0.7895,4,False,expired_card,0.1468,1
txn_003439,cust_000817,1441.49,netbanking,1312,9,6,0.6667,1,False,bank_decline,0.58,1
txn_003440,cust_000741,121.67,upi,1129,24,16,0.6667,4,False,insufficient_balance,0.28,0
txn_003441,cust_000372,538.77,netbanking,176,9,6,0.6667,2,False,insufficient_balance,0.44,1
txn_003442,cust_003113,2978.44,wallet,393,19,13,0.6842,2,False,authentication_failed,0.3253,0
txn_003443,cust_000062,4647.75,upi,342,24,17,0.7083,4,False,insufficient_balance,0.2925,0
txn_003444,cust_002083,1824.79,wallet,471,23,20,0.8696,2,False,gateway_error,0.6309,0
txn_003445,cust_002294,1085.18,card,1020,10,7,0.7,2,False,insufficient_balance,0.45,0
txn_003446,cust_001102,2203.69,netbanking,523,12,10,0.8333,1,False,bank_decline,0.63,1
txn_003447,cust_002846,292.44,card,1352,24,16,0.6667,1,False,bank_decline,0.58,0
txn_003448,cust_000506,2541.95,netbanking,1271,26,18,0.6923,3,False,network_error,0.5277,1
txn_003449,cust_002108,1251.13,netbanking,1308,23,16,0.6957,2,False,insufficient_balance,0.4487,0
txn_003450,cust_002658,1168.83,netbanking,46,26,21,0.8077,4,False,authentication_failed,0.2023,0
txn_003451,cust_000238,2335.45,upi,104,20,13,0.65,3,False,bank_decline,0.415,1
txn_003452,cust_001368,1856.2,upi,1258,8,6,0.75,1,False,gateway_error,0.675,1
txn_003453,cust_000803,373.13,netbanking,597,10,8,0.8,2,False,expired_card,0.31,0
txn_003454,cust_002764,802.12,card,1232,19,17,0.8947,3,False,insufficient_balance,0.4284,0
txn_003455,cust_003210,684.22,wallet,228,0,0,0.0,3,True,bank_decline,0.17,0
txn_003456,cust_001760,367.87,wallet,1100,8,6,0.75,3,False,authentication_failed,0.265,0
txn_003457,cust_001069,1191.41,card,1137,29,21,0.7241,4,False,insufficient_balance,0.2972,0
txn_003458,cust_000771,453.87,upi,593,24,16,0.6667,3,False,expired_card,0.19,0
txn_003459,cust_000186,1393.04,upi,60,1,1,1.0,1,False,insufficient_balance,0.62,1
txn_003460,cust_002952,712.86,netbanking,1398,25,17,0.68,4,False,authentication_failed,0.164,0
txn_003461,cust_002135,657.52,upi,1278,8,5,0.625,4,False,network_error,0.4275,1
txn_003462,cust_000143,1179.96,upi,323,1,1,1.0,1,False,gateway_error,0.75,1
txn_003463,cust_002504,568.45,netbanking,667,27,22,0.8148,1,False,gateway_error,0.6944,1
txn_003464,cust_001597,5038.4,netbanking,359,10,10,1.0,1,False,bank_decline,0.68,0
txn_003465,cust_002317,1848.22,wallet,376,9,3,0.3333,1,False,authentication_failed,0.3,0
txn_003466,cust_002691,7884.76,netbanking,1319,4,2,0.5,1,False,bank_decline,0.53,1
txn_003467,cust_002729,1027.67,card,424,20,17,0.85,2,False,authentication_failed,0.375,0
txn_003468,cust_002999,3795.81,netbanking,750,12,9,0.75,4,False,insufficient_balance,0.305,0
txn_003469,cust_001036,854.79,netbanking,932,23,20,0.8696,1,False,authentication_failed,0.4609,0
txn_003470,cust_002580,2768.97,wallet,1191,0,0,0.0,3,True,authentication_failed,0.02,0
txn_003471,cust_002667,1471.27,card,645,24,17,0.7083,3,False,insufficient_balance,0.3725,0
txn_003472,cust_002519,2243.23,card,1012,21,16,0.7619,3,False,network_error,0.5486,0
txn_003473,cust_002285,227.37,wallet,1146,25,15,0.6,2,False,insufficient_balance,0.42,0
txn_003474,cust_000881,3158.73,upi,213,18,14,0.7778,2,False,insufficient_balance,0.4733,1
txn_003475,cust_002558,321.78,card,965,17,12,0.7059,1,False,authentication_failed,0.4118,0
txn_003476,cust_002515,2941.06,netbanking,926,6,4,0.6667,1,False,expired_card,0.35,1
txn_003477,cust_001661,681.55,upi,659,0,0,0.0,3,True,insufficient_balance,0.11,0
txn_003478,cust_000911,1185.74,wallet,287,23,17,0.7391,2,False,insufficient_balance,0.4617,0
txn_003479,cust_000080,712.38,card,72,25,18,0.72,4,False,expired_card,0.126,0
txn_003480,cust_001040,1478.82,netbanking,219,0,0,0.0,4,True,authentication_failed,0.02,0
txn_003481,cust_002118,825.36,card,1462,21,16,0.7619,4,False,insufficient_balance,0.3086,1
txn_003482,cust_003188,739.5,netbanking,339,12,10,0.8333,4,False,insufficient_balance,0.33,0
txn_003483,cust_001542,1088.1,netbanking,206,17,11,0.6471,2,False,authentication_failed,0.3141,0
txn_003484,cust_002901,1122.36,wallet,290,24,21,0.875,2,False,gateway_error,0.6325,0
txn_003485,cust_000781,1247.39,upi,789,13,10,0.7692,4,False,insufficient_balance,0.3108,0
txn_003486,cust_000638,878.15,card,421,19,15,0.7895,3,False,bank_decline,0.4568,0
txn_003487,cust_001913,622.86,upi,970,22,16,0.7273,4,False,insufficient_balance,0.2982,0
txn_003488,cust_001699,587.39,upi,847,6,3,0.5,3,False,bank_decline,0.37,0
txn_003489,cust_002096,455.01,wallet,651,25,17,0.68,4,False,authentication_failed,0.164,0
txn_003490,cust_000018,935.18,upi,12,18,13,0.7222,2,False,bank_decline,0.5167,1
txn_003491,cust_002629,1143.43,wallet,6,13,10,0.7692,2,False,network_error,0.6308,1
txn_003492,cust_001810,3028.22,netbanking,394,8,7,0.875,1,False,bank_decline,0.6425,1
txn_003493,cust_002570,515.84,card,580,8,5,0.625,4,False,insufficient_balance,0.2675,0
txn_003494,cust_000881,1065.98,wallet,769,29,20,0.6897,1,False,bank_decline,0.5869,1
txn_003495,cust_000935,1595.16,netbanking,460,7,5,0.7143,3,False,gateway_error,0.5043,0
txn_003496,cust_002380,543.95,card,503,15,10,0.6667,3,False,network_error,0.52,0
txn_003497,cust_002699,964.13,netbanking,84,12,9,0.75,4,False,expired_card,0.135,0
txn_003498,cust_002472,453.2,netbanking,754,12,11,0.9167,2,False,insufficient_balance,0.515,1
txn_003499,cust_001696,2586.47,netbanking,648,8,5,0.625,3,False,authentication_failed,0.2275,0
txn_003500,cust_001535,1238.28,upi,1281,15,9,0.6,2,False,gateway_error,0.55,1
txn_003501,cust_001870,2288.58,card,1062,26,19,0.7308,3,False,bank_decline,0.4392,0
txn_003502,cust_003037,871.01,upi,1452,1,1,1.0,2,False,insufficient_balance,0.54,1
txn_003503,cust_001678,2899.5,card,948,21,13,0.619,3,False,network_error,0.5057,1
txn_003504,cust_000264,1266.19,card,274,18,10,0.5556,1,False,insufficient_balance,0.4867,0
txn_003505,cust_002064,413.32,wallet,977,4,4,1.0,2,False,network_error,0.7,1
txn_003506,cust_001773,1699.42,netbanking,138,14,8,0.5714,3,False,bank_decline,0.3914,0
txn_003507,cust_001605,5871.84,card,1127,27,18,0.6667,1,False,bank_decline,0.58,1
txn_003508,cust_000023,420.52,wallet,113,7,7,1.0,2,False,insufficient_balance,0.54,1
txn_003509,cust_003047,1261.07,wallet,1387,19,15,0.7895,3,False,network_error,0.5568,1
txn_003510,cust_001488,515.52,card,436,20,16,0.8,4,False,bank_decline,0.38,0
txn_003511,cust_001429,1843.58,netbanking,1313,20,16,0.8,3,False,expired_card,0.23,0
txn_003512,cust_002723,730.19,wallet,633,10,7,0.7,4,False,gateway_error,0.42,0
txn_003513,cust_003236,555.27,wallet,440,26,21,0.8077,1,False,bank_decline,0.6223,1
txn_003514,cust_002246,1513.57,upi,245,18,15,0.8333,3,False,bank_decline,0.47,1
txn_003515,cust_000580,214.21,netbanking,41,26,19,0.7308,2,False,insufficient_balance,0.4592,1
txn_003516,cust_000361,527.88,netbanking,1112,15,9,0.6,4,False,network_error,0.42,1
txn_003517,cust_002644,921.77,netbanking,1468,13,11,0.8462,3,False,insufficient_balance,0.4138,1
txn_003518,cust_001166,3354.42,netbanking,1393,27,22,0.8148,4,False,gateway_error,0.4544,0
txn_003519,cust_002402,815.16,upi,725,7,5,0.7143,4,False,authentication_failed,0.1743,0
txn_003520,cust_002430,1007.46,wallet,277,5,4,0.8,3,False,network_error,0.56,1
txn_003521,cust_000241,1429.92,card,675,9,7,0.7778,4,False,authentication_failed,0.1933,0
txn_003522,cust_002633,441.15,card,1244,0,0,0.0,1,True,expired_card,0.1,1
txn_003523,cust_002256,1529.78,netbanking,1356,10,10,1.0,1,False,network_error,0.78,1
txn_003524,cust_002263,579.88,wallet,817,20,14,0.7,3,False,expired_card,0.2,0
txn_003525,cust_002258,706.83,netbanking,837,17,13,0.7647,2,False,network_error,0.6294,1
txn_003526,cust_002522,1010.93,upi,1438,3,2,0.6667,1,False,insufficient_balance,0.52,0
txn_003527,cust_001670,1964.58,netbanking,1285,8,6,0.75,1,False,network_error,0.705,0
txn_003528,cust_001839,921.47,netbanking,496,23,14,0.6087,4,False,gateway_error,0.3926,0
txn_003529,cust_000135,326.0,upi,1220,13,11,0.8462,1,False,gateway_error,0.7038,1
txn_003530,cust_000260,2528.97,upi,1445,10,9,0.9,1,False,network_error,0.75,1
txn_003531,cust_002046,578.47,netbanking,1219,7,5,0.7143,2,False,bank_decline,0.5143,1
txn_003532,cust_000365,2655.79,netbanking,754,10,8,0.8,2,False,bank_decline,0.54,1
txn_003533,cust_002953,1008.64,netbanking,335,26,18,0.6923,1,False,network_error,0.6877,1
txn_003534,cust_001783,1600.18,netbanking,936,8,6,0.75,1,False,insufficient_balance,0.545,1
txn_003535,cust_002963,957.22,upi,1098,12,7,0.5833,1,False,bank_decline,0.555,1
txn_003536,cust_002144,1353.87,card,360,6,4,0.6667,2,False,network_error,0.6,1
txn_003537,cust_002756,609.7,upi,1066,12,9,0.75,2,False,bank_decline,0.525,0
txn_003538,cust_001142,1356.21,netbanking,937,14,11,0.7857,4,False,bank_decline,0.3757,0
txn_003539,cust_001694,563.89,wallet,3,14,12,0.8571,1,False,network_error,0.7371,1
txn_003540,cust_002817,812.24,upi,482,17,12,0.7059,1,False,expired_card,0.3618,0
txn_003541,cust_002115,3617.19,wallet,1319,3,2,0.6667,3,False,expired_card,0.19,0
txn_003542,cust_001352,1638.72,upi,135,15,14,0.9333,2,False,bank_decline,0.58,1
txn_003543,cust_001016,660.49,netbanking,758,9,9,1.0,2,False,network_error,0.7,1
txn_003544,cust_002102,1386.71,upi,628,3,1,0.3333,1,False,bank_decline,0.48,1
txn_003545,cust_000728,526.5,wallet,34,9,6,0.6667,4,False,expired_card,0.11,0
txn_003546,cust_001320,1162.79,wallet,15,1,1,1.0,3,False,insufficient_balance,0.46,0
txn_003547,cust_002369,1278.18,netbanking,1196,20,13,0.65,1,False,insufficient_balance,0.515,1
txn_003548,cust_000115,384.04,wallet,138,21,13,0.619,3,False,insufficient_balance,0.3457,1
txn_003549,cust_002345,470.94,card,1418,18,14,0.7778,4,False,authentication_failed,0.1933,0
txn_003550,cust_000535,1562.71,card,1267,24,17,0.7083,4,False,network_error,0.4525,1
txn_003551,cust_002761,438.89,card,971,4,2,0.5,2,False,network_error,0.55,0
txn_003552,cust_002487,229.65,netbanking,897,8,7,0.875,4,False,authentication_failed,0.2225,0
txn_003553,cust_002081,287.36,card,1215,20,17,0.85,1,False,network_error,0.735,1
txn_003554,cust_000740,979.03,wallet,902,1,1,1.0,3,False,network_error,0.62,1
txn_003555,cust_001787,512.11,netbanking,1081,5,5,1.0,4,False,insufficient_balance,0.38,0
txn_003556,cust_002870,1047.65,upi,1437,29,20,0.6897,3,False,insufficient_balance,0.3669,0
txn_003557,cust_001426,618.89,upi,675,15,10,0.6667,1,False,insufficient_balance,0.52,0
txn_003558,cust_001653,913.22,wallet,315,5,4,0.8,1,False,insufficient_balance,0.56,1
txn_003559,cust_001108,1150.46,wallet,1170,9,7,0.7778,4,False,insufficient_balance,0.3133,1
txn_003560,cust_000700,332.98,wallet,700,28,21,0.75,2,False,network_error,0.625,1
txn_003561,cust_001827,336.47,card,124,26,20,0.7692,1,False,gateway_error,0.6808,0
txn_003562,cust_000198,756.99,wallet,816,22,17,0.7727,3,False,insufficient_balance,0.3918,1
txn_003563,cust_000945,1515.51,wallet,1260,19,14,0.7368,2,False,insufficient_balance,0.4611,1
txn_003564,cust_001709,1025.1,netbanking,517,23,19,0.8261,3,False,bank_decline,0.4678,1
txn_003565,cust_001464,671.67,wallet,86,18,14,0.7778,2,False,authentication_failed,0.3533,1
txn_003566,cust_001210,1624.46,card,807,26,22,0.8462,1,False,bank_decline,0.6338,0
txn_003567,cust_003163,2057.46,wallet,148,5,3,0.6,3,False,bank_decline,0.4,1
txn_003568,cust_002506,1169.43,upi,1250,8,5,0.625,4,False,authentication_failed,0.1475,0
txn_003569,cust_001522,1306.92,upi,527,3,3,1.0,3,False,bank_decline,0.52,1
txn_003570,cust_002759,4280.06,netbanking,516,13,10,0.7692,3,False,bank_decline,0.4508,1
txn_003571,cust_000167,1009.9,netbanking,987,21,17,0.8095,2,False,gateway_error,0.6129,1
txn_003572,cust_001592,1636.46,wallet,452,25,23,0.92,3,False,insufficient_balance,0.436,1
txn_003573,cust_000207,979.22,upi,584,20,14,0.7,2,False,insufficient_balance,0.45,1
txn_003574,cust_002490,946.07,upi,1063,0,0,0.0,4,True,insufficient_balance,0.03,0
txn_003575,cust_001254,1288.73,netbanking,766,0,0,0.0,3,True,gateway_error,0.24,1
txn_003576,cust_000765,786.08,upi,412,25,18,0.72,1,False,insufficient_balance,0.536,0
txn_003577,cust_002959,728.14,upi,429,8,5,0.625,1,False,network_error,0.6675,0
txn_003578,cust_001076,4868.85,upi,186,8,6,0.75,4,False,bank_decline,0.365,1
txn_003579,cust_001967,2270.48,netbanking,1223,28,21,0.75,1,False,authentication_failed,0.425,1
txn_003580,cust_002796,2599.72,netbanking,88,17,13,0.7647,1,False,gateway_error,0.6794,0
txn_003581,cust_000737,736.47,card,917,25,20,0.8,3,False,network_error,0.56,0
txn_003582,cust_000410,945.65,upi,442,29,23,0.7931,3,False,gateway_error,0.5279,1
txn_003583,cust_002975,880.63,netbanking,59,0,0,0.0,1,True,insufficient_balance,0.27,0
txn_003584,cust_003175,679.16,wallet,108,5,3,0.6,4,False,insufficient_balance,0.26,0
txn_003585,cust_002944,845.87,card,1236,10,6,0.6,3,False,authentication_failed,0.22,0
txn_003586,cust_003069,257.85,upi,621,21,17,0.8095,4,False,expired_card,0.1529,0
txn_003587,cust_001843,177.13,netbanking,1262,12,6,0.5,2,False,bank_decline,0.45,0
txn_003588,cust_002909,3257.21,card,327,10,6,0.6,2,False,insufficient_balance,0.42,0
txn_003589,cust_000846,834.46,card,640,17,14,0.8235,2,False,bank_decline,0.5471,1
txn_003590,cust_002835,2959.3,netbanking,809,28,26,0.9286,3,False,expired_card,0.2686,0
txn_003591,cust_000339,1491.35,card,286,8,5,0.625,4,False,gateway_error,0.3975,1
txn_003592,cust_000579,1764.64,netbanking,800,19,13,0.6842,2,False,bank_decline,0.5053,1
txn_003593,cust_001338,872.33,netbanking,361,17,13,0.7647,1,False,authentication_failed,0.4294,0
txn_003594,cust_000839,2393.12,upi,507,22,17,0.7727,1,False,network_error,0.7118,0
txn_003595,cust_000163,4126.12,netbanking,1439,5,5,1.0,2,False,bank_decline,0.6,0
txn_003596,cust_000391,2376.02,netbanking,817,29,22,0.7586,4,False,authentication_failed,0.1876,0
txn_003597,cust_000461,2003.22,card,1281,15,12,0.8,2,False,network_error,0.64,1
txn_003598,cust_001951,1146.4,upi,1490,7,7,1.0,1,False,insufficient_balance,0.62,1
txn_003599,cust_001359,367.86,card,168,6,3,0.5,1,False,bank_decline,0.53,0
txn_003600,cust_002753,799.4,netbanking,530,8,7,0.875,4,False,bank_decline,0.4025,0
txn_003601,cust_002255,1670.0,netbanking,1059,16,11,0.6875,1,False,expired_card,0.3562,1
txn_003602,cust_000794,1138.0,wallet,622,28,24,0.8571,4,False,authentication_failed,0.2171,1
txn_003603,cust_001591,2174.81,card,17,11,11,1.0,4,False,authentication_failed,0.26,0
txn_003604,cust_002618,1099.29,netbanking,663,8,4,0.5,2,False,gateway_error,0.52,0
txn_003605,cust_000824,1813.85,netbanking,1446,19,12,0.6316,2,False,bank_decline,0.4895,1
txn_003606,cust_001795,460.4,upi,672,13,10,0.7692,2,False,gateway_error,0.6008,1
txn_003607,cust_001635,819.28,wallet,1053,13,8,0.6154,3,False,insufficient_balance,0.3446,1
txn_003608,cust_001412,1392.72,wallet,885,20,16,0.8,3,False,gateway_error,0.53,1
txn_003609,cust_000380,1250.38,wallet,1131,23,19,0.8261,1,False,network_error,0.7278,1
txn_003610,cust_002958,1046.08,netbanking,944,11,9,0.8182,4,False,bank_decline,0.3855,0
txn_003611,cust_000211,3362.43,netbanking,547,23,18,0.7826,3,False,authentication_failed,0.2748,0
txn_003612,cust_002587,936.62,wallet,1489,21,16,0.7619,4,False,bank_decline,0.3686,1
txn_003613,cust_002379,926.5,wallet,323,10,9,0.9,3,False,bank_decline,0.49,0
txn_003614,cust_000078,402.18,netbanking,8,7,7,1.0,1,False,network_error,0.78,1
txn_003615,cust_000210,1494.55,netbanking,108,15,11,0.7333,4,False,authentication_failed,0.18,1
txn_003616,cust_001100,566.59,card,1317,15,11,0.7333,4,False,insufficient_balance,0.3,0
txn_003617,cust_003186,701.19,upi,207,23,18,0.7826,2,False,insufficient_balance,0.4748,0
txn_003618,cust_002636,296.16,netbanking,89,4,4,1.0,1,False,bank_decline,0.68,1
txn_003619,cust_003012,405.24,wallet,1074,8,4,0.5,1,False,insufficient_balance,0.47,0
txn_003620,cust_001542,344.1,upi,694,11,7,0.6364,4,False,gateway_error,0.4009,0
txn_003621,cust_002781,554.4,card,375,19,9,0.4737,2,False,gateway_error,0.5121,1
txn_003622,cust_002792,2355.44,card,130,6,5,0.8333,1,False,bank_decline,0.63,0
txn_003623,cust_003180,419.52,wallet,423,23,17,0.7391,2,False,bank_decline,0.5217,0
txn_003624,cust_000521,312.97,netbanking,817,26,21,0.8077,3,False,gateway_error,0.5323,1
txn_003625,cust_001743,1379.75,upi,357,29,22,0.7586,2,False,authentication_failed,0.3476,0
txn_003626,cust_002583,1169.59,netbanking,1194,11,6,0.5455,1,False,expired_card,0.3136,1
txn_003627,cust_001791,6087.12,card,1266,0,0,0.0,4,True,authentication_failed,0.02,0
txn_003628,cust_001198,539.89,card,987,0,0,0.0,3,True,bank_decline,0.17,0
txn_003629,cust_001652,6262.15,upi,894,6,5,0.8333,3,False,network_error,0.57,0
txn_003630,cust_002296,370.8,upi,553,18,14,0.7778,2,False,gateway_error,0.6033,1
txn_003631,cust_001950,1020.71,netbanking,1323,21,19,0.9048,4,False,bank_decline,0.4114,0
txn_003632,cust_002672,5491.44,netbanking,54,8,5,0.625,1,False,gateway_error,0.6375,0
txn_003633,cust_002120,964.98,netbanking,1021,8,7,0.875,3,False,bank_decline,0.4825,0
txn_003634,cust_002237,1983.87,card,28,18,10,0.5556,4,False,insufficient_balance,0.2467,1
txn_003635,cust_001289,2415.54,wallet,439,6,5,0.8333,4,False,bank_decline,0.39,0
txn_003636,cust_000591,1077.77,card,635,14,13,0.9286,2,False,gateway_error,0.6486,0
txn_003637,cust_000428,1206.85,wallet,1006,23,15,0.6522,1,False,network_error,0.6757,1
txn_003638,cust_000842,1059.53,upi,84,0,0,0.0,3,True,insufficient_balance,0.11,0
txn_003639,cust_001869,1071.58,upi,848,23,17,0.7391,1,False,bank_decline,0.6017,1
txn_003640,cust_001784,793.09,netbanking,515,0,0,0.0,4,True,expired_card,0.02,0
txn_003641,cust_001177,888.65,upi,671,5,4,0.8,4,False,gateway_error,0.45,0
txn_003642,cust_001388,734.33,netbanking,648,17,15,0.8824,1,False,insufficient_balance,0.5847,0
txn_003643,cust_002564,909.13,upi,1393,27,18,0.6667,1,False,gateway_error,0.65,0
txn_003644,cust_002469,1336.87,netbanking,1121,26,19,0.7308,1,False,bank_decline,0.5992,1
txn_003645,cust_002582,694.73,upi,767,15,9,0.6,2,False,bank_decline,0.48,1
txn_003646,cust_003312,1381.53,upi,247,12,8,0.6667,3,False,bank_decline,0.42,1
txn_003647,cust_001308,1173.84,netbanking,408,14,10,0.7143,3,False,gateway_error,0.5043,1
txn_003648,cust_001665,2555.95,wallet,1463,0,0,0.0,1,True,insufficient_balance,0.27,1
txn_003649,cust_001970,3815.33,wallet,262,4,4,1.0,2,False,authentication_failed,0.42,0
txn_003650,cust_001364,1379.49,netbanking,571,1,1,1.0,3,False,network_error,0.62,1
txn_003651,cust_000028,2302.21,netbanking,1122,20,15,0.75,3,False,bank_decline,0.445,0
txn_003652,cust_000737,704.45,netbanking,786,18,15,0.8333,3,False,bank_decline,0.47,0
txn_003653,cust_000707,1759.96,card,788,29,21,0.7241,3,False,bank_decline,0.4372,1
txn_003654,cust_001804,1985.64,card,838,0,0,0.0,3,True,insufficient_balance,0.11,0
txn_003655,cust_001485,854.41,netbanking,1441,1,0,0.0,2,False,authentication_failed,0.12,0
txn_003656,cust_001932,444.92,netbanking,1265,4,3,0.75,3,False,network_error,0.545,0
txn_003657,cust_000382,1441.87,netbanking,549,24,19,0.7917,2,False,network_error,0.6375,1
txn_003658,cust_002830,751.35,card,1068,6,6,1.0,3,False,authentication_failed,0.34,0
txn_003659,cust_003102,1719.93,netbanking,926,6,5,0.8333,4,False,bank_decline,0.39,1
txn_003660,cust_003200,873.8,wallet,1035,14,10,0.7143,1,False,insufficient_balance,0.5343,1
txn_003661,cust_003028,1581.12,upi,302,0,0,0.0,3,True,bank_decline,0.17,0
txn_003662,cust_001545,479.98,card,412,6,4,0.6667,1,False,insufficient_balance,0.52,0
txn_003663,cust_001147,739.0,card,453,9,8,0.8889,1,False,gateway_error,0.7167,0
txn_003664,cust_001108,1382.17,upi,220,15,11,0.7333,3,False,bank_decline,0.44,1
txn_003665,cust_003283,2508.14,wallet,1467,3,1,0.3333,1,False,network_error,0.58,0
txn_003666,cust_002677,753.83,wallet,562,1,1,1.0,1,False,network_error,0.78,1
txn_003667,cust_000094,2006.18,netbanking,403,23,15,0.6522,1,False,insufficient_balance,0.5157,1
txn_003668,cust_001180,1466.51,upi,1211,5,5,1.0,4,False,bank_decline,0.44,1
txn_003669,cust_000106,970.99,card,220,21,17,0.8095,3,False,insufficient_balance,0.4029,0
txn_003670,cust_002200,2398.34,card,611,29,21,0.7241,2,False,network_error,0.6172,0
txn_003671,cust_000677,1409.99,card,101,10,10,1.0,4,False,network_error,0.54,1
txn_003672,cust_000525,871.39,upi,1222,16,12,0.75,2,False,insufficient_balance,0.465,0
txn_003673,cust_002363,1363.59,upi,893,25,20,0.8,3,False,insufficient_balance,0.4,0
txn_003674,cust_002658,2228.91,upi,1197,28,24,0.8571,1,False,bank_decline,0.6371,1
txn_003675,cust_001001,967.12,card,45,3,3,1.0,3,False,network_error,0.62,0
txn_003676,cust_003044,2808.09,netbanking,953,10,10,1.0,2,False,authentication_failed,0.42,0
txn_003677,cust_001190,1886.3,wallet,559,28,23,0.8214,1,False,insufficient_balance,0.5664,1
txn_003678,cust_002614,2336.84,card,68,13,10,0.7692,2,False,authentication_failed,0.3508,1
txn_003679,cust_002584,1196.2,upi,724,20,13,0.65,3,False,bank_decline,0.415,0
txn_003680,cust_000005,1481.39,upi,871,13,11,0.8462,4,False,network_error,0.4938,1
txn_003681,cust_002252,528.72,upi,18,12,9,0.75,2,False,network_error,0.625,0
txn_003682,cust_002086,1423.07,wallet,878,11,7,0.6364,3,False,gateway_error,0.4809,0
txn_003683,cust_000672,494.89,netbanking,115,12,9,0.75,2,False,network_error,0.625,0
txn_003684,cust_002794,510.28,wallet,909,12,7,0.5833,2,False,expired_card,0.245,0
txn_003685,cust_000175,1413.7,upi,175,9,7,0.7778,1,False,expired_card,0.3833,0
txn_003686,cust_001734,3230.06,netbanking,154,21,18,0.8571,1,False,bank_decline,0.6371,1
txn_003687,cust_001623,1566.06,wallet,907,11,5,0.4545,3,False,gateway_error,0.4264,1
txn_003688,cust_002962,1938.26,card,958,5,5,1.0,1,False,gateway_error,0.75,1
txn_003689,cust_000780,1161.42,card,1253,29,19,0.6552,2,False,gateway_error,0.5666,0
txn_003690,cust_000921,3475.44,netbanking,659,6,2,0.3333,3,False,network_error,0.42,1
txn_003691,cust_000673,5089.53,wallet,166,18,14,0.7778,4,False,insufficient_balance,0.3133,0
txn_003692,cust_001485,1241.04,netbanking,55,27,18,0.6667,2,False,gateway_error,0.57,1
txn_003693,cust_002858,1150.38,wallet,1012,1,1,1.0,2,False,authentication_failed,0.42,1
txn_003694,cust_000078,3546.0,netbanking,409,17,11,0.6471,4,False,bank_decline,0.3341,0
txn_003695,cust_001120,2167.36,card,309,13,12,0.9231,3,False,authentication_failed,0.3169,1
txn_003696,cust_001041,1329.66,card,261,28,21,0.75,4,False,insufficient_balance,0.305,0
txn_003697,cust_001857,509.41,wallet,402,21,16,0.7619,1,False,authentication_failed,0.4286,0
txn_003698,cust_002118,2990.27,netbanking,643,14,10,0.7143,1,False,bank_decline,0.5943,0
txn_003699,cust_003216,274.14,upi,907,4,2,0.5,3,False,bank_decline,0.37,0
txn_003700,cust_002040,1391.09,card,553,25,20,0.8,2,False,network_error,0.64,0
txn_003701,cust_001293,1557.92,wallet,503,23,19,0.8261,4,False,authentication_failed,0.2078,0
txn_003702,cust_003095,768.43,netbanking,711,24,18,0.75,3,False,bank_decline,0.445,1
txn_003703,cust_001424,1434.87,netbanking,462,16,11,0.6875,2,False,network_error,0.6063,1
txn_003704,cust_002782,1794.25,card,1373,9,8,0.8889,2,False,insufficient_balance,0.5067,0
txn_003705,cust_003138,3474.59,card,498,27,22,0.8148,4,False,authentication_failed,0.2044,0
txn_003706,cust_003143,4683.82,wallet,1322,7,6,0.8571,4,False,bank_decline,0.3971,0
txn_003707,cust_000478,377.82,card,542,26,20,0.7692,2,False,authentication_failed,0.3508,0
txn_003708,cust_001679,1145.34,upi,668,10,7,0.7,2,False,network_error,0.61,1
txn_003709,cust_001142,1641.72,card,1214,2,2,1.0,4,False,insufficient_balance,0.38,1
txn_003710,cust_003246,1575.7,netbanking,568,29,25,0.8621,3,False,bank_decline,0.4786,1
txn_003711,cust_000898,1102.44,upi,390,11,8,0.7273,4,False,bank_decline,0.3582,0
txn_003712,cust_001544,4590.23,card,221,0,0,0.0,3,True,gateway_error,0.24,1
txn_003713,cust_002548,3192.8,netbanking,391,7,5,0.7143,1,False,expired_card,0.3643,0
txn_003714,cust_001409,978.51,card,1364,22,16,0.7273,3,False,bank_decline,0.4382,0
txn_003715,cust_001792,563.37,upi,964,18,15,0.8333,3,False,network_error,0.57,1
txn_003716,cust_001150,848.79,netbanking,877,16,14,0.875,3,False,authentication_failed,0.3025,0
txn_003717,cust_002006,1272.23,netbanking,285,17,14,0.8235,1,False,gateway_error,0.6971,1
txn_003718,cust_001332,1641.81,netbanking,1444,27,17,0.6296,4,False,expired_card,0.0989,0
txn_003719,cust_000845,734.96,upi,493,9,7,0.7778,3,False,expired_card,0.2233,0
txn_003720,cust_001141,9351.86,card,1433,20,18,0.9,1,False,bank_decline,0.65,0
txn_003721,cust_000660,4405.19,card,116,25,22,0.88,4,False,authentication_failed,0.224,0
txn_003722,cust_003107,739.03,wallet,231,2,2,1.0,4,False,gateway_error,0.51,1
txn_003723,cust_000836,2416.35,card,236,19,16,0.8421,1,False,gateway_error,0.7026,1
txn_003724,cust_000258,613.81,wallet,374,24,18,0.75,1,False,expired_card,0.375,1
txn_003725,cust_001171,1143.42,wallet,1128,17,11,0.6471,4,False,bank_decline,0.3341,0
txn_003726,cust_002210,806.96,netbanking,363,16,13,0.8125,1,False,insufficient_balance,0.5638,1
txn_003727,cust_003036,219.94,upi,1266,18,16,0.8889,2,False,expired_card,0.3367,1
txn_003728,cust_000206,990.09,netbanking,1321,8,7,0.875,4,False,insufficient_balance,0.3425,0
txn_003729,cust_000728,756.12,wallet,1429,26,21,0.8077,3,False,network_error,0.5623,1
txn_003730,cust_000499,1522.25,upi,593,3,3,1.0,2,False,bank_decline,0.6,0
txn_003731,cust_001280,200.86,upi,977,25,18,0.72,4,False,insufficient_balance,0.296,0
txn_003732,cust_003097,182.84,card,27,28,20,0.7143,4,False,bank_decline,0.3543,0
txn_003733,cust_000987,2787.38,netbanking,515,5,4,0.8,4,False,authentication_failed,0.2,0
txn_003734,cust_001875,1172.2,wallet,1132,4,2,0.5,1,False,network_error,0.63,1
txn_003735,cust_001677,1408.85,card,1430,15,10,0.6667,2,False,bank_decline,0.5,1
txn_003736,cust_001836,1087.17,netbanking,1055,8,7,0.875,2,False,bank_decline,0.5625,1
txn_003737,cust_002796,589.24,wallet,8,28,25,0.8929,3,False,authentication_failed,0.3079,0
txn_003738,cust_001416,733.11,wallet,86,16,13,0.8125,3,False,bank_decline,0.4637,0
txn_003739,cust_002478,1224.99,card,620,17,12,0.7059,3,False,insufficient_balance,0.3718,0
txn_003740,cust_002824,1976.83,netbanking,304,20,16,0.8,3,False,bank_decline,0.46,1
txn_003741,cust_000114,3343.88,netbanking,671,6,5,0.8333,3,False,expired_card,0.24,0
txn_003742,cust_001474,1718.87,card,800,22,17,0.7727,1,False,network_error,0.7118,1
txn_003743,cust_001197,619.22,card,1281,12,11,0.9167,1,False,expired_card,0.425,0
txn_003744,cust_001353,829.85,netbanking,747,29,23,0.7931,2,False,authentication_failed,0.3579,0
txn_003745,cust_001697,393.76,wallet,1449,1,1,1.0,1,False,insufficient_balance,0.62,1
txn_003746,cust_000822,3100.79,netbanking,659,20,10,0.5,3,False,bank_decline,0.37,1
txn_003747,cust_000149,1500.83,upi,280,3,3,1.0,1,False,insufficient_balance,0.62,0
txn_003748,cust_000739,1286.93,wallet,262,16,14,0.875,2,False,insufficient_balance,0.5025,0
txn_003749,cust_000449,1743.83,card,964,14,12,0.8571,4,False,expired_card,0.1671,0
txn_003750,cust_000301,4413.99,card,851,0,0,0.0,1,True,insufficient_balance,0.27,1
txn_003751,cust_001797,1347.79,card,1340,12,8,0.6667,3,False,gateway_error,0.49,1
txn_003752,cust_000215,776.35,netbanking,604,27,18,0.6667,3,False,authentication_failed,0.24,0
txn_003753,cust_002545,1062.12,netbanking,821,6,6,1.0,3,False,insufficient_balance,0.46,0
txn_003754,cust_000268,6509.27,card,756,13,9,0.6923,3,False,gateway_error,0.4977,0
txn_003755,cust_003100,2414.12,netbanking,994,10,9,0.9,4,False,network_error,0.51,0
txn_003756,cust_003258,2203.77,netbanking,1441,1,0,0.0,1,False,bank_decline,0.38,0
txn_003757,cust_000283,7154.97,netbanking,1339,12,10,0.8333,1,False,expired_card,0.4,0
txn_003758,cust_003162,1602.05,netbanking,486,29,24,0.8276,2,False,network_error,0.6483,0
txn_003759,cust_002879,130.22,wallet,962,4,2,0.5,4,False,bank_decline,0.29,0
txn_003760,cust_002114,837.31,card,1401,21,12,0.5714,2,False,bank_decline,0.4714,1
txn_003761,cust_002535,1061.66,netbanking,188,22,18,0.8182,4,False,bank_decline,0.3855,0
txn_003762,cust_001853,1512.08,card,1084,15,13,0.8667,4,False,network_error,0.5,0
txn_003763,cust_002175,3655.33,netbanking,535,26,23,0.8846,3,False,bank_decline,0.4854,1
txn_003764,cust_001779,861.65,card,1375,29,22,0.7586,2,False,insufficient_balance,0.4676,1
txn_003765,cust_002194,1105.62,card,1085,22,20,0.9091,4,False,bank_decline,0.4127,0
txn_003766,cust_002792,2566.6,upi,561,9,8,0.8889,2,False,gateway_error,0.6367,0
txn_003767,cust_001887,1176.38,wallet,1153,15,10,0.6667,3,False,network_error,0.52,0
txn_003768,cust_003156,6662.65,upi,1173,24,15,0.625,3,False,insufficient_balance,0.3475,0
txn_003769,cust_002112,1696.24,wallet,974,19,15,0.7895,1,False,gateway_error,0.6868,0
txn_003770,cust_000229,1419.55,upi,1017,11,10,0.9091,3,False,gateway_error,0.5627,1
txn_003771,cust_000628,521.17,card,1075,8,6,0.75,1,False,bank_decline,0.605,1
txn_003772,cust_003058,486.6,netbanking,1226,14,9,0.6429,4,False,expired_card,0.1029,0
txn_003773,cust_000360,1735.49,card,1248,10,9,0.9,2,False,expired_card,0.34,0
txn_003774,cust_002218,1301.11,wallet,901,24,17,0.7083,1,False,bank_decline,0.5925,1
txn_003775,cust_002716,660.87,card,139,5,5,1.0,3,False,gateway_error,0.59,1
txn_003776,cust_001863,1341.41,netbanking,669,25,19,0.76,3,False,authentication_failed,0.268,0
txn_003777,cust_001611,497.65,wallet,1117,22,18,0.8182,4,False,gateway_error,0.4555,1
txn_003778,cust_002813,577.4,upi,152,10,8,0.8,3,False,network_error,0.56,0
txn_003779,cust_000052,2328.15,wallet,921,19,15,0.7895,1,False,insufficient_balance,0.5568,0
txn_003780,cust_000807,241.0,netbanking,746,5,4,0.8,3,False,authentication_failed,0.28,0
txn_003781,cust_000635,411.6,card,1471,14,8,0.5714,2,False,expired_card,0.2414,1
txn_003782,cust_002953,501.64,wallet,612,21,15,0.7143,3,False,expired_card,0.2043,0
txn_003783,cust_003169,554.76,netbanking,1459,5,3,0.6,3,False,gateway_error,0.47,1
txn_003784,cust_001608,2449.62,upi,621,27,19,0.7037,3,False,insufficient_balance,0.3711,0
txn_003785,cust_000957,837.8,upi,1328,12,9,0.75,3,False,network_error,0.545,0
txn_003786,cust_001035,1985.25,netbanking,657,15,11,0.7333,1,False,expired_card,0.37,1
txn_003787,cust_001446,335.01,card,662,16,12,0.75,2,False,authentication_failed,0.345,1
txn_003788,cust_000245,1414.01,upi,895,27,24,0.8889,3,False,gateway_error,0.5567,1
txn_003789,cust_001796,134.15,wallet,1242,2,2,1.0,1,False,gateway_error,0.75,1
txn_003790,cust_002190,497.26,netbanking,656,18,12,0.6667,1,False,bank_decline,0.58,0
txn_003791,cust_001196,775.79,upi,302,11,8,0.7273,4,False,bank_decline,0.3582,0
txn_003792,cust_001026,2024.15,upi,783,2,2,1.0,3,False,insufficient_balance,0.46,0
txn_003793,cust_000597,952.73,netbanking,200,15,10,0.6667,3,False,network_error,0.52,0
txn_003794,cust_000261,1011.79,upi,792,9,7,0.7778,2,False,network_error,0.6333,0
txn_003795,cust_000048,442.25,netbanking,1009,23,16,0.6957,3,False,network_error,0.5287,1
txn_003796,cust_000397,263.71,upi,1332,16,12,0.75,4,False,insufficient_balance,0.305,0
txn_003797,cust_002270,1153.7,netbanking,639,15,13,0.8667,1,False,expired_card,0.41,1
txn_003798,cust_002136,10395.72,upi,826,14,10,0.7143,4,False,bank_decline,0.3543,0
txn_003799,cust_001876,851.84,netbanking,346,2,1,0.5,1,False,bank_decline,0.53,1
txn_003800,cust_002350,1331.81,netbanking,78,18,17,0.9444,1,False,gateway_error,0.7333,1
txn_003801,cust_001586,2688.02,wallet,600,14,11,0.7857,1,False,network_error,0.7157,0
txn_003802,cust_002142,1519.4,upi,582,26,21,0.8077,4,False,insufficient_balance,0.3223,0
txn_003803,cust_000727,664.52,netbanking,1086,0,0,0.0,3,True,gateway_error,0.24,0
txn_003804,cust_002129,480.65,wallet,720,14,9,0.6429,2,False,gateway_error,0.5629,0
txn_003805,cust_000780,1632.23,wallet,293,16,11,0.6875,2,False,network_error,0.6063,1
txn_003806,cust_001677,2093.08,netbanking,1336,12,9,0.75,2,False,bank_decline,0.525,0
txn_003807,cust_000565,386.79,wallet,1047,21,17,0.8095,4,False,bank_decline,0.3829,1
txn_003808,cust_002681,815.78,netbanking,1469,28,21,0.75,2,False,network_error,0.625,0
txn_003809,cust_000804,1466.07,wallet,808,2,2,1.0,4,False,gateway_error,0.51,0
txn_003810,cust_002157,3667.23,netbanking,1414,2,2,1.0,2,False,bank_decline,0.6,0
txn_003811,cust_000296,1451.77,wallet,44,1,1,1.0,3,False,insufficient_balance,0.46,1
txn_003812,cust_001496,1314.25,wallet,1456,1,1,1.0,2,False,network_error,0.7,1
txn_003813,cust_002584,669.98,netbanking,1401,1,0,0.0,2,False,authentication_failed,0.12,0
txn_003814,cust_002374,575.68,wallet,1322,16,13,0.8125,3,False,bank_decline,0.4637,1
txn_003815,cust_000691,11116.33,upi,578,28,23,0.8214,1,False,gateway_error,0.6964,1
txn_003816,cust_001891,1684.97,upi,566,24,21,0.875,4,False,insufficient_balance,0.3425,0
txn_003817,cust_002094,358.57,netbanking,13,6,5,0.8333,3,False,network_error,0.57,1
txn_003818,cust_000126,789.45,wallet,10,6,4,0.6667,4,False,authentication_failed,0.16,0
txn_003819,cust_001991,1445.51,card,375,23,16,0.6957,1,False,authentication_failed,0.4087,1
txn_003820,cust_002281,1029.73,card,275,6,5,0.8333,2,False,bank_decline,0.55,0
txn_003821,cust_000268,1006.17,netbanking,1273,25,21,0.84,2,False,insufficient_balance,0.492,0
txn_003822,cust_000183,544.36,netbanking,661,28,23,0.8214,1,False,bank_decline,0.6264,0
txn_003823,cust_003000,1345.41,upi,269,5,4,0.8,4,False,insufficient_balance,0.32,0
txn_003824,cust_002530,3521.88,card,1192,10,7,0.7,2,False,insufficient_balance,0.45,1
txn_003825,cust_000576,788.5,card,1137,15,10,0.6667,4,False,gateway_error,0.41,0
txn_003826,cust_000660,1125.92,wallet,531,6,4,0.6667,1,False,bank_decline,0.58,1
txn_003827,cust_000728,2641.74,upi,1063,24,23,0.9583,2,False,gateway_error,0.6575,1
txn_003828,cust_000768,1062.39,card,456,3,1,0.3333,4,False,gateway_error,0.31,1
txn_003829,cust_000373,1477.18,wallet,16,14,11,0.7857,2,False,insufficient_balance,0.4757,0
txn_003830,cust_003087,993.15,netbanking,279,22,19,0.8636,4,False,insufficient_balance,0.3391,1
txn_003831,cust_000587,1556.04,upi,233,1,1,1.0,4,False,bank_decline,0.44,0
txn_003832,cust_002775,2256.03,card,520,20,19,0.95,2,False,network_error,0.685,1
txn_003833,cust_000285,460.72,netbanking,394,5,4,0.8,3,False,expired_card,0.23,0
txn_003834,cust_002789,713.32,wallet,780,27,22,0.8148,1,False,network_error,0.7244,1
txn_003835,cust_002858,2747.83,card,1377,28,20,0.7143,4,False,insufficient_balance,0.2943,0
txn_003836,cust_002349,1512.73,card,946,7,4,0.5714,3,False,insufficient_balance,0.3314,0
txn_003837,cust_002653,4332.57,card,234,17,14,0.8235,1,False,bank_decline,0.6271,0
txn_003838,cust_000291,2172.4,netbanking,489,29,19,0.6552,3,False,network_error,0.5166,0
txn_003839,cust_002948,2891.11,netbanking,568,3,2,0.6667,4,False,gateway_error,0.41,0
txn_003840,cust_000145,727.34,card,351,24,20,0.8333,4,False,bank_decline,0.39,0
txn_003841,cust_001623,685.87,card,1337,29,21,0.7241,2,False,bank_decline,0.5172,0
txn_003842,cust_000210,315.86,netbanking,772,8,8,1.0,4,False,expired_card,0.21,1
txn_003843,cust_001243,2700.53,card,398,18,15,0.8333,3,False,bank_decline,0.47,0
txn_003844,cust_001880,754.96,upi,289,18,14,0.7778,4,False,authentication_failed,0.1933,1
txn_003845,cust_000267,430.04,card,135,5,5,1.0,1,False,authentication_failed,0.5,1
txn_003846,cust_001911,952.12,wallet,285,0,0,0.0,2,True,bank_decline,0.25,1
txn_003847,cust_003160,229.86,card,686,11,7,0.6364,1,False,gateway_error,0.6409,1
txn_003848,cust_002776,1603.61,netbanking,48,22,17,0.7727,3,False,network_error,0.5518,1
txn_003849,cust_002497,1138.95,upi,538,28,24,0.8571,1,False,network_error,0.7371,0
txn_003850,cust_002530,1532.17,card,914,24,19,0.7917,3,False,network_error,0.5575,0
txn_003851,cust_002879,1227.52,upi,529,27,24,0.8889,3,False,bank_decline,0.4867,1
txn_003852,cust_000104,952.41,netbanking,1060,21,15,0.7143,4,False,gateway_error,0.4243,0
txn_003853,cust_002689,1492.3,upi,727,3,1,0.3333,2,False,insufficient_balance,0.34,0
txn_003854,cust_002648,5469.63,wallet,1300,4,3,0.75,1,False,insufficient_balance,0.545,1
txn_003855,cust_001561,1121.07,netbanking,766,24,18,0.75,4,False,authentication_failed,0.185,0
txn_003856,cust_001311,1688.29,card,1053,29,20,0.6897,4,False,bank_decline,0.3469,1
txn_003857,cust_001746,1208.92,wallet,595,7,6,0.8571,3,False,authentication_failed,0.2971,0
txn_003858,cust_001678,626.91,wallet,496,13,10,0.7692,1,False,bank_decline,0.6108,0
txn_003859,cust_001861,487.57,upi,957,8,7,0.875,1,False,gateway_error,0.7125,1
txn_003860,cust_000690,1092.38,card,454,21,18,0.8571,3,False,expired_card,0.2471,0
txn_003861,cust_002039,1980.42,netbanking,1188,18,13,0.7222,2,False,network_error,0.6167,0
txn_003862,cust_000110,705.9,wallet,290,4,2,0.5,4,False,authentication_failed,0.11,0
txn_003863,cust_000920,2196.32,netbanking,1033,26,17,0.6538,2,False,bank_decline,0.4962,1
txn_003864,cust_000395,846.4,card,517,19,15,0.7895,2,False,gateway_error,0.6068,1
txn_003865,cust_001779,2234.99,card,1315,12,10,0.8333,3,False,gateway_error,0.54,1
txn_003866,cust_002707,1169.53,card,1209,28,22,0.7857,2,False,bank_decline,0.5357,1
txn_003867,cust_001162,9426.05,card,1491,19,16,0.8421,1,False,expired_card,0.4026,0
txn_003868,cust_000885,1643.48,upi,1139,28,23,0.8214,2,False,insufficient_balance,0.4864,1
txn_003869,cust_001473,929.47,netbanking,512,22,17,0.7727,3,False,bank_decline,0.4518,0
txn_003870,cust_001993,2375.67,netbanking,1239,0,0,0.0,2,True,expired_card,0.02,0
txn_003871,cust_001459,1353.99,card,233,17,14,0.8235,4,False,insufficient_balance,0.3271,0
txn_003872,cust_002526,797.67,card,60,5,3,0.6,2,False,authentication_failed,0.3,0
txn_003873,cust_001158,869.81,netbanking,1241,15,11,0.7333,3,False,bank_decline,0.44,1
txn_003874,cust_001425,2139.99,upi,669,25,13,0.52,4,False,network_error,0.396,0
txn_003875,cust_002822,3144.55,wallet,811,20,16,0.8,3,False,insufficient_balance,0.4,1
txn_003876,cust_002698,1464.08,netbanking,1429,6,6,1.0,3,False,gateway_error,0.59,0
txn_003877,cust_001221,2729.62,netbanking,206,0,0,0.0,1,True,network_error,0.43,0
txn_003878,cust_001926,2128.04,netbanking,393,27,21,0.7778,3,False,gateway_error,0.5233,0
txn_003879,cust_002025,1182.75,netbanking,1123,27,18,0.6667,4,False,insufficient_balance,0.28,0
txn_003880,cust_000672,1477.7,wallet,621,18,14,0.7778,2,False,network_error,0.6333,0
txn_003881,cust_000510,1238.01,wallet,408,12,9,0.75,1,False,insufficient_balance,0.545,0
txn_003882,cust_002714,245.66,card,1107,1,1,1.0,3,False,gateway_error,0.59,0
txn_003883,cust_003044,523.51,netbanking,130,2,2,1.0,4,False,expired_card,0.21,0
txn_003884,cust_001647,1265.85,upi,1082,3,3,1.0,3,False,gateway_error,0.59,1
txn_003885,cust_001271,3473.2,wallet,787,17,14,0.8235,1,False,insufficient_balance,0.5671,1
txn_003886,cust_002693,1768.19,card,1331,8,5,0.625,2,False,bank_decline,0.4875,0
txn_003887,cust_000920,2669.24,card,258,28,25,0.8929,1,False,bank_decline,0.6479,0
txn_003888,cust_000650,781.8,wallet,808,10,6,0.6,4,False,bank_decline,0.32,1
txn_003889,cust_001698,253.32,wallet,1072,17,12,0.7059,3,False,bank_decline,0.4318,1
txn_003890,cust_003262,1626.49,wallet,625,15,13,0.8667,2,False,insufficient_balance,0.5,1
txn_003891,cust_000477,4758.38,card,19,3,2,0.6667,3,False,bank_decline,0.42,1
txn_003892,cust_002865,651.34,netbanking,950,9,8,0.8889,2,False,gateway_error,0.6367,1
txn_003893,cust_002897,4523.95,netbanking,1298,19,12,0.6316,1,False,network_error,0.6695,1
txn_003894,cust_000320,490.53,netbanking,946,23,16,0.6957,1,False,network_error,0.6887,0
txn_003895,cust_002216,2565.55,upi,939,11,9,0.8182,1,False,bank_decline,0.6255,0
txn_003896,cust_003222,850.04,wallet,150,1,0,0.0,3,False,authentication_failed,0.04,0
txn_003897,cust_000097,369.34,card,470,2,2,1.0,1,False,bank_decline,0.68,0
txn_003898,cust_003129,632.62,upi,313,3,2,0.6667,1,False,insufficient_balance,0.52,0
txn_003899,cust_000074,232.39,netbanking,1062,29,21,0.7241,3,False,gateway_error,0.5072,1
txn_003900,cust_002765,1485.43,wallet,1402,4,2,0.5,4,False,gateway_error,0.36,0
txn_003901,cust_002103,4414.57,card,791,8,7,0.875,4,False,bank_decline,0.4025,0
txn_003902,cust_002674,1403.3,netbanking,87,24,22,0.9167,3,False,authentication_failed,0.315,0
txn_003903,cust_000682,1614.07,wallet,925,23,17,0.7391,4,False,bank_decline,0.3617,1
txn_003904,cust_002377,3197.28,card,666,19,14,0.7368,1,False,bank_decline,0.6011,1
txn_003905,cust_001536,1347.95,wallet,1171,17,12,0.7059,3,False,gateway_error,0.5018,0
txn_003906,cust_002106,2972.78,netbanking,1293,0,0,0.0,1,True,network_error,0.43,1
txn_003907,cust_001112,1489.36,netbanking,1404,11,7,0.6364,1,False,gateway_error,0.6409,0
txn_003908,cust_002099,5862.84,card,1042,19,15,0.7895,1,False,bank_decline,0.6168,0
txn_003909,cust_000352,1489.75,upi,783,1,1,1.0,4,False,gateway_error,0.51,0
txn_003910,cust_002645,1782.75,card,935,27,21,0.7778,1,False,bank_decline,0.6133,1
txn_003911,cust_002439,264.33,wallet,726,7,6,0.8571,1,False,gateway_error,0.7071,1
txn_003912,cust_001163,283.51,wallet,1217,2,1,0.5,3,False,network_error,0.47,0
txn_003913,cust_001113,509.72,card,710,25,22,0.88,3,False,authentication_failed,0.304,0
txn_003914,cust_003124,568.95,card,1151,13,9,0.6923,2,False,expired_card,0.2777,0
txn_003915,cust_000418,3404.3,wallet,1186,28,24,0.8571,1,False,bank_decline,0.6371,1
txn_003916,cust_000708,480.53,upi,258,29,22,0.7586,1,False,gateway_error,0.6776,1
txn_003917,cust_000578,713.61,upi,122,5,4,0.8,3,False,authentication_failed,0.28,0
txn_003918,cust_000449,6448.31,netbanking,710,22,16,0.7273,4,False,network_error,0.4582,1
txn_003919,cust_000409,1759.24,upi,587,13,10,0.7692,3,False,network_error,0.5508,1
txn_003920,cust_001285,2344.66,wallet,443,21,15,0.7143,2,False,expired_card,0.2843,0
txn_003921,cust_000941,1273.08,upi,1422,17,10,0.5882,2,False,gateway_error,0.5465,0
txn_003922,cust_001393,372.74,wallet,1488,15,11,0.7333,1,False,authentication_failed,0.42,1
txn_003923,cust_002690,3417.39,upi,758,17,15,0.8824,2,False,insufficient_balance,0.5047,0
txn_003924,cust_000781,2280.66,upi,1291,9,7,0.7778,2,False,insufficient_balance,0.4733,0
txn_003925,cust_002591,4353.45,card,1438,7,6,0.8571,1,False,bank_decline,0.6371,1
txn_003926,cust_001815,2118.11,card,657,17,13,0.7647,3,False,authentication_failed,0.2694,0
txn_003927,cust_001151,964.94,upi,419,10,9,0.9,3,False,bank_decline,0.49,1
txn_003928,cust_000493,1111.22,card,1115,20,13,0.65,4,False,network_error,0.435,0
txn_003929,cust_001264,943.54,wallet,1096,13,7,0.5385,1,False,bank_decline,0.5415,1
txn_003930,cust_002994,2047.06,wallet,326,6,4,0.6667,1,False,network_error,0.68,1
txn_003931,cust_001123,985.85,card,1414,18,14,0.7778,1,False,bank_decline,0.6133,1
txn_003932,cust_000126,1283.58,netbanking,402,1,1,1.0,3,False,bank_decline,0.52,1
txn_003933,cust_000336,222.01,upi,23,4,3,0.75,2,False,expired_card,0.295,0
txn_003934,cust_000128,947.4,wallet,352,0,0,0.0,4,True,bank_decline,0.09,0
txn_003935,cust_000017,489.49,netbanking,1199,20,13,0.65,4,False,insufficient_balance,0.275,0
txn_003936,cust_002615,3445.09,upi,529,16,10,0.625,2,False,insufficient_balance,0.4275,0
txn_003937,cust_000623,382.35,wallet,1027,29,24,0.8276,2,False,insufficient_balance,0.4883,0
txn_003938,cust_002513,1317.93,wallet,302,4,4,1.0,1,False,network_error,0.78,1
txn_003939,cust_000002,1572.52,netbanking,122,20,15,0.75,4,False,bank_decline,0.365,1
txn_003940,cust_000880,450.96,card,418,1,1,1.0,1,False,insufficient_balance,0.62,1
txn_003941,cust_002427,1572.61,netbanking,718,13,11,0.8462,4,False,expired_card,0.1638,0
txn_003942,cust_002568,318.87,card,906,20,16,0.8,1,False,bank_decline,0.62,1
txn_003943,cust_000762,1000.52,card,351,29,25,0.8621,3,False,insufficient_balance,0.4186,0
txn_003944,cust_001255,791.34,netbanking,776,4,4,1.0,3,False,bank_decline,0.52,1
txn_003945,cust_001331,449.09,card,596,3,3,1.0,3,False,insufficient_balance,0.46,1
txn_003946,cust_002840,780.8,card,258,7,6,0.8571,1,False,insufficient_balance,0.5771,1
txn_003947,cust_000442,1102.9,netbanking,986,7,4,0.5714,4,False,authentication_failed,0.1314,0
txn_003948,cust_000013,2857.05,upi,1127,16,10,0.625,3,False,gateway_error,0.4775,0
txn_003949,cust_002961,832.74,upi,1283,11,9,0.8182,3,False,network_error,0.5655,1
txn_003950,cust_002803,1789.64,card,839,26,18,0.6923,4,False,gateway_error,0.4177,1
txn_003951,cust_001836,947.67,wallet,1158,10,8,0.8,2,False,expired_card,0.31,0
txn_003952,cust_002887,191.22,wallet,1173,23,18,0.7826,1,False,authentication_failed,0.4348,0
txn_003953,cust_001350,5272.92,netbanking,495,11,8,0.7273,4,False,bank_decline,0.3582,1
txn_003954,cust_000104,248.69,netbanking,583,6,4,0.6667,2,False,insufficient_balance,0.44,0
txn_003955,cust_000477,1266.29,netbanking,936,20,13,0.65,1,False,insufficient_balance,0.515,0
txn_003956,cust_000125,1073.9,netbanking,210,15,11,0.7333,2,False,network_error,0.62,1
txn_003957,cust_000562,426.27,upi,197,0,0,0.0,3,True,network_error,0.27,0
txn_003958,cust_002552,455.53,netbanking,178,15,12,0.8,3,False,expired_card,0.23,0
txn_003959,cust_001086,1057.09,wallet,1017,12,12,1.0,4,False,insufficient_balance,0.38,1
txn_003960,cust_002810,1373.08,wallet,922,23,16,0.6957,4,False,gateway_error,0.4187,0
txn_003961,cust_000455,439.59,card,1065,1,1,1.0,4,False,bank_decline,0.44,0
txn_003962,cust_003169,2057.9,card,125,7,5,0.7143,1,False,authentication_failed,0.4143,0
txn_003963,cust_003014,546.34,wallet,439,9,7,0.7778,1,False,network_error,0.7133,1
txn_003964,cust_003267,2263.56,upi,955,25,19,0.76,3,False,network_error,0.548,1
txn_003965,cust_002443,1238.17,card,1312,4,4,1.0,2,False,gateway_error,0.67,0
txn_003966,cust_002513,8236.54,wallet,1142,20,18,0.9,3,False,bank_decline,0.49,1
txn_003967,cust_001499,3420.32,upi,42,8,7,0.875,1,False,gateway_error,0.7125,0
txn_003968,cust_000778,798.36,card,1328,22,16,0.7273,3,False,insufficient_balance,0.3782,0
txn_003969,cust_002257,960.57,netbanking,1137,13,8,0.6154,2,False,authentication_failed,0.3046,0
txn_003970,cust_002591,2605.05,wallet,519,7,5,0.7143,4,False,gateway_error,0.4243,1
txn_003971,cust_002723,883.99,card,331,14,12,0.8571,1,False,gateway_error,0.7071,1
txn_003972,cust_000395,2373.06,upi,1038,0,0,0.0,4,True,bank_decline,0.09,0
txn_003973,cust_000663,679.4,netbanking,421,3,2,0.6667,4,False,gateway_error,0.41,1
txn_003974,cust_001408,784.78,netbanking,744,7,5,0.7143,2,False,authentication_failed,0.3343,0
txn_003975,cust_002759,459.18,netbanking,1407,25,14,0.56,1,False,authentication_failed,0.368,1
txn_003976,cust_002754,1029.41,upi,758,23,19,0.8261,4,False,insufficient_balance,0.3278,0
txn_003977,cust_001884,848.66,wallet,1027,28,23,0.8214,4,False,bank_decline,0.3864,0
txn_003978,cust_003053,752.95,netbanking,780,8,5,0.625,4,False,expired_card,0.0975,1
txn_003979,cust_002591,1676.54,netbanking,1496,0,0,0.0,3,True,authentication_failed,0.02,0
txn_003980,cust_002593,1018.63,card,342,19,12,0.6316,4,False,network_error,0.4295,1
txn_003981,cust_003013,746.55,netbanking,1145,15,7,0.4667,2,False,insufficient_balance,0.38,1
txn_003982,cust_001788,1399.02,wallet,142,26,17,0.6538,4,False,insufficient_balance,0.2762,0
txn_003983,cust_001041,1122.59,card,846,24,22,0.9167,3,False,bank_decline,0.495,0
txn_003984,cust_002561,2018.22,wallet,653,5,4,0.8,2,False,bank_decline,0.54,0
txn_003985,cust_001967,609.04,upi,624,13,8,0.6154,3,False,bank_decline,0.4046,1
txn_003986,cust_003255,480.72,card,558,27,19,0.7037,1,False,authentication_failed,0.4111,1
txn_003987,cust_000111,1165.5,card,1000,21,16,0.7619,3,False,network_error,0.5486,1
txn_003988,cust_001027,1154.79,upi,1040,22,15,0.6818,3,False,gateway_error,0.4945,1
txn_003989,cust_003059,453.91,card,1209,29,18,0.6207,4,False,bank_decline,0.3262,1
txn_003990,cust_001673,527.13,wallet,1088,15,14,0.9333,4,False,bank_decline,0.42,1
txn_003991,cust_001613,1445.39,upi,202,29,21,0.7241,3,False,insufficient_balance,0.3772,1
txn_003992,cust_001982,781.61,wallet,1411,26,20,0.7692,3,False,gateway_error,0.5208,1
txn_003993,cust_002183,962.9,upi,1375,6,5,0.8333,2,False,gateway_error,0.62,1
txn_003994,cust_000147,901.54,netbanking,1203,23,18,0.7826,1,False,gateway_error,0.6848,0
txn_003995,cust_000436,165.04,card,511,9,8,0.8889,3,False,gateway_error,0.5567,0
txn_003996,cust_003231,506.91,upi,239,24,17,0.7083,2,False,insufficient_balance,0.4525,0
txn_003997,cust_002318,356.54,netbanking,717,23,20,0.8696,3,False,expired_card,0.2509,0
txn_003998,cust_000603,1377.52,upi,1205,4,4,1.0,1,False,gateway_error,0.75,0
txn_003999,cust_000202,1286.41,upi,989,29,23,0.7931,3,False,bank_decline,0.4579,0
txn_004000,cust_002477,2086.99,upi,154,17,13,0.7647,4,False,gateway_error,0.4394,1
txn_004001,cust_001236,1689.17,upi,992,26,22,0.8462,1,False,authentication_failed,0.4538,1
txn_004002,cust_000921,553.58,card,754,13,8,0.6154,1,False,insufficient_balance,0.5046,0
txn_004003,cust_001040,2662.23,upi,524,6,4,0.6667,3,False,insufficient_balance,0.36,1
txn_004004,cust_000536,1223.27,netbanking,512,9,7,0.7778,1,False,bank_decline,0.6133,1
txn_004005,cust_001977,1069.81,netbanking,1158,19,15,0.7895,2,False,gateway_error,0.6068,0
txn_004006,cust_002807,644.12,netbanking,538,3,3,1.0,2,False,gateway_error,0.67,1
txn_004007,cust_000928,428.62,wallet,1311,5,4,0.8,4,False,insufficient_balance,0.32,0
txn_004008,cust_000358,1124.37,upi,810,6,5,0.8333,4,False,network_error,0.49,0
txn_004009,cust_000754,1174.06,card,1448,18,12,0.6667,4,False,authentication_failed,0.16,0
txn_004010,cust_003026,2316.12,netbanking,603,27,20,0.7407,3,False,insufficient_balance,0.3822,1
txn_004011,cust_000392,1364.38,upi,952,28,18,0.6429,2,False,network_error,0.5929,1
txn_004012,cust_000807,2432.81,netbanking,1023,14,12,0.8571,1,False,gateway_error,0.7071,1
txn_004013,cust_003008,1065.46,card,956,13,7,0.5385,1,False,bank_decline,0.5415,1
txn_004014,cust_003207,1306.54,wallet,1041,9,5,0.5556,3,False,network_error,0.4867,0
txn_004015,cust_002060,6493.02,upi,531,3,3,1.0,2,False,authentication_failed,0.42,1
txn_004016,cust_001735,1765.93,card,1485,2,2,1.0,2,False,bank_decline,0.6,1
txn_004017,cust_000586,837.26,netbanking,891,3,2,0.6667,2,False,authentication_failed,0.32,0
txn_004018,cust_003178,646.72,card,1209,9,7,0.7778,3,False,bank_decline,0.4533,1
txn_004019,cust_003317,3343.12,wallet,1387,25,19,0.76,2,False,bank_decline,0.528,0
txn_004020,cust_002451,4976.4,netbanking,930,9,7,0.7778,2,False,bank_decline,0.5333,1
txn_004021,cust_002805,828.21,upi,1158,24,15,0.625,1,False,network_error,0.6675,1
txn_004022,cust_000652,1366.84,upi,1116,10,8,0.8,1,False,insufficient_balance,0.56,0
txn_004023,cust_000577,11370.37,upi,1232,8,6,0.75,4,False,bank_decline,0.365,0
txn_004024,cust_001411,578.2,wallet,959,8,7,0.875,3,False,bank_decline,0.4825,1
txn_004025,cust_001261,1333.75,card,709,29,18,0.6207,1,False,insufficient_balance,0.5062,1
txn_004026,cust_002850,451.22,card,850,15,14,0.9333,2,False,gateway_error,0.65,1
txn_004027,cust_001800,1171.64,card,899,28,22,0.7857,4,False,authentication_failed,0.1957,1
txn_004028,cust_002923,7511.22,card,1119,13,11,0.8462,2,False,insufficient_balance,0.4938,1
txn_004029,cust_002413,3038.85,card,308,24,17,0.7083,2,False,gateway_error,0.5825,0
txn_004030,cust_002467,2476.94,card,635,23,19,0.8261,2,False,network_error,0.6478,0
txn_004031,cust_000382,440.05,card,1401,17,12,0.7059,2,False,bank_decline,0.5118,0
txn_004032,cust_003195,1226.52,upi,1484,13,11,0.8462,2,False,expired_card,0.3238,0
txn_004033,cust_002571,378.11,card,389,1,1,1.0,2,False,network_error,0.7,0
txn_004034,cust_000062,1081.94,card,440,3,2,0.6667,3,False,insufficient_balance,0.36,1
txn_004035,cust_002695,3793.25,card,1069,18,15,0.8333,4,False,bank_decline,0.39,1
txn_004036,cust_003125,1030.63,wallet,732,17,13,0.7647,2,False,bank_decline,0.5294,1
txn_004037,cust_002160,1168.15,upi,732,21,13,0.619,1,False,authentication_failed,0.3857,0
txn_004038,cust_001202,901.5,wallet,189,25,17,0.68,3,False,authentication_failed,0.244,0
txn_004039,cust_003053,922.55,card,1064,4,2,0.5,1,False,insufficient_balance,0.47,0
txn_004040,cust_000825,1000.06,netbanking,162,4,3,0.75,4,False,insufficient_balance,0.305,1
txn_004041,cust_002461,277.18,upi,176,16,10,0.625,2,False,network_error,0.5875,0
txn_004042,cust_003222,1777.08,upi,186,22,17,0.7727,4,False,insufficient_balance,0.3118,0
txn_004043,cust_002368,534.37,netbanking,1263,12,9,0.75,1,False,bank_decline,0.605,0
txn_004044,cust_002597,1842.54,card,274,19,14,0.7368,3,False,authentication_failed,0.2611,1
txn_004045,cust_001619,770.33,wallet,635,4,4,1.0,3,False,insufficient_balance,0.46,0
txn_004046,cust_001476,652.61,wallet,992,21,18,0.8571,1,False,bank_decline,0.6371,0
txn_004047,cust_001546,1825.34,wallet,1466,29,25,0.8621,1,False,gateway_error,0.7086,1
txn_004048,cust_001363,813.54,card,438,29,23,0.7931,3,False,bank_decline,0.4579,0
txn_004049,cust_000783,689.8,upi,887,13,7,0.5385,2,False,authentication_failed,0.2815,0
txn_004050,cust_000640,1397.7,upi,974,9,7,0.7778,4,False,bank_decline,0.3733,1
txn_004051,cust_002799,1038.45,upi,346,27,18,0.6667,3,False,bank_decline,0.42,0
txn_004052,cust_002169,378.86,card,482,15,11,0.7333,3,False,network_error,0.54,1
txn_004053,cust_000888,4264.55,netbanking,1466,24,18,0.75,4,False,gateway_error,0.435,1
txn_004054,cust_002775,272.5,netbanking,1474,9,5,0.5556,1,False,gateway_error,0.6167,0
txn_004055,cust_001412,1107.06,netbanking,1135,26,17,0.6538,1,False,bank_decline,0.5762,0
txn_004056,cust_001000,699.83,netbanking,683,4,3,0.75,4,False,gateway_error,0.435,1
txn_004057,cust_000299,1613.77,card,391,22,18,0.8182,1,False,gateway_error,0.6955,0
txn_004058,cust_001651,1294.05,wallet,1241,7,7,1.0,2,False,bank_decline,0.6,1
txn_004059,cust_000371,3110.53,card,248,16,12,0.75,3,False,expired_card,0.215,0
txn_004060,cust_000026,6034.94,netbanking,533,2,2,1.0,1,False,network_error,0.78,1
txn_004061,cust_001129,2294.73,upi,348,16,14,0.875,1,False,gateway_error,0.7125,1
txn_004062,cust_000292,657.06,upi,297,23,18,0.7826,4,False,network_error,0.4748,0
txn_004063,cust_000502,461.04,card,1452,0,0,0.0,4,True,network_error,0.19,0
txn_004064,cust_001797,481.06,wallet,639,23,17,0.7391,3,False,network_error,0.5417,0
txn_004065,cust_002079,790.01,card,479,26,19,0.7308,3,False,gateway_error,0.5092,1
txn_004066,cust_001004,427.22,card,36,1,1,1.0,1,False,bank_decline,0.68,0
txn_004067,cust_002673,308.53,card,553,18,15,0.8333,4,False,authentication_failed,0.21,0
txn_004068,cust_001936,563.73,upi,1003,9,7,0.7778,1,False,insufficient_balance,0.5533,1
txn_004069,cust_001414,235.98,upi,37,14,10,0.7143,1,False,bank_decline,0.5943,0
txn_004070,cust_002169,1151.17,wallet,744,9,7,0.7778,1,False,authentication_failed,0.4333,0
txn_004071,cust_003269,4266.72,netbanking,375,20,12,0.6,2,False,authentication_failed,0.3,0
txn_004072,cust_002953,668.9,netbanking,264,15,8,0.5333,3,False,gateway_error,0.45,0
txn_004073,cust_002918,1221.71,netbanking,1114,6,4,0.6667,3,False,expired_card,0.19,0
txn_004074,cust_001516,715.55,upi,1173,26,19,0.7308,1,False,gateway_error,0.6692,0
txn_004075,cust_003039,180.66,netbanking,870,20,14,0.7,3,False,insufficient_balance,0.37,1
txn_004076,cust_001569,2441.25,wallet,1142,12,7,0.5833,4,False,bank_decline,0.315,0
txn_004077,cust_002650,677.76,wallet,171,17,13,0.7647,4,False,insufficient_balance,0.3094,0
txn_004078,cust_001833,1189.21,netbanking,78,10,8,0.8,4,False,authentication_failed,0.2,0
txn_004079,cust_000313,854.19,netbanking,1312,5,4,0.8,4,False,bank_decline,0.38,0
txn_004080,cust_002699,2363.51,wallet,1262,5,3,0.6,4,False,bank_decline,0.32,0
txn_004081,cust_003041,4727.37,card,1447,26,20,0.7692,3,False,gateway_error,0.5208,0
txn_004082,cust_001429,725.43,wallet,307,0,0,0.0,3,True,bank_decline,0.17,0
txn_004083,cust_002823,744.48,card,433,23,17,0.7391,4,False,network_error,0.4617,1
txn_004084,cust_001677,1639.12,wallet,614,25,17,0.68,2,False,bank_decline,0.504,0
txn_004085,cust_003300,302.38,wallet,1442,24,19,0.7917,1,False,network_error,0.7175,1
txn_004086,cust_001567,1393.24,netbanking,555,22,14,0.6364,3,False,network_error,0.5109,0
txn_004087,cust_000862,715.49,upi,369,5,3,0.6,1,False,authentication_failed,0.38,1
txn_004088,cust_002645,1889.16,card,608,14,12,0.8571,2,False,gateway_error,0.6271,0
txn_004089,cust_000578,3841.48,upi,1486,21,15,0.7143,3,False,expired_card,0.2043,0
txn_004090,cust_002311,1278.45,upi,1374,19,12,0.6316,3,False,insufficient_balance,0.3495,0
txn_004091,cust_001517,415.11,wallet,1146,1,1,1.0,2,False,insufficient_balance,0.54,0
txn_004092,cust_001495,163.38,card,609,5,2,0.4,3,False,expired_card,0.11,0
txn_004093,cust_000414,1536.31,wallet,1184,25,20,0.8,1,False,bank_decline,0.62,0
txn_004094,cust_001144,1661.89,netbanking,1491,23,18,0.7826,3,False,insufficient_balance,0.3948,0
txn_004095,cust_003321,1167.84,card,1359,28,21,0.75,3,False,bank_decline,0.445,0
txn_004096,cust_001388,1127.71,wallet,792,8,6,0.75,1,False,insufficient_balance,0.545,0
txn_004097,cust_002473,266.86,card,1232,27,20,0.7407,2,False,gateway_error,0.5922,1
txn_004098,cust_002868,709.93,card,302,14,9,0.6429,4,False,authentication_failed,0.1529,0
txn_004099,cust_000334,894.36,wallet,359,18,13,0.7222,2,False,bank_decline,0.5167,1
txn_004100,cust_000529,642.32,wallet,182,6,5,0.8333,2,False,bank_decline,0.55,1
txn_004101,cust_002052,3620.57,upi,1216,4,3,0.75,2,False,expired_card,0.295,0
txn_004102,cust_000623,4194.35,wallet,1203,3,3,1.0,4,False,gateway_error,0.51,0
txn_004103,cust_003293,957.6,card,199,21,16,0.7619,4,False,bank_decline,0.3686,0
txn_004104,cust_001128,442.16,netbanking,294,13,9,0.6923,2,False,gateway_error,0.5777,0
txn_004105,cust_001235,1473.82,upi,1031,5,5,1.0,4,False,bank_decline,0.44,0
txn_004106,cust_000772,607.16,card,861,15,12,0.8,4,False,expired_card,0.15,0
txn_004107,cust_000194,764.13,wallet,663,25,18,0.72,1,False,gateway_error,0.666,0
txn_004108,cust_002736,944.28,netbanking,1498,29,19,0.6552,3,False,bank_decline,0.4166,1
txn_004109,cust_002007,459.23,upi,388,16,10,0.625,1,False,bank_decline,0.5675,1
txn_004110,cust_002667,415.81,wallet,1034,6,5,0.8333,1,False,gateway_error,0.7,1
txn_004111,cust_000402,3249.8,upi,1012,17,15,0.8824,4,False,network_error,0.5047,0
txn_004112,cust_000883,810.98,netbanking,367,22,16,0.7273,2,False,insufficient_balance,0.4582,1
txn_004113,cust_002978,2641.75,upi,276,18,13,0.7222,4,False,gateway_error,0.4267,0
txn_004114,cust_001065,2301.32,wallet,123,12,10,0.8333,4,False,authentication_failed,0.21,0
txn_004115,cust_002741,674.94,upi,120,2,2,1.0,4,False,insufficient_balance,0.38,0
txn_004116,cust_001012,1322.0,netbanking,1341,19,13,0.6842,4,False,bank_decline,0.3453,0
txn_004117,cust_001822,1323.29,upi,1251,2,2,1.0,4,False,expired_card,0.21,0
txn_004118,cust_001001,1732.77,upi,1194,19,10,0.5263,3,False,authentication_failed,0.1979,0
txn_004119,cust_001014,1129.61,card,948,2,1,0.5,4,False,gateway_error,0.36,1
txn_004120,cust_000586,715.87,netbanking,1373,24,21,0.875,3,False,expired_card,0.2525,0
txn_004121,cust_001367,1940.12,netbanking,1497,23,17,0.7391,2,False,gateway_error,0.5917,0
txn_004122,cust_001995,2394.69,card,782,15,10,0.6667,2,False,bank_decline,0.5,0
txn_004123,cust_000971,1069.67,upi,1332,21,12,0.5714,4,False,bank_decline,0.3114,0
txn_004124,cust_001458,338.48,card,902,10,7,0.7,3,False,gateway_error,0.5,1
txn_004125,cust_002505,2110.43,card,1051,2,1,0.5,2,False,authentication_failed,0.27,0
txn_004126,cust_001657,453.63,netbanking,852,29,25,0.8621,1,False,expired_card,0.4086,1
txn_004127,cust_000425,1692.43,wallet,990,5,4,0.8,1,False,expired_card,0.39,1
txn_004128,cust_001388,597.37,card,1413,24,18,0.75,2,False,bank_decline,0.525,0
txn_004129,cust_001958,2868.25,upi,1369,13,12,0.9231,4,False,authentication_failed,0.2369,0
txn_004130,cust_002221,100.0,wallet,866,5,3,0.6,2,False,authentication_failed,0.3,1
txn_004131,cust_001179,1557.42,upi,754,27,22,0.8148,2,False,insufficient_balance,0.4844,1
txn_004132,cust_000399,1557.51,card,294,5,4,0.8,2,False,insufficient_balance,0.48,1
txn_004133,cust_001790,1643.18,wallet,1087,14,10,0.7143,2,False,bank_decline,0.5143,1
txn_004134,cust_001834,590.34,card,671,18,12,0.6667,2,False,insufficient_balance,0.44,1
txn_004135,cust_001817,299.6,netbanking,298,28,24,0.8571,1,False,gateway_error,0.7071,0
txn_004136,cust_000074,1071.86,upi,1035,23,18,0.7826,1,False,network_error,0.7148,1
txn_004137,cust_000572,412.31,wallet,980,28,21,0.75,3,False,bank_decline,0.445,1
txn_004138,cust_000765,1485.4,wallet,669,11,10,0.9091,4,False,network_error,0.5127,1
txn_004139,cust_003008,1492.99,netbanking,551,3,2,0.6667,4,False,insufficient_balance,0.28,0
txn_004140,cust_002233,212.75,wallet,1123,20,14,0.7,1,False,bank_decline,0.59,1
txn_004141,cust_003181,571.56,wallet,121,11,7,0.6364,2,False,insufficient_balance,0.4309,1
txn_004142,cust_001404,796.16,upi,126,23,15,0.6522,4,False,insufficient_balance,0.2757,1
txn_004143,cust_001410,3282.14,upi,467,20,15,0.75,2,False,bank_decline,0.525,1
txn_004144,cust_000784,312.84,wallet,688,7,6,0.8571,3,False,gateway_error,0.5471,0
txn_004145,cust_002866,1878.85,wallet,1286,10,7,0.7,3,False,network_error,0.53,0
txn_004146,cust_000523,6138.91,netbanking,808,13,9,0.6923,2,False,network_error,0.6077,1
txn_004147,cust_002778,1407.82,netbanking,766,0,0,0.0,4,True,expired_card,0.02,0
txn_004148,cust_002553,973.83,upi,245,3,3,1.0,2,False,expired_card,0.37,1
txn_004149,cust_001155,730.6,upi,564,15,11,0.7333,4,False,authentication_failed,0.18,0
txn_004150,cust_002095,1128.68,card,736,20,12,0.6,1,False,expired_card,0.33,1
txn_004151,cust_000413,1009.86,upi,1253,12,9,0.75,2,False,bank_decline,0.525,1
txn_004152,cust_003072,7183.43,card,1104,23,20,0.8696,4,False,gateway_error,0.4709,0
txn_004153,cust_000770,479.11,netbanking,1323,6,3,0.5,1,False,network_error,0.63,1
txn_004154,cust_001911,2306.49,card,570,29,22,0.7586,3,False,insufficient_balance,0.3876,0
txn_004155,cust_000939,2101.68,wallet,873,13,13,1.0,3,False,gateway_error,0.59,0
txn_004156,cust_000283,2479.15,upi,359,25,21,0.84,2,False,authentication_failed,0.372,0
txn_004157,cust_000100,2552.35,card,858,23,19,0.8261,3,False,bank_decline,0.4678,1
txn_004158,cust_002007,1040.79,upi,1088,24,19,0.7917,2,False,insufficient_balance,0.4775,1
txn_004159,cust_002618,539.62,wallet,404,3,3,1.0,4,False,insufficient_balance,0.38,0
txn_004160,cust_002059,4100.25,wallet,699,26,17,0.6538,2,False,insufficient_balance,0.4362,1
txn_004161,cust_001986,2323.46,netbanking,985,1,1,1.0,2,False,bank_decline,0.6,1
txn_004162,cust_002232,418.48,upi,973,22,11,0.5,1,False,bank_decline,0.53,0
txn_004163,cust_001921,2760.69,upi,961,6,4,0.6667,2,False,bank_decline,0.5,1
txn_004164,cust_000237,1719.85,card,455,26,21,0.8077,2,False,expired_card,0.3123,0
txn_004165,cust_002600,913.39,netbanking,565,28,20,0.7143,2,False,gateway_error,0.5843,1
txn_004166,cust_003061,762.35,wallet,1046,22,19,0.8636,1,False,network_error,0.7391,1
txn_004167,cust_002586,1323.03,card,440,29,26,0.8966,1,False,insufficient_balance,0.589,1
txn_004168,cust_001439,2714.56,netbanking,1448,17,15,0.8824,3,False,authentication_failed,0.3047,0
txn_004169,cust_002132,539.37,wallet,1392,12,7,0.5833,4,False,authentication_failed,0.135,0
txn_004170,cust_003056,1333.3,wallet,552,24,15,0.625,2,False,expired_card,0.2575,1
txn_004171,cust_001295,805.1,upi,924,24,18,0.75,4,False,network_error,0.465,0
txn_004172,cust_000829,1038.37,upi,90,21,17,0.8095,4,False,authentication_failed,0.2029,0
txn_004173,cust_000881,410.79,upi,559,25,18,0.72,2,False,insufficient_balance,0.456,1
txn_004174,cust_002648,2626.1,netbanking,1025,9,7,0.7778,3,False,bank_decline,0.4533,0
txn_004175,cust_001113,4195.88,card,167,16,15,0.9375,1,False,expired_card,0.4312,0
txn_004176,cust_002927,1083.33,wallet,1428,11,6,0.5455,3,False,insufficient_balance,0.3236,0
txn_004177,cust_003209,419.44,upi,733,14,11,0.7857,1,False,gateway_error,0.6857,0
txn_004178,cust_001727,2003.04,wallet,1379,6,2,0.3333,1,False,expired_card,0.25,0
txn_004179,cust_002424,1650.05,netbanking,540,19,17,0.8947,2,False,insufficient_balance,0.5084,0
txn_004180,cust_001975,1183.59,wallet,1016,0,0,0.0,2,True,authentication_failed,0.07,0
txn_004181,cust_001144,612.7,netbanking,344,19,12,0.6316,2,False,authentication_failed,0.3095,0
txn_004182,cust_002740,270.63,wallet,1027,4,4,1.0,1,False,gateway_error,0.75,1
txn_004183,cust_001837,503.65,card,877,13,8,0.6154,1,False,insufficient_balance,0.5046,0
txn_004184,cust_001038,613.92,wallet,429,21,15,0.7143,2,False,insufficient_balance,0.4543,0
txn_004185,cust_001461,484.55,wallet,1109,9,6,0.6667,2,False,authentication_failed,0.32,0
txn_004186,cust_002914,480.75,upi,355,22,18,0.8182,1,False,insufficient_balance,0.5655,0
txn_004187,cust_001663,1051.06,upi,842,16,8,0.5,3,False,bank_decline,0.37,1
txn_004188,cust_002598,1279.16,card,1349,24,21,0.875,3,False,network_error,0.5825,0
txn_004189,cust_002220,1166.82,upi,1476,10,4,0.4,3,False,authentication_failed,0.16,0
txn_004190,cust_002907,676.34,wallet,1006,9,7,0.7778,3,False,expired_card,0.2233,1
txn_004191,cust_002450,6300.85,netbanking,647,19,16,0.8421,1,False,bank_decline,0.6326,0
txn_004192,cust_002096,2689.05,upi,614,10,6,0.6,1,False,network_error,0.66,0
txn_004193,cust_002152,388.86,upi,1324,0,0,0.0,1,True,bank_decline,0.33,0
txn_004194,cust_000023,932.73,card,1106,22,17,0.7727,3,False,authentication_failed,0.2718,0
txn_004195,cust_002683,1300.26,card,232,19,13,0.6842,4,False,network_error,0.4453,1
txn_004196,cust_000639,611.44,upi,1279,21,15,0.7143,2,False,insufficient_balance,0.4543,0
txn_004197,cust_000489,283.03,wallet,827,14,12,0.8571,4,False,authentication_failed,0.2171,0
txn_004198,cust_000525,363.37,upi,1440,26,22,0.8462,4,False,insufficient_balance,0.3338,0
txn_004199,cust_002903,563.57,card,406,20,15,0.75,2,False,expired_card,0.295,0
txn_004200,cust_001918,280.63,upi,41,21,14,0.6667,1,False,bank_decline,0.58,0
txn_004201,cust_001185,317.55,upi,917,7,7,1.0,2,False,bank_decline,0.6,1
txn_004202,cust_001705,802.37,card,757,8,2,0.25,2,False,insufficient_balance,0.315,0
txn_004203,cust_000402,4801.78,upi,45,16,13,0.8125,3,False,network_error,0.5637,1
txn_004204,cust_000759,2005.69,upi,954,8,5,0.625,1,False,insufficient_balance,0.5075,1
txn_004205,cust_001513,469.1,wallet,808,18,13,0.7222,4,False,gateway_error,0.4267,1
txn_004206,cust_003185,2355.2,netbanking,912,11,7,0.6364,4,False,expired_card,0.1009,0
txn_004207,cust_000398,1297.46,wallet,326,9,7,0.7778,3,False,bank_decline,0.4533,1
txn_004208,cust_001647,2428.77,wallet,214,9,8,0.8889,4,False,bank_decline,0.4067,0
txn_004209,cust_003297,2899.22,upi,278,12,10,0.8333,1,False,authentication_failed,0.45,1
txn_004210,cust_001758,667.09,netbanking,1286,5,4,0.8,3,False,insufficient_balance,0.4,0
txn_004211,cust_000881,523.55,wallet,69,14,11,0.7857,2,False,insufficient_balance,0.4757,1
txn_004212,cust_001534,583.08,netbanking,923,20,18,0.9,1,False,expired_card,0.42,0
txn_004213,cust_003102,686.51,netbanking,886,4,4,1.0,2,False,authentication_failed,0.42,0
txn_004214,cust_000051,2182.71,card,1326,1,1,1.0,3,False,gateway_error,0.59,0
txn_004215,cust_003277,3793.61,wallet,340,28,18,0.6429,2,False,authentication_failed,0.3129,1
txn_004216,cust_003325,247.26,wallet,105,21,12,0.5714,3,False,network_error,0.4914,1
txn_004217,cust_000959,7391.14,upi,966,25,19,0.76,3,False,authentication_failed,0.268,0
txn_004218,cust_001887,403.35,wallet,569,11,8,0.7273,3,False,network_error,0.5382,1
txn_004219,cust_002971,352.26,upi,1097,17,10,0.5882,2,False,gateway_error,0.5465,0
txn_004220,cust_002079,629.17,wallet,875,27,17,0.6296,4,False,bank_decline,0.3289,1
txn_004221,cust_000564,475.8,netbanking,1103,7,4,0.5714,3,False,expired_card,0.1614,0
txn_004222,cust_002895,3787.33,card,1370,9,5,0.5556,1,False,network_error,0.6467,1
txn_004223,cust_002910,237.86,upi,1307,13,7,0.5385,3,False,network_error,0.4815,1
txn_004224,cust_001469,792.64,netbanking,1228,29,25,0.8621,2,False,authentication_failed,0.3786,0
txn_004225,cust_003012,674.89,netbanking,347,10,7,0.7,4,False,gateway_error,0.42,0
txn_004226,cust_000624,2070.38,card,55,13,6,0.4615,2,False,expired_card,0.2085,0
txn_004227,cust_003269,1825.13,card,1491,13,12,0.9231,2,False,gateway_error,0.6469,1
txn_004228,cust_002304,766.53,netbanking,756,14,13,0.9286,2,False,authentication_failed,0.3986,1
txn_004229,cust_002937,1740.81,card,554,15,12,0.8,1,False,gateway_error,0.69,1
txn_004230,cust_002934,2235.39,card,153,11,6,0.5455,4,False,network_error,0.4036,1
txn_004231,cust_000966,869.09,wallet,286,18,14,0.7778,1,False,insufficient_balance,0.5533,0
txn_004232,cust_002610,1463.23,upi,106,3,3,1.0,1,False,authentication_failed,0.5,1
txn_004233,cust_001394,2541.84,wallet,688,14,11,0.7857,4,False,expired_card,0.1457,0
txn_004234,cust_001916,896.48,upi,1457,3,2,0.6667,2,False,bank_decline,0.5,0
txn_004235,cust_003205,499.82,card,1343,26,21,0.8077,2,False,bank_decline,0.5423,0
txn_004236,cust_002632,581.81,wallet,943,12,10,0.8333,1,False,gateway_error,0.7,1
txn_004237,cust_000726,4293.7,upi,953,2,1,0.5,3,False,bank_decline,0.37,1
txn_004238,cust_000227,2416.75,netbanking,131,15,14,0.9333,3,False,network_error,0.6,0
txn_004239,cust_001123,863.05,card,50,9,8,0.8889,3,False,network_error,0.5867,0
txn_004240,cust_003042,1594.89,card,57,3,3,1.0,3,False,authentication_failed,0.34,1
txn_004241,cust_001437,1174.12,card,441,5,3,0.6,4,False,authentication_failed,0.14,0
txn_004242,cust_001428,574.21,wallet,637,7,6,0.8571,4,False,authentication_failed,0.2171,0
txn_004243,cust_002058,3047.42,upi,1000,1,1,1.0,3,False,network_error,0.62,1
txn_004244,cust_002389,1653.52,upi,228,17,10,0.5882,3,False,expired_card,0.1665,0
txn_004245,cust_000318,930.47,wallet,1368,21,13,0.619,3,False,authentication_failed,0.2257,0
txn_004246,cust_002765,1310.3,card,1322,17,10,0.5882,3,False,network_error,0.4965,1
txn_004247,cust_000133,1187.83,wallet,527,19,13,0.6842,4,False,network_error,0.4453,0
txn_004248,cust_002352,4266.26,card,811,20,19,0.95,3,False,bank_decline,0.505,0
txn_004249,cust_003245,2127.63,netbanking,318,2,2,1.0,3,False,bank_decline,0.52,0
txn_004250,cust_003325,1661.47,upi,899,18,16,0.8889,1,False,network_error,0.7467,1
txn_004251,cust_000136,541.84,card,904,5,4,0.8,1,False,network_error,0.72,1
txn_004252,cust_002291,1681.71,upi,577,6,5,0.8333,4,False,insufficient_balance,0.33,1
txn_004253,cust_001570,2076.38,netbanking,919,1,1,1.0,3,False,authentication_failed,0.34,0
txn_004254,cust_000919,554.27,card,1387,7,4,0.5714,1,False,insufficient_balance,0.4914,0
txn_004255,cust_000275,876.83,card,1216,12,10,0.8333,2,False,authentication_failed,0.37,0
txn_004256,cust_003290,4845.61,wallet,1324,14,12,0.8571,4,False,authentication_failed,0.2171,1
txn_004257,cust_000339,2130.06,card,840,27,19,0.7037,1,False,authentication_failed,0.4111,1
txn_004258,cust_002983,588.37,wallet,403,7,6,0.8571,4,False,insufficient_balance,0.3371,0
txn_004259,cust_001984,709.94,upi,1086,0,0,0.0,3,True,insufficient_balance,0.11,0
txn_004260,cust_000114,364.75,card,1110,7,7,1.0,4,False,insufficient_balance,0.38,1
txn_004261,cust_002066,1018.5,upi,236,29,25,0.8621,4,False,expired_card,0.1686,1
txn_004262,cust_002342,2622.22,card,1320,11,8,0.7273,4,False,insufficient_balance,0.2982,1
txn_004263,cust_000364,489.75,card,248,17,12,0.7059,4,False,insufficient_balance,0.2918,0
txn_004264,cust_003140,2550.36,upi,1130,29,23,0.7931,4,False,bank_decline,0.3779,1
txn_004265,cust_000441,996.96,wallet,1464,24,16,0.6667,2,False,network_error,0.6,0
txn_004266,cust_003189,550.14,wallet,286,18,14,0.7778,3,False,network_error,0.5533,1
txn_004267,cust_000974,1190.41,netbanking,990,9,6,0.6667,3,False,insufficient_balance,0.36,0
txn_004268,cust_001058,2033.72,card,48,19,13,0.6842,4,False,gateway_error,0.4153,1
txn_004269,cust_002011,589.0,netbanking,1440,23,14,0.6087,3,False,authentication_failed,0.2226,0
txn_004270,cust_000556,367.26,upi,1083,14,10,0.7143,3,False,insufficient_balance,0.3743,0
txn_004271,cust_002481,787.9,card,487,1,1,1.0,1,False,bank_decline,0.68,0
txn_004272,cust_001208,1763.8,upi,728,23,16,0.6957,2,False,gateway_error,0.5787,1
txn_004273,cust_000663,1211.66,netbanking,1349,7,2,0.2857,1,False,authentication_failed,0.2857,0
txn_004274,cust_002906,1354.45,card,1301,26,17,0.6538,3,False,insufficient_balance,0.3562,0
txn_004275,cust_000609,1246.11,upi,481,23,16,0.6957,3,False,network_error,0.5287,1
txn_004276,cust_002880,1367.67,wallet,1408,10,6,0.6,1,False,insufficient_balance,0.5,0
txn_004277,cust_001898,446.89,wallet,1110,23,17,0.7391,1,False,expired_card,0.3717,0
txn_004278,cust_003193,4994.45,card,1419,24,18,0.75,2,False,insufficient_balance,0.465,0
txn_004279,cust_003204,681.63,wallet,1261,25,20,0.8,4,False,insufficient_balance,0.32,0
txn_004280,cust_002491,2595.51,wallet,118,13,8,0.6154,1,False,insufficient_balance,0.5046,1
txn_004281,cust_001301,1648.13,upi,1216,18,14,0.7778,4,False,insufficient_balance,0.3133,1
txn_004282,cust_000368,455.45,card,636,22,17,0.7727,3,False,bank_decline,0.4518,0
txn_004283,cust_000326,1503.96,netbanking,522,3,2,0.6667,4,False,expired_card,0.11,1
txn_004284,cust_001958,1146.28,upi,762,24,17,0.7083,4,False,insufficient_balance,0.2925,0
txn_004285,cust_000515,1938.76,netbanking,304,26,25,0.9615,3,False,bank_decline,0.5085,1
txn_004286,cust_000771,3553.59,upi,798,28,23,0.8214,3,False,gateway_error,0.5364,1
txn_004287,cust_002307,360.4,netbanking,129,18,15,0.8333,3,False,expired_card,0.24,0
txn_004288,cust_001602,1512.78,card,1341,15,6,0.4,2,False,bank_decline,0.42,0
txn_004289,cust_000139,203.89,upi,1319,12,11,0.9167,4,False,authentication_failed,0.235,0
txn_004290,cust_001838,1107.9,upi,584,13,10,0.7692,2,False,network_error,0.6308,0
txn_004291,cust_001803,2124.09,netbanking,1084,9,6,0.6667,2,False,insufficient_balance,0.44,0
txn_004292,cust_000033,2966.15,upi,1405,1,1,1.0,4,False,insufficient_balance,0.38,1
txn_004293,cust_003285,1238.16,wallet,1481,1,0,0.0,4,False,gateway_error,0.21,1
txn_004294,cust_002985,635.42,upi,236,2,1,0.5,1,False,authentication_failed,0.35,0
txn_004295,cust_000014,480.91,wallet,661,13,7,0.5385,1,False,authentication_failed,0.3615,1
txn_004296,cust_003333,670.58,card,143,24,18,0.75,2,False,insufficient_balance,0.465,0
txn_004297,cust_001656,1171.91,netbanking,1104,8,5,0.625,4,False,insufficient_balance,0.2675,0
txn_004298,cust_001789,1667.78,netbanking,811,20,15,0.75,3,False,insufficient_balance,0.385,1
txn_004299,cust_001478,1665.79,upi,1134,5,4,0.8,1,False,network_error,0.72,1
txn_004300,cust_001290,994.44,upi,1283,26,16,0.6154,1,False,bank_decline,0.5646,0
txn_004301,cust_000689,740.48,wallet,738,16,11,0.6875,2,False,insufficient_balance,0.4462,0
txn_004302,cust_000277,581.6,upi,689,27,21,0.7778,4,False,bank_decline,0.3733,0
txn_004303,cust_003298,1857.11,netbanking,802,18,15,0.8333,1,False,insufficient_balance,0.57,1
txn_004304,cust_002038,1136.54,upi,1161,22,16,0.7273,4,False,network_error,0.4582,1
txn_004305,cust_000528,465.36,netbanking,238,24,18,0.75,3,False,authentication_failed,0.265,0
txn_004306,cust_001355,2291.99,upi,134,26,20,0.7692,2,False,insufficient_balance,0.4708,1
txn_004307,cust_002348,1396.17,card,1265,18,14,0.7778,3,False,expired_card,0.2233,0
txn_004308,cust_002542,320.62,card,667,1,1,1.0,1,False,expired_card,0.45,0
txn_004309,cust_003191,3208.03,card,127,18,15,0.8333,1,False,insufficient_balance,0.57,1
txn_004310,cust_002517,1909.63,netbanking,172,5,5,1.0,4,False,insufficient_balance,0.38,1
txn_004311,cust_000229,583.96,upi,372,10,6,0.6,2,False,insufficient_balance,0.42,1
txn_004312,cust_001545,601.32,card,358,27,19,0.7037,1,False,network_error,0.6911,1
txn_004313,cust_001984,1140.84,wallet,1236,13,11,0.8462,3,False,expired_card,0.2438,1
txn_004314,cust_003002,207.87,card,718,7,6,0.8571,2,False,insufficient_balance,0.4971,1
txn_004315,cust_000390,406.19,wallet,99,14,12,0.8571,1,False,insufficient_balance,0.5771,1
txn_004316,cust_002352,1315.1,card,1356,28,26,0.9286,3,False,authentication_failed,0.3186,0
txn_004317,cust_000393,1970.75,card,763,3,3,1.0,4,False,network_error,0.54,0
txn_004318,cust_002331,361.52,wallet,922,29,21,0.7241,4,False,expired_card,0.1272,0
txn_004319,cust_002763,930.7,card,1159,28,17,0.6071,1,False,gateway_error,0.6321,0
txn_004320,cust_002241,699.77,card,812,7,6,0.8571,1,False,gateway_error,0.7071,1
txn_004321,cust_001621,1259.17,upi,1453,14,10,0.7143,4,False,insufficient_balance,0.2943,0
txn_004322,cust_001165,1633.88,upi,1273,18,13,0.7222,4,False,gateway_error,0.4267,0
txn_004323,cust_001129,1898.53,card,91,8,6,0.75,1,False,expired_card,0.375,0
txn_004324,cust_001621,1277.7,card,69,6,4,0.6667,4,False,bank_decline,0.34,0
txn_004325,cust_001331,8517.98,upi,659,27,20,0.7407,1,False,gateway_error,0.6722,1
txn_004326,cust_002376,323.03,card,1136,10,6,0.6,4,False,bank_decline,0.32,0
txn_004327,cust_000617,946.81,wallet,740,4,3,0.75,2,False,gateway_error,0.595,1
txn_004328,cust_000339,623.47,upi,342,11,11,1.0,3,False,authentication_failed,0.34,0
txn_004329,cust_002215,296.49,card,329,21,15,0.7143,3,False,bank_decline,0.4343,0
txn_004330,cust_002933,781.27,netbanking,151,6,3,0.5,4,False,insufficient_balance,0.23,0
txn_004331,cust_001474,1143.91,card,1472,19,14,0.7368,4,False,network_error,0.4611,1
txn_004332,cust_002783,883.69,netbanking,141,19,17,0.8947,3,False,gateway_error,0.5584,1
txn_004333,cust_000234,1035.34,netbanking,1203,1,0,0.0,3,False,network_error,0.32,1
txn_004334,cust_002059,118.23,upi,1059,7,4,0.5714,4,False,insufficient_balance,0.2514,0
txn_004335,cust_001762,370.15,upi,672,11,9,0.8182,3,False,expired_card,0.2355,0
txn_004336,cust_000633,936.2,netbanking,979,27,22,0.8148,2,False,bank_decline,0.5444,1
txn_004337,cust_001238,1854.2,netbanking,841,25,21,0.84,2,False,insufficient_balance,0.492,1
txn_004338,cust_002382,1203.15,netbanking,146,3,3,1.0,3,False,bank_decline,0.52,0
txn_004339,cust_001340,1709.05,upi,750,27,20,0.7407,1,False,bank_decline,0.6022,0
txn_004340,cust_001891,851.25,wallet,475,8,5,0.625,2,False,bank_decline,0.4875,0
txn_004341,cust_001091,4461.37,card,1340,27,22,0.8148,4,False,insufficient_balance,0.3244,0
txn_004342,cust_000112,967.95,wallet,1192,9,6,0.6667,1,False,bank_decline,0.58,0
txn_004343,cust_000430,1690.81,card,836,21,16,0.7619,1,False,network_error,0.7086,1
txn_004344,cust_000688,566.78,wallet,414,12,7,0.5833,1,False,gateway_error,0.625,1
txn_004345,cust_001481,1876.55,card,140,5,2,0.4,2,False,gateway_error,0.49,0
txn_004346,cust_000254,295.45,card,1145,12,10,0.8333,2,False,insufficient_balance,0.49,1
txn_004347,cust_003312,7917.03,wallet,591,11,11,1.0,1,False,authentication_failed,0.5,0
txn_004348,cust_000959,302.42,card,880,19,16,0.8421,4,False,gateway_error,0.4626,1
txn_004349,cust_002850,3972.32,netbanking,786,7,4,0.5714,1,False,expired_card,0.3214,0
txn_004350,cust_000481,1294.35,netbanking,1416,9,5,0.5556,3,False,insufficient_balance,0.3267,0
txn_004351,cust_000233,427.31,netbanking,761,19,16,0.8421,2,False,authentication_failed,0.3726,1
txn_004352,cust_003247,771.5,upi,1460,26,15,0.5769,1,False,expired_card,0.3231,1
txn_004353,cust_002065,1692.34,wallet,639,0,0,0.0,2,True,authentication_failed,0.07,0
txn_004354,cust_000851,584.18,wallet,426,22,16,0.7273,4,False,authentication_failed,0.1782,0
txn_004355,cust_002638,100.0,card,701,16,13,0.8125,4,False,insufficient_balance,0.3238,1
txn_004356,cust_002795,2308.51,netbanking,232,9,6,0.6667,4,False,insufficient_balance,0.28,0
txn_004357,cust_000739,269.88,wallet,1431,7,6,0.8571,3,False,bank_decline,0.4771,1
txn_004358,cust_000602,1044.76,netbanking,1355,20,13,0.65,4,False,gateway_error,0.405,1
txn_004359,cust_001815,1143.44,netbanking,1222,14,12,0.8571,1,False,gateway_error,0.7071,0
txn_004360,cust_000631,2363.92,wallet,998,7,6,0.8571,1,False,gateway_error,0.7071,1
txn_004361,cust_001412,3182.27,netbanking,77,4,4,1.0,3,False,bank_decline,0.52,1
txn_004362,cust_002412,1038.36,wallet,500,19,15,0.7895,4,False,authentication_failed,0.1968,0
txn_004363,cust_001057,1851.85,netbanking,1300,3,0,0.0,4,False,network_error,0.24,1
txn_004364,cust_002229,1680.07,card,1209,9,7,0.7778,4,False,network_error,0.4733,0
txn_004365,cust_002060,452.63,netbanking,74,5,3,0.6,1,False,network_error,0.66,1
txn_004366,cust_001487,809.35,wallet,1416,17,10,0.5882,2,False,network_error,0.5765,1
txn_004367,cust_002979,3921.15,card,63,28,21,0.75,3,False,gateway_error,0.515,0
txn_004368,cust_000881,1592.79,card,145,9,6,0.6667,4,False,expired_card,0.11,0
txn_004369,cust_000141,1771.8,netbanking,816,13,11,0.8462,3,False,insufficient_balance,0.4138,0
txn_004370,cust_000835,940.67,upi,1193,23,17,0.7391,2,False,gateway_error,0.5917,0
txn_004371,cust_000441,853.83,netbanking,768,10,9,0.9,1,False,gateway_error,0.72,0
txn_004372,cust_000032,857.56,netbanking,837,11,8,0.7273,3,False,network_error,0.5382,0
txn_004373,cust_000746,1087.81,card,677,0,0,0.0,3,True,bank_decline,0.17,0
txn_004374,cust_001553,2298.15,card,856,10,8,0.8,4,False,network_error,0.48,0
txn_004375,cust_001234,1124.34,netbanking,213,29,29,1.0,2,False,bank_decline,0.6,0
txn_004376,cust_000476,628.49,wallet,956,12,10,0.8333,3,False,gateway_error,0.54,0
txn_004377,cust_000963,3248.01,upi,1322,1,1,1.0,3,False,authentication_failed,0.34,0
txn_004378,cust_002242,9283.79,upi,1206,14,11,0.7857,3,False,bank_decline,0.4557,1
txn_004379,cust_002593,1201.18,wallet,922,4,3,0.75,4,False,expired_card,0.135,0
txn_004380,cust_000600,4322.92,netbanking,853,13,9,0.6923,3,False,gateway_error,0.4977,1
txn_004381,cust_000562,1574.62,wallet,705,4,3,0.75,3,False,bank_decline,0.445,0
txn_004382,cust_002563,612.92,netbanking,1495,20,16,0.8,3,False,insufficient_balance,0.4,0
txn_004383,cust_001392,828.36,upi,1185,17,9,0.5294,4,False,expired_card,0.0688,0
txn_004384,cust_000216,314.43,netbanking,336,16,12,0.75,2,False,authentication_failed,0.345,1
txn_004385,cust_002419,2729.36,card,709,26,21,0.8077,4,False,bank_decline,0.3823,0
txn_004386,cust_002468,678.97,upi,635,18,11,0.6111,4,False,bank_decline,0.3233,1
txn_004387,cust_002280,1426.16,wallet,1016,26,22,0.8462,4,False,network_error,0.4938,0
txn_004388,cust_001418,314.91,card,357,13,9,0.6923,1,False,gateway_error,0.6577,0
txn_004389,cust_002871,744.06,card,1121,10,8,0.8,1,False,network_error,0.72,1
txn_004390,cust_000435,901.08,upi,425,5,4,0.8,3,False,insufficient_balance,0.4,0
txn_004391,cust_000913,729.86,netbanking,1361,8,6,0.75,1,False,bank_decline,0.605,1
txn_004392,cust_002593,457.67,netbanking,1465,10,8,0.8,2,False,insufficient_balance,0.48,1
txn_004393,cust_003179,1573.64,upi,864,12,11,0.9167,4,False,insufficient_balance,0.355,0
txn_004394,cust_001022,10275.67,wallet,35,23,16,0.6957,2,False,expired_card,0.2787,0
txn_004395,cust_002498,657.43,netbanking,429,4,3,0.75,2,False,expired_card,0.295,0
txn_004396,cust_002648,928.36,wallet,625,10,9,0.9,2,False,bank_decline,0.57,1
txn_004397,cust_002893,509.03,card,1146,9,6,0.6667,1,False,bank_decline,0.58,0
txn_004398,cust_000803,132.81,netbanking,446,1,1,1.0,4,False,network_error,0.54,0
txn_004399,cust_002314,374.83,upi,891,6,5,0.8333,1,False,network_error,0.73,1
txn_004400,cust_000632,318.99,netbanking,917,24,14,0.5833,2,False,gateway_error,0.545,1
txn_004401,cust_000258,1500.68,wallet,654,11,7,0.6364,1,False,bank_decline,0.5709,1
txn_004402,cust_001085,1514.28,upi,1485,26,19,0.7308,4,False,expired_card,0.1292,0
txn_004403,cust_000694,426.37,wallet,274,11,9,0.8182,4,False,bank_decline,0.3855,1
txn_004404,cust_002307,608.05,card,131,28,21,0.75,1,False,gateway_error,0.675,1
txn_004405,cust_001418,1940.46,netbanking,1450,14,12,0.8571,1,False,expired_card,0.4071,0
txn_004406,cust_002978,1707.89,card,1458,20,15,0.75,2,False,gateway_error,0.595,1
txn_004407,cust_002004,721.51,card,965,25,19,0.76,1,False,network_error,0.708,0
txn_004408,cust_000055,733.95,wallet,581,25,18,0.72,2,False,insufficient_balance,0.456,0
txn_004409,cust_003277,2379.48,upi,1014,11,8,0.7273,3,False,network_error,0.5382,1
txn_004410,cust_002443,690.51,wallet,278,5,4,0.8,2,False,network_error,0.64,0
txn_004411,cust_002870,4066.67,wallet,874,26,19,0.7308,4,False,authentication_failed,0.1792,0
txn_004412,cust_001304,745.59,netbanking,855,18,14,0.7778,4,False,network_error,0.4733,1
txn_004413,cust_000372,920.38,netbanking,1113,3,3,1.0,3,False,insufficient_balance,0.46,0
txn_004414,cust_000259,795.62,netbanking,446,14,9,0.6429,3,False,authentication_failed,0.2329,0
txn_004415,cust_000097,616.51,wallet,1415,26,22,0.8462,4,False,bank_decline,0.3938,0
txn_004416,cust_000150,503.38,card,1185,8,6,0.75,3,False,network_error,0.545,1
txn_004417,cust_002866,699.55,upi,1379,23,17,0.7391,2,False,bank_decline,0.5217,0
txn_004418,cust_003062,3648.06,upi,638,23,15,0.6522,3,False,bank_decline,0.4157,1
txn_004419,cust_001330,2179.33,card,1080,3,2,0.6667,1,False,gateway_error,0.65,1
txn_004420,cust_000724,788.1,upi,703,12,9,0.75,2,False,gateway_error,0.595,0
txn_004421,cust_000835,1553.89,upi,7,16,15,0.9375,4,False,gateway_error,0.4913,0
txn_004422,cust_001922,769.77,wallet,787,26,18,0.6923,2,False,bank_decline,0.5077,0
txn_004423,cust_002871,440.96,netbanking,682,19,16,0.8421,3,False,insufficient_balance,0.4126,1
txn_004424,cust_003030,449.71,upi,1217,25,19,0.76,4,False,gateway_error,0.438,1
txn_004425,cust_001866,404.6,wallet,449,28,21,0.75,4,False,bank_decline,0.365,1
txn_004426,cust_000098,462.25,netbanking,104,11,7,0.6364,1,False,authentication_failed,0.3909,0
txn_004427,cust_002351,683.95,netbanking,169,11,5,0.4545,1,False,authentication_failed,0.3364,0
txn_004428,cust_002545,399.05,wallet,1041,3,3,1.0,1,False,insufficient_balance,0.62,0
txn_004429,cust_000319,697.69,netbanking,620,22,16,0.7273,1,False,insufficient_balance,0.5382,1
txn_004430,cust_000751,1249.16,netbanking,168,23,18,0.7826,3,False,authentication_failed,0.2748,0
txn_004431,cust_000605,1549.44,upi,664,17,13,0.7647,1,False,gateway_error,0.6794,1
txn_004432,cust_001891,1246.55,netbanking,846,9,6,0.6667,4,False,bank_decline,0.34,0
txn_004433,cust_002498,2124.98,upi,560,6,5,0.8333,4,False,network_error,0.49,0
txn_004434,cust_000312,382.57,wallet,1096,16,15,0.9375,4,False,bank_decline,0.4212,0
txn_004435,cust_002337,928.62,card,1417,7,4,0.5714,2,False,bank_decline,0.4714,1
txn_004436,cust_002171,1063.14,netbanking,1096,15,10,0.6667,3,False,gateway_error,0.49,1
txn_004437,cust_001649,419.97,upi,902,3,2,0.6667,3,False,expired_card,0.19,0
txn_004438,cust_002187,2397.6,card,806,2,2,1.0,2,False,insufficient_balance,0.54,1
txn_004439,cust_000225,683.48,card,1350,25,19,0.76,3,False,insufficient_balance,0.388,0
txn_004440,cust_000743,1188.85,upi,581,22,17,0.7727,4,False,authentication_failed,0.1918,0
txn_004441,cust_001798,783.45,netbanking,346,16,12,0.75,1,False,insufficient_balance,0.545,1
txn_004442,cust_001604,2058.53,wallet,510,14,9,0.6429,2,False,bank_decline,0.4929,0
txn_004443,cust_001547,609.22,card,679,26,20,0.7692,4,False,bank_decline,0.3708,1
txn_004444,cust_002509,969.69,wallet,955,27,24,0.8889,2,False,insufficient_balance,0.5067,1
txn_004445,cust_001425,812.14,upi,202,28,23,0.8214,1,False,authentication_failed,0.4464,0
txn_004446,cust_001466,791.67,upi,1008,23,13,0.5652,4,False,insufficient_balance,0.2496,0
txn_004447,cust_001281,1633.87,card,1390,27,20,0.7407,3,False,gateway_error,0.5122,1
txn_004448,cust_000375,2326.67,card,401,25,22,0.88,4,False,gateway_error,0.474,1
txn_004449,cust_000568,3871.47,upi,177,14,9,0.6429,1,False,gateway_error,0.6429,1
txn_004450,cust_001398,242.68,card,1324,6,3,0.5,2,False,gateway_error,0.52,0
txn_004451,cust_001121,451.25,netbanking,38,23,22,0.9565,4,False,gateway_error,0.497,1
txn_004452,cust_001909,1744.33,upi,1386,10,7,0.7,4,False,insufficient_balance,0.29,0
txn_004453,cust_001379,1451.13,upi,1381,19,14,0.7368,4,False,gateway_error,0.4311,1
txn_004454,cust_002868,1880.85,card,1081,25,19,0.76,3,False,network_error,0.548,1
txn_004455,cust_001215,1224.41,wallet,892,7,4,0.5714,2,False,authentication_failed,0.2914,0
txn_004456,cust_002222,568.49,netbanking,1390,25,20,0.8,2,False,insufficient_balance,0.48,1
txn_004457,cust_001790,1076.96,upi,575,14,10,0.7143,3,False,bank_decline,0.4343,1
txn_004458,cust_001010,1661.52,netbanking,328,13,13,1.0,3,False,authentication_failed,0.34,0
txn_004459,cust_002776,460.86,wallet,811,16,11,0.6875,2,False,expired_card,0.2762,1
txn_004460,cust_000249,4722.77,netbanking,694,0,0,0.0,1,True,bank_decline,0.33,1
txn_004461,cust_000873,1083.98,wallet,128,25,22,0.88,1,False,insufficient_balance,0.584,0
txn_004462,cust_000575,556.46,netbanking,1490,11,9,0.8182,4,False,insufficient_balance,0.3255,0
txn_004463,cust_002631,5792.87,upi,1046,19,17,0.8947,2,False,bank_decline,0.5684,0
txn_004464,cust_000246,1904.63,netbanking,275,27,20,0.7407,2,False,authentication_failed,0.3422,1
txn_004465,cust_000725,2038.73,netbanking,601,0,0,0.0,1,True,bank_decline,0.33,0
txn_004466,cust_002681,598.12,netbanking,938,3,3,1.0,1,False,expired_card,0.45,0
txn_004467,cust_001205,623.11,netbanking,663,18,15,0.8333,1,False,bank_decline,0.63,0
txn_004468,cust_001425,1058.55,upi,1006,15,12,0.8,3,False,authentication_failed,0.28,0
txn_004469,cust_003278,452.97,netbanking,1344,12,8,0.6667,1,False,gateway_error,0.65,1
txn_004470,cust_000870,604.29,wallet,639,19,16,0.8421,3,False,authentication_failed,0.2926,0
txn_004471,cust_000758,686.2,upi,490,19,15,0.7895,1,False,expired_card,0.3868,0
txn_004472,cust_000357,4792.75,netbanking,355,15,10,0.6667,4,False,bank_decline,0.34,0
txn_004473,cust_000288,6137.03,card,448,3,2,0.6667,2,False,bank_decline,0.5,0
txn_004474,cust_002404,161.37,card,879,16,10,0.625,3,False,expired_card,0.1775,0
txn_004475,cust_001017,1253.9,netbanking,1337,4,2,0.5,4,False,gateway_error,0.36,0
txn_004476,cust_002708,707.27,netbanking,512,3,2,0.6667,1,False,network_error,0.68,1
txn_004477,cust_001038,736.91,netbanking,1372,6,5,0.8333,1,False,authentication_failed,0.45,0
txn_004478,cust_002967,10653.92,netbanking,456,2,2,1.0,4,False,insufficient_balance,0.38,0
txn_004479,cust_003000,4183.72,card,544,23,16,0.6957,2,False,network_error,0.6087,1
txn_004480,cust_001359,9176.59,upi,1091,5,5,1.0,2,False,gateway_error,0.67,0
txn_004481,cust_002156,292.39,wallet,586,4,1,0.25,2,False,insufficient_balance,0.315,0
txn_004482,cust_000077,1503.2,wallet,543,6,5,0.8333,3,False,gateway_error,0.54,0
txn_004483,cust_003168,802.61,card,1338,23,21,0.913,1,False,bank_decline,0.6539,0
txn_004484,cust_001655,2570.51,card,1233,5,4,0.8,2,False,bank_decline,0.54,0
txn_004485,cust_001424,512.45,upi,436,13,8,0.6154,4,False,gateway_error,0.3946,1
txn_004486,cust_000806,1512.46,wallet,562,1,0,0.0,2,False,expired_card,0.07,0
txn_004487,cust_001103,2652.02,card,36,4,4,1.0,4,False,gateway_error,0.51,0
txn_004488,cust_000488,820.53,card,1265,28,18,0.6429,1,False,bank_decline,0.5729,1
txn_004489,cust_001565,997.58,wallet,241,5,4,0.8,1,False,gateway_error,0.69,1
txn_004490,cust_003014,991.01,netbanking,631,18,13,0.7222,2,False,authentication_failed,0.3367,1
txn_004491,cust_001909,1498.94,wallet,1,5,2,0.4,1,False,network_error,0.6,0
txn_004492,cust_000388,1012.72,card,1306,26,19,0.7308,3,False,gateway_error,0.5092,0
txn_004493,cust_000028,968.08,netbanking,308,15,12,0.8,2,False,network_error,0.64,0
txn_004494,cust_001502,929.63,wallet,627,16,12,0.75,1,False,authentication_failed,0.425,0
txn_004495,cust_002586,771.45,netbanking,522,5,4,0.8,4,False,network_error,0.48,0
txn_004496,cust_002140,618.12,wallet,1285,9,6,0.6667,2,False,insufficient_balance,0.44,1
txn_004497,cust_002436,3801.28,wallet,762,27,19,0.7037,4,False,bank_decline,0.3511,1
txn_004498,cust_003117,1570.59,netbanking,603,0,0,0.0,3,True,gateway_error,0.24,0
txn_004499,cust_002147,720.62,netbanking,1250,11,8,0.7273,3,False,bank_decline,0.4382,1
txn_004500,cust_001888,1377.28,card,1254,19,10,0.5263,1,False,bank_decline,0.5379,1
txn_004501,cust_000989,396.74,wallet,1352,2,2,1.0,2,False,network_error,0.7,0
txn_004502,cust_002015,725.66,netbanking,1091,22,20,0.9091,3,False,authentication_failed,0.3127,1
txn_004503,cust_000224,687.52,wallet,10,13,9,0.6923,2,False,insufficient_balance,0.4477,1
txn_004504,cust_001655,163.87,netbanking,258,25,16,0.64,2,False,insufficient_balance,0.432,0
txn_004505,cust_000317,698.32,upi,713,9,6,0.6667,4,False,insufficient_balance,0.28,0
txn_004506,cust_002085,1828.32,card,865,10,7,0.7,3,False,bank_decline,0.43,0
txn_004507,cust_002790,1898.92,netbanking,572,27,18,0.6667,1,False,gateway_error,0.65,1
txn_004508,cust_000016,720.13,wallet,346,2,0,0.0,3,False,gateway_error,0.29,0
txn_004509,cust_001401,1399.9,netbanking,507,27,18,0.6667,2,False,authentication_failed,0.32,0
txn_004510,cust_000605,2469.16,netbanking,123,1,1,1.0,3,False,bank_decline,0.52,0
txn_004511,cust_001003,1316.14,wallet,734,25,16,0.64,1,False,bank_decline,0.572,1
txn_004512,cust_002587,1190.16,wallet,745,23,18,0.7826,3,False,bank_decline,0.4548,1
txn_004513,cust_001094,466.51,upi,367,25,21,0.84,3,False,expired_card,0.242,0
txn_004514,cust_002161,4566.11,card,217,23,15,0.6522,3,False,network_error,0.5157,0
txn_004515,cust_001847,402.84,wallet,1487,5,3,0.6,4,False,gateway_error,0.39,0
txn_004516,cust_001236,711.95,card,455,7,6,0.8571,3,False,bank_decline,0.4771,1
txn_004517,cust_001057,1213.1,wallet,223,7,6,0.8571,2,False,authentication_failed,0.3771,0
txn_004518,cust_001674,671.24,netbanking,351,20,16,0.8,2,False,network_error,0.64,1
txn_004519,cust_002320,1001.8,upi,138,5,5,1.0,4,False,expired_card,0.21,0
txn_004520,cust_000074,689.7,wallet,532,0,0,0.0,2,True,authentication_failed,0.07,0
txn_004521,cust_002768,894.58,upi,1451,27,25,0.9259,3,False,network_error,0.5978,1
txn_004522,cust_003270,1285.06,wallet,700,11,9,0.8182,1,False,bank_decline,0.6255,0
txn_004523,cust_000801,473.66,netbanking,1224,11,7,0.6364,1,False,gateway_error,0.6409,1
txn_004524,cust_002808,588.74,card,1036,13,8,0.6154,2,False,insufficient_balance,0.4246,1
txn_004525,cust_002681,2748.5,netbanking,888,13,9,0.6923,2,False,network_error,0.6077,0
txn_004526,cust_000403,399.9,card,86,0,0,0.0,1,True,insufficient_balance,0.27,0
txn_004527,cust_001562,1078.36,netbanking,410,9,6,0.6667,3,False,network_error,0.52,1
txn_004528,cust_002143,408.38,upi,1339,10,9,0.9,4,False,gateway_error,0.48,1
txn_004529,cust_002265,1552.79,netbanking,1347,22,15,0.6818,3,False,gateway_error,0.4945,0
txn_004530,cust_000239,963.3,netbanking,622,28,20,0.7143,4,False,authentication_failed,0.1743,1
txn_004531,cust_001042,816.54,wallet,133,28,21,0.75,3,False,network_error,0.545,0
txn_004532,cust_003079,1332.31,upi,52,14,10,0.7143,3,False,insufficient_balance,0.3743,0
txn_004533,cust_001950,752.21,card,1077,24,19,0.7917,2,False,gateway_error,0.6075,1
txn_004534,cust_003305,969.5,upi,255,5,4,0.8,4,False,gateway_error,0.45,0
txn_004535,cust_000495,978.69,netbanking,1222,6,3,0.5,4,False,gateway_error,0.36,1
txn_004536,cust_003313,825.02,card,823,19,11,0.5789,4,False,gateway_error,0.3837,0
txn_004537,cust_000223,914.65,wallet,678,18,17,0.9444,3,False,expired_card,0.2733,0
txn_004538,cust_002792,914.29,card,297,17,11,0.6471,1,False,insufficient_balance,0.5141,0
txn_004539,cust_002838,451.81,card,591,17,11,0.6471,2,False,gateway_error,0.5641,1
txn_004540,cust_000577,1076.64,netbanking,1358,28,22,0.7857,3,False,network_error,0.5557,0
txn_004541,cust_001394,549.47,card,758,11,8,0.7273,4,False,authentication_failed,0.1782,0
txn_004542,cust_000543,872.79,upi,211,8,6,0.75,3,False,bank_decline,0.445,1
txn_004543,cust_001649,1438.23,upi,1266,1,0,0.0,3,False,gateway_error,0.29,0
txn_004544,cust_001708,1186.9,netbanking,1118,13,11,0.8462,3,False,gateway_error,0.5438,1
txn_004545,cust_001595,807.94,netbanking,1239,7,4,0.5714,4,False,bank_decline,0.3114,0
txn_004546,cust_000801,1267.33,upi,227,20,13,0.65,2,False,gateway_error,0.565,1
txn_004547,cust_001745,372.08,wallet,1243,24,18,0.75,2,False,insufficient_balance,0.465,1
txn_004548,cust_002621,1368.93,card,905,6,2,0.3333,3,False,gateway_error,0.39,0
txn_004549,cust_002187,550.28,card,699,27,21,0.7778,4,False,bank_decline,0.3733,0
txn_004550,cust_000702,1758.04,card,1485,29,21,0.7241,3,False,bank_decline,0.4372,1
txn_004551,cust_000476,1309.37,card,854,0,0,0.0,4,True,authentication_failed,0.02,0
txn_004552,cust_001019,1689.3,upi,199,19,15,0.7895,1,False,authentication_failed,0.4368,1
txn_004553,cust_002829,867.68,wallet,725,17,12,0.7059,2,False,bank_decline,0.5118,0
txn_004554,cust_001790,1252.24,upi,898,4,2,0.5,1,False,expired_card,0.3,0
txn_004555,cust_002432,2825.58,netbanking,820,2,1,0.5,3,False,insufficient_balance,0.31,0
txn_004556,cust_000598,2506.77,netbanking,717,2,2,1.0,2,False,gateway_error,0.67,1
txn_004557,cust_001228,454.94,card,95,5,4,0.8,1,False,expired_card,0.39,1
txn_004558,cust_002125,1486.88,wallet,830,29,21,0.7241,1,False,authentication_failed,0.4172,1
txn_004559,cust_001036,1138.0,card,1277,28,24,0.8571,1,False,authentication_failed,0.4571,0
txn_004560,cust_003177,5812.22,upi,374,10,8,0.8,2,False,insufficient_balance,0.48,0
txn_004561,cust_003194,3157.37,upi,397,28,17,0.6071,1,False,network_error,0.6621,0
txn_004562,cust_000554,3698.21,wallet,558,14,11,0.7857,4,False,network_error,0.4757,0
txn_004563,cust_001386,215.32,upi,1440,3,3,1.0,4,False,network_error,0.54,1
txn_004564,cust_001219,641.4,netbanking,1085,26,17,0.6538,4,False,network_error,0.4362,1
txn_004565,cust_003299,414.49,card,455,4,3,0.75,4,False,authentication_failed,0.185,0
txn_004566,cust_000544,4583.24,upi,454,25,15,0.6,4,False,authentication_failed,0.14,0
txn_004567,cust_000671,822.29,card,237,5,4,0.8,3,False,authentication_failed,0.28,0
txn_004568,cust_000785,916.08,card,1313,4,4,1.0,1,False,insufficient_balance,0.62,1
txn_004569,cust_000091,3269.0,wallet,975,25,21,0.84,1,False,gateway_error,0.702,1
txn_004570,cust_001159,1118.73,card,1380,23,16,0.6957,3,False,bank_decline,0.4287,0
txn_004571,cust_001076,2936.63,upi,691,23,19,0.8261,4,False,insufficient_balance,0.3278,0
txn_004572,cust_001620,2499.9,netbanking,1072,13,10,0.7692,3,False,insufficient_balance,0.3908,1
txn_004573,cust_001616,625.71,upi,717,7,5,0.7143,2,False,authentication_failed,0.3343,0
txn_004574,cust_001697,590.34,netbanking,838,2,1,0.5,2,False,gateway_error,0.52,0
txn_004575,cust_001911,473.39,upi,1393,1,1,1.0,3,False,network_error,0.62,1
txn_004576,cust_000849,1320.42,wallet,1490,16,14,0.875,1,False,expired_card,0.4125,0
txn_004577,cust_001849,1417.7,upi,1073,13,7,0.5385,3,False,network_error,0.4815,0
txn_004578,cust_001760,1224.63,wallet,277,23,17,0.7391,4,False,authentication_failed,0.1817,0
txn_004579,cust_003079,1381.48,upi,279,22,17,0.7727,1,False,bank_decline,0.6118,1
txn_004580,cust_002602,1682.03,card,867,25,19,0.76,2,False,bank_decline,0.528,1
txn_004581,cust_000963,1260.68,card,6,28,21,0.75,1,False,bank_decline,0.605,0
txn_004582,cust_001170,173.24,netbanking,4,25,19,0.76,4,False,network_error,0.468,0
txn_004583,cust_001788,520.49,wallet,1399,22,17,0.7727,2,False,gateway_error,0.6018,0
txn_004584,cust_001354,542.09,wallet,827,15,11,0.7333,4,False,bank_decline,0.36,0
txn_004585,cust_001155,1411.52,netbanking,1017,20,12,0.6,3,False,bank_decline,0.4,0
txn_004586,cust_002190,967.54,upi,21,3,2,0.6667,4,False,insufficient_balance,0.28,0
txn_004587,cust_001554,975.32,netbanking,554,27,24,0.8889,4,False,insufficient_balance,0.3467,0
txn_004588,cust_002040,1247.89,card,262,13,9,0.6923,1,False,authentication_failed,0.4077,0
txn_004589,cust_003236,908.58,upi,735,5,5,1.0,4,False,gateway_error,0.51,0
txn_004590,cust_001046,631.43,wallet,47,17,11,0.6471,3,False,authentication_failed,0.2341,0
txn_004591,cust_000480,1040.13,wallet,1278,20,18,0.9,4,False,bank_decline,0.41,0
txn_004592,cust_002521,1062.39,card,549,21,16,0.7619,1,False,bank_decline,0.6086,1
txn_004593,cust_002724,2007.14,wallet,133,7,5,0.7143,2,False,bank_decline,0.5143,1
txn_004594,cust_002361,1457.4,wallet,71,13,13,1.0,4,False,insufficient_balance,0.38,0
txn_004595,cust_002941,760.11,upi,1173,10,6,0.6,4,False,expired_card,0.09,0
txn_004596,cust_002325,1192.04,upi,616,7,5,0.7143,2,False,network_error,0.6143,0
txn_004597,cust_000820,2201.88,card,664,13,10,0.7692,2,False,network_error,0.6308,1
txn_004598,cust_000725,1946.03,netbanking,1352,10,8,0.8,4,False,insufficient_balance,0.32,1
txn_004599,cust_003178,1250.12,netbanking,958,23,12,0.5217,2,False,authentication_failed,0.2765,1
txn_004600,cust_002703,1086.93,wallet,1151,15,13,0.8667,1,False,bank_decline,0.64,1
txn_004601,cust_000590,2480.71,upi,1202,14,14,1.0,3,False,insufficient_balance,0.46,0
txn_004602,cust_000764,640.23,netbanking,1222,1,0,0.0,3,False,insufficient_balance,0.16,0
txn_004603,cust_000292,1510.87,netbanking,964,6,3,0.5,3,False,bank_decline,0.37,1
txn_004604,cust_002450,341.1,netbanking,498,27,21,0.7778,2,False,insufficient_balance,0.4733,1
txn_004605,cust_002633,994.32,wallet,375,13,11,0.8462,1,False,insufficient_balance,0.5738,0
txn_004606,cust_002415,2140.83,card,975,25,19,0.76,2,False,insufficient_balance,0.468,1
txn_004607,cust_000345,373.29,card,910,12,7,0.5833,2,False,expired_card,0.245,0
txn_004608,cust_002561,1107.57,card,724,29,21,0.7241,1,False,network_error,0.6972,1
txn_004609,cust_001504,1696.07,netbanking,1032,12,8,0.6667,3,False,network_error,0.52,1
txn_004610,cust_001134,1028.84,netbanking,248,6,6,1.0,3,False,gateway_error,0.59,1
txn_004611,cust_000746,4151.28,wallet,1139,18,12,0.6667,4,False,gateway_error,0.41,0
txn_004612,cust_002168,1170.09,netbanking,114,13,9,0.6923,3,False,expired_card,0.1977,0
txn_004613,cust_002303,467.62,upi,234,14,10,0.7143,2,False,bank_decline,0.5143,0
txn_004614,cust_001873,445.6,card,1265,19,16,0.8421,3,False,bank_decline,0.4726,1
txn_004615,cust_000885,486.48,netbanking,583,22,18,0.8182,3,False,network_error,0.5655,1
txn_004616,cust_002693,3045.45,card,431,16,9,0.5625,4,False,network_error,0.4087,1
txn_004617,cust_000020,1057.25,card,824,28,21,0.75,4,False,bank_decline,0.365,0
txn_004618,cust_001967,3096.38,wallet,144,20,15,0.75,4,False,gateway_error,0.435,1
txn_004619,cust_000829,976.22,wallet,313,2,2,1.0,4,False,authentication_failed,0.26,0
txn_004620,cust_003297,1188.49,wallet,931,0,0,0.0,4,True,network_error,0.19,1
txn_004621,cust_002021,585.83,card,1216,8,6,0.75,4,False,insufficient_balance,0.305,0
txn_004622,cust_001036,926.2,card,739,7,6,0.8571,4,False,bank_decline,0.3971,1
txn_004623,cust_000206,1708.26,upi,747,3,3,1.0,3,False,insufficient_balance,0.46,0
txn_004624,cust_000328,712.87,netbanking,667,24,21,0.875,4,False,bank_decline,0.4025,0
txn_004625,cust_001576,786.21,wallet,12,27,21,0.7778,2,False,bank_decline,0.5333,0
txn_004626,cust_002562,704.45,netbanking,29,10,4,0.4,2,False,insufficient_balance,0.36,0
txn_004627,cust_001397,3341.07,netbanking,571,16,11,0.6875,4,False,network_error,0.4462,0
txn_004628,cust_003283,773.65,wallet,134,10,8,0.8,1,False,bank_decline,0.62,1
txn_004629,cust_001786,705.9,wallet,254,8,7,0.875,3,False,gateway_error,0.5525,0
txn_004630,cust_002017,293.81,upi,25,3,2,0.6667,1,False,bank_decline,0.58,1
txn_004631,cust_000596,844.12,netbanking,771,20,17,0.85,3,False,bank_decline,0.475,0
txn_004632,cust_003034,1181.87,card,1249,10,6,0.6,1,False,expired_card,0.33,0
txn_004633,cust_003140,2412.91,card,117,27,25,0.9259,4,False,network_error,0.5178,1
txn_004634,cust_000790,3843.59,wallet,1271,18,16,0.8889,1,False,bank_decline,0.6467,0
txn_004635,cust_000538,1068.46,wallet,1450,15,9,0.6,1,False,network_error,0.66,0
txn_004636,cust_003117,994.09,netbanking,797,21,17,0.8095,2,False,authentication_failed,0.3629,1
txn_004637,cust_003299,1803.95,wallet,800,11,7,0.6364,4,False,insufficient_balance,0.2709,0
txn_004638,cust_001178,3696.98,card,1011,25,21,0.84,3,False,bank_decline,0.472,1
txn_004639,cust_000552,1343.32,card,153,6,3,0.5,2,False,bank_decline,0.45,0
txn_004640,cust_002631,2297.82,netbanking,93,8,7,0.875,3,False,expired_card,0.2525,0
txn_004641,cust_000252,1752.14,netbanking,253,12,11,0.9167,3,False,network_error,0.595,0
txn_004642,cust_002784,1098.62,netbanking,108,13,10,0.7692,4,False,network_error,0.4708,1
txn_004643,cust_002386,2824.06,upi,1042,23,16,0.6957,3,False,authentication_failed,0.2487,0
txn_004644,cust_002377,581.77,wallet,262,5,2,0.4,1,False,gateway_error,0.57,1
txn_004645,cust_001170,2982.08,upi,184,16,12,0.75,3,False,bank_decline,0.445,1
txn_004646,cust_002973,1709.11,card,511,28,17,0.6071,3,False,gateway_error,0.4721,0
txn_004647,cust_001048,2342.16,card,297,22,14,0.6364,2,False,network_error,0.5909,0
txn_004648,cust_001774,3577.07,netbanking,43,8,5,0.625,4,False,insufficient_balance,0.2675,0
txn_004649,cust_002302,1547.36,wallet,713,27,21,0.7778,3,False,gateway_error,0.5233,1
txn_004650,cust_002015,2535.86,wallet,176,26,18,0.6923,3,False,network_error,0.5277,0
txn_004651,cust_000780,326.49,upi,322,2,1,0.5,1,False,bank_decline,0.53,0
txn_004652,cust_001187,1396.37,card,364,16,10,0.625,3,False,gateway_error,0.4775,1
txn_004653,cust_003069,2126.28,netbanking,220,16,15,0.9375,2,False,bank_decline,0.5812,0
txn_004654,cust_001121,343.27,netbanking,10,27,19,0.7037,2,False,insufficient_balance,0.4511,1
txn_004655,cust_001202,2481.48,upi,741,17,14,0.8235,1,False,insufficient_balance,0.5671,1
txn_004656,cust_000080,247.17,netbanking,1332,7,6,0.8571,4,False,insufficient_balance,0.3371,0
txn_004657,cust_002508,4516.47,upi,1110,27,17,0.6296,1,False,gateway_error,0.6389,1
txn_004658,cust_000669,2438.04,wallet,155,23,18,0.7826,1,False,expired_card,0.3848,0
txn_004659,cust_002294,378.28,wallet,230,5,3,0.6,2,False,network_error,0.58,1
txn_004660,cust_002063,353.74,netbanking,803,17,14,0.8235,4,False,network_error,0.4871,0
txn_004661,cust_001035,1524.02,card,745,6,6,1.0,1,False,insufficient_balance,0.62,1
txn_004662,cust_002072,1858.71,wallet,1284,17,12,0.7059,3,False,network_error,0.5318,0
txn_004663,cust_001888,851.17,wallet,681,17,13,0.7647,4,False,bank_decline,0.3694,0
txn_004664,cust_001869,157.8,wallet,1010,29,16,0.5517,3,False,insufficient_balance,0.3255,1
txn_004665,cust_001764,1331.25,card,582,11,6,0.5455,4,False,bank_decline,0.3036,0
txn_004666,cust_001462,1059.06,netbanking,1446,16,9,0.5625,4,False,bank_decline,0.3087,0
txn_004667,cust_003115,685.77,upi,1410,24,21,0.875,4,False,network_error,0.5025,0
txn_004668,cust_001755,3302.05,upi,954,29,24,0.8276,4,False,bank_decline,0.3883,1
txn_004669,cust_002300,344.81,card,1074,22,19,0.8636,3,False,gateway_error,0.5491,1
txn_004670,cust_001135,157.97,netbanking,1254,15,11,0.7333,3,False,network_error,0.54,1
txn_004671,cust_002270,685.94,netbanking,816,6,6,1.0,4,False,bank_decline,0.44,1
txn_004672,cust_000942,1871.36,card,567,6,6,1.0,1,False,network_error,0.78,1
txn_004673,cust_002840,661.53,wallet,1444,16,12,0.75,1,False,insufficient_balance,0.545,0
txn_004674,cust_001775,573.73,card,1198,21,16,0.7619,3,False,insufficient_balance,0.3886,1
txn_004675,cust_000477,1787.61,card,1192,15,13,0.8667,1,False,insufficient_balance,0.58,0
txn_004676,cust_003079,962.0,netbanking,15,0,0,0.0,3,True,bank_decline,0.17,0
txn_004677,cust_001377,2391.24,upi,1099,0,0,0.0,3,True,gateway_error,0.24,1
txn_004678,cust_001775,1339.15,card,1399,7,5,0.7143,4,False,insufficient_balance,0.2943,0
txn_004679,cust_000348,2061.06,card,129,14,9,0.6429,2,False,network_error,0.5929,0
txn_004680,cust_003004,1847.07,wallet,1167,23,17,0.7391,2,False,authentication_failed,0.3417,0
txn_004681,cust_002289,2773.19,wallet,1219,10,6,0.6,2,False,gateway_error,0.55,1
txn_004682,cust_001043,2453.92,upi,1482,14,10,0.7143,3,False,network_error,0.5343,0
txn_004683,cust_003140,789.42,netbanking,36,1,0,0.0,1,False,insufficient_balance,0.32,1
txn_004684,cust_001907,2709.55,upi,674,22,17,0.7727,2,False,expired_card,0.3018,0
txn_004685,cust_002869,1169.48,wallet,1036,28,22,0.7857,1,False,gateway_error,0.6857,1
txn_004686,cust_002902,1506.31,upi,1316,27,24,0.8889,1,False,bank_decline,0.6467,0
txn_004687,cust_002255,1203.35,upi,1163,1,0,0.0,4,False,gateway_error,0.21,0
txn_004688,cust_000425,421.2,upi,984,6,4,0.6667,3,False,gateway_error,0.49,1
txn_004689,cust_001071,1538.06,netbanking,353,11,10,0.9091,1,False,authentication_failed,0.4727,1
txn_004690,cust_000453,1299.48,wallet,519,21,15,0.7143,3,False,bank_decline,0.4343,0
txn_004691,cust_002973,3015.07,upi,263,6,5,0.8333,3,False,bank_decline,0.47,1
txn_004692,cust_000309,933.81,wallet,1119,16,14,0.875,3,False,bank_decline,0.4825,1
txn_004693,cust_000622,645.33,upi,1145,26,23,0.8846,1,False,bank_decline,0.6454,0
txn_004694,cust_001983,1822.22,netbanking,307,11,8,0.7273,1,False,authentication_failed,0.4182,0
txn_004695,cust_000668,2119.07,netbanking,643,27,22,0.8148,4,False,expired_card,0.1544,0
txn_004696,cust_003038,744.15,netbanking,937,3,2,0.6667,4,False,gateway_error,0.41,1
txn_004697,cust_001064,726.53,wallet,556,0,0,0.0,3,True,bank_decline,0.17,0
txn_004698,cust_002927,378.05,netbanking,1381,28,22,0.7857,1,False,network_error,0.7157,1
txn_004699,cust_001658,352.02,card,1133,21,19,0.9048,4,False,insufficient_balance,0.3514,0
txn_004700,cust_000374,1424.83,netbanking,1399,24,19,0.7917,3,False,bank_decline,0.4575,0
txn_004701,cust_000235,1226.69,netbanking,329,11,8,0.7273,4,False,insufficient_balance,0.2982,1
txn_004702,cust_000905,1634.43,wallet,25,7,6,0.8571,4,False,authentication_failed,0.2171,0
txn_004703,cust_001620,720.13,wallet,565,25,19,0.76,4,False,insufficient_balance,0.308,0
txn_004704,cust_001534,1133.92,netbanking,906,29,22,0.7586,2,False,insufficient_balance,0.4676,0
txn_004705,cust_002991,760.47,upi,545,2,2,1.0,3,False,authentication_failed,0.34,1
txn_004706,cust_002451,442.18,upi,528,6,5,0.8333,1,False,authentication_failed,0.45,0
txn_004707,cust_002154,939.94,upi,1334,12,9,0.75,4,False,authentication_failed,0.185,0
txn_004708,cust_002698,1950.92,netbanking,1315,15,13,0.8667,4,False,authentication_failed,0.22,0
txn_004709,cust_002401,1127.36,wallet,765,23,15,0.6522,3,False,gateway_error,0.4857,1
txn_004710,cust_002773,613.17,wallet,514,29,21,0.7241,3,False,bank_decline,0.4372,1
txn_004711,cust_003257,2592.46,wallet,758,16,11,0.6875,4,False,network_error,0.4462,0
txn_004712,cust_002139,1799.6,netbanking,1387,18,14,0.7778,1,False,expired_card,0.3833,0
txn_004713,cust_000596,828.19,wallet,838,13,10,0.7692,4,False,gateway_error,0.4408,0
txn_004714,cust_000782,3682.1,card,1077,6,6,1.0,3,False,authentication_failed,0.34,0
txn_004715,cust_000385,1572.67,wallet,743,10,6,0.6,2,False,gateway_error,0.55,0
txn_004716,cust_001139,1381.26,upi,448,24,20,0.8333,2,False,insufficient_balance,0.49,0
txn_004717,cust_002289,907.33,netbanking,401,23,18,0.7826,1,False,authentication_failed,0.4348,0
txn_004718,cust_001762,176.22,upi,320,29,24,0.8276,4,False,insufficient_balance,0.3283,1
txn_004719,cust_002501,1092.78,upi,1436,6,5,0.8333,2,False,bank_decline,0.55,0
txn_004720,cust_003097,2062.54,card,318,4,3,0.75,1,False,bank_decline,0.605,0
txn_004721,cust_000741,583.07,netbanking,265,12,9,0.75,4,False,network_error,0.465,0
txn_004722,cust_003062,1241.0,upi,1049,13,9,0.6923,4,False,network_error,0.4477,1
txn_004723,cust_002661,1192.66,upi,1403,2,1,0.5,1,False,bank_decline,0.53,1
txn_004724,cust_001817,339.41,card,1100,10,6,0.6,4,False,bank_decline,0.32,0
txn_004725,cust_000426,949.19,upi,1018,18,9,0.5,4,False,network_error,0.39,1
txn_004726,cust_000825,1479.88,upi,1226,13,12,0.9231,3,False,gateway_error,0.5669,0
txn_004727,cust_002331,2056.87,upi,1469,13,13,1.0,4,False,gateway_error,0.51,0
txn_004728,cust_002439,602.32,netbanking,1283,9,7,0.7778,4,False,network_error,0.4733,1
txn_004729,cust_002854,1553.21,netbanking,1257,29,24,0.8276,4,False,network_error,0.4883,1
txn_004730,cust_001336,7416.8,netbanking,94,27,20,0.7407,3,False,expired_card,0.2122,1
txn_004731,cust_001239,3156.99,wallet,131,14,8,0.5714,3,False,bank_decline,0.3914,0
txn_004732,cust_003144,4887.67,card,611,19,12,0.6316,4,False,authentication_failed,0.1495,0
txn_004733,cust_002930,618.76,upi,414,16,12,0.75,4,False,insufficient_balance,0.305,1
txn_004734,cust_001515,1081.11,card,125,12,7,0.5833,1,False,expired_card,0.325,1
txn_004735,cust_002526,1321.65,netbanking,410,3,1,0.3333,1,False,expired_card,0.25,0
txn_004736,cust_001164,1435.78,netbanking,69,18,16,0.8889,3,False,bank_decline,0.4867,0
txn_004737,cust_000711,835.29,netbanking,1090,3,3,1.0,4,False,bank_decline,0.44,1
txn_004738,cust_002455,159.86,netbanking,253,2,1,0.5,1,False,bank_decline,0.53,0
txn_004739,cust_002451,3235.18,netbanking,103,13,9,0.6923,2,False,authentication_failed,0.3277,0
txn_004740,cust_001633,2341.61,upi,975,11,9,0.8182,1,False,network_error,0.7255,1
txn_004741,cust_002225,748.02,upi,194,20,15,0.75,3,False,authentication_failed,0.265,1
txn_004742,cust_000437,2177.69,upi,295,2,1,0.5,2,False,bank_decline,0.45,1
txn_004743,cust_002332,1666.27,wallet,1379,12,9,0.75,4,False,bank_decline,0.365,0
txn_004744,cust_000428,3020.91,upi,1272,0,0,0.0,4,True,bank_decline,0.09,0
txn_004745,cust_001943,4442.99,netbanking,1316,3,2,0.6667,1,False,bank_decline,0.58,1
txn_004746,cust_000351,5103.49,netbanking,638,27,17,0.6296,3,False,bank_decline,0.4089,1
txn_004747,cust_002975,1478.09,card,117,11,9,0.8182,4,False,authentication_failed,0.2055,1
txn_004748,cust_000791,675.78,wallet,943,0,0,0.0,2,True,network_error,0.35,0
txn_004749,cust_001778,2199.97,card,581,17,14,0.8235,4,False,gateway_error,0.4571,0
txn_004750,cust_000034,3168.22,netbanking,1032,12,8,0.6667,3,False,insufficient_balance,0.36,0
txn_004751,cust_002934,1083.19,card,1429,27,18,0.6667,3,False,expired_card,0.19,0
txn_004752,cust_001954,3458.81,card,1364,14,9,0.6429,3,False,expired_card,0.1829,0
txn_004753,cust_002994,862.11,card,1187,3,2,0.6667,3,False,network_error,0.52,0
txn_004754,cust_002877,1080.63,wallet,251,9,7,0.7778,4,False,gateway_error,0.4433,0
txn_004755,cust_000949,4416.33,card,1096,20,14,0.7,1,False,insufficient_balance,0.53,0
txn_004756,cust_002004,1511.63,card,1281,14,12,0.8571,3,False,authentication_failed,0.2971,0
txn_004757,cust_000733,1557.4,netbanking,830,18,11,0.6111,1,False,gateway_error,0.6333,0
txn_004758,cust_000212,1016.77,card,128,8,4,0.5,2,False,bank_decline,0.45,1
txn_004759,cust_001766,1065.29,card,977,16,13,0.8125,3,False,gateway_error,0.5337,1
txn_004760,cust_001284,849.36,card,173,15,11,0.7333,3,False,authentication_failed,0.26,1
txn_004761,cust_003236,472.32,upi,641,3,3,1.0,3,False,bank_decline,0.52,1
txn_004762,cust_001405,650.27,upi,1391,20,16,0.8,3,False,network_error,0.56,1
txn_004763,cust_001824,4589.56,netbanking,984,19,14,0.7368,4,False,insufficient_balance,0.3011,1
txn_004764,cust_002218,222.55,upi,543,3,3,1.0,4,False,network_error,0.54,0
txn_004765,cust_002501,948.21,card,1317,19,13,0.6842,3,False,insufficient_balance,0.3653,1
txn_004766,cust_000922,927.29,card,973,4,4,1.0,1,False,gateway_error,0.75,1
txn_004767,cust_000561,2096.74,card,1121,14,9,0.6429,4,False,network_error,0.4329,1
txn_004768,cust_001715,1062.1,card,933,12,10,0.8333,4,False,insufficient_balance,0.33,0
txn_004769,cust_002803,2158.46,wallet,1492,7,6,0.8571,4,False,insufficient_balance,0.3371,0
txn_004770,cust_002179,1295.76,wallet,1359,1,0,0.0,1,False,authentication_failed,0.2,0
txn_004771,cust_001985,2247.18,card,836,28,20,0.7143,2,False,insufficient_balance,0.4543,1
txn_004772,cust_001070,1152.25,netbanking,989,29,21,0.7241,1,False,insufficient_balance,0.5372,1
txn_004773,cust_002658,574.7,netbanking,882,22,17,0.7727,2,False,bank_decline,0.5318,1
txn_004774,cust_001755,466.57,card,561,8,4,0.5,1,False,expired_card,0.3,0
txn_004775,cust_003310,1183.15,netbanking,1306,0,0,0.0,1,True,insufficient_balance,0.27,0
txn_004776,cust_000561,843.46,netbanking,626,20,17,0.85,2,False,authentication_failed,0.375,0
txn_004777,cust_001430,761.71,card,1040,25,22,0.88,1,False,insufficient_balance,0.584,1
txn_004778,cust_000963,817.6,wallet,46,26,20,0.7692,3,False,network_error,0.5508,1
txn_004779,cust_003146,1400.89,upi,750,11,11,1.0,2,False,expired_card,0.37,0
txn_004780,cust_002074,2376.34,card,1397,2,2,1.0,1,False,network_error,0.78,1
txn_004781,cust_000290,1192.47,wallet,320,10,8,0.8,2,False,bank_decline,0.54,1
txn_004782,cust_002844,338.36,card,625,17,11,0.6471,2,False,authentication_failed,0.3141,0
txn_004783,cust_002756,592.01,upi,1065,18,12,0.6667,4,False,expired_card,0.11,0
txn_004784,cust_000607,2315.67,upi,811,12,11,0.9167,4,False,network_error,0.515,1
txn_004785,cust_002977,871.03,wallet,561,14,12,0.8571,3,False,network_error,0.5771,0
txn_004786,cust_002961,795.39,wallet,1343,7,2,0.2857,2,False,insufficient_balance,0.3257,1
txn_004787,cust_002509,763.42,upi,1297,7,4,0.5714,4,False,gateway_error,0.3814,0
txn_004788,cust_000205,618.25,card,195,4,4,1.0,4,False,network_error,0.54,0
txn_004789,cust_000055,1040.34,card,1205,17,15,0.8824,4,False,bank_decline,0.4047,0
txn_004790,cust_002726,7753.04,wallet,1309,1,1,1.0,4,False,insufficient_balance,0.38,0
txn_004791,cust_001653,12044.99,wallet,309,9,8,0.8889,4,False,gateway_error,0.4767,0
txn_004792,cust_000788,262.26,card,1203,0,0,0.0,4,True,insufficient_balance,0.03,0
txn_004793,cust_001484,679.1,card,407,1,0,0.0,2,False,authentication_failed,0.12,1
txn_004794,cust_002454,825.99,upi,381,9,7,0.7778,2,False,authentication_failed,0.3533,1
txn_004795,cust_002762,3626.5,netbanking,801,22,19,0.8636,4,False,insufficient_balance,0.3391,0
txn_004796,cust_001788,659.28,upi,566,16,13,0.8125,4,False,authentication_failed,0.2037,0
txn_004797,cust_002853,1219.6,upi,1277,15,13,0.8667,3,False,gateway_error,0.55,1
txn_004798,cust_000608,191.4,netbanking,1168,8,7,0.875,1,False,gateway_error,0.7125,1
txn_004799,cust_000737,774.64,netbanking,74,13,12,0.9231,1,False,expired_card,0.4269,1
txn_004800,cust_001753,666.55,wallet,1170,27,21,0.7778,1,False,bank_decline,0.6133,1
txn_004801,cust_001601,4368.95,upi,151,16,16,1.0,4,False,insufficient_balance,0.38,0
txn_004802,cust_001895,2104.5,upi,270,29,24,0.8276,3,False,bank_decline,0.4683,1
txn_004803,cust_002965,1532.9,wallet,1207,14,11,0.7857,3,False,bank_decline,0.4557,0
txn_004804,cust_000324,690.11,card,1475,0,0,0.0,2,True,bank_decline,0.25,1
txn_004805,cust_001421,1465.94,card,596,12,11,0.9167,4,False,network_error,0.515,1
txn_004806,cust_000063,450.69,card,1260,0,0,0.0,3,True,insufficient_balance,0.11,1
txn_004807,cust_001524,1242.1,card,656,13,11,0.8462,2,False,network_error,0.6538,1
txn_004808,cust_000887,560.6,wallet,541,1,0,0.0,2,False,bank_decline,0.3,0
txn_004809,cust_003299,704.33,card,924,20,16,0.8,1,False,insufficient_balance,0.56,0
txn_004810,cust_000425,3340.14,upi,345,27,15,0.5556,2,False,network_error,0.5667,0
txn_004811,cust_003035,723.75,wallet,1380,10,7,0.7,3,False,bank_decline,0.43,0
txn_004812,cust_001625,563.63,netbanking,1329,17,13,0.7647,4,False,gateway_error,0.4394,1
txn_004813,cust_002798,1531.66,wallet,911,23,18,0.7826,2,False,network_error,0.6348,0
txn_004814,cust_000034,772.49,card,196,23,18,0.7826,1,False,bank_decline,0.6148,1
txn_004815,cust_001300,6975.33,netbanking,155,18,13,0.7222,4,False,gateway_error,0.4267,0
txn_004816,cust_002998,1110.86,netbanking,1327,7,5,0.7143,4,False,gateway_error,0.4243,0
txn_004817,cust_001616,103.99,upi,756,4,4,1.0,2,False,network_error,0.7,1
txn_004818,cust_002910,677.37,card,1092,25,16,0.64,2,False,network_error,0.592,0
txn_004819,cust_000005,3813.86,wallet,694,26,21,0.8077,2,False,authentication_failed,0.3623,0
txn_004820,cust_000719,526.11,wallet,1217,2,2,1.0,3,False,gateway_error,0.59,1
txn_004821,cust_001847,393.04,netbanking,964,0,0,0.0,2,True,bank_decline,0.25,0
txn_004822,cust_002071,1247.25,upi,940,24,19,0.7917,1,False,authentication_failed,0.4375,1
txn_004823,cust_000764,1531.38,upi,538,10,8,0.8,2,False,insufficient_balance,0.48,0
txn_004824,cust_001499,926.96,wallet,784,28,23,0.8214,2,False,authentication_failed,0.3664,0
txn_004825,cust_001143,867.36,upi,487,4,3,0.75,2,False,authentication_failed,0.345,0
txn_004826,cust_001953,982.26,wallet,251,22,15,0.6818,1,False,insufficient_balance,0.5245,0
txn_004827,cust_002265,467.72,netbanking,386,24,17,0.7083,2,False,gateway_error,0.5825,1
txn_004828,cust_000169,1009.66,wallet,1125,11,8,0.7273,3,False,bank_decline,0.4382,0
txn_004829,cust_000511,2861.68,upi,263,26,21,0.8077,1,False,insufficient_balance,0.5623,1
txn_004830,cust_000643,1292.23,wallet,889,20,17,0.85,3,False,gateway_error,0.545,0
txn_004831,cust_002357,2239.33,netbanking,536,10,8,0.8,3,False,bank_decline,0.46,0
txn_004832,cust_002637,2309.35,upi,463,3,2,0.6667,1,False,insufficient_balance,0.52,0
txn_004833,cust_002427,1116.78,netbanking,1309,13,7,0.5385,3,False,expired_card,0.1515,0
txn_004834,cust_002341,506.08,upi,194,25,18,0.72,2,False,network_error,0.616,1
txn_004835,cust_001392,2348.58,card,980,8,6,0.75,3,False,network_error,0.545,1
txn_004836,cust_002560,2079.61,card,107,4,3,0.75,1,False,gateway_error,0.675,1
txn_004837,cust_001481,1620.93,card,896,2,1,0.5,2,False,gateway_error,0.52,1
txn_004838,cust_000108,1191.53,netbanking,1006,6,6,1.0,2,False,expired_card,0.37,1
txn_004839,cust_001987,678.91,wallet,1304,6,5,0.8333,4,False,bank_decline,0.39,0
txn_004840,cust_000728,537.98,card,1475,17,12,0.7059,3,False,bank_decline,0.4318,0
txn_004841,cust_000569,2504.16,card,964,2,1,0.5,3,False,bank_decline,0.37,0
txn_004842,cust_002512,622.51,card,1340,6,4,0.6667,2,False,expired_card,0.27,0
txn_004843,cust_002118,1756.58,card,897,0,0,0.0,3,True,network_error,0.27,0
txn_004844,cust_002416,756.09,netbanking,67,19,16,0.8421,2,False,insufficient_balance,0.4926,0
txn_004845,cust_000950,683.88,upi,691,13,8,0.6154,1,False,bank_decline,0.5646,1
txn_004846,cust_000568,2118.15,card,198,8,6,0.75,1,False,insufficient_balance,0.545,1
txn_004847,cust_003106,622.8,wallet,6,24,19,0.7917,4,False,authentication_failed,0.1975,0
txn_004848,cust_002508,2533.46,upi,766,22,16,0.7273,1,False,bank_decline,0.5982,0
txn_004849,cust_001233,2871.92,wallet,1303,25,20,0.8,3,False,network_error,0.56,0
txn_004850,cust_001060,691.15,card,934,18,14,0.7778,2,False,expired_card,0.3033,0
txn_004851,cust_001287,1694.53,wallet,1422,17,14,0.8235,1,False,bank_decline,0.6271,1
txn_004852,cust_002132,5016.53,netbanking,1200,13,9,0.6923,2,False,authentication_failed,0.3277,0
txn_004853,cust_003058,5114.9,netbanking,1071,9,4,0.4444,4,False,gateway_error,0.3433,1
txn_004854,cust_000710,1022.12,netbanking,1279,2,1,0.5,1,False,authentication_failed,0.35,0
txn_004855,cust_002559,1453.71,wallet,1424,2,1,0.5,4,False,bank_decline,0.29,0
txn_004856,cust_000542,3160.54,card,818,0,0,0.0,2,True,insufficient_balance,0.19,0
txn_004857,cust_002107,1006.44,netbanking,1000,23,18,0.7826,3,False,gateway_error,0.5248,1
txn_004858,cust_002265,796.21,wallet,1335,11,9,0.8182,2,False,gateway_error,0.6155,0
txn_004859,cust_002993,784.36,card,1449,26,19,0.7308,2,False,authentication_failed,0.3392,1
txn_004860,cust_002789,963.17,wallet,1322,21,16,0.7619,1,False,network_error,0.7086,1
txn_004861,cust_000381,883.85,upi,1212,1,1,1.0,2,False,gateway_error,0.67,1
txn_004862,cust_001129,852.89,upi,1313,16,13,0.8125,2,False,bank_decline,0.5438,1
txn_004863,cust_003255,5393.52,card,789,21,15,0.7143,3,False,insufficient_balance,0.3743,0
txn_004864,cust_002462,661.42,netbanking,534,16,13,0.8125,2,False,bank_decline,0.5438,0
txn_004865,cust_000963,4876.23,wallet,157,20,14,0.7,2,False,bank_decline,0.51,1
txn_004866,cust_002064,5137.65,wallet,908,4,4,1.0,2,False,network_error,0.7,1
txn_004867,cust_003107,499.06,card,91,13,11,0.8462,1,False,insufficient_balance,0.5738,1
txn_004868,cust_003038,1985.38,upi,737,4,2,0.5,1,False,network_error,0.63,0
txn_004869,cust_001335,3331.64,card,535,1,1,1.0,3,False,network_error,0.62,0
txn_004870,cust_000225,1041.45,netbanking,1152,19,10,0.5263,2,False,insufficient_balance,0.3979,1
txn_004871,cust_001001,656.34,upi,819,5,4,0.8,1,False,network_error,0.72,1
txn_004872,cust_003199,597.92,wallet,908,0,0,0.0,4,True,bank_decline,0.09,1
txn_004873,cust_002933,1513.0,netbanking,212,26,21,0.8077,3,False,bank_decline,0.4623,0
txn_004874,cust_000656,1366.02,upi,301,8,5,0.625,1,False,bank_decline,0.5675,0
txn_004875,cust_000190,1326.46,card,1287,13,8,0.6154,3,False,bank_decline,0.4046,0
txn_004876,cust_001171,300.6,upi,1219,22,18,0.8182,1,False,authentication_failed,0.4455,1
txn_004877,cust_003177,2639.68,card,734,25,19,0.76,2,False,expired_card,0.298,0
txn_004878,cust_001934,1609.95,upi,1278,10,10,1.0,2,False,bank_decline,0.6,0
txn_004879,cust_003286,1474.38,card,90,9,7,0.7778,2,False,authentication_failed,0.3533,0
txn_004880,cust_002436,330.0,wallet,66,1,0,0.0,2,False,bank_decline,0.3,1
txn_004881,cust_001435,4308.08,card,513,22,18,0.8182,3,False,gateway_error,0.5355,1
txn_004882,cust_000077,1110.35,wallet,1343,18,11,0.6111,1,False,network_error,0.6633,1
txn_004883,cust_002405,393.51,card,1224,9,6,0.6667,3,False,bank_decline,0.42,0
txn_004884,cust_000096,859.57,netbanking,618,25,22,0.88,4,False,gateway_error,0.474,1
txn_004885,cust_001524,390.93,wallet,26,14,13,0.9286,4,False,insufficient_balance,0.3586,1
txn_004886,cust_002950,720.36,upi,472,26,18,0.6923,2,False,expired_card,0.2777,0
txn_004887,cust_001408,741.98,upi,795,19,14,0.7368,2,False,bank_decline,0.5211,0
txn_004888,cust_000393,370.17,upi,645,29,24,0.8276,1,False,bank_decline,0.6283,1
txn_004889,cust_001546,1857.37,card,1470,27,19,0.7037,4,False,expired_card,0.1211,0
txn_004890,cust_001689,837.29,wallet,456,4,1,0.25,3,False,bank_decline,0.295,0
txn_004891,cust_002508,748.18,card,282,15,11,0.7333,2,False,insufficient_balance,0.46,1
txn_004892,cust_000261,424.93,upi,483,15,12,0.8,1,False,bank_decline,0.62,1
txn_004893,cust_002731,286.51,wallet,1233,8,7,0.875,1,False,bank_decline,0.6425,1
txn_004894,cust_001395,716.1,upi,955,20,18,0.9,3,False,gateway_error,0.56,1
txn_004895,cust_000288,866.44,card,807,12,8,0.6667,2,False,bank_decline,0.5,1
txn_004896,cust_002003,2186.42,netbanking,1440,0,0,0.0,1,True,bank_decline,0.33,0
txn_004897,cust_003244,1320.57,wallet,652,20,14,0.7,4,False,bank_decline,0.35,0
txn_004898,cust_001330,2005.76,upi,111,20,13,0.65,3,False,authentication_failed,0.235,0
txn_004899,cust_000280,405.64,wallet,1374,10,9,0.9,2,False,authentication_failed,0.39,1
txn_004900,cust_002951,2039.53,wallet,402,12,8,0.6667,1,False,authentication_failed,0.4,1
txn_004901,cust_000917,401.23,card,1125,25,18,0.72,4,False,authentication_failed,0.176,0
txn_004902,cust_002058,632.73,upi,455,1,1,1.0,2,False,network_error,0.7,1
txn_004903,cust_003146,951.91,card,310,10,6,0.6,3,False,gateway_error,0.47,0
txn_004904,cust_001401,2556.05,wallet,962,18,12,0.6667,3,False,authentication_failed,0.24,1
txn_004905,cust_001176,733.78,wallet,212,3,3,1.0,3,False,bank_decline,0.52,1
txn_004906,cust_000560,1574.19,netbanking,1074,0,0,0.0,3,True,authentication_failed,0.02,0
txn_004907,cust_000335,1206.29,card,1300,17,13,0.7647,2,False,bank_decline,0.5294,0
txn_004908,cust_002480,1022.61,wallet,1145,29,24,0.8276,1,False,expired_card,0.3983,0
txn_004909,cust_000026,2390.18,netbanking,286,9,8,0.8889,1,False,gateway_error,0.7167,1
txn_004910,cust_001782,1592.6,netbanking,233,14,11,0.7857,4,False,insufficient_balance,0.3157,1
txn_004911,cust_002606,714.69,card,1424,16,11,0.6875,3,False,gateway_error,0.4962,0
txn_004912,cust_002948,1450.04,netbanking,1276,5,4,0.8,4,False,network_error,0.48,1
txn_004913,cust_002390,3550.03,wallet,131,10,7,0.7,3,False,insufficient_balance,0.37,1
txn_004914,cust_000366,1205.33,upi,1406,26,18,0.6923,3,False,bank_decline,0.4277,0
txn_004915,cust_001474,576.57,wallet,14,24,21,0.875,1,False,insufficient_balance,0.5825,0
txn_004916,cust_001328,392.87,wallet,30,15,12,0.8,2,False,bank_decline,0.54,1
txn_004917,cust_001074,1137.44,card,1077,18,13,0.7222,3,False,network_error,0.5367,1
txn_004918,cust_003252,1215.75,card,314,4,4,1.0,3,False,gateway_error,0.59,0
txn_004919,cust_003105,2949.21,wallet,1003,28,20,0.7143,3,False,bank_decline,0.4343,0
txn_004920,cust_003037,660.37,wallet,465,15,10,0.6667,1,False,insufficient_balance,0.52,1
txn_004921,cust_002206,3063.48,upi,565,4,4,1.0,1,False,insufficient_balance,0.62,1
txn_004922,cust_002654,895.29,wallet,118,9,7,0.7778,4,False,network_error,0.4733,0
txn_004923,cust_002240,2738.07,wallet,12,18,15,0.8333,4,False,insufficient_balance,0.33,1
txn_004924,cust_000956,2173.61,netbanking,672,20,13,0.65,3,False,insufficient_balance,0.355,0
txn_004925,cust_000775,771.05,upi,1251,8,7,0.875,3,False,gateway_error,0.5525,1
txn_004926,cust_000871,1137.51,netbanking,324,17,13,0.7647,3,False,gateway_error,0.5194,1
txn_004927,cust_003045,698.87,netbanking,48,21,16,0.7619,3,False,network_error,0.5486,0
txn_004928,cust_002424,299.05,wallet,717,25,20,0.8,3,False,bank_decline,0.46,1
txn_004929,cust_003106,263.52,upi,689,28,21,0.75,3,False,authentication_failed,0.265,0
txn_004930,cust_003291,461.16,card,286,2,2,1.0,2,False,bank_decline,0.6,1
txn_004931,cust_000095,722.4,card,439,14,6,0.4286,3,False,authentication_failed,0.1686,0
txn_004932,cust_002446,1544.31,netbanking,677,21,15,0.7143,1,False,bank_decline,0.5943,0
txn_004933,cust_000241,634.65,upi,1031,20,17,0.85,1,False,expired_card,0.405,0
txn_004934,cust_002495,3642.31,wallet,1301,6,4,0.6667,3,False,network_error,0.52,0
txn_004935,cust_003051,658.84,wallet,324,5,4,0.8,1,False,authentication_failed,0.44,1
txn_004936,cust_003183,1616.72,wallet,1087,6,4,0.6667,1,False,gateway_error,0.65,1
txn_004937,cust_000642,1367.44,netbanking,227,9,7,0.7778,2,False,gateway_error,0.6033,0
txn_004938,cust_002665,202.81,card,453,20,17,0.85,1,False,network_error,0.735,1
txn_004939,cust_001298,643.22,card,417,5,3,0.6,1,False,insufficient_balance,0.5,1
txn_004940,cust_003150,2950.73,wallet,629,23,16,0.6957,1,False,expired_card,0.3587,0
txn_004941,cust_001304,2202.78,wallet,313,10,8,0.8,2,False,insufficient_balance,0.48,1
txn_004942,cust_000923,1861.97,netbanking,1375,7,5,0.7143,3,False,network_error,0.5343,1
txn_004943,cust_000536,658.74,wallet,1281,4,2,0.5,1,False,gateway_error,0.6,0
txn_004944,cust_000656,381.65,wallet,388,2,2,1.0,2,False,network_error,0.7,0
txn_004945,cust_000887,1830.59,upi,808,23,21,0.913,4,False,bank_decline,0.4139,1
txn_004946,cust_000491,172.52,card,1432,12,9,0.75,2,False,authentication_failed,0.345,1
txn_004947,cust_001361,2789.28,wallet,50,5,4,0.8,4,False,bank_decline,0.38,0
txn_004948,cust_001634,712.79,upi,73,29,24,0.8276,1,False,insufficient_balance,0.5683,0
txn_004949,cust_001396,850.09,card,817,13,10,0.7692,4,False,gateway_error,0.4408,1
txn_004950,cust_001735,749.52,wallet,173,11,10,0.9091,3,False,authentication_failed,0.3127,1
txn_004951,cust_002145,1443.09,wallet,1144,7,6,0.8571,4,False,network_error,0.4971,1
txn_004952,cust_000524,1151.37,upi,378,3,2,0.6667,4,False,bank_decline,0.34,0
txn_004953,cust_002789,1843.33,card,1167,2,2,1.0,3,False,network_error,0.62,0
txn_004954,cust_000924,820.69,upi,1467,27,23,0.8519,2,False,bank_decline,0.5556,0
txn_004955,cust_002745,1083.71,wallet,1434,27,19,0.7037,4,False,bank_decline,0.3511,1
txn_004956,cust_002140,320.96,wallet,246,26,16,0.6154,2,False,network_error,0.5846,1
txn_004957,cust_003021,1938.34,card,233,20,18,0.9,2,False,bank_decline,0.57,1
txn_004958,cust_001409,224.79,netbanking,249,16,11,0.6875,2,False,network_error,0.6063,1
txn_004959,cust_003092,467.99,upi,872,7,6,0.8571,4,False,gateway_error,0.4671,1
txn_004960,cust_000363,378.88,netbanking,1358,17,12,0.7059,3,False,authentication_failed,0.2518,0
txn_004961,cust_001095,474.38,card,187,6,5,0.8333,4,False,gateway_error,0.46,1
txn_004962,cust_001162,484.93,upi,799,18,14,0.7778,4,False,network_error,0.4733,0
txn_004963,cust_002591,1016.88,upi,818,1,1,1.0,2,False,insufficient_balance,0.54,1
txn_004964,cust_000654,2415.27,wallet,1479,0,0,0.0,3,True,gateway_error,0.24,0
txn_004965,cust_001296,906.05,netbanking,994,8,6,0.75,2,False,gateway_error,0.595,1
txn_004966,cust_003059,2313.02,netbanking,1230,7,4,0.5714,2,False,expired_card,0.2414,1
txn_004967,cust_000690,3057.84,card,29,24,17,0.7083,3,False,insufficient_balance,0.3725,0
txn_004968,cust_002100,1415.65,netbanking,596,5,5,1.0,4,False,bank_decline,0.44,1
txn_004969,cust_000437,562.96,card,296,18,10,0.5556,2,False,gateway_error,0.5367,0
txn_004970,cust_001647,485.49,card,862,13,9,0.6923,1,False,authentication_failed,0.4077,1
txn_004971,cust_000200,3274.68,netbanking,1169,25,15,0.6,2,False,bank_decline,0.48,1
txn_004972,cust_000437,3440.55,wallet,680,3,3,1.0,3,False,bank_decline,0.52,1
txn_004973,cust_000404,749.02,netbanking,779,9,6,0.6667,3,False,gateway_error,0.49,1
txn_004974,cust_000015,1350.07,card,1381,10,8,0.8,2,False,authentication_failed,0.36,0
txn_004975,cust_001625,812.76,upi,1130,20,18,0.9,4,False,authentication_failed,0.23,0
txn_004976,cust_002039,334.44,netbanking,1463,6,5,0.8333,4,False,authentication_failed,0.21,0
txn_004977,cust_000549,1190.6,netbanking,1199,11,8,0.7273,3,False,bank_decline,0.4382,1
txn_004978,cust_002297,1001.41,netbanking,126,1,0,0.0,3,False,gateway_error,0.29,0
txn_004979,cust_002968,645.94,upi,773,3,2,0.6667,2,False,gateway_error,0.57,0
txn_004980,cust_000993,1572.56,upi,436,14,11,0.7857,2,False,bank_decline,0.5357,1
txn_004981,cust_001759,2057.66,wallet,258,16,14,0.875,4,False,bank_decline,0.4025,0
txn_004982,cust_000865,6216.47,card,1406,1,1,1.0,3,False,network_error,0.62,1
txn_004983,cust_001378,1162.86,card,41,24,16,0.6667,1,False,network_error,0.68,1
txn_004984,cust_002430,396.45,wallet,772,26,18,0.6923,1,False,gateway_error,0.6577,1
txn_004985,cust_000143,1644.23,upi,725,21,17,0.8095,3,False,bank_decline,0.4629,0
txn_004986,cust_000493,520.28,upi,76,3,2,0.6667,3,False,bank_decline,0.42,0
txn_004987,cust_001673,791.55,netbanking,281,0,0,0.0,3,True,bank_decline,0.17,0
txn_004988,cust_002718,1840.46,netbanking,756,12,8,0.6667,2,False,authentication_failed,0.32,0
txn_004989,cust_002710,404.21,netbanking,23,29,24,0.8276,3,False,bank_decline,0.4683,0
txn_004990,cust_002814,563.97,card,675,4,3,0.75,3,False,insufficient_balance,0.385,0
txn_004991,cust_000995,538.68,netbanking,1363,23,19,0.8261,4,False,gateway_error,0.4578,1
txn_004992,cust_002551,1786.21,upi,378,11,5,0.4545,1,False,network_error,0.6164,0
txn_004993,cust_003295,5454.33,card,260,21,20,0.9524,4,False,expired_card,0.1957,1
txn_004994,cust_000361,5977.69,upi,1134,9,8,0.8889,1,False,bank_decline,0.6467,0
txn_004995,cust_001210,849.33,card,243,3,3,1.0,1,False,insufficient_balance,0.62,1
txn_004996,cust_002364,352.95,card,162,8,6,0.75,3,False,insufficient_balance,0.385,1
txn_004997,cust_000823,1109.96,upi,829,1,1,1.0,4,False,gateway_error,0.51,0
txn_004998,cust_001087,1684.56,netbanking,629,26,21,0.8077,3,False,network_error,0.5623,0
txn_004999,cust_000677,190.66,wallet,331,5,3,0.6,4,False,authentication_failed,0.14,0
txn_005000,cust_002004,588.05,upi,994,2,1,0.5,2,False,gateway_error,0.52,0
txn_005001,cust_001455,744.69,wallet,1170,11,6,0.5455,4,False,insufficient_balance,0.2436,0
txn_005002,cust_000473,307.05,wallet,172,0,0,0.0,2,True,bank_decline,0.25,1
txn_005003,cust_000913,718.26,upi,1450,19,17,0.8947,3,False,authentication_failed,0.3084,0
txn_005004,cust_000193,974.11,wallet,535,1,0,0.0,2,False,expired_card,0.07,0
txn_005005,cust_002158,1088.06,wallet,227,24,21,0.875,1,False,bank_decline,0.6425,1
txn_005006,cust_002366,631.66,card,772,2,2,1.0,1,False,bank_decline,0.68,1
txn_005007,cust_001344,1037.9,netbanking,805,9,6,0.6667,2,False,network_error,0.6,1
txn_005008,cust_002669,687.02,wallet,767,11,9,0.8182,4,False,network_error,0.4855,0
txn_005009,cust_000174,610.29,upi,143,21,14,0.6667,3,False,insufficient_balance,0.36,0
txn_005010,cust_001101,696.68,wallet,1019,25,20,0.8,3,False,bank_decline,0.46,1
txn_005011,cust_002193,1752.62,card,1127,3,3,1.0,4,False,network_error,0.54,0
txn_005012,cust_002846,403.88,netbanking,624,6,5,0.8333,4,False,bank_decline,0.39,0
txn_005013,cust_000031,1233.3,upi,697,3,2,0.6667,3,False,bank_decline,0.42,0
txn_005014,cust_002560,2864.84,wallet,902,28,18,0.6429,3,False,network_error,0.5129,0
txn_005015,cust_000546,497.15,netbanking,956,17,14,0.8235,1,False,expired_card,0.3971,0
txn_005016,cust_003027,2838.07,card,801,8,6,0.75,2,False,gateway_error,0.595,1
txn_005017,cust_000343,5754.0,wallet,1263,27,18,0.6667,4,False,insufficient_balance,0.28,1
txn_005018,cust_000924,2172.61,card,338,7,7,1.0,1,False,authentication_failed,0.5,1
txn_005019,cust_001761,2293.86,netbanking,336,29,21,0.7241,1,False,gateway_error,0.6672,0
txn_005020,cust_000728,508.77,netbanking,485,21,19,0.9048,3,False,authentication_failed,0.3114,0
txn_005021,cust_003171,1588.25,card,239,11,8,0.7273,4,False,gateway_error,0.4282,0
txn_005022,cust_002968,1428.0,card,1453,6,5,0.8333,3,False,insufficient_balance,0.41,1
txn_005023,cust_002690,383.14,card,926,1,1,1.0,1,False,gateway_error,0.75,1
txn_005024,cust_000521,1870.06,wallet,1141,19,14,0.7368,4,False,authentication_failed,0.1811,0
txn_005025,cust_003308,1065.05,card,1316,27,22,0.8148,4,False,authentication_failed,0.2044,1
txn_005026,cust_001690,976.75,card,33,19,13,0.6842,4,False,gateway_error,0.4153,0
txn_005027,cust_002765,641.97,netbanking,312,15,12,0.8,3,False,bank_decline,0.46,1
txn_005028,cust_003229,1184.4,upi,1374,19,13,0.6842,4,False,gateway_error,0.4153,1
txn_005029,cust_001598,1347.48,card,324,19,14,0.7368,4,False,bank_decline,0.3611,0
txn_005030,cust_003140,206.21,upi,1419,2,2,1.0,3,False,network_error,0.62,1
txn_005031,cust_001781,584.93,card,997,7,6,0.8571,1,False,insufficient_balance,0.5771,1
txn_005032,cust_001431,3223.95,upi,19,21,15,0.7143,1,False,bank_decline,0.5943,1
txn_005033,cust_001415,1765.38,upi,1428,14,9,0.6429,1,False,authentication_failed,0.3929,0
txn_005034,cust_002200,963.33,wallet,872,17,14,0.8235,1,False,bank_decline,0.6271,1
txn_005035,cust_002276,100.0,card,871,21,13,0.619,2,False,bank_decline,0.4857,0
txn_005036,cust_000224,1365.68,wallet,101,1,0,0.0,4,False,gateway_error,0.21,0
txn_005037,cust_001173,4248.69,card,975,26,20,0.7692,2,False,authentication_failed,0.3508,1
txn_005038,cust_001918,321.43,card,195,15,10,0.6667,2,False,authentication_failed,0.32,1
txn_005039,cust_002246,1459.74,netbanking,672,17,11,0.6471,4,False,expired_card,0.1041,0
txn_005040,cust_000331,2434.85,card,818,19,15,0.7895,1,False,network_error,0.7168,1
txn_005041,cust_003151,1661.43,upi,753,22,19,0.8636,1,False,bank_decline,0.6391,1
txn_005042,cust_002119,1659.15,wallet,169,21,18,0.8571,4,False,bank_decline,0.3971,0
txn_005043,cust_002645,329.99,upi,1021,8,5,0.625,1,False,bank_decline,0.5675,1
txn_005044,cust_002521,1047.85,wallet,1409,24,17,0.7083,1,False,insufficient_balance,0.5325,1
txn_005045,cust_001861,1070.75,netbanking,879,6,4,0.6667,3,False,authentication_failed,0.24,1
txn_005046,cust_002483,693.36,upi,1173,6,6,1.0,1,False,bank_decline,0.68,1
txn_005047,cust_002243,1897.88,upi,727,7,4,0.5714,4,False,network_error,0.4114,0
txn_005048,cust_000837,390.57,upi,146,20,15,0.75,3,False,insufficient_balance,0.385,1
txn_005049,cust_002982,300.37,netbanking,551,12,8,0.6667,4,False,network_error,0.44,0
txn_005050,cust_001187,420.16,card,677,18,12,0.6667,1,False,gateway_error,0.65,0
txn_005051,cust_002370,352.63,netbanking,1354,7,4,0.5714,1,False,authentication_failed,0.3714,0
txn_005052,cust_001383,1508.41,upi,39,25,17,0.68,2,False,gateway_error,0.574,1
txn_005053,cust_002518,1809.08,wallet,365,13,9,0.6923,4,False,network_error,0.4477,0
txn_005054,cust_000254,456.98,wallet,1396,11,9,0.8182,4,False,insufficient_balance,0.3255,0
txn_005055,cust_002644,1155.83,card,1216,15,13,0.8667,4,False,insufficient_balance,0.34,1
txn_005056,cust_002588,205.22,netbanking,745,17,11,0.6471,1,False,network_error,0.6741,0
txn_005057,cust_002116,682.8,card,946,0,0,0.0,1,True,expired_card,0.1,0
txn_005058,cust_002661,1880.6,netbanking,1366,10,8,0.8,3,False,gateway_error,0.53,1
txn_005059,cust_000343,1461.43,upi,561,19,13,0.6842,2,False,bank_decline,0.5053,0
txn_005060,cust_001457,495.93,netbanking,1014,15,10,0.6667,2,False,insufficient_balance,0.44,0
txn_005061,cust_001400,325.53,wallet,455,28,20,0.7143,4,False,bank_decline,0.3543,0
txn_005062,cust_001331,1906.36,upi,1242,6,6,1.0,3,False,network_error,0.62,1
txn_005063,cust_002497,3055.18,upi,375,27,20,0.7407,1,False,insufficient_balance,0.5422,1
txn_005064,cust_002268,1020.45,upi,1267,22,16,0.7273,4,False,network_error,0.4582,1
txn_005065,cust_002851,262.92,wallet,1438,21,15,0.7143,2,False,network_error,0.6143,0
txn_005066,cust_002405,671.51,upi,1245,14,10,0.7143,4,False,expired_card,0.1243,0
txn_005067,cust_001881,734.54,wallet,234,12,10,0.8333,4,False,bank_decline,0.39,1
txn_005068,cust_000359,2349.91,upi,129,19,14,0.7368,1,False,insufficient_balance,0.5411,0
txn_005069,cust_000434,1258.14,wallet,1305,5,2,0.4,1,False,gateway_error,0.57,1
txn_005070,cust_001612,1385.23,netbanking,1313,19,13,0.6842,3,False,bank_decline,0.4253,1
txn_005071,cust_002077,326.27,card,1055,22,12,0.5455,2,False,bank_decline,0.4636,1
txn_005072,cust_002932,943.95,upi,1175,22,15,0.6818,4,False,network_error,0.4445,1
txn_005073,cust_001423,3723.67,upi,615,21,18,0.8571,3,False,insufficient_balance,0.4171,0
txn_005074,cust_000268,192.94,card,1291,1,0,0.0,3,False,gateway_error,0.29,0
txn_005075,cust_002296,3112.28,wallet,347,17,11,0.6471,2,False,bank_decline,0.4941,1
txn_005076,cust_001862,100.0,netbanking,696,12,11,0.9167,3,False,bank_decline,0.495,0
txn_005077,cust_003138,593.71,upi,1470,21,15,0.7143,3,False,gateway_error,0.5043,0
txn_005078,cust_002548,2827.68,wallet,1359,25,21,0.84,2,False,authentication_failed,0.372,0
txn_005079,cust_002222,460.31,upi,1064,0,0,0.0,3,True,gateway_error,0.24,0
txn_005080,cust_002332,537.03,upi,1350,15,13,0.8667,1,False,gateway_error,0.71,1
txn_005081,cust_002839,867.13,netbanking,1120,21,17,0.8095,4,False,network_error,0.4829,0
txn_005082,cust_001409,776.35,wallet,61,26,21,0.8077,2,False,authentication_failed,0.3623,1
txn_005083,cust_000021,2804.65,card,1120,19,12,0.6316,4,False,bank_decline,0.3295,0
txn_005084,cust_002153,437.77,netbanking,230,22,19,0.8636,3,False,insufficient_balance,0.4191,1
txn_005085,cust_001352,3538.92,netbanking,236,25,19,0.76,1,False,gateway_error,0.678,1
txn_005086,cust_002682,636.86,card,1497,18,15,0.8333,2,False,gateway_error,0.62,1
txn_005087,cust_001076,842.16,card,774,14,11,0.7857,1,False,expired_card,0.3857,1
txn_005088,cust_001348,1042.98,card,989,1,1,1.0,3,False,expired_card,0.29,1
txn_005089,cust_000924,1502.75,netbanking,1394,19,12,0.6316,3,False,network_error,0.5095,1
txn_005090,cust_001642,1168.37,card,1066,25,19,0.76,3,False,network_error,0.548,1
txn_005091,cust_000933,238.83,upi,1487,28,22,0.7857,1,False,authentication_failed,0.4357,1
txn_005092,cust_000683,790.45,wallet,936,26,22,0.8462,3,False,network_error,0.5738,0
txn_005093,cust_001616,1442.53,netbanking,441,4,4,1.0,2,False,gateway_error,0.67,0
txn_005094,cust_000172,2060.47,netbanking,151,18,13,0.7222,4,False,insufficient_balance,0.2967,0
txn_005095,cust_001490,3414.71,upi,539,10,7,0.7,4,False,gateway_error,0.42,0
txn_005096,cust_000277,474.87,card,200,23,15,0.6522,4,False,authentication_failed,0.1557,0
txn_005097,cust_000737,3800.5,card,521,18,14,0.7778,2,False,network_error,0.6333,1
txn_005098,cust_002624,420.76,wallet,576,24,22,0.9167,4,False,insufficient_balance,0.355,0
txn_005099,cust_000236,390.46,upi,805,2,2,1.0,2,False,expired_card,0.37,1
txn_005100,cust_003150,2071.07,wallet,130,0,0,0.0,4,True,bank_decline,0.09,0
txn_005101,cust_002875,694.27,card,852,26,23,0.8846,4,False,authentication_failed,0.2254,1
txn_005102,cust_000519,625.19,netbanking,1283,0,0,0.0,1,True,authentication_failed,0.15,0
txn_005103,cust_001718,565.25,card,1118,5,3,0.6,4,False,network_error,0.42,1
txn_005104,cust_000889,1020.83,netbanking,641,24,19,0.7917,4,False,gateway_error,0.4475,1
txn_005105,cust_003311,379.79,wallet,1425,14,10,0.7143,3,False,bank_decline,0.4343,0
txn_005106,cust_002251,924.81,wallet,220,8,7,0.875,4,False,authentication_failed,0.2225,1
txn_005107,cust_002993,4007.99,upi,1238,11,9,0.8182,1,False,bank_decline,0.6255,0
txn_005108,cust_003180,2801.42,card,1479,15,15,1.0,1,False,gateway_error,0.75,1
txn_005109,cust_000792,2490.17,netbanking,233,10,9,0.9,3,False,authentication_failed,0.31,1
txn_005110,cust_000855,2095.41,netbanking,111,15,13,0.8667,2,False,network_error,0.66,1
txn_005111,cust_002280,3268.79,netbanking,127,29,23,0.7931,3,False,gateway_error,0.5279,1
txn_005112,cust_001642,957.59,wallet,696,5,4,0.8,1,False,network_error,0.72,1
txn_005113,cust_002221,1993.6,upi,1075,3,2,0.6667,3,False,gateway_error,0.49,0
txn_005114,cust_001354,3456.42,upi,1264,3,3,1.0,1,False,expired_card,0.45,1
txn_005115,cust_002594,454.48,netbanking,119,3,3,1.0,1,False,network_error,0.78,1
txn_005116,cust_001027,2378.87,card,396,12,9,0.75,1,False,insufficient_balance,0.545,1
txn_005117,cust_002980,959.85,wallet,813,11,6,0.5455,3,False,gateway_error,0.4536,1
txn_005118,cust_002250,1024.74,card,860,9,7,0.7778,4,False,network_error,0.4733,1
txn_005119,cust_002862,1446.09,netbanking,151,19,16,0.8421,1,False,authentication_failed,0.4526,1
txn_005120,cust_000847,547.02,card,1046,28,23,0.8214,4,False,network_error,0.4864,1
txn_005121,cust_000425,3186.17,netbanking,109,24,18,0.75,4,False,network_error,0.465,0
txn_005122,cust_001327,1338.56,netbanking,619,14,11,0.7857,1,False,expired_card,0.3857,1
txn_005123,cust_002036,862.63,upi,558,13,6,0.4615,1,False,network_error,0.6185,1
txn_005124,cust_002336,1623.64,netbanking,1,12,9,0.75,3,False,bank_decline,0.445,0
txn_005125,cust_001689,1187.56,netbanking,1207,11,6,0.5455,4,False,bank_decline,0.3036,0
txn_005126,cust_002581,4929.11,netbanking,530,27,18,0.6667,2,False,bank_decline,0.5,1
txn_005127,cust_000798,615.39,card,1473,10,8,0.8,2,False,authentication_failed,0.36,1
txn_005128,cust_001750,603.83,netbanking,1084,8,5,0.625,2,False,insufficient_balance,0.4275,1
txn_005129,cust_000243,3386.84,wallet,1142,21,13,0.619,3,False,bank_decline,0.4057,0
txn_005130,cust_001460,821.83,netbanking,1055,2,2,1.0,1,False,gateway_error,0.75,0
txn_005131,cust_000119,1964.02,upi,492,27,18,0.6667,2,False,expired_card,0.27,1
txn_005132,cust_000833,1214.1,card,622,15,13,0.8667,3,False,gateway_error,0.55,1
txn_005133,cust_000432,312.86,netbanking,1134,13,13,1.0,2,False,network_error,0.7,0
txn_005134,cust_000064,724.75,upi,1197,23,17,0.7391,4,False,insufficient_balance,0.3017,0
txn_005135,cust_003128,1102.32,wallet,1256,19,16,0.8421,2,False,expired_card,0.3226,0
txn_005136,cust_001008,2199.18,card,211,20,15,0.75,2,False,authentication_failed,0.345,0
txn_005137,cust_001615,815.48,upi,351,23,19,0.8261,3,False,gateway_error,0.5378,1
txn_005138,cust_000353,6283.37,netbanking,700,10,7,0.7,1,False,authentication_failed,0.41,0
txn_005139,cust_000423,4826.96,wallet,618,19,12,0.6316,4,False,insufficient_balance,0.2695,0
txn_005140,cust_001285,5287.7,card,627,25,19,0.76,4,False,gateway_error,0.438,1
txn_005141,cust_001576,184.12,upi,730,13,12,0.9231,2,False,insufficient_balance,0.5169,0
txn_005142,cust_001684,3323.7,wallet,800,15,11,0.7333,4,False,authentication_failed,0.18,0
txn_005143,cust_000105,2800.6,upi,1426,3,3,1.0,4,False,gateway_error,0.51,0
txn_005144,cust_000829,623.76,card,816,21,14,0.6667,1,False,network_error,0.68,1
txn_005145,cust_001132,2187.74,wallet,104,23,15,0.6522,1,False,bank_decline,0.5757,0
txn_005146,cust_001805,663.98,netbanking,597,29,18,0.6207,1,False,bank_decline,0.5662,1
txn_005147,cust_001458,514.73,card,59,0,0,0.0,1,True,insufficient_balance,0.27,0
txn_005148,cust_001800,566.45,netbanking,561,11,10,0.9091,3,False,insufficient_balance,0.4327,0
txn_005149,cust_001654,572.15,card,483,22,17,0.7727,3,False,network_error,0.5518,1
txn_005150,cust_000402,2325.57,upi,928,22,18,0.8182,3,False,authentication_failed,0.2855,0
txn_005151,cust_002247,697.79,netbanking,1443,25,16,0.64,3,False,insufficient_balance,0.352,0
txn_005152,cust_002898,602.75,upi,944,1,1,1.0,1,False,gateway_error,0.75,1
txn_005153,cust_000377,1266.35,upi,153,6,5,0.8333,3,False,expired_card,0.24,1
txn_005154,cust_003060,1138.12,netbanking,788,1,0,0.0,3,False,network_error,0.32,1
txn_005155,cust_000023,2466.68,wallet,466,14,10,0.7143,4,False,expired_card,0.1243,0
txn_005156,cust_001138,1098.2,upi,539,26,20,0.7692,2,False,gateway_error,0.6008,1
txn_005157,cust_000380,309.1,netbanking,268,16,12,0.75,4,False,bank_decline,0.365,1
txn_005158,cust_001940,1465.05,upi,788,10,8,0.8,4,False,gateway_error,0.45,1
txn_005159,cust_002784,842.52,card,1368,21,12,0.5714,3,False,authentication_failed,0.2114,0
txn_005160,cust_000401,851.14,wallet,665,16,12,0.75,4,False,network_error,0.465,0
txn_005161,cust_002390,832.38,upi,620,21,18,0.8571,1,False,network_error,0.7371,1
txn_005162,cust_000706,1158.91,upi,931,27,18,0.6667,3,False,bank_decline,0.42,1
txn_005163,cust_001523,692.47,wallet,1102,20,15,0.75,3,False,gateway_error,0.515,0
txn_005164,cust_000506,2773.34,upi,591,13,9,0.6923,2,False,insufficient_balance,0.4477,1
txn_005165,cust_000791,1356.56,netbanking,621,18,14,0.7778,3,False,gateway_error,0.5233,1
txn_005166,cust_000793,1773.85,wallet,970,9,8,0.8889,2,False,bank_decline,0.5667,0
txn_005167,cust_001629,2909.76,card,128,8,6,0.75,2,False,insufficient_balance,0.465,1
txn_005168,cust_001759,413.25,card,367,21,16,0.7619,4,False,bank_decline,0.3686,0
txn_005169,cust_001234,4125.43,upi,1157,1,1,1.0,2,False,network_error,0.7,0
txn_005170,cust_000884,1100.64,netbanking,958,4,3,0.75,4,False,network_error,0.465,1
txn_005171,cust_001294,618.74,card,854,9,6,0.6667,3,False,insufficient_balance,0.36,1
txn_005172,cust_000935,937.03,card,908,2,2,1.0,3,False,authentication_failed,0.34,0
txn_005173,cust_000608,1152.39,card,158,16,15,0.9375,3,False,expired_card,0.2712,0
txn_005174,cust_000111,3831.52,card,1221,13,7,0.5385,1,False,gateway_error,0.6115,1
txn_005175,cust_000709,929.85,wallet,1112,25,16,0.64,3,False,network_error,0.512,1
txn_005176,cust_002634,398.81,card,407,19,14,0.7368,1,False,bank_decline,0.6011,0
txn_005177,cust_000625,1092.9,wallet,1203,11,9,0.8182,3,False,expired_card,0.2355,0
txn_005178,cust_002699,2351.14,card,1407,15,10,0.6667,4,False,bank_decline,0.34,1
txn_005179,cust_001154,715.18,card,1111,10,7,0.7,4,False,gateway_error,0.42,0
txn_005180,cust_000927,311.2,netbanking,259,2,2,1.0,4,False,bank_decline,0.44,0
txn_005181,cust_002128,1054.35,card,694,5,4,0.8,1,False,bank_decline,0.62,0
txn_005182,cust_002315,2333.0,netbanking,291,14,13,0.9286,3,False,bank_decline,0.4986,1
txn_005183,cust_003062,752.71,netbanking,1169,22,18,0.8182,4,False,authentication_failed,0.2055,0
txn_005184,cust_002662,2343.9,wallet,22,15,12,0.8,4,False,network_error,0.48,0
txn_005185,cust_003153,1884.22,card,1405,7,5,0.7143,1,False,insufficient_balance,0.5343,0
txn_005186,cust_000569,814.01,wallet,1240,22,19,0.8636,3,False,network_error,0.5791,1
txn_005187,cust_000606,505.52,netbanking,1092,26,22,0.8462,3,False,bank_decline,0.4738,1
txn_005188,cust_002802,842.0,netbanking,704,13,12,0.9231,4,False,bank_decline,0.4169,0
txn_005189,cust_002243,693.5,card,1364,2,2,1.0,3,False,insufficient_balance,0.46,1
txn_005190,cust_000289,1556.66,upi,282,16,11,0.6875,4,False,network_error,0.4462,0
txn_005191,cust_000641,483.95,wallet,779,16,11,0.6875,4,False,network_error,0.4462,0
txn_005192,cust_000722,1966.44,card,1024,12,11,0.9167,1,False,bank_decline,0.655,0
txn_005193,cust_001055,608.5,card,1251,26,19,0.7308,2,False,bank_decline,0.5192,1
txn_005194,cust_002227,949.61,netbanking,239,20,14,0.7,1,False,authentication_failed,0.41,0
txn_005195,cust_002375,2196.04,card,1397,9,7,0.7778,1,False,gateway_error,0.6833,1
txn_005196,cust_001853,674.75,wallet,734,25,22,0.88,4,False,bank_decline,0.404,1
txn_005197,cust_000234,443.51,upi,1124,7,5,0.7143,3,False,expired_card,0.2043,0
txn_005198,cust_001451,1024.19,upi,1354,19,16,0.8421,3,False,bank_decline,0.4726,0
txn_005199,cust_000394,2492.86,card,934,18,9,0.5,3,False,network_error,0.47,0
txn_005200,cust_000399,887.62,netbanking,896,11,9,0.8182,1,False,network_error,0.7255,1
txn_005201,cust_000704,691.28,wallet,543,15,11,0.7333,1,False,gateway_error,0.67,0
txn_005202,cust_001238,965.44,wallet,204,10,8,0.8,1,False,gateway_error,0.69,1
txn_005203,cust_002070,643.06,card,371,18,14,0.7778,4,False,gateway_error,0.4433,0
txn_005204,cust_000915,1141.13,card,991,10,8,0.8,2,False,authentication_failed,0.36,1
txn_005205,cust_001773,4685.04,upi,1167,6,6,1.0,2,False,bank_decline,0.6,1
txn_005206,cust_001139,865.89,wallet,1093,22,13,0.5909,1,False,network_error,0.6573,0
txn_005207,cust_003271,5221.47,netbanking,169,9,5,0.5556,4,False,expired_card,0.0767,0
txn_005208,cust_000430,380.96,wallet,743,7,4,0.5714,1,False,gateway_error,0.6214,1
txn_005209,cust_000517,2196.7,netbanking,1207,10,9,0.9,4,False,authentication_failed,0.23,1
txn_005210,cust_001912,896.29,card,807,29,17,0.5862,4,False,expired_card,0.0859,0
txn_005211,cust_002733,4024.54,upi,1060,15,10,0.6667,4,False,bank_decline,0.34,0
txn_005212,cust_001930,640.38,card,545,9,7,0.7778,3,False,bank_decline,0.4533,1
txn_005213,cust_000771,2445.35,card,429,1,0,0.0,3,False,bank_decline,0.22,0
txn_005214,cust_002927,601.6,netbanking,59,29,26,0.8966,2,False,network_error,0.669,1
txn_005215,cust_001020,1056.16,netbanking,618,9,8,0.8889,1,False,insufficient_balance,0.5867,1
txn_005216,cust_003261,242.16,card,483,9,6,0.6667,3,False,bank_decline,0.42,0
txn_005217,cust_002611,2494.28,card,1351,24,18,0.75,3,False,expired_card,0.215,0
txn_005218,cust_001521,870.45,wallet,617,15,11,0.7333,1,False,authentication_failed,0.42,0
txn_005219,cust_002574,973.77,upi,94,0,0,0.0,4,True,insufficient_balance,0.03,0
txn_005220,cust_000537,2692.52,card,1024,13,12,0.9231,2,False,bank_decline,0.5769,1
txn_005221,cust_000950,3429.05,upi,812,28,21,0.75,1,False,authentication_failed,0.425,0
txn_005222,cust_003316,687.96,upi,1023,4,4,1.0,4,False,insufficient_balance,0.38,1
txn_005223,cust_001150,1760.73,netbanking,1086,22,17,0.7727,1,False,insufficient_balance,0.5518,1
txn_005224,cust_003235,414.31,upi,214,13,12,0.9231,4,False,authentication_failed,0.2369,1
txn_005225,cust_000682,2315.2,card,1104,23,18,0.7826,3,False,bank_decline,0.4548,0
txn_005226,cust_001181,2667.21,upi,883,10,7,0.7,2,False,bank_decline,0.51,1
txn_005227,cust_001173,3161.58,card,783,20,15,0.75,3,False,network_error,0.545,1
txn_005228,cust_000069,2764.92,wallet,1231,11,8,0.7273,4,False,bank_decline,0.3582,1
txn_005229,cust_000162,1179.25,wallet,1388,17,12,0.7059,3,False,bank_decline,0.4318,0
txn_005230,cust_001879,499.24,card,670,4,4,1.0,2,False,bank_decline,0.6,1
txn_005231,cust_000852,641.93,card,1107,29,22,0.7586,2,False,authentication_failed,0.3476,1
txn_005232,cust_002331,1217.75,upi,318,26,20,0.7692,2,False,network_error,0.6308,0
txn_005233,cust_000940,1540.04,netbanking,796,18,11,0.6111,1,False,authentication_failed,0.3833,0
txn_005234,cust_001280,817.71,netbanking,682,14,10,0.7143,2,False,bank_decline,0.5143,0
txn_005235,cust_003212,1804.33,wallet,1051,2,2,1.0,1,False,bank_decline,0.68,0
txn_005236,cust_001410,584.57,netbanking,398,29,23,0.7931,3,False,expired_card,0.2279,0
txn_005237,cust_002980,1362.34,netbanking,1464,10,9,0.9,3,False,bank_decline,0.49,0
txn_005238,cust_000386,1014.79,card,24,27,19,0.7037,2,False,expired_card,0.2811,0
txn_005239,cust_000969,748.28,card,859,14,14,1.0,3,False,bank_decline,0.52,1
txn_005240,cust_001077,1220.59,netbanking,728,25,22,0.88,4,False,authentication_failed,0.224,0
txn_005241,cust_001572,1119.66,upi,598,16,11,0.6875,1,False,gateway_error,0.6562,0
txn_005242,cust_000024,1054.96,netbanking,466,23,16,0.6957,4,False,insufficient_balance,0.2887,0
txn_005243,cust_003207,311.0,netbanking,1065,27,18,0.6667,2,False,bank_decline,0.5,1
txn_005244,cust_002364,2163.42,netbanking,114,10,7,0.7,3,False,bank_decline,0.43,1
txn_005245,cust_003288,601.86,wallet,1390,16,14,0.875,4,False,network_error,0.5025,0
txn_005246,cust_000108,837.96,card,166,12,8,0.6667,4,False,insufficient_balance,0.28,0
txn_005247,cust_002679,638.25,wallet,172,19,14,0.7368,2,False,bank_decline,0.5211,1
txn_005248,cust_001340,325.4,card,371,3,2,0.6667,3,False,insufficient_balance,0.36,0
txn_005249,cust_000514,1682.01,upi,930,2,2,1.0,1,False,insufficient_balance,0.62,1
txn_005250,cust_001284,1181.91,wallet,764,9,9,1.0,4,False,bank_decline,0.44,1
txn_005251,cust_000385,430.09,card,834,10,8,0.8,1,False,network_error,0.72,1
txn_005252,cust_000668,3276.84,wallet,615,14,10,0.7143,3,False,bank_decline,0.4343,0
txn_005253,cust_002401,855.03,upi,19,7,4,0.5714,4,False,bank_decline,0.3114,0
txn_005254,cust_002228,1862.95,card,468,12,9,0.75,4,False,bank_decline,0.365,0
txn_005255,cust_003216,1214.28,card,1412,0,0,0.0,1,True,bank_decline,0.33,1
txn_005256,cust_001762,1706.58,upi,1216,18,12,0.6667,1,False,network_error,0.68,1
txn_005257,cust_001052,865.82,wallet,1362,17,13,0.7647,2,False,insufficient_balance,0.4694,1
txn_005258,cust_000580,416.02,netbanking,1161,25,21,0.84,2,False,bank_decline,0.552,1
txn_005259,cust_001227,1198.01,upi,1365,29,23,0.7931,2,False,expired_card,0.3079,0
txn_005260,cust_000834,635.53,netbanking,999,16,15,0.9375,2,False,gateway_error,0.6513,1
txn_005261,cust_001814,608.41,wallet,340,2,1,0.5,1,False,bank_decline,0.53,1
txn_005262,cust_000492,1057.81,wallet,1081,3,3,1.0,2,False,bank_decline,0.6,1
txn_005263,cust_001959,537.34,card,958,22,18,0.8182,4,False,bank_decline,0.3855,1
txn_005264,cust_001077,1477.91,card,1215,14,12,0.8571,3,False,bank_decline,0.4771,0
txn_005265,cust_000118,844.83,wallet,1101,1,1,1.0,3,False,authentication_failed,0.34,1
txn_005266,cust_001862,6314.25,netbanking,714,15,11,0.7333,3,False,authentication_failed,0.26,1
txn_005267,cust_002684,13576.59,wallet,125,22,18,0.8182,1,False,authentication_failed,0.4455,0
txn_005268,cust_000446,852.81,wallet,329,22,14,0.6364,3,False,expired_card,0.1809,0
txn_005269,cust_001657,727.51,upi,1444,4,2,0.5,1,False,gateway_error,0.6,0
txn_005270,cust_002836,487.66,netbanking,628,12,9,0.75,1,False,insufficient_balance,0.545,1
txn_005271,cust_000854,363.54,wallet,532,15,12,0.8,4,False,bank_decline,0.38,0
txn_005272,cust_000236,1823.54,upi,796,0,0,0.0,2,True,gateway_error,0.32,0
txn_005273,cust_003163,1005.19,card,338,24,15,0.625,4,False,network_error,0.4275,1
txn_005274,cust_001466,1321.1,wallet,119,15,11,0.7333,2,False,bank_decline,0.52,0
txn_005275,cust_000351,808.05,upi,821,18,14,0.7778,4,False,gateway_error,0.4433,1
txn_005276,cust_000311,2494.79,wallet,178,4,3,0.75,3,False,bank_decline,0.445,0
txn_005277,cust_002358,664.14,wallet,1200,25,19,0.76,1,False,insufficient_balance,0.548,1
txn_005278,cust_002056,1408.73,upi,741,9,9,1.0,1,False,network_error,0.78,1
txn_005279,cust_002963,603.1,netbanking,1337,19,12,0.6316,1,False,bank_decline,0.5695,0
txn_005280,cust_000942,1561.66,upi,1333,8,4,0.5,2,False,expired_card,0.22,1
txn_005281,cust_000847,1810.49,card,1112,16,11,0.6875,2,False,expired_card,0.2762,0
txn_005282,cust_002107,954.64,card,411,21,17,0.8095,1,False,bank_decline,0.6229,0
txn_005283,cust_001093,381.06,upi,702,5,3,0.6,4,False,bank_decline,0.32,1
txn_005284,cust_000474,403.73,upi,1040,9,7,0.7778,2,False,bank_decline,0.5333,1
txn_005285,cust_001305,189.79,upi,765,29,25,0.8621,1,False,gateway_error,0.7086,1
txn_005286,cust_000532,647.07,wallet,351,17,11,0.6471,3,False,authentication_failed,0.2341,0
txn_005287,cust_001857,1719.59,wallet,157,20,15,0.75,4,False,expired_card,0.135,0
txn_005288,cust_001794,2356.11,wallet,1011,12,9,0.75,1,False,insufficient_balance,0.545,0
txn_005289,cust_001815,1692.01,netbanking,464,13,9,0.6923,1,False,authentication_failed,0.4077,0
txn_005290,cust_001159,1358.74,netbanking,31,18,11,0.6111,4,False,bank_decline,0.3233,0
txn_005291,cust_003140,866.27,card,1406,12,10,0.8333,1,False,gateway_error,0.7,1
txn_005292,cust_001282,579.34,card,408,29,17,0.5862,2,False,expired_card,0.2459,0
txn_005293,cust_002376,1807.96,upi,353,14,12,0.8571,4,False,network_error,0.4971,1
txn_005294,cust_003301,2956.93,netbanking,181,6,6,1.0,1,False,bank_decline,0.68,1
txn_005295,cust_000258,2207.75,card,456,28,22,0.7857,4,False,authentication_failed,0.1957,0
txn_005296,cust_002642,1700.88,wallet,1216,6,4,0.6667,2,False,gateway_error,0.57,0
txn_005297,cust_003319,1860.15,wallet,675,5,3,0.6,2,False,gateway_error,0.55,1
txn_005298,cust_001038,1124.55,netbanking,383,7,6,0.8571,3,False,authentication_failed,0.2971,1
txn_005299,cust_002775,3729.69,upi,872,25,21,0.84,4,False,insufficient_balance,0.332,0
txn_005300,cust_001088,2507.68,netbanking,544,13,7,0.5385,2,False,bank_decline,0.4615,0
txn_005301,cust_001712,456.43,wallet,356,1,1,1.0,4,False,gateway_error,0.51,0
txn_005302,cust_002352,2894.23,upi,636,24,20,0.8333,4,False,expired_card,0.16,0
txn_005303,cust_003139,1488.26,card,352,17,13,0.7647,4,False,network_error,0.4694,0
txn_005304,cust_002995,783.31,card,1276,5,5,1.0,2,False,bank_decline,0.6,1
txn_005305,cust_001776,712.31,wallet,1344,10,9,0.9,1,False,authentication_failed,0.47,0
txn_005306,cust_002781,900.63,netbanking,790,26,19,0.7308,1,False,gateway_error,0.6692,0
txn_005307,cust_000203,725.25,wallet,1067,18,16,0.8889,3,False,insufficient_balance,0.4267,1
txn_005308,cust_002004,779.91,wallet,350,21,14,0.6667,2,False,gateway_error,0.57,1
txn_005309,cust_000633,1105.04,netbanking,888,14,9,0.6429,4,False,gateway_error,0.4029,0
txn_005310,cust_001710,1445.39,card,67,13,9,0.6923,3,False,bank_decline,0.4277,0
txn_005311,cust_000688,537.68,upi,361,22,18,0.8182,3,False,network_error,0.5655,0
txn_005312,cust_002983,599.17,card,892,20,16,0.8,4,False,expired_card,0.15,0
txn_005313,cust_002708,445.41,upi,661,2,2,1.0,2,False,authentication_failed,0.42,0
txn_005314,cust_002818,2554.71,card,1328,18,13,0.7222,2,False,insufficient_balance,0.4567,0
txn_005315,cust_000045,770.75,card,427,15,15,1.0,3,False,bank_decline,0.52,1
txn_005316,cust_002229,1179.57,card,468,3,3,1.0,3,False,authentication_failed,0.34,0
txn_005317,cust_000998,856.2,upi,1311,6,5,0.8333,3,False,bank_decline,0.47,0
txn_005318,cust_000496,1136.76,wallet,491,16,16,1.0,4,False,network_error,0.54,1
txn_005319,cust_000877,458.41,wallet,1192,22,14,0.6364,4,False,bank_decline,0.3309,0
txn_005320,cust_000238,2789.85,netbanking,988,29,23,0.7931,2,False,insufficient_balance,0.4779,0
txn_005321,cust_001122,1364.6,netbanking,479,24,18,0.75,2,False,authentication_failed,0.345,1
txn_005322,cust_000172,1181.87,wallet,1354,3,3,1.0,3,False,bank_decline,0.52,0
txn_005323,cust_000260,2304.03,wallet,200,27,18,0.6667,2,False,network_error,0.6,1
txn_005324,cust_002145,3996.33,upi,201,6,3,0.5,4,False,insufficient_balance,0.23,0
txn_005325,cust_001394,1363.92,upi,212,5,3,0.6,4,False,expired_card,0.09,1
txn_005326,cust_002568,687.78,upi,349,4,2,0.5,4,False,insufficient_balance,0.23,0
txn_005327,cust_001399,669.2,netbanking,1300,0,0,0.0,2,True,authentication_failed,0.07,0
txn_005328,cust_002293,940.91,card,409,29,25,0.8621,1,False,gateway_error,0.7086,1
txn_005329,cust_001623,3299.11,netbanking,23,23,14,0.6087,3,False,insufficient_balance,0.3426,0
txn_005330,cust_001980,691.57,wallet,121,28,19,0.6786,2,False,gateway_error,0.5736,0
txn_005331,cust_002975,4143.0,upi,24,28,25,0.8929,2,False,gateway_error,0.6379,1
txn_005332,cust_000961,28863.65,upi,550,21,19,0.9048,4,False,expired_card,0.1814,0
txn_005333,cust_002327,2008.57,wallet,389,19,14,0.7368,1,False,insufficient_balance,0.5411,1
txn_005334,cust_001047,2365.42,upi,359,19,15,0.7895,1,False,insufficient_balance,0.5568,0
txn_005335,cust_001922,935.72,netbanking,1375,16,11,0.6875,2,False,insufficient_balance,0.4462,0
txn_005336,cust_001703,3037.93,netbanking,719,11,10,0.9091,3,False,gateway_error,0.5627,0
txn_005337,cust_000532,477.32,netbanking,425,27,19,0.7037,2,False,bank_decline,0.5111,1
txn_005338,cust_000351,2102.98,card,1354,28,23,0.8214,3,False,bank_decline,0.4664,1
txn_005339,cust_002261,511.69,netbanking,296,15,13,0.8667,1,False,expired_card,0.41,0
txn_005340,cust_000286,1528.36,netbanking,994,9,4,0.4444,1,False,network_error,0.6133,1
txn_005341,cust_001216,1124.25,netbanking,829,23,18,0.7826,3,False,network_error,0.5548,1
txn_005342,cust_000799,287.32,upi,997,21,17,0.8095,2,False,expired_card,0.3129,1
txn_005343,cust_001257,773.48,netbanking,1249,26,18,0.6923,2,False,bank_decline,0.5077,1
txn_005344,cust_000253,1016.05,wallet,58,14,9,0.6429,2,False,expired_card,0.2629,0
txn_005345,cust_000475,2113.72,wallet,648,2,1,0.5,2,False,insufficient_balance,0.39,0
txn_005346,cust_000437,1096.82,upi,1461,7,5,0.7143,2,False,insufficient_balance,0.4543,0
txn_005347,cust_000572,3160.27,wallet,922,3,2,0.6667,2,False,network_error,0.6,0
txn_005348,cust_000383,1211.98,upi,265,3,2,0.6667,4,False,authentication_failed,0.16,0
txn_005349,cust_002836,1346.78,upi,628,25,22,0.88,3,False,authentication_failed,0.304,0
txn_005350,cust_001560,1053.8,upi,51,18,15,0.8333,1,False,bank_decline,0.63,1
txn_005351,cust_001859,3402.41,card,747,21,17,0.8095,2,False,authentication_failed,0.3629,0
txn_005352,cust_001949,1361.6,wallet,940,2,2,1.0,3,False,expired_card,0.29,0
txn_005353,cust_002180,329.72,upi,47,17,9,0.5294,4,False,bank_decline,0.2988,0
txn_005354,cust_001183,334.65,wallet,60,0,0,0.0,4,True,network_error,0.19,0
txn_005355,cust_000957,570.96,card,1419,16,11,0.6875,2,False,bank_decline,0.5062,0
txn_005356,cust_000607,2270.69,wallet,28,19,16,0.8421,2,False,authentication_failed,0.3726,1
txn_005357,cust_002427,554.59,card,1271,15,12,0.8,1,False,bank_decline,0.62,1
txn_005358,cust_001573,1340.68,card,1071,15,12,0.8,3,False,gateway_error,0.53,1
txn_005359,cust_000086,977.77,wallet,971,20,16,0.8,3,False,gateway_error,0.53,1
txn_005360,cust_001523,920.12,netbanking,355,24,18,0.75,3,False,network_error,0.545,0
txn_005361,cust_001312,2867.88,netbanking,1402,12,11,0.9167,4,False,insufficient_balance,0.355,0
txn_005362,cust_001595,1886.39,upi,654,6,6,1.0,3,False,expired_card,0.29,0
txn_005363,cust_002593,810.53,card,785,5,3,0.6,2,False,insufficient_balance,0.42,0
txn_005364,cust_001474,653.37,wallet,1490,15,11,0.7333,3,False,expired_card,0.21,0
txn_005365,cust_003063,303.46,netbanking,898,10,8,0.8,3,False,bank_decline,0.46,0
txn_005366,cust_002379,195.32,wallet,7,26,20,0.7692,1,False,authentication_failed,0.4308,0
txn_005367,cust_000067,940.59,card,863,20,14,0.7,2,False,gateway_error,0.58,0
txn_005368,cust_000493,501.6,upi,78,16,11,0.6875,4,False,network_error,0.4462,0
txn_005369,cust_002804,1297.73,netbanking,1091,2,1,0.5,4,False,gateway_error,0.36,0
txn_005370,cust_002132,1321.73,netbanking,507,0,0,0.0,3,True,insufficient_balance,0.11,0
txn_005371,cust_000901,1513.76,upi,167,24,17,0.7083,2,False,bank_decline,0.5125,0
txn_005372,cust_000738,949.11,card,1123,19,14,0.7368,1,False,expired_card,0.3711,1
txn_005373,cust_000464,2056.86,card,138,27,22,0.8148,1,False,bank_decline,0.6244,1
txn_005374,cust_000960,1138.96,card,245,16,12,0.75,3,False,bank_decline,0.445,0
txn_005375,cust_000776,3071.56,card,1234,6,5,0.8333,3,False,expired_card,0.24,0
txn_005376,cust_000332,1985.01,wallet,149,6,4,0.6667,1,False,insufficient_balance,0.52,0
txn_005377,cust_002186,1106.44,netbanking,1297,27,23,0.8519,4,False,bank_decline,0.3956,0
txn_005378,cust_000825,1923.8,card,555,27,24,0.8889,2,False,insufficient_balance,0.5067,1
txn_005379,cust_001020,588.78,upi,1245,29,24,0.8276,2,False,gateway_error,0.6183,0
txn_005380,cust_001499,1456.58,netbanking,1090,16,13,0.8125,3,False,authentication_failed,0.2837,0
txn_005381,cust_000240,787.26,card,1108,8,6,0.75,4,False,bank_decline,0.365,0
txn_005382,cust_002228,480.44,wallet,1145,26,16,0.6154,2,False,bank_decline,0.4846,0
txn_005383,cust_001178,574.02,wallet,456,20,14,0.7,1,False,network_error,0.69,1
txn_005384,cust_000326,1207.52,upi,10,13,10,0.7692,3,False,insufficient_balance,0.3908,1
txn_005385,cust_000137,1697.63,netbanking,783,3,2,0.6667,4,False,bank_decline,0.34,1
txn_005386,cust_001334,3452.5,card,344,23,20,0.8696,1,False,bank_decline,0.6409,1
txn_005387,cust_002696,837.94,card,104,3,2,0.6667,1,False,insufficient_balance,0.52,1
txn_005388,cust_001299,717.26,netbanking,650,25,17,0.68,2,False,network_error,0.604,1
txn_005389,cust_002272,602.49,wallet,44,12,10,0.8333,3,False,expired_card,0.24,0
txn_005390,cust_000522,3944.34,upi,809,16,12,0.75,4,False,authentication_failed,0.185,0
txn_005391,cust_000540,800.24,card,1088,5,5,1.0,3,False,bank_decline,0.52,0
txn_005392,cust_000750,553.0,netbanking,957,13,11,0.8462,3,False,network_error,0.5738,1
txn_005393,cust_001699,728.96,card,162,14,11,0.7857,2,False,gateway_error,0.6057,0
txn_005394,cust_002028,1077.87,card,174,14,8,0.5714,4,False,bank_decline,0.3114,1
txn_005395,cust_003147,453.49,card,1377,1,1,1.0,2,False,network_error,0.7,0
txn_005396,cust_001171,428.56,upi,1098,9,7,0.7778,1,False,expired_card,0.3833,0
txn_005397,cust_001456,5338.52,card,1333,17,12,0.7059,3,False,bank_decline,0.4318,1
txn_005398,cust_001070,844.7,wallet,235,17,16,0.9412,2,False,network_error,0.6824,1
txn_005399,cust_001481,4088.52,wallet,687,27,22,0.8148,2,False,bank_decline,0.5444,1
txn_005400,cust_003164,1283.36,upi,1327,12,7,0.5833,3,False,bank_decline,0.395,0
txn_005401,cust_002802,680.93,card,108,19,17,0.8947,2,False,authentication_failed,0.3884,0
txn_005402,cust_002901,345.35,netbanking,1490,23,16,0.6957,1,False,authentication_failed,0.4087,1
txn_005403,cust_003284,1202.72,upi,736,9,6,0.6667,1,False,gateway_error,0.65,0
txn_005404,cust_002106,6172.6,card,1053,3,2,0.6667,2,False,expired_card,0.27,0
txn_005405,cust_002020,1883.51,upi,546,20,16,0.8,4,False,network_error,0.48,1
txn_005406,cust_003197,2557.67,netbanking,1212,3,2,0.6667,3,False,insufficient_balance,0.36,0
txn_005407,cust_000768,1771.67,upi,361,0,0,0.0,1,True,bank_decline,0.33,1
txn_005408,cust_000994,1084.08,upi,1482,12,8,0.6667,4,False,network_error,0.44,1
txn_005409,cust_002041,577.38,netbanking,477,19,11,0.5789,1,False,expired_card,0.3237,0
txn_005410,cust_002751,2304.25,netbanking,1299,8,6,0.75,4,False,gateway_error,0.435,0
txn_005411,cust_001990,1121.62,card,1077,18,15,0.8333,3,False,network_error,0.57,1
txn_005412,cust_001093,1312.28,upi,1402,9,6,0.6667,2,False,bank_decline,0.5,0
txn_005413,cust_000923,461.28,netbanking,1238,6,4,0.6667,3,False,bank_decline,0.42,0
txn_005414,cust_001779,361.28,upi,532,17,15,0.8824,3,False,expired_card,0.2547,0
txn_005415,cust_001666,1556.74,wallet,1261,4,3,0.75,1,False,gateway_error,0.675,1
txn_005416,cust_002097,1093.08,upi,457,17,11,0.6471,4,False,network_error,0.4341,0
txn_005417,cust_002987,3561.21,card,887,2,0,0.0,1,False,bank_decline,0.38,1
txn_005418,cust_002627,5510.93,wallet,811,12,7,0.5833,2,False,bank_decline,0.475,1
txn_005419,cust_003054,704.62,netbanking,730,2,2,1.0,1,False,expired_card,0.45,1
txn_005420,cust_001088,374.5,wallet,427,17,13,0.7647,3,False,authentication_failed,0.2694,1
txn_005421,cust_000163,1910.02,netbanking,1115,24,18,0.75,2,False,gateway_error,0.595,1
txn_005422,cust_002288,1970.07,upi,1266,0,0,0.0,4,True,bank_decline,0.09,0
txn_005423,cust_000946,288.12,wallet,31,15,11,0.7333,4,False,insufficient_balance,0.3,0
txn_005424,cust_000740,1222.96,upi,319,19,11,0.5789,4,False,gateway_error,0.3837,0
txn_005425,cust_001113,467.56,card,1095,17,11,0.6471,2,False,authentication_failed,0.3141,1
txn_005426,cust_002740,3286.11,card,368,14,8,0.5714,1,False,expired_card,0.3214,0
txn_005427,cust_002806,1971.59,wallet,1118,5,5,1.0,1,False,insufficient_balance,0.62,0
txn_005428,cust_002012,2082.34,netbanking,1425,27,19,0.7037,1,False,bank_decline,0.5911,1
txn_005429,cust_002182,675.28,upi,960,13,11,0.8462,3,False,insufficient_balance,0.4138,0
txn_005430,cust_002499,1108.28,wallet,1223,21,10,0.4762,3,False,network_error,0.4629,0
txn_005431,cust_001682,267.98,upi,1152,20,17,0.85,1,False,bank_decline,0.635,1
txn_005432,cust_001746,1185.48,netbanking,501,21,15,0.7143,3,False,bank_decline,0.4343,1
txn_005433,cust_000140,907.86,netbanking,1365,26,22,0.8462,2,False,bank_decline,0.5538,0
txn_005434,cust_002598,3021.82,netbanking,1457,8,8,1.0,1,False,insufficient_balance,0.62,1
txn_005435,cust_002563,995.13,netbanking,863,21,12,0.5714,2,False,insufficient_balance,0.4114,1
txn_005436,cust_003251,1583.24,card,1192,12,8,0.6667,3,False,authentication_failed,0.24,0
txn_005437,cust_002735,802.59,upi,454,28,21,0.75,1,False,insufficient_balance,0.545,1
txn_005438,cust_001757,230.29,wallet,147,22,19,0.8636,4,False,authentication_failed,0.2191,0
txn_005439,cust_002887,487.63,upi,890,28,22,0.7857,3,False,insufficient_balance,0.3957,1
txn_005440,cust_002256,1137.97,upi,917,5,4,0.8,4,False,expired_card,0.15,1
txn_005441,cust_001048,2568.3,upi,941,4,4,1.0,1,False,gateway_error,0.75,1
txn_005442,cust_000957,2215.03,card,793,11,10,0.9091,1,False,insufficient_balance,0.5927,1
txn_005443,cust_000611,741.8,netbanking,161,27,19,0.7037,3,False,network_error,0.5311,1
txn_005444,cust_002292,404.9,card,932,5,4,0.8,4,False,expired_card,0.15,0
txn_005445,cust_001235,1171.23,card,1488,23,15,0.6522,1,False,insufficient_balance,0.5157,0
txn_005446,cust_001540,1307.07,wallet,365,18,15,0.8333,3,False,bank_decline,0.47,0
txn_005447,cust_003216,444.35,card,388,1,0,0.0,1,False,insufficient_balance,0.32,0
txn_005448,cust_002300,3153.66,card,537,15,13,0.8667,1,False,network_error,0.74,0
txn_005449,cust_000054,586.81,wallet,594,28,18,0.6429,4,False,network_error,0.4329,1
txn_005450,cust_001772,418.29,upi,1428,7,6,0.8571,2,False,bank_decline,0.5571,0
txn_005451,cust_002650,727.47,card,1481,3,1,0.3333,3,False,expired_card,0.09,0
txn_005452,cust_002382,206.04,card,34,21,18,0.8571,4,False,gateway_error,0.4671,1
txn_005453,cust_001227,1371.72,card,1342,3,3,1.0,4,False,insufficient_balance,0.38,0
txn_005454,cust_000873,1031.67,upi,764,28,21,0.75,2,False,bank_decline,0.525,0
txn_005455,cust_001536,217.67,netbanking,291,20,15,0.75,3,False,insufficient_balance,0.385,0
txn_005456,cust_001273,2274.92,netbanking,655,12,8,0.6667,3,False,gateway_error,0.49,1
txn_005457,cust_002199,423.46,netbanking,1011,23,21,0.913,3,False,network_error,0.5939,0
txn_005458,cust_001375,7641.35,upi,587,0,0,0.0,1,True,bank_decline,0.33,0
txn_005459,cust_000717,590.3,card,1410,14,11,0.7857,2,False,insufficient_balance,0.4757,1
txn_005460,cust_002662,784.78,netbanking,868,1,0,0.0,2,False,gateway_error,0.37,1
txn_005461,cust_002598,2631.47,upi,598,17,13,0.7647,1,False,network_error,0.7094,1
txn_005462,cust_002402,2240.22,wallet,960,27,23,0.8519,3,False,gateway_error,0.5456,0
txn_005463,cust_001020,1086.99,upi,1038,22,16,0.7273,1,False,authentication_failed,0.4182,1
txn_005464,cust_003134,1644.44,upi,28,8,3,0.375,4,False,authentication_failed,0.0725,0
txn_005465,cust_003188,1323.15,upi,58,10,6,0.6,2,False,network_error,0.58,1
txn_005466,cust_001103,631.03,card,1074,8,6,0.75,4,False,insufficient_balance,0.305,0
txn_005467,cust_002714,1131.34,card,898,12,6,0.5,1,False,authentication_failed,0.35,0
txn_005468,cust_000078,1742.09,card,1356,21,16,0.7619,1,False,insufficient_balance,0.5486,0
txn_005469,cust_000539,1166.6,netbanking,1017,26,18,0.6923,3,False,insufficient_balance,0.3677,0
txn_005470,cust_001145,1810.27,upi,1375,12,10,0.8333,3,False,expired_card,0.24,0
txn_005471,cust_000759,1007.05,upi,186,0,0,0.0,3,True,bank_decline,0.17,0
txn_005472,cust_001898,2097.24,netbanking,804,2,2,1.0,2,False,authentication_failed,0.42,1
txn_005473,cust_001568,2854.65,card,539,22,20,0.9091,2,False,insufficient_balance,0.5127,0
txn_005474,cust_002270,1681.82,card,1287,29,23,0.7931,1,False,authentication_failed,0.4379,1
txn_005475,cust_002636,910.69,netbanking,1470,8,6,0.75,1,False,authentication_failed,0.425,1
txn_005476,cust_000853,1477.16,netbanking,240,3,3,1.0,2,False,expired_card,0.37,0
txn_005477,cust_001825,1055.57,upi,1188,6,5,0.8333,4,False,expired_card,0.16,0
txn_005478,cust_001595,1148.67,card,429,11,6,0.5455,3,False,authentication_failed,0.2036,1
txn_005479,cust_003300,940.43,netbanking,1407,23,17,0.7391,4,False,bank_decline,0.3617,1
txn_005480,cust_003127,1126.39,wallet,1431,7,5,0.7143,2,False,bank_decline,0.5143,0
txn_005481,cust_002024,294.61,card,1019,7,4,0.5714,1,False,authentication_failed,0.3714,0
txn_005482,cust_000316,1168.61,netbanking,69,16,12,0.75,4,False,expired_card,0.135,0
txn_005483,cust_001977,2632.04,upi,976,12,9,0.75,4,False,authentication_failed,0.185,0
txn_005484,cust_001724,1691.98,netbanking,190,23,15,0.6522,3,False,bank_decline,0.4157,1
txn_005485,cust_002826,4147.1,wallet,1375,22,13,0.5909,2,False,insufficient_balance,0.4173,0
txn_005486,cust_001263,1215.21,wallet,898,28,21,0.75,4,False,expired_card,0.135,1
txn_005487,cust_002504,144.99,card,320,28,20,0.7143,3,False,gateway_error,0.5043,0
txn_005488,cust_002418,1978.44,wallet,299,27,22,0.8148,3,False,bank_decline,0.4644,1
txn_005489,cust_000680,1260.55,card,1448,15,9,0.6,2,False,network_error,0.58,0
txn_005490,cust_003168,699.77,upi,333,1,1,1.0,3,False,expired_card,0.29,0
txn_005491,cust_000444,599.46,upi,678,10,8,0.8,1,False,bank_decline,0.62,0
txn_005492,cust_000639,534.26,wallet,1150,24,18,0.75,3,False,expired_card,0.215,0
txn_005493,cust_000601,366.56,netbanking,1351,14,11,0.7857,2,False,bank_decline,0.5357,0
txn_005494,cust_002967,1159.17,card,723,10,6,0.6,1,False,bank_decline,0.56,0
txn_005495,cust_000913,872.13,upi,212,11,9,0.8182,2,False,gateway_error,0.6155,0
txn_005496,cust_000331,1213.14,wallet,1359,21,15,0.7143,4,False,expired_card,0.1243,0
txn_005497,cust_000455,1541.49,wallet,1409,18,11,0.6111,1,False,gateway_error,0.6333,0
txn_005498,cust_003067,1306.36,card,603,2,2,1.0,1,False,gateway_error,0.75,0
txn_005499,cust_002844,1121.98,netbanking,932,12,9,0.75,2,False,insufficient_balance,0.465,0
txn_005500,cust_001994,699.42,wallet,116,1,1,1.0,1,False,authentication_failed,0.5,0
txn_005501,cust_000908,835.6,netbanking,135,23,17,0.7391,4,False,network_error,0.4617,0
txn_005502,cust_001501,541.41,netbanking,1441,5,4,0.8,1,False,authentication_failed,0.44,0
txn_005503,cust_002360,743.47,upi,516,10,8,0.8,2,False,bank_decline,0.54,0
txn_005504,cust_001260,613.4,upi,53,19,13,0.6842,2,False,bank_decline,0.5053,1
txn_005505,cust_003146,641.24,card,366,12,9,0.75,3,False,bank_decline,0.445,0
txn_005506,cust_000953,1330.64,card,1182,16,12,0.75,1,False,network_error,0.705,1
txn_005507,cust_001851,578.12,wallet,115,17,11,0.6471,2,False,network_error,0.5941,1
txn_005508,cust_003086,1115.81,wallet,739,0,0,0.0,2,True,bank_decline,0.25,0
txn_005509,cust_002483,1159.96,wallet,32,1,0,0.0,2,False,bank_decline,0.3,1
txn_005510,cust_002318,5663.88,upi,1496,2,1,0.5,1,False,insufficient_balance,0.47,1
txn_005511,cust_001034,816.78,upi,538,12,7,0.5833,2,False,bank_decline,0.475,1
txn_005512,cust_000119,184.65,netbanking,301,23,16,0.6957,2,False,gateway_error,0.5787,1
txn_005513,cust_000269,256.82,card,1047,1,1,1.0,3,False,insufficient_balance,0.46,0
txn_005514,cust_002177,697.64,netbanking,663,15,11,0.7333,2,False,bank_decline,0.52,1
txn_005515,cust_002252,785.83,netbanking,1095,12,9,0.75,3,False,authentication_failed,0.265,0
txn_005516,cust_003030,2735.11,wallet,460,25,16,0.64,1,False,bank_decline,0.572,1
txn_005517,cust_002748,731.72,wallet,728,17,14,0.8235,4,False,bank_decline,0.3871,1
txn_005518,cust_002004,1142.57,card,565,2,2,1.0,1,False,authentication_failed,0.5,1
txn_005519,cust_002195,331.31,upi,183,6,3,0.5,3,False,gateway_error,0.44,0
txn_005520,cust_001334,477.86,upi,867,18,12,0.6667,4,False,gateway_error,0.41,0
txn_005521,cust_000339,5776.64,netbanking,1413,8,7,0.875,2,False,authentication_failed,0.3825,0
txn_005522,cust_002511,1053.92,upi,684,18,15,0.8333,1,False,gateway_error,0.7,1
txn_005523,cust_002397,3289.8,upi,298,4,2,0.5,3,False,bank_decline,0.37,1
txn_005524,cust_000023,1279.86,wallet,99,10,8,0.8,2,False,bank_decline,0.54,0
txn_005525,cust_002893,1048.1,netbanking,591,21,17,0.8095,3,False,network_error,0.5629,0
txn_005526,cust_002003,648.28,wallet,1418,15,10,0.6667,4,False,insufficient_balance,0.28,0
txn_005527,cust_000897,567.8,netbanking,1439,11,9,0.8182,3,False,insufficient_balance,0.4055,0
txn_005528,cust_001244,1109.49,upi,1062,25,16,0.64,1,False,expired_card,0.342,1
txn_005529,cust_001222,615.61,upi,17,7,5,0.7143,3,False,gateway_error,0.5043,1
txn_005530,cust_000351,3642.96,card,171,10,8,0.8,3,False,gateway_error,0.53,0
txn_005531,cust_001967,586.73,upi,1347,8,6,0.75,4,False,bank_decline,0.365,0
txn_005532,cust_001430,795.38,netbanking,395,26,21,0.8077,3,False,network_error,0.5623,0
txn_005533,cust_001563,695.82,wallet,553,4,1,0.25,3,False,network_error,0.395,0
txn_005534,cust_002148,745.45,wallet,1465,4,4,1.0,2,False,network_error,0.7,1
txn_005535,cust_003276,2062.17,card,1409,12,9,0.75,3,False,bank_decline,0.445,1
txn_005536,cust_000305,981.39,wallet,1174,8,5,0.625,2,False,insufficient_balance,0.4275,1
txn_005537,cust_003152,806.58,wallet,1102,10,8,0.8,2,False,gateway_error,0.61,1
txn_005538,cust_000651,378.9,card,425,25,20,0.8,4,False,expired_card,0.15,1
txn_005539,cust_000780,395.36,wallet,1052,22,17,0.7727,3,False,expired_card,0.2218,0
txn_005540,cust_000388,817.83,netbanking,278,29,22,0.7586,4,False,bank_decline,0.3676,1
txn_005541,cust_001030,2046.42,netbanking,1167,4,3,0.75,1,False,gateway_error,0.675,1
txn_005542,cust_000126,1647.78,netbanking,941,2,2,1.0,1,False,authentication_failed,0.5,1
txn_005543,cust_002426,681.68,wallet,1037,9,5,0.5556,3,False,bank_decline,0.3867,0
txn_005544,cust_002714,576.3,netbanking,407,19,16,0.8421,4,False,authentication_failed,0.2126,0
txn_005545,cust_000087,1111.96,wallet,814,17,15,0.8824,4,False,bank_decline,0.4047,1
txn_005546,cust_003151,2226.28,card,1320,8,5,0.625,3,False,expired_card,0.1775,0
txn_005547,cust_000626,170.34,card,1157,18,15,0.8333,4,False,authentication_failed,0.21,1
txn_005548,cust_001498,1240.13,card,1428,21,19,0.9048,2,False,authentication_failed,0.3914,1
txn_005549,cust_002273,2112.17,netbanking,1302,14,9,0.6429,4,False,expired_card,0.1029,0
txn_005550,cust_000699,2302.31,card,637,27,22,0.8148,4,False,expired_card,0.1544,0
txn_005551,cust_000314,857.16,netbanking,1294,14,8,0.5714,3,False,insufficient_balance,0.3314,0
txn_005552,cust_000853,3632.19,card,600,5,5,1.0,4,False,network_error,0.54,1
txn_005553,cust_003068,428.03,netbanking,677,29,25,0.8621,1,False,gateway_error,0.7086,1
txn_005554,cust_001373,545.87,wallet,507,13,12,0.9231,2,False,gateway_error,0.6469,0
txn_005555,cust_000497,942.43,wallet,430,19,14,0.7368,3,False,network_error,0.5411,1
txn_005556,cust_001901,1429.11,upi,369,15,14,0.9333,1,False,network_error,0.76,1
txn_005557,cust_001665,1926.76,card,933,6,6,1.0,2,False,insufficient_balance,0.54,1
txn_005558,cust_000938,760.95,upi,976,11,9,0.8182,4,False,insufficient_balance,0.3255,1
txn_005559,cust_001911,2176.8,card,833,13,11,0.8462,3,False,gateway_error,0.5438,0
txn_005560,cust_000565,628.15,upi,666,9,5,0.5556,1,False,gateway_error,0.6167,0
txn_005561,cust_000168,457.91,card,1315,20,14,0.7,1,False,insufficient_balance,0.53,1
txn_005562,cust_001280,2311.9,upi,311,18,15,0.8333,1,False,bank_decline,0.63,0
txn_005563,cust_000754,3226.76,netbanking,635,18,9,0.5,4,False,network_error,0.39,1
txn_005564,cust_001091,340.49,netbanking,534,1,0,0.0,1,False,insufficient_balance,0.32,0
txn_005565,cust_000079,1025.72,upi,1198,13,9,0.6923,1,False,gateway_error,0.6577,0
txn_005566,cust_001795,1930.71,card,888,25,21,0.84,1,False,authentication_failed,0.452,0
txn_005567,cust_000114,513.91,netbanking,416,23,19,0.8261,3,False,insufficient_balance,0.4078,0
txn_005568,cust_000915,988.98,card,500,29,22,0.7586,2,False,insufficient_balance,0.4676,0
txn_005569,cust_002841,344.15,upi,1293,11,9,0.8182,3,False,insufficient_balance,0.4055,0
txn_005570,cust_001822,829.94,upi,918,8,6,0.75,4,False,gateway_error,0.435,1
txn_005571,cust_000603,1341.21,upi,803,14,10,0.7143,3,False,gateway_error,0.5043,0
txn_005572,cust_002762,1376.4,card,1075,28,21,0.75,1,False,gateway_error,0.675,1
txn_005573,cust_001000,515.07,netbanking,566,6,4,0.6667,1,False,gateway_error,0.65,1
txn_005574,cust_001186,297.33,card,1134,22,16,0.7273,3,False,insufficient_balance,0.3782,0
txn_005575,cust_002748,480.25,card,1269,6,5,0.8333,1,False,gateway_error,0.7,1
txn_005576,cust_002961,284.89,wallet,1178,13,9,0.6923,4,False,authentication_failed,0.1677,0
txn_005577,cust_002362,911.83,card,1262,13,11,0.8462,3,False,network_error,0.5738,1
txn_005578,cust_002938,653.32,card,960,16,13,0.8125,4,False,gateway_error,0.4538,0
txn_005579,cust_000412,341.19,upi,1443,17,11,0.6471,1,False,insufficient_balance,0.5141,1
txn_005580,cust_000427,668.19,card,31,23,15,0.6522,4,False,gateway_error,0.4057,0
txn_005581,cust_002053,871.42,wallet,1097,2,2,1.0,1,False,network_error,0.78,0
txn_005582,cust_003051,1584.17,card,378,17,12,0.7059,2,False,network_error,0.6118,0
txn_005583,cust_000588,631.28,netbanking,306,8,7,0.875,3,False,authentication_failed,0.3025,1
txn_005584,cust_002552,4193.7,upi,484,27,21,0.7778,2,False,gateway_error,0.6033,1
txn_005585,cust_000985,280.39,netbanking,380,15,13,0.8667,4,False,expired_card,0.17,0
txn_005586,cust_000725,221.99,upi,144,2,1,0.5,4,False,network_error,0.39,0
txn_005587,cust_002160,483.92,upi,913,25,18,0.72,3,False,authentication_failed,0.256,0
txn_005588,cust_000941,1694.07,upi,207,28,22,0.7857,4,False,bank_decline,0.3757,0
txn_005589,cust_000201,925.81,card,287,8,4,0.5,4,False,gateway_error,0.36,0
txn_005590,cust_000756,1575.69,upi,93,11,8,0.7273,2,False,network_error,0.6182,1
txn_005591,cust_001347,2490.54,card,137,26,20,0.7692,4,False,authentication_failed,0.1908,0
txn_005592,cust_001311,1140.54,card,434,24,12,0.5,1,False,bank_decline,0.53,1
txn_005593,cust_001966,973.33,upi,205,21,11,0.5238,2,False,network_error,0.5571,1
txn_005594,cust_001536,1381.48,wallet,144,15,13,0.8667,1,False,bank_decline,0.64,0
txn_005595,cust_000215,5413.31,card,478,15,10,0.6667,4,False,network_error,0.44,0
txn_005596,cust_001027,441.08,card,635,27,20,0.7407,2,False,expired_card,0.2922,1
txn_005597,cust_002170,1728.5,netbanking,1096,6,6,1.0,1,False,insufficient_balance,0.62,1
txn_005598,cust_000167,463.83,upi,763,17,12,0.7059,2,False,insufficient_balance,0.4518,0
txn_005599,cust_000909,1674.08,upi,334,0,0,0.0,4,True,insufficient_balance,0.03,0
txn_005600,cust_002525,1219.67,card,463,6,4,0.6667,4,False,authentication_failed,0.16,1
txn_005601,cust_001311,502.49,wallet,1263,11,10,0.9091,4,False,insufficient_balance,0.3527,0
txn_005602,cust_002561,773.69,wallet,1082,20,17,0.85,4,False,gateway_error,0.465,1
txn_005603,cust_003274,3518.01,wallet,250,29,19,0.6552,2,False,bank_decline,0.4966,0
txn_005604,cust_002252,1365.52,card,1125,17,17,1.0,3,False,insufficient_balance,0.46,0
txn_005605,cust_000654,2717.31,card,625,29,19,0.6552,1,False,insufficient_balance,0.5166,1
txn_005606,cust_002375,343.15,wallet,1214,18,15,0.8333,1,False,authentication_failed,0.45,0
txn_005607,cust_002441,2334.17,netbanking,341,13,8,0.6154,1,False,gateway_error,0.6346,0
txn_005608,cust_000088,3364.02,netbanking,513,17,12,0.7059,4,False,insufficient_balance,0.2918,1
txn_005609,cust_002116,420.97,card,1124,7,5,0.7143,2,False,gateway_error,0.5843,0
txn_005610,cust_002224,745.95,wallet,492,11,7,0.6364,3,False,gateway_error,0.4809,0
txn_005611,cust_000142,457.6,netbanking,1256,28,24,0.8571,3,False,authentication_failed,0.2971,0
txn_005612,cust_001195,2966.16,netbanking,490,18,11,0.6111,2,False,bank_decline,0.4833,1
txn_005613,cust_000297,944.71,wallet,1250,4,3,0.75,3,False,network_error,0.545,0
txn_005614,cust_001317,616.3,card,276,18,13,0.7222,2,False,bank_decline,0.5167,0
txn_005615,cust_002838,1247.9,card,85,28,23,0.8214,2,False,network_error,0.6464,0
txn_005616,cust_003107,1074.99,card,1471,22,19,0.8636,1,False,authentication_failed,0.4591,1
txn_005617,cust_000682,1644.7,netbanking,601,24,19,0.7917,2,False,authentication_failed,0.3575,0
txn_005618,cust_003042,792.86,netbanking,663,28,23,0.8214,1,False,bank_decline,0.6264,0
txn_005619,cust_000760,953.53,upi,399,16,14,0.875,2,False,gateway_error,0.6325,1
txn_005620,cust_003316,772.47,upi,1046,19,14,0.7368,4,False,bank_decline,0.3611,1
txn_005621,cust_000734,1096.78,wallet,277,28,20,0.7143,1,False,insufficient_balance,0.5343,0
txn_005622,cust_002509,991.58,netbanking,738,16,14,0.875,1,False,insufficient_balance,0.5825,0
txn_005623,cust_002330,1304.64,upi,1045,8,6,0.75,2,False,network_error,0.625,0
txn_005624,cust_003087,900.48,netbanking,1074,1,0,0.0,3,False,bank_decline,0.22,1
txn_005625,cust_002348,2553.78,card,97,13,10,0.7692,1,False,authentication_failed,0.4308,1
txn_005626,cust_003099,2015.37,wallet,836,4,4,1.0,4,False,gateway_error,0.51,1
txn_005627,cust_001762,492.15,netbanking,111,28,24,0.8571,1,False,gateway_error,0.7071,1
txn_005628,cust_000784,1468.71,netbanking,47,27,15,0.5556,4,False,authentication_failed,0.1267,0
txn_005629,cust_000958,447.23,upi,726,21,17,0.8095,1,False,authentication_failed,0.4429,0
txn_005630,cust_001745,1521.48,card,616,25,19,0.76,1,False,network_error,0.708,1
txn_005631,cust_000232,326.21,netbanking,651,10,3,0.3,2,False,bank_decline,0.39,1
txn_005632,cust_001785,498.67,upi,1048,13,11,0.8462,1,False,insufficient_balance,0.5738,1
txn_005633,cust_000464,632.07,upi,796,26,23,0.8846,3,False,authentication_failed,0.3054,0
txn_005634,cust_001033,623.48,upi,152,16,11,0.6875,3,False,gateway_error,0.4962,1
txn_005635,cust_002167,1912.76,card,69,15,11,0.7333,3,False,authentication_failed,0.26,1
txn_005636,cust_001407,2509.13,netbanking,45,22,18,0.8182,3,False,insufficient_balance,0.4055,1
txn_005637,cust_002595,620.39,netbanking,1496,2,2,1.0,3,False,insufficient_balance,0.46,0
txn_005638,cust_003177,1173.52,upi,1362,18,14,0.7778,3,False,bank_decline,0.4533,0
txn_005639,cust_001969,611.59,card,183,9,6,0.6667,1,False,bank_decline,0.58,0
txn_005640,cust_000024,286.43,upi,23,19,16,0.8421,2,False,network_error,0.6526,1
txn_005641,cust_000047,1429.76,wallet,687,12,7,0.5833,3,False,insufficient_balance,0.335,0
txn_005642,cust_000305,5025.34,card,258,11,8,0.7273,3,False,bank_decline,0.4382,1
txn_005643,cust_002793,839.21,wallet,578,1,1,1.0,2,False,authentication_failed,0.42,1
txn_005644,cust_002666,4512.01,card,63,16,12,0.75,4,False,bank_decline,0.365,0
txn_005645,cust_003020,2543.84,card,1272,25,21,0.84,3,False,gateway_error,0.542,1
txn_005646,cust_000212,1869.42,wallet,430,14,10,0.7143,1,False,authentication_failed,0.4143,1
txn_005647,cust_003034,1429.75,card,436,8,3,0.375,4,False,network_error,0.3525,0
txn_005648,cust_002325,737.3,card,1398,29,20,0.6897,2,False,insufficient_balance,0.4469,0
txn_005649,cust_000010,3717.32,netbanking,1481,14,12,0.8571,3,False,gateway_error,0.5471,1
txn_005650,cust_003139,2032.59,card,214,17,11,0.6471,2,False,gateway_error,0.5641,0
txn_005651,cust_002798,572.82,wallet,225,18,17,0.9444,1,False,expired_card,0.4333,0
txn_005652,cust_001123,2901.38,wallet,1474,16,11,0.6875,1,False,expired_card,0.3562,0
txn_005653,cust_001326,524.25,netbanking,66,24,15,0.625,2,False,authentication_failed,0.3075,0
txn_005654,cust_001185,3478.31,wallet,9,9,6,0.6667,3,False,network_error,0.52,0
txn_005655,cust_001563,1898.49,netbanking,484,12,7,0.5833,1,False,network_error,0.655,0
txn_005656,cust_002466,2051.73,netbanking,1167,10,8,0.8,3,False,network_error,0.56,0
txn_005657,cust_003138,1113.2,upi,411,26,20,0.7692,4,False,authentication_failed,0.1908,0
txn_005658,cust_002216,4286.33,card,1392,10,6,0.6,1,False,authentication_failed,0.38,0
txn_005659,cust_002647,915.53,netbanking,1417,16,12,0.75,2,False,gateway_error,0.595,1
txn_005660,cust_001268,3796.03,upi,1323,14,8,0.5714,4,False,network_error,0.4114,0
txn_005661,cust_002716,3094.04,netbanking,1376,24,14,0.5833,3,False,insufficient_balance,0.335,0
txn_005662,cust_000785,1150.63,netbanking,1004,12,10,0.8333,2,False,gateway_error,0.62,0
txn_005663,cust_002655,964.06,netbanking,207,24,16,0.6667,2,False,authentication_failed,0.32,0
txn_005664,cust_002026,1767.75,netbanking,1439,8,7,0.875,2,False,gateway_error,0.6325,0
txn_005665,cust_001403,1310.24,wallet,1344,23,16,0.6957,1,False,gateway_error,0.6587,1
txn_005666,cust_001245,857.53,netbanking,701,24,20,0.8333,2,False,authentication_failed,0.37,0
txn_005667,cust_000945,2369.29,netbanking,338,16,8,0.5,4,False,authentication_failed,0.11,1
txn_005668,cust_000553,1015.41,netbanking,688,12,10,0.8333,2,False,bank_decline,0.55,0
txn_005669,cust_002122,582.43,wallet,777,2,1,0.5,3,False,authentication_failed,0.19,0
txn_005670,cust_001367,812.62,card,1452,17,13,0.7647,1,False,network_error,0.7094,1
txn_005671,cust_001414,755.32,upi,993,15,11,0.7333,3,False,bank_decline,0.44,0
txn_005672,cust_002596,2384.84,upi,1204,13,10,0.7692,2,False,bank_decline,0.5308,1
txn_005673,cust_002052,393.9,netbanking,1492,21,15,0.7143,4,False,network_error,0.4543,1
txn_005674,cust_000858,673.21,wallet,16,8,5,0.625,3,False,gateway_error,0.4775,0
txn_005675,cust_000255,287.61,upi,1011,25,18,0.72,2,False,gateway_error,0.586,0
txn_005676,cust_000906,1784.12,wallet,1266,20,12,0.6,3,False,gateway_error,0.47,0
txn_005677,cust_001502,702.31,wallet,886,11,7,0.6364,3,False,bank_decline,0.4109,0
txn_005678,cust_001378,871.67,netbanking,1227,29,22,0.7586,4,False,gateway_error,0.4376,1
txn_005679,cust_001671,691.28,wallet,419,19,12,0.6316,4,False,authentication_failed,0.1495,0
txn_005680,cust_000435,1909.61,upi,668,16,13,0.8125,4,False,gateway_error,0.4538,0
txn_005681,cust_003167,1170.88,card,1484,12,8,0.6667,2,False,bank_decline,0.5,0
txn_005682,cust_000603,483.54,card,951,21,17,0.8095,3,False,gateway_error,0.5329,1
txn_005683,cust_002623,781.25,upi,1009,10,7,0.7,1,False,network_error,0.69,1
txn_005684,cust_002299,1223.85,upi,1360,29,24,0.8276,1,False,authentication_failed,0.4483,0
txn_005685,cust_000753,3792.54,wallet,277,24,17,0.7083,3,False,expired_card,0.2025,1
txn_005686,cust_000424,5783.92,wallet,1281,15,11,0.7333,2,False,gateway_error,0.59,0
txn_005687,cust_000754,654.99,upi,77,4,2,0.5,4,False,bank_decline,0.29,1
txn_005688,cust_001685,714.57,netbanking,1144,10,8,0.8,1,False,bank_decline,0.62,1
txn_005689,cust_002733,2467.5,netbanking,10,23,20,0.8696,4,False,bank_decline,0.4009,0
txn_005690,cust_002323,828.4,wallet,888,4,3,0.75,4,False,expired_card,0.135,1
txn_005691,cust_000124,1233.79,card,414,25,20,0.8,3,False,network_error,0.56,0
txn_005692,cust_002963,509.15,wallet,331,20,17,0.85,4,False,bank_decline,0.395,1
txn_005693,cust_002155,508.58,wallet,1027,10,8,0.8,1,False,bank_decline,0.62,1
txn_005694,cust_001398,1364.03,netbanking,148,13,8,0.6154,3,False,network_error,0.5046,0
txn_005695,cust_001456,396.4,wallet,1165,18,12,0.6667,1,False,network_error,0.68,0
txn_005696,cust_001643,221.86,netbanking,985,5,4,0.8,3,False,gateway_error,0.53,0
txn_005697,cust_001077,507.3,upi,1301,19,11,0.5789,4,False,insufficient_balance,0.2537,1
txn_005698,cust_000283,291.0,wallet,796,13,10,0.7692,2,False,bank_decline,0.5308,1
txn_005699,cust_002754,625.42,card,775,2,2,1.0,3,False,bank_decline,0.52,1
txn_005700,cust_001814,1316.24,card,116,12,10,0.8333,4,False,authentication_failed,0.21,1
txn_005701,cust_002221,154.39,card,207,17,13,0.7647,2,False,network_error,0.6294,0
txn_005702,cust_001596,759.6,wallet,430,4,3,0.75,2,False,authentication_failed,0.345,0
txn_005703,cust_002094,697.92,upi,1052,18,11,0.6111,3,False,expired_card,0.1733,0
txn_005704,cust_000394,1278.03,card,763,6,5,0.8333,4,False,authentication_failed,0.21,0
txn_005705,cust_001480,1654.33,netbanking,655,21,17,0.8095,4,False,gateway_error,0.4529,0
txn_005706,cust_002311,1328.6,wallet,1032,24,19,0.7917,3,False,bank_decline,0.4575,1
txn_005707,cust_002004,580.67,netbanking,823,13,11,0.8462,1,False,network_error,0.7338,0
txn_005708,cust_002238,3877.13,wallet,841,1,1,1.0,4,False,network_error,0.54,0
txn_005709,cust_001326,370.82,upi,144,21,17,0.8095,2,False,authentication_failed,0.3629,0
txn_005710,cust_001145,886.72,wallet,1202,28,23,0.8214,2,False,bank_decline,0.5464,1
txn_005711,cust_003208,799.55,wallet,326,24,16,0.6667,3,False,expired_card,0.19,0
txn_005712,cust_003293,3582.96,netbanking,1140,0,0,0.0,1,True,insufficient_balance,0.27,0
txn_005713,cust_002312,628.15,netbanking,13,29,22,0.7586,1,False,expired_card,0.3776,0
txn_005714,cust_000993,1286.32,card,779,18,14,0.7778,2,False,insufficient_balance,0.4733,0
txn_005715,cust_002629,2939.71,card,93,13,10,0.7692,1,False,insufficient_balance,0.5508,0
txn_005716,cust_003271,642.91,wallet,787,5,5,1.0,2,False,network_error,0.7,0
txn_005717,cust_001910,511.08,wallet,1492,3,3,1.0,4,False,network_error,0.54,0
txn_005718,cust_002308,1374.99,netbanking,961,27,20,0.7407,1,False,authentication_failed,0.4222,1
txn_005719,cust_000384,6212.04,card,950,19,12,0.6316,4,False,bank_decline,0.3295,0
txn_005720,cust_002010,1661.2,card,1294,27,16,0.5926,4,False,authentication_failed,0.1378,0
txn_005721,cust_003104,232.19,upi,369,11,7,0.6364,1,False,bank_decline,0.5709,0
txn_005722,cust_000715,2137.68,upi,1365,4,4,1.0,4,False,authentication_failed,0.26,0
txn_005723,cust_001179,665.37,upi,1264,13,9,0.6923,4,False,authentication_failed,0.1677,0
txn_005724,cust_001441,1029.61,card,53,8,5,0.625,4,False,gateway_error,0.3975,1
txn_005725,cust_000950,1146.12,upi,232,4,3,0.75,4,False,authentication_failed,0.185,0
txn_005726,cust_000937,1845.67,card,180,24,17,0.7083,4,False,expired_card,0.1225,0
txn_005727,cust_000344,1817.76,netbanking,176,19,12,0.6316,4,False,insufficient_balance,0.2695,0
txn_005728,cust_000322,3549.18,upi,524,19,17,0.8947,3,False,authentication_failed,0.3084,0
txn_005729,cust_001735,1966.37,upi,35,24,23,0.9583,1,False,gateway_error,0.7375,1
txn_005730,cust_003131,1982.43,netbanking,905,29,22,0.7586,2,False,authentication_failed,0.3476,0
txn_005731,cust_001596,2980.54,netbanking,1318,8,6,0.75,2,False,authentication_failed,0.345,0
txn_005732,cust_000505,1688.63,netbanking,1163,27,21,0.7778,1,False,authentication_failed,0.4333,0
txn_005733,cust_000202,1501.68,upi,499,15,10,0.6667,3,False,insufficient_balance,0.36,1
txn_005734,cust_002977,3321.71,netbanking,455,26,18,0.6923,4,False,insufficient_balance,0.2877,1
txn_005735,cust_002316,167.72,wallet,285,22,17,0.7727,2,False,network_error,0.6318,1
txn_005736,cust_002315,347.63,upi,123,20,16,0.8,2,False,expired_card,0.31,0
txn_005737,cust_000813,712.25,netbanking,1431,8,7,0.875,1,False,expired_card,0.4125,0
txn_005738,cust_000682,825.7,card,879,25,16,0.64,2,False,network_error,0.592,1
txn_005739,cust_002151,3539.11,wallet,341,9,5,0.5556,1,False,network_error,0.6467,1
txn_005740,cust_001069,2638.96,upi,1369,28,20,0.7143,2,False,bank_decline,0.5143,0
txn_005741,cust_002280,2241.2,netbanking,1450,12,10,0.8333,1,False,insufficient_balance,0.57,1
txn_005742,cust_001331,877.63,netbanking,109,26,21,0.8077,1,False,network_error,0.7223,0
txn_005743,cust_000464,411.07,netbanking,1289,0,0,0.0,3,True,bank_decline,0.17,0
txn_005744,cust_002222,769.27,wallet,300,5,5,1.0,2,False,network_error,0.7,1
txn_005745,cust_000488,2379.83,upi,993,3,3,1.0,2,False,authentication_failed,0.42,1
txn_005746,cust_000383,1013.98,card,897,8,7,0.875,4,False,bank_decline,0.4025,0
txn_005747,cust_000823,1690.62,upi,273,20,16,0.8,3,False,gateway_error,0.53,1
txn_005748,cust_001131,682.67,card,460,4,4,1.0,4,False,authentication_failed,0.26,1
txn_005749,cust_003318,1383.95,netbanking,1287,29,24,0.8276,2,False,network_error,0.6483,1
txn_005750,cust_002809,4841.83,wallet,115,3,2,0.6667,3,False,expired_card,0.19,0
txn_005751,cust_002894,941.57,wallet,1453,29,18,0.6207,2,False,authentication_failed,0.3062,0
txn_005752,cust_003138,2247.11,card,1001,25,17,0.68,4,False,expired_card,0.114,0
txn_005753,cust_000168,1198.27,card,1231,21,15,0.7143,3,False,authentication_failed,0.2543,0
txn_005754,cust_000685,606.67,card,839,16,10,0.625,4,False,network_error,0.4275,1
txn_005755,cust_000672,1560.61,upi,1145,9,7,0.7778,3,False,insufficient_balance,0.3933,0
txn_005756,cust_001681,919.11,wallet,845,15,10,0.6667,3,False,authentication_failed,0.24,0
txn_005757,cust_001528,2208.72,card,766,5,3,0.6,3,False,insufficient_balance,0.34,1
txn_005758,cust_001059,217.09,netbanking,152,7,3,0.4286,3,False,bank_decline,0.3486,1
txn_005759,cust_000734,2725.99,card,175,0,0,0.0,2,True,bank_decline,0.25,0
txn_005760,cust_001390,2271.26,upi,70,29,16,0.5517,2,False,insufficient_balance,0.4055,0
txn_005761,cust_002021,659.84,wallet,1167,7,6,0.8571,3,False,insufficient_balance,0.4171,0
txn_005762,cust_000985,590.13,netbanking,1468,21,16,0.7619,3,False,authentication_failed,0.2686,1
txn_005763,cust_003050,3705.36,wallet,155,13,9,0.6923,4,False,bank_decline,0.3477,0
txn_005764,cust_001953,695.52,netbanking,49,10,8,0.8,3,False,insufficient_balance,0.4,0
txn_005765,cust_000450,9416.32,netbanking,1312,3,3,1.0,4,False,insufficient_balance,0.38,1
txn_005766,cust_001054,685.93,wallet,1237,23,15,0.6522,3,False,expired_card,0.1857,0
txn_005767,cust_001628,1531.33,upi,1340,6,6,1.0,2,False,authentication_failed,0.42,0
txn_005768,cust_001548,355.15,netbanking,535,20,16,0.8,1,False,bank_decline,0.62,1
txn_005769,cust_002598,4169.61,wallet,147,20,14,0.7,1,False,insufficient_balance,0.53,1
txn_005770,cust_000588,2739.01,netbanking,302,3,2,0.6667,1,False,gateway_error,0.65,0
txn_005771,cust_002544,787.55,upi,1137,2,0,0.0,3,False,authentication_failed,0.04,0
txn_005772,cust_002759,1268.48,netbanking,431,22,17,0.7727,3,False,insufficient_balance,0.3918,0
txn_005773,cust_001539,605.59,netbanking,57,20,12,0.6,1,False,expired_card,0.33,0
txn_005774,cust_001475,4014.01,wallet,11,7,7,1.0,4,False,network_error,0.54,1
txn_005775,cust_001232,448.78,card,586,9,7,0.7778,1,False,network_error,0.7133,1
txn_005776,cust_001919,1353.18,card,1204,23,17,0.7391,4,False,gateway_error,0.4317,0
txn_005777,cust_002666,3505.82,wallet,1275,0,0,0.0,3,True,network_error,0.27,0
txn_005778,cust_000217,1140.03,upi,119,5,4,0.8,2,False,authentication_failed,0.36,1
txn_005779,cust_001873,791.27,wallet,1329,14,14,1.0,1,False,network_error,0.78,1
txn_005780,cust_002632,1540.09,card,1136,7,6,0.8571,4,False,insufficient_balance,0.3371,0
txn_005781,cust_002289,1431.18,netbanking,1425,2,2,1.0,4,False,expired_card,0.21,0
txn_005782,cust_001339,2406.5,card,337,16,13,0.8125,2,False,authentication_failed,0.3637,0
txn_005783,cust_001559,825.33,wallet,863,21,16,0.7619,3,False,insufficient_balance,0.3886,0
txn_005784,cust_000914,969.65,card,189,8,7,0.875,4,False,expired_card,0.1725,0
txn_005785,cust_002963,285.52,wallet,515,19,14,0.7368,3,False,gateway_error,0.5111,1
txn_005786,cust_000704,335.05,upi,1055,13,8,0.6154,3,False,gateway_error,0.4746,1
txn_005787,cust_001941,1970.04,card,1037,12,9,0.75,4,False,authentication_failed,0.185,1
txn_005788,cust_001028,1207.26,upi,1124,3,2,0.6667,2,False,insufficient_balance,0.44,0
txn_005789,cust_001252,578.06,card,937,22,19,0.8636,4,False,insufficient_balance,0.3391,1
txn_005790,cust_000496,3008.37,netbanking,197,27,21,0.7778,4,False,bank_decline,0.3733,1
txn_005791,cust_000295,969.37,netbanking,1351,28,19,0.6786,1,False,network_error,0.6836,0
txn_005792,cust_000691,278.39,wallet,982,12,10,0.8333,3,False,bank_decline,0.47,0
txn_005793,cust_003018,4632.73,netbanking,909,20,16,0.8,2,False,authentication_failed,0.36,1
txn_005794,cust_003135,6946.35,card,481,25,19,0.76,1,False,network_error,0.708,1
txn_005795,cust_001974,501.17,netbanking,1311,15,13,0.8667,1,False,bank_decline,0.64,1
txn_005796,cust_002722,901.59,card,1200,10,5,0.5,1,False,expired_card,0.3,0
txn_005797,cust_000993,1340.9,card,126,27,17,0.6296,2,False,bank_decline,0.4889,1
txn_005798,cust_000190,1735.09,wallet,595,27,17,0.6296,3,False,authentication_failed,0.2289,1
txn_005799,cust_001353,1497.46,wallet,1346,27,17,0.6296,1,False,gateway_error,0.6389,0
txn_005800,cust_000067,1114.5,upi,868,12,10,0.8333,3,False,bank_decline,0.47,0
txn_005801,cust_001708,803.87,netbanking,452,14,12,0.8571,3,False,insufficient_balance,0.4171,1
txn_005802,cust_000424,320.83,card,1493,3,2,0.6667,3,False,insufficient_balance,0.36,0
txn_005803,cust_002500,884.9,wallet,575,27,18,0.6667,4,False,authentication_failed,0.16,0
txn_005804,cust_003172,960.03,card,357,16,8,0.5,4,False,bank_decline,0.29,0
txn_005805,cust_002345,1056.99,upi,1023,22,17,0.7727,4,False,insufficient_balance,0.3118,0
txn_005806,cust_000731,409.18,card,1111,24,15,0.625,4,False,authentication_failed,0.1475,1
txn_005807,cust_000258,4000.79,card,723,8,5,0.625,3,False,network_error,0.5075,0
txn_005808,cust_000100,1925.17,upi,164,21,14,0.6667,1,False,insufficient_balance,0.52,1
txn_005809,cust_000259,3467.34,wallet,1127,28,27,0.9643,3,False,authentication_failed,0.3293,0
txn_005810,cust_000290,1617.9,netbanking,1237,0,0,0.0,3,True,network_error,0.27,0
txn_005811,cust_000848,379.18,netbanking,23,24,18,0.75,3,False,expired_card,0.215,0
txn_005812,cust_000043,1028.39,netbanking,1198,18,14,0.7778,2,False,bank_decline,0.5333,0
txn_005813,cust_002049,333.96,card,867,25,22,0.88,3,False,insufficient_balance,0.424,0
txn_005814,cust_001005,794.21,card,284,2,1,0.5,2,False,gateway_error,0.52,0
txn_005815,cust_001152,917.09,upi,693,17,12,0.7059,4,False,bank_decline,0.3518,0
txn_005816,cust_000207,1560.88,upi,1151,24,14,0.5833,4,False,insufficient_balance,0.255,0
txn_005817,cust_003013,956.84,card,1301,14,13,0.9286,4,False,bank_decline,0.4186,0
txn_005818,cust_002239,3969.18,card,510,7,5,0.7143,3,False,expired_card,0.2043,1
txn_005819,cust_001851,903.32,netbanking,736,23,17,0.7391,2,False,expired_card,0.2917,1
txn_005820,cust_002367,2080.77,wallet,1435,18,11,0.6111,4,False,authentication_failed,0.1433,0
txn_005821,cust_000048,946.99,wallet,1255,21,14,0.6667,4,False,expired_card,0.11,0
txn_005822,cust_001832,5693.72,wallet,501,12,9,0.75,1,False,authentication_failed,0.425,0
txn_005823,cust_002830,767.38,upi,1241,17,11,0.6471,4,False,authentication_failed,0.1541,0
txn_005824,cust_001825,616.38,wallet,611,21,18,0.8571,2,False,insufficient_balance,0.4971,0
txn_005825,cust_002533,368.69,netbanking,24,19,11,0.5789,1,False,bank_decline,0.5537,0
txn_005826,cust_002452,4424.85,wallet,1440,0,0,0.0,2,True,gateway_error,0.32,0
txn_005827,cust_002367,5116.65,wallet,415,27,22,0.8148,4,False,insufficient_balance,0.3244,1
txn_005828,cust_002916,3030.25,wallet,420,7,6,0.8571,1,False,bank_decline,0.6371,0
txn_005829,cust_002210,291.84,upi,1157,10,6,0.6,3,False,bank_decline,0.4,0
txn_005830,cust_003083,1499.43,card,688,16,12,0.75,2,False,gateway_error,0.595,1
txn_005831,cust_002155,1914.98,upi,1069,7,7,1.0,4,False,authentication_failed,0.26,0
txn_005832,cust_002593,2246.38,upi,629,8,8,1.0,1,False,bank_decline,0.68,1
txn_005833,cust_002123,3140.41,wallet,935,5,1,0.2,3,False,insufficient_balance,0.22,1
txn_005834,cust_001703,1156.01,card,718,11,6,0.5455,4,False,network_error,0.4036,0
txn_005835,cust_001292,2436.95,card,1071,10,9,0.9,3,False,network_error,0.59,1
txn_005836,cust_000105,240.36,netbanking,898,15,14,0.9333,1,False,gateway_error,0.73,1
txn_005837,cust_001030,1136.15,netbanking,380,14,13,0.9286,3,False,expired_card,0.2686,1
txn_005838,cust_002810,994.23,upi,294,26,19,0.7308,2,False,authentication_failed,0.3392,0
txn_005839,cust_001756,1470.05,upi,675,7,6,0.8571,3,False,gateway_error,0.5471,0
txn_005840,cust_002744,1343.97,card,1323,5,3,0.6,2,False,bank_decline,0.48,1
txn_005841,cust_003071,1195.78,card,664,5,3,0.6,2,False,insufficient_balance,0.42,1
txn_005842,cust_003319,606.7,wallet,317,19,15,0.7895,2,False,bank_decline,0.5368,1
txn_005843,cust_001223,2518.88,card,1108,11,9,0.8182,1,False,network_error,0.7255,1
txn_005844,cust_000264,737.23,card,50,11,9,0.8182,4,False,gateway_error,0.4555,0
txn_005845,cust_003235,781.54,wallet,549,13,10,0.7692,1,False,authentication_failed,0.4308,1
txn_005846,cust_002833,1913.43,wallet,1052,3,3,1.0,4,False,network_error,0.54,0
txn_005847,cust_002741,407.57,card,477,20,15,0.75,2,False,bank_decline,0.525,1
txn_005848,cust_001204,726.46,wallet,85,1,0,0.0,4,False,expired_card,0.02,0
txn_005849,cust_000803,975.58,wallet,1446,14,11,0.7857,1,False,authentication_failed,0.4357,0
txn_005850,cust_001061,1296.47,card,764,8,7,0.875,1,False,bank_decline,0.6425,0
txn_005851,cust_001216,1532.92,netbanking,1470,15,14,0.9333,1,False,network_error,0.76,1
txn_005852,cust_001228,325.5,netbanking,1100,25,19,0.76,2,False,network_error,0.628,1
txn_005853,cust_002288,223.26,card,1497,1,1,1.0,3,False,insufficient_balance,0.46,1
txn_005854,cust_001243,3065.13,wallet,614,16,9,0.5625,3,False,gateway_error,0.4588,0
txn_005855,cust_003305,143.24,upi,1351,25,21,0.84,2,False,bank_decline,0.552,1
txn_005856,cust_003032,1154.0,card,779,15,13,0.8667,2,False,bank_decline,0.56,1
txn_005857,cust_001030,1038.98,wallet,1479,3,3,1.0,2,False,bank_decline,0.6,1
txn_005858,cust_000392,533.45,wallet,155,10,8,0.8,2,False,network_error,0.64,1
txn_005859,cust_000148,351.96,upi,288,20,15,0.75,1,False,expired_card,0.375,0
txn_005860,cust_003015,494.09,wallet,967,27,21,0.7778,2,False,authentication_failed,0.3533,0
txn_005861,cust_000603,637.48,upi,30,16,11,0.6875,3,False,gateway_error,0.4962,1
txn_005862,cust_002209,679.11,wallet,1269,28,21,0.75,4,False,network_error,0.465,0
txn_005863,cust_000910,543.49,upi,616,29,24,0.8276,4,False,network_error,0.4883,0
txn_005864,cust_001826,1625.22,wallet,360,7,5,0.7143,2,False,authentication_failed,0.3343,1
txn_005865,cust_000787,861.03,card,825,15,10,0.6667,1,False,bank_decline,0.58,0
txn_005866,cust_002583,8766.62,wallet,1253,26,14,0.5385,1,False,authentication_failed,0.3615,0
txn_005867,cust_001713,2962.23,card,1056,13,10,0.7692,2,False,bank_decline,0.5308,0
txn_005868,cust_000594,902.57,wallet,462,3,0,0.0,2,False,expired_card,0.07,0
txn_005869,cust_000546,860.27,card,163,23,17,0.7391,1,False,insufficient_balance,0.5417,0
txn_005870,cust_000523,2194.31,wallet,640,12,9,0.75,1,False,authentication_failed,0.425,0
txn_005871,cust_000487,562.87,card,978,9,7,0.7778,1,False,authentication_failed,0.4333,0
txn_005872,cust_001918,816.69,upi,444,5,2,0.4,4,False,expired_card,0.03,0
txn_005873,cust_000695,451.87,wallet,1080,2,2,1.0,1,False,insufficient_balance,0.62,0
txn_005874,cust_002835,383.18,wallet,1316,9,5,0.5556,2,False,network_error,0.5667,0
txn_005875,cust_002419,700.72,wallet,523,10,7,0.7,4,False,bank_decline,0.35,0
txn_005876,cust_001048,3022.96,upi,792,29,24,0.8276,4,False,gateway_error,0.4583,1
txn_005877,cust_002305,1116.33,wallet,951,23,18,0.7826,2,False,network_error,0.6348,0
txn_005878,cust_001086,486.97,wallet,655,17,12,0.7059,4,False,insufficient_balance,0.2918,0
txn_005879,cust_001001,801.56,upi,1357,10,10,1.0,1,False,gateway_error,0.75,0
txn_005880,cust_002182,1043.66,upi,278,25,20,0.8,3,False,expired_card,0.23,0
txn_005881,cust_001766,4244.49,wallet,1450,20,18,0.9,2,False,gateway_error,0.64,1
txn_005882,cust_000917,1803.05,card,50,20,17,0.85,3,False,gateway_error,0.545,0
txn_005883,cust_002355,1215.12,netbanking,202,25,19,0.76,2,False,insufficient_balance,0.468,0
txn_005884,cust_001012,2638.66,card,502,25,17,0.68,2,False,authentication_failed,0.324,0
txn_005885,cust_000248,969.61,wallet,1063,11,7,0.6364,4,False,bank_decline,0.3309,0
txn_005886,cust_003125,1152.27,upi,1209,11,7,0.6364,2,False,insufficient_balance,0.4309,0
txn_005887,cust_002847,241.81,wallet,849,10,8,0.8,3,False,bank_decline,0.46,1
txn_005888,cust_002237,517.52,netbanking,792,14,8,0.5714,2,False,bank_decline,0.4714,0
txn_005889,cust_001888,557.73,upi,1170,10,9,0.9,1,False,gateway_error,0.72,1
txn_005890,cust_000509,516.91,card,954,10,6,0.6,4,False,bank_decline,0.32,0
txn_005891,cust_001081,1611.5,wallet,116,10,6,0.6,1,False,network_error,0.66,1
txn_005892,cust_002137,931.71,netbanking,746,23,14,0.6087,2,False,gateway_error,0.5526,1
txn_005893,cust_001936,476.26,wallet,906,11,10,0.9091,1,False,bank_decline,0.6527,1
txn_005894,cust_001978,1787.47,wallet,539,18,16,0.8889,4,False,insufficient_balance,0.3467,1
txn_005895,cust_002153,2831.32,netbanking,347,28,20,0.7143,2,False,gateway_error,0.5843,0
txn_005896,cust_001901,1779.74,netbanking,1111,14,10,0.7143,4,False,network_error,0.4543,0
txn_005897,cust_000838,877.54,wallet,163,1,0,0.0,3,False,expired_card,0.02,0
txn_005898,cust_002638,600.94,netbanking,1437,15,12,0.8,4,False,insufficient_balance,0.32,0
txn_005899,cust_003295,1802.05,netbanking,101,13,11,0.8462,1,False,gateway_error,0.7038,1
txn_005900,cust_000280,2479.37,card,677,11,8,0.7273,2,False,gateway_error,0.5882,1
txn_005901,cust_002307,2151.95,upi,951,3,3,1.0,2,False,insufficient_balance,0.54,1
txn_005902,cust_002331,996.23,netbanking,1486,22,20,0.9091,1,False,bank_decline,0.6527,1
txn_005903,cust_002385,488.25,card,971,1,1,1.0,4,False,gateway_error,0.51,0
txn_005904,cust_002386,2772.53,wallet,1214,0,0,0.0,1,True,insufficient_balance,0.27,0
txn_005905,cust_000868,1042.91,netbanking,1165,4,2,0.5,1,False,authentication_failed,0.35,1
txn_005906,cust_001835,1037.44,netbanking,276,26,19,0.7308,3,False,insufficient_balance,0.3792,0
txn_005907,cust_001498,538.09,card,1451,12,7,0.5833,3,False,expired_card,0.165,0
txn_005908,cust_002757,745.1,upi,1191,6,6,1.0,4,False,network_error,0.54,0
txn_005909,cust_001057,176.89,netbanking,187,13,11,0.8462,2,False,gateway_error,0.6238,0
txn_005910,cust_000232,606.21,card,1247,16,14,0.875,1,False,bank_decline,0.6425,0
txn_005911,cust_001117,431.59,netbanking,912,3,3,1.0,1,False,insufficient_balance,0.62,1
txn_005912,cust_001960,1983.25,netbanking,1162,0,0,0.0,2,True,insufficient_balance,0.19,0
txn_005913,cust_002167,849.21,upi,916,6,4,0.6667,4,False,expired_card,0.11,0
txn_005914,cust_001922,1212.18,wallet,122,13,10,0.7692,2,False,insufficient_balance,0.4708,0
txn_005915,cust_001436,2314.25,upi,504,1,0,0.0,3,False,expired_card,0.02,0
txn_005916,cust_002237,6039.25,card,693,27,18,0.6667,3,False,bank_decline,0.42,0
txn_005917,cust_002073,453.43,upi,225,12,9,0.75,3,False,expired_card,0.215,0
txn_005918,cust_000525,1625.01,card,1290,25,16,0.64,3,False,insufficient_balance,0.352,1
txn_005919,cust_003036,1100.89,card,941,9,8,0.8889,2,False,expired_card,0.3367,0
txn_005920,cust_001947,5344.97,upi,849,13,8,0.6154,3,False,expired_card,0.1746,0
txn_005921,cust_003315,385.37,wallet,176,27,22,0.8148,2,False,network_error,0.6444,1
txn_005922,cust_000842,1071.77,wallet,609,6,6,1.0,2,False,authentication_failed,0.42,0
txn_005923,cust_002446,1695.14,card,1287,17,13,0.7647,2,False,bank_decline,0.5294,1
txn_005924,cust_001326,1950.41,upi,1267,25,20,0.8,1,False,gateway_error,0.69,0
txn_005925,cust_001561,2738.81,wallet,611,28,20,0.7143,2,False,bank_decline,0.5143,0
txn_005926,cust_001400,2343.53,card,427,17,15,0.8824,3,False,bank_decline,0.4847,0
txn_005927,cust_002291,752.82,wallet,472,20,13,0.65,1,False,gateway_error,0.645,0
txn_005928,cust_001189,497.63,upi,866,29,22,0.7586,4,False,expired_card,0.1376,0
txn_005929,cust_000309,1887.05,wallet,1437,8,7,0.875,3,False,bank_decline,0.4825,0
txn_005930,cust_001459,430.1,netbanking,328,16,12,0.75,3,False,gateway_error,0.515,1
txn_005931,cust_002998,1226.66,netbanking,517,23,19,0.8261,1,False,gateway_error,0.6978,1
txn_005932,cust_000069,189.95,card,459,19,15,0.7895,4,False,network_error,0.4768,0
txn_005933,cust_002666,1306.66,card,1487,21,18,0.8571,2,False,bank_decline,0.5571,0
txn_005934,cust_001647,1139.43,netbanking,143,14,11,0.7857,2,False,insufficient_balance,0.4757,1
txn_005935,cust_001186,3114.13,upi,177,22,12,0.5455,1,False,gateway_error,0.6136,0
txn_005936,cust_000211,3980.93,wallet,849,3,3,1.0,4,False,expired_card,0.21,1
txn_005937,cust_000645,1882.35,wallet,981,15,10,0.6667,1,False,gateway_error,0.65,1
txn_005938,cust_000995,859.81,card,452,16,11,0.6875,4,False,gateway_error,0.4162,1
txn_005939,cust_001593,554.97,upi,173,18,16,0.8889,4,False,expired_card,0.1767,0
txn_005940,cust_002523,353.29,upi,1240,29,17,0.5862,2,False,insufficient_balance,0.4159,1
txn_005941,cust_001730,643.19,upi,1080,8,8,1.0,1,False,gateway_error,0.75,1
txn_005942,cust_003032,647.59,netbanking,1322,15,12,0.8,4,False,gateway_error,0.45,1
txn_005943,cust_003098,407.04,netbanking,544,26,21,0.8077,1,False,bank_decline,0.6223,0
txn_005944,cust_002697,1032.22,card,46,17,13,0.7647,4,False,authentication_failed,0.1894,0
txn_005945,cust_000884,1145.62,card,1211,28,20,0.7143,4,False,insufficient_balance,0.2943,0
txn_005946,cust_001526,3488.84,netbanking,826,15,13,0.8667,2,False,insufficient_balance,0.5,1
txn_005947,cust_001872,660.12,card,1422,20,11,0.55,2,False,expired_card,0.235,1
txn_005948,cust_001949,907.09,upi,518,24,20,0.8333,1,False,insufficient_balance,0.57,0
txn_005949,cust_000101,2523.59,upi,528,12,9,0.75,2,False,bank_decline,0.525,0
txn_005950,cust_000147,908.44,wallet,328,27,18,0.6667,4,False,bank_decline,0.34,0
txn_005951,cust_001310,231.1,netbanking,1451,0,0,0.0,1,True,bank_decline,0.33,0
txn_005952,cust_001534,436.19,wallet,1189,14,9,0.6429,1,False,expired_card,0.3429,0
txn_005953,cust_002926,1217.68,upi,412,4,3,0.75,4,False,bank_decline,0.365,0
txn_005954,cust_000399,3176.21,netbanking,887,21,17,0.8095,2,False,bank_decline,0.5429,1
txn_005955,cust_001371,2466.43,upi,794,0,0,0.0,4,True,bank_decline,0.09,0
txn_005956,cust_001129,2230.81,upi,858,18,12,0.6667,1,False,gateway_error,0.65,0
txn_005957,cust_002587,1823.47,netbanking,394,12,9,0.75,1,False,network_error,0.705,0
txn_005958,cust_000528,3370.61,card,158,5,4,0.8,3,False,gateway_error,0.53,1
txn_005959,cust_001400,643.04,wallet,9,6,5,0.8333,1,False,bank_decline,0.63,1
txn_005960,cust_000212,4616.13,card,21,26,18,0.6923,3,False,network_error,0.5277,1
txn_005961,cust_000025,694.86,upi,1259,16,13,0.8125,1,False,gateway_error,0.6938,1
txn_005962,cust_000594,3179.62,card,54,4,2,0.5,4,False,gateway_error,0.36,0
txn_005963,cust_000381,839.02,upi,1475,18,12,0.6667,1,False,authentication_failed,0.4,1
txn_005964,cust_001362,1262.55,netbanking,1056,17,12,0.7059,1,False,gateway_error,0.6618,0
txn_005965,cust_002633,750.7,wallet,1011,5,1,0.2,1,False,gateway_error,0.51,0
txn_005966,cust_000276,361.04,wallet,811,6,5,0.8333,1,False,network_error,0.73,1
txn_005967,cust_002231,245.47,wallet,938,21,15,0.7143,1,False,insufficient_balance,0.5343,1
txn_005968,cust_000073,1588.21,upi,1082,9,8,0.8889,1,False,insufficient_balance,0.5867,1
txn_005969,cust_000235,1962.27,wallet,271,0,0,0.0,2,True,bank_decline,0.25,1
txn_005970,cust_000339,1202.86,upi,65,27,17,0.6296,4,False,bank_decline,0.3289,0
txn_005971,cust_002920,2895.34,wallet,897,1,0,0.0,2,False,network_error,0.4,0
txn_005972,cust_001196,666.99,wallet,22,4,3,0.75,2,False,gateway_error,0.595,0
txn_005973,cust_000807,831.02,netbanking,31,12,9,0.75,4,False,expired_card,0.135,0
txn_005974,cust_000331,931.52,card,975,1,1,1.0,4,False,network_error,0.54,0
txn_005975,cust_000543,633.66,wallet,1345,25,18,0.72,1,False,bank_decline,0.596,0
txn_005976,cust_002536,1473.57,card,115,28,24,0.8571,3,False,expired_card,0.2471,0
txn_005977,cust_001370,363.05,card,1249,29,24,0.8276,4,False,gateway_error,0.4583,0
txn_005978,cust_003223,637.17,netbanking,1088,1,1,1.0,3,False,expired_card,0.29,1
txn_005979,cust_002756,601.11,card,333,2,2,1.0,1,False,network_error,0.78,1
txn_005980,cust_003327,829.26,wallet,523,14,12,0.8571,1,False,bank_decline,0.6371,1
txn_005981,cust_001033,310.43,wallet,1406,26,16,0.6154,2,False,gateway_error,0.5546,0
txn_005982,cust_002700,5126.87,wallet,710,28,23,0.8214,3,False,bank_decline,0.4664,1
txn_005983,cust_002202,1356.62,upi,1492,1,1,1.0,2,False,authentication_failed,0.42,0
txn_005984,cust_003191,2083.0,card,248,19,12,0.6316,3,False,bank_decline,0.4095,1
txn_005985,cust_000818,732.43,wallet,734,24,16,0.6667,3,False,bank_decline,0.42,0
txn_005986,cust_000667,317.04,upi,390,12,7,0.5833,1,False,network_error,0.655,1
txn_005987,cust_001278,263.0,netbanking,1020,19,10,0.5263,1,False,insufficient_balance,0.4779,0
txn_005988,cust_000015,748.55,upi,858,11,9,0.8182,3,False,network_error,0.5655,1
txn_005989,cust_003241,639.38,wallet,1174,20,16,0.8,4,False,authentication_failed,0.2,0
txn_005990,cust_001660,2994.63,wallet,663,9,7,0.7778,2,False,gateway_error,0.6033,1
txn_005991,cust_001359,722.77,wallet,459,2,0,0.0,1,False,expired_card,0.15,0
txn_005992,cust_000135,963.63,upi,433,19,14,0.7368,1,False,bank_decline,0.6011,1
txn_005993,cust_000421,941.36,netbanking,288,13,12,0.9231,4,False,gateway_error,0.4869,1
txn_005994,cust_001655,807.78,netbanking,153,9,7,0.7778,2,False,bank_decline,0.5333,0
txn_005995,cust_002916,330.7,wallet,1385,5,4,0.8,2,False,network_error,0.64,0
txn_005996,cust_000045,3251.31,card,1376,27,21,0.7778,1,False,bank_decline,0.6133,0
txn_005997,cust_000544,2282.45,upi,21,20,13,0.65,4,False,network_error,0.435,1
txn_005998,cust_003016,1566.48,netbanking,1376,8,7,0.875,2,False,expired_card,0.3325,0
txn_005999,cust_001441,1431.64,upi,912,25,21,0.84,4,False,network_error,0.492,0
txn_006000,cust_000942,3298.0,upi,857,20,15,0.75,3,False,network_error,0.545,0
txn_006001,cust_002192,1116.45,netbanking,680,6,6,1.0,2,False,gateway_error,0.67,0
txn_006002,cust_001613,1777.93,netbanking,840,4,3,0.75,1,False,network_error,0.705,1
txn_006003,cust_002527,6213.47,wallet,1397,5,3,0.6,3,False,authentication_failed,0.22,0
txn_006004,cust_000322,2876.75,card,1244,18,13,0.7222,3,False,authentication_failed,0.2567,1
txn_006005,cust_002475,3029.75,wallet,1477,22,17,0.7727,3,False,bank_decline,0.4518,0
txn_006006,cust_000371,1019.81,wallet,26,13,9,0.6923,4,False,network_error,0.4477,1
txn_006007,cust_002397,641.93,card,904,2,2,1.0,2,False,insufficient_balance,0.54,1
txn_006008,cust_002855,4609.01,wallet,876,15,11,0.7333,3,False,authentication_failed,0.26,1
txn_006009,cust_002349,551.72,card,867,27,23,0.8519,4,False,network_error,0.4956,0
txn_006010,cust_002553,476.14,upi,871,10,7,0.7,2,False,gateway_error,0.58,0
txn_006011,cust_002205,2936.42,wallet,1082,3,3,1.0,4,False,insufficient_balance,0.38,1
txn_006012,cust_003300,1849.52,netbanking,796,3,2,0.6667,2,False,bank_decline,0.5,0
txn_006013,cust_001412,2477.29,card,1438,10,9,0.9,2,False,insufficient_balance,0.51,1
txn_006014,cust_002974,5071.65,upi,698,23,17,0.7391,1,False,expired_card,0.3717,0
txn_006015,cust_000611,4973.51,wallet,1205,27,21,0.7778,3,False,bank_decline,0.4533,0
txn_006016,cust_001012,800.43,card,436,6,4,0.6667,1,False,network_error,0.68,0
txn_006017,cust_002899,1622.38,netbanking,50,17,15,0.8824,1,False,network_error,0.7447,1
txn_006018,cust_002922,397.26,upi,933,26,21,0.8077,2,False,gateway_error,0.6123,0
txn_006019,cust_000447,147.75,wallet,725,28,17,0.6071,1,False,gateway_error,0.6321,1
txn_006020,cust_000137,1549.29,card,301,14,8,0.5714,1,False,authentication_failed,0.3714,0
txn_006021,cust_000218,1142.94,netbanking,918,15,14,0.9333,2,False,network_error,0.68,1
txn_006022,cust_003117,1354.54,netbanking,27,24,18,0.75,1,False,expired_card,0.375,0
txn_006023,cust_002928,3222.01,upi,663,25,18,0.72,3,False,authentication_failed,0.256,1
txn_006024,cust_002576,432.31,card,1319,0,0,0.0,3,True,network_error,0.27,0
txn_006025,cust_001321,383.14,wallet,1162,29,24,0.8276,1,False,expired_card,0.3983,0
txn_006026,cust_000823,655.35,card,306,12,9,0.75,1,False,authentication_failed,0.425,1
txn_006027,cust_002195,362.04,card,1088,8,7,0.875,4,False,bank_decline,0.4025,1
txn_006028,cust_002775,326.0,card,987,0,0,0.0,2,True,gateway_error,0.32,0
txn_006029,cust_002044,2575.17,netbanking,1060,15,11,0.7333,3,False,bank_decline,0.44,0
txn_006030,cust_003314,969.28,upi,1099,11,9,0.8182,1,False,authentication_failed,0.4455,0
txn_006031,cust_002245,2493.51,upi,872,28,18,0.6429,4,False,bank_decline,0.3329,1
txn_006032,cust_002809,4458.6,upi,908,23,18,0.7826,1,False,authentication_failed,0.4348,1
txn_006033,cust_000290,643.54,upi,1278,13,10,0.7692,2,False,authentication_failed,0.3508,0
txn_006034,cust_002893,412.14,card,365,6,5,0.8333,4,False,authentication_failed,0.21,0
txn_006035,cust_001345,1186.08,upi,275,19,12,0.6316,1,False,bank_decline,0.5695,1
txn_006036,cust_000903,825.63,wallet,22,21,17,0.8095,2,False,gateway_error,0.6129,0
txn_006037,cust_002996,2939.57,netbanking,670,3,1,0.3333,4,False,insufficient_balance,0.18,0
txn_006038,cust_002107,100.0,card,1333,7,6,0.8571,3,False,expired_card,0.2471,0
txn_006039,cust_000959,662.34,netbanking,243,11,8,0.7273,3,False,authentication_failed,0.2582,0
txn_006040,cust_003133,2228.21,netbanking,570,24,14,0.5833,3,False,network_error,0.495,0
txn_006041,cust_003015,1810.85,card,976,12,10,0.8333,1,False,gateway_error,0.7,1
txn_006042,cust_000383,885.26,card,559,10,6,0.6,2,False,authentication_failed,0.3,0
txn_006043,cust_001763,283.95,card,412,10,6,0.6,4,False,insufficient_balance,0.26,0
txn_006044,cust_001527,275.86,netbanking,170,10,8,0.8,2,False,gateway_error,0.61,0
txn_006045,cust_000515,394.24,card,133,25,21,0.84,2,False,authentication_failed,0.372,0
txn_006046,cust_001224,2305.28,wallet,783,3,2,0.6667,3,False,bank_decline,0.42,1
txn_006047,cust_002207,7938.58,netbanking,296,11,7,0.6364,2,False,gateway_error,0.5609,1
txn_006048,cust_001647,9627.84,upi,961,29,19,0.6552,2,False,gateway_error,0.5666,0
txn_006049,cust_001965,4192.95,card,127,7,4,0.5714,4,False,network_error,0.4114,0
txn_006050,cust_001469,1514.91,upi,1067,13,10,0.7692,4,False,network_error,0.4708,0
txn_006051,cust_001336,1016.36,upi,292,6,5,0.8333,2,False,bank_decline,0.55,1
txn_006052,cust_001136,1024.28,upi,211,5,3,0.6,3,False,authentication_failed,0.22,0
txn_006053,cust_002442,1241.73,card,690,0,0,0.0,4,True,expired_card,0.02,0
txn_006054,cust_000432,3886.85,wallet,356,26,22,0.8462,1,False,expired_card,0.4038,0
txn_006055,cust_003039,2657.97,wallet,1446,2,2,1.0,3,False,gateway_error,0.59,0
txn_006056,cust_001378,269.12,netbanking,823,10,7,0.7,2,False,network_error,0.61,0
txn_006057,cust_001951,623.32,card,144,4,3,0.75,1,False,insufficient_balance,0.545,1
txn_006058,cust_002293,723.86,netbanking,1189,23,16,0.6957,2,False,bank_decline,0.5087,0
txn_006059,cust_002110,1100.84,wallet,1141,23,16,0.6957,1,False,gateway_error,0.6587,0
txn_006060,cust_001817,674.04,wallet,1405,15,12,0.8,2,False,authentication_failed,0.36,0
txn_006061,cust_001141,4128.31,wallet,1436,21,13,0.619,1,False,gateway_error,0.6357,0
txn_006062,cust_000947,830.14,upi,212,13,12,0.9231,2,False,bank_decline,0.5769,1
txn_006063,cust_000681,142.83,wallet,167,9,8,0.8889,4,False,insufficient_balance,0.3467,0
txn_006064,cust_000843,238.52,netbanking,814,21,17,0.8095,3,False,network_error,0.5629,1
txn_006065,cust_002697,284.8,wallet,825,11,7,0.6364,1,False,expired_card,0.3409,0
txn_006066,cust_003096,1103.79,wallet,846,6,4,0.6667,3,False,insufficient_balance,0.36,1
txn_006067,cust_002816,2880.98,netbanking,1099,19,11,0.5789,2,False,bank_decline,0.4737,0
txn_006068,cust_002140,619.43,wallet,22,15,14,0.9333,4,False,network_error,0.52,0
txn_006069,cust_000105,1113.46,wallet,531,25,22,0.88,1,False,network_error,0.744,0
txn_006070,cust_003326,1320.8,wallet,1287,29,24,0.8276,1,False,bank_decline,0.6283,1
txn_006071,cust_000614,2791.36,upi,703,26,18,0.6923,4,False,bank_decline,0.3477,1
txn_006072,cust_000726,653.59,upi,1380,12,10,0.8333,4,False,network_error,0.49,1
txn_006073,cust_002518,618.05,wallet,50,26,19,0.7308,4,False,bank_decline,0.3592,0
txn_006074,cust_002927,1360.63,upi,817,7,6,0.8571,4,False,bank_decline,0.3971,0
txn_006075,cust_003012,4204.11,wallet,667,16,14,0.875,3,False,bank_decline,0.4825,0
txn_006076,cust_003095,2019.06,upi,10,20,13,0.65,3,False,bank_decline,0.415,0
txn_006077,cust_000459,524.36,netbanking,679,24,19,0.7917,3,False,bank_decline,0.4575,1
txn_006078,cust_000763,3650.97,card,1251,19,18,0.9474,1,False,bank_decline,0.6642,0
txn_006079,cust_002967,856.98,card,47,26,17,0.6538,4,False,expired_card,0.1062,0
txn_006080,cust_000916,3530.89,upi,471,26,17,0.6538,2,False,authentication_failed,0.3162,0
txn_006081,cust_000983,3480.8,upi,913,25,19,0.76,1,False,insufficient_balance,0.548,1
txn_006082,cust_001686,221.7,netbanking,1323,12,11,0.9167,4,False,insufficient_balance,0.355,1
txn_006083,cust_001101,789.64,wallet,942,11,8,0.7273,3,False,insufficient_balance,0.3782,1
txn_006084,cust_003008,788.18,upi,559,18,12,0.6667,2,False,bank_decline,0.5,0
txn_006085,cust_002086,1716.54,netbanking,841,17,13,0.7647,3,False,bank_decline,0.4494,1
txn_006086,cust_003261,1763.63,upi,390,2,2,1.0,4,False,bank_decline,0.44,0
txn_006087,cust_003000,877.52,wallet,288,12,10,0.8333,1,False,insufficient_balance,0.57,1
txn_006088,cust_002199,230.33,wallet,583,15,11,0.7333,2,False,gateway_error,0.59,1
txn_006089,cust_001078,372.15,netbanking,1461,14,9,0.6429,4,False,expired_card,0.1029,0
txn_006090,cust_001247,1430.96,netbanking,86,18,12,0.6667,3,False,network_error,0.52,0
txn_006091,cust_001222,4989.54,card,915,7,7,1.0,4,False,insufficient_balance,0.38,1
txn_006092,cust_002071,3847.42,card,799,21,16,0.7619,3,False,bank_decline,0.4486,0
txn_006093,cust_002942,306.54,upi,1061,20,13,0.65,1,False,network_error,0.675,0
txn_006094,cust_002292,327.47,upi,519,12,11,0.9167,3,False,bank_decline,0.495,0
txn_006095,cust_002139,595.05,wallet,1134,7,5,0.7143,2,False,expired_card,0.2843,0
txn_006096,cust_001000,1467.46,netbanking,773,17,11,0.6471,2,False,bank_decline,0.4941,0
txn_006097,cust_001067,823.1,upi,1351,27,18,0.6667,4,False,network_error,0.44,0
txn_006098,cust_000027,1354.49,upi,178,23,16,0.6957,2,False,gateway_error,0.5787,0
txn_006099,cust_002021,413.76,netbanking,26,13,12,0.9231,4,False,bank_decline,0.4169,0
txn_006100,cust_002285,1268.05,wallet,1005,20,13,0.65,1,False,authentication_failed,0.395,1
txn_006101,cust_002084,735.29,upi,677,12,9,0.75,1,False,bank_decline,0.605,1
txn_006102,cust_002701,471.99,netbanking,612,5,3,0.6,1,False,authentication_failed,0.38,1
txn_006103,cust_002768,1120.51,netbanking,1070,28,24,0.8571,1,False,network_error,0.7371,1
txn_006104,cust_001793,2833.75,card,887,14,10,0.7143,4,False,gateway_error,0.4243,1
txn_006105,cust_003217,778.6,card,528,10,7,0.7,4,False,authentication_failed,0.17,0
txn_006106,cust_002807,186.23,netbanking,715,3,3,1.0,4,False,network_error,0.54,1
txn_006107,cust_001546,623.14,netbanking,1481,6,5,0.8333,3,False,insufficient_balance,0.41,0
txn_006108,cust_001282,1135.93,wallet,491,9,5,0.5556,3,False,gateway_error,0.4567,1
txn_006109,cust_001576,1083.44,upi,1430,0,0,0.0,1,True,authentication_failed,0.15,1
txn_006110,cust_000151,10130.83,netbanking,858,24,14,0.5833,1,False,insufficient_balance,0.495,0
txn_006111,cust_003202,5006.25,wallet,545,0,0,0.0,4,True,gateway_error,0.16,0
txn_006112,cust_000962,1571.11,upi,695,21,15,0.7143,1,False,network_error,0.6943,0
txn_006113,cust_001412,1577.14,upi,849,16,14,0.875,2,False,bank_decline,0.5625,1
txn_006114,cust_002693,1205.85,netbanking,816,2,2,1.0,3,False,bank_decline,0.52,0
txn_006115,cust_000514,1114.9,upi,1410,21,12,0.5714,3,False,authentication_failed,0.2114,0
txn_006116,cust_002664,439.25,wallet,1089,16,13,0.8125,2,False,expired_card,0.3137,0
txn_006117,cust_002621,567.33,upi,1496,11,9,0.8182,4,False,bank_decline,0.3855,1
txn_006118,cust_002226,4893.93,card,411,3,2,0.6667,1,False,network_error,0.68,0
txn_006119,cust_002442,189.32,wallet,786,28,22,0.7857,4,False,network_error,0.4757,0
txn_006120,cust_002620,403.45,upi,367,28,23,0.8214,2,False,authentication_failed,0.3664,0
txn_006121,cust_001530,2742.82,upi,1189,28,20,0.7143,2,False,expired_card,0.2843,0
txn_006122,cust_000058,734.66,upi,1058,29,21,0.7241,1,False,network_error,0.6972,0
txn_006123,cust_002710,3726.18,upi,489,8,6,0.75,4,False,insufficient_balance,0.305,0
txn_006124,cust_001265,1928.75,upi,1252,7,6,0.8571,2,False,gateway_error,0.6271,1
txn_006125,cust_000790,2057.2,card,428,27,20,0.7407,4,False,gateway_error,0.4322,1
txn_006126,cust_002678,1604.93,netbanking,34,4,3,0.75,1,False,bank_decline,0.605,0
txn_006127,cust_000630,735.46,netbanking,724,19,14,0.7368,4,False,gateway_error,0.4311,0
txn_006128,cust_000545,213.21,wallet,1331,24,13,0.5417,3,False,network_error,0.4825,0
txn_006129,cust_002267,1239.13,upi,762,7,4,0.5714,3,False,bank_decline,0.3914,1
txn_006130,cust_002840,845.38,upi,699,2,1,0.5,2,False,gateway_error,0.52,0
txn_006131,cust_001214,2699.39,netbanking,125,2,2,1.0,2,False,authentication_failed,0.42,0
txn_006132,cust_002778,1296.85,card,945,15,13,0.8667,3,False,insufficient_balance,0.42,0
txn_006133,cust_002096,1925.26,card,371,13,9,0.6923,2,False,network_error,0.6077,1
txn_006134,cust_000918,1888.82,upi,621,4,2,0.5,4,False,gateway_error,0.36,1
txn_006135,cust_003214,1050.71,card,1421,22,16,0.7273,1,False,expired_card,0.3682,0
txn_006136,cust_001148,1016.93,wallet,1211,28,21,0.75,3,False,network_error,0.545,1
txn_006137,cust_002981,2715.82,card,235,19,15,0.7895,4,False,network_error,0.4768,0
txn_006138,cust_003021,1480.7,wallet,436,0,0,0.0,4,True,bank_decline,0.09,0
txn_006139,cust_002830,1385.98,netbanking,143,18,13,0.7222,1,False,network_error,0.6967,1
txn_006140,cust_002254,939.83,wallet,932,29,24,0.8276,1,False,gateway_error,0.6983,1
txn_006141,cust_002933,4812.96,wallet,11,0,0,0.0,1,True,bank_decline,0.33,0
txn_006142,cust_000674,630.43,netbanking,22,17,15,0.8824,1,False,gateway_error,0.7147,1
txn_006143,cust_000680,952.83,wallet,472,14,9,0.6429,1,False,bank_decline,0.5729,1
txn_006144,cust_000489,2270.84,netbanking,1478,27,15,0.5556,3,False,bank_decline,0.3867,0
txn_006145,cust_001548,1155.37,netbanking,813,20,13,0.65,2,False,gateway_error,0.565,1
txn_006146,cust_000841,2766.97,card,385,4,4,1.0,2,False,insufficient_balance,0.54,1
txn_006147,cust_002720,480.72,netbanking,34,19,15,0.7895,4,False,expired_card,0.1468,0
txn_006148,cust_001925,192.9,upi,490,11,10,0.9091,2,False,bank_decline,0.5727,1
txn_006149,cust_003327,1774.8,netbanking,1338,4,3,0.75,2,False,network_error,0.625,1
txn_006150,cust_002158,2904.66,upi,239,9,8,0.8889,4,False,network_error,0.5067,1
txn_006151,cust_002013,833.28,wallet,1166,13,11,0.8462,3,False,authentication_failed,0.2938,0
txn_006152,cust_002969,1233.83,netbanking,544,4,3,0.75,4,False,bank_decline,0.365,0
txn_006153,cust_002089,1591.6,wallet,22,1,0,0.0,4,False,authentication_failed,0.02,0
txn_006154,cust_002919,655.83,wallet,1321,20,16,0.8,2,False,network_error,0.64,0
txn_006155,cust_002899,835.47,netbanking,363,26,20,0.7692,4,False,network_error,0.4708,0
txn_006156,cust_000459,3496.39,card,1201,9,5,0.5556,2,False,insufficient_balance,0.4067,0
txn_006157,cust_000825,375.88,upi,1006,10,6,0.6,3,False,gateway_error,0.47,0
txn_006158,cust_002444,575.69,netbanking,1162,23,15,0.6522,1,False,bank_decline,0.5757,0
txn_006159,cust_002679,1348.86,netbanking,300,14,12,0.8571,1,False,network_error,0.7371,1
txn_006160,cust_000825,2157.82,netbanking,949,1,1,1.0,3,False,expired_card,0.29,1
txn_006161,cust_002102,778.76,wallet,230,25,18,0.72,1,False,authentication_failed,0.416,1
txn_006162,cust_002677,1169.45,upi,652,29,20,0.6897,4,False,gateway_error,0.4169,1
txn_006163,cust_000543,1294.52,wallet,1120,17,13,0.7647,1,False,expired_card,0.3794,0
txn_006164,cust_001375,994.35,upi,887,7,7,1.0,4,False,bank_decline,0.44,0
txn_006165,cust_001985,663.43,upi,1323,19,15,0.7895,4,False,insufficient_balance,0.3168,0
txn_006166,cust_002789,6194.13,card,1070,8,5,0.625,3,False,authentication_failed,0.2275,0
txn_006167,cust_000261,2708.91,netbanking,861,28,18,0.6429,3,False,bank_decline,0.4129,1
txn_006168,cust_001403,1566.85,card,971,27,21,0.7778,1,False,gateway_error,0.6833,1
txn_006169,cust_000032,1042.87,wallet,1438,8,7,0.875,4,False,authentication_failed,0.2225,0
txn_006170,cust_003261,2209.29,card,1424,0,0,0.0,2,True,authentication_failed,0.07,0
txn_006171,cust_001057,411.54,wallet,928,0,0,0.0,1,True,insufficient_balance,0.27,0
txn_006172,cust_001633,1146.75,wallet,1165,25,18,0.72,2,False,bank_decline,0.516,0
txn_006173,cust_000933,337.57,netbanking,284,6,5,0.8333,4,False,bank_decline,0.39,1
txn_006174,cust_002485,774.94,card,391,7,5,0.7143,4,False,bank_decline,0.3543,0
txn_006175,cust_001157,951.79,netbanking,1323,20,18,0.9,3,False,insufficient_balance,0.43,1
txn_006176,cust_001642,648.54,upi,1325,1,1,1.0,4,False,bank_decline,0.44,0
txn_006177,cust_000571,455.96,upi,1256,7,5,0.7143,2,False,authentication_failed,0.3343,1
txn_006178,cust_001637,928.29,upi,905,24,18,0.75,4,False,authentication_failed,0.185,0
txn_006179,cust_000166,1696.52,wallet,8,1,0,0.0,2,False,authentication_failed,0.12,0
txn_006180,cust_000414,1156.8,wallet,655,14,12,0.8571,1,False,bank_decline,0.6371,0
txn_006181,cust_001284,2372.07,upi,1409,24,20,0.8333,1,False,authentication_failed,0.45,1
txn_006182,cust_001897,4523.53,netbanking,1034,4,3,0.75,1,False,bank_decline,0.605,1
txn_006183,cust_001001,843.15,netbanking,213,4,3,0.75,4,False,bank_decline,0.365,1
txn_006184,cust_002933,4229.11,card,1196,28,23,0.8214,3,False,gateway_error,0.5364,0
txn_006185,cust_002671,2741.11,netbanking,388,23,15,0.6522,4,False,network_error,0.4357,1
txn_006186,cust_002847,609.02,card,1184,5,4,0.8,1,False,authentication_failed,0.44,0
txn_006187,cust_000050,177.96,netbanking,960,29,20,0.6897,2,False,insufficient_balance,0.4469,0
txn_006188,cust_001433,1333.63,card,631,15,12,0.8,4,False,bank_decline,0.38,0
txn_006189,cust_001256,241.37,upi,715,24,18,0.75,4,False,gateway_error,0.435,1
txn_006190,cust_002781,808.01,upi,52,26,18,0.6923,4,False,network_error,0.4477,1
txn_006191,cust_001292,1079.3,upi,825,12,9,0.75,1,False,gateway_error,0.675,1
txn_006192,cust_000947,662.46,netbanking,1380,0,0,0.0,4,True,network_error,0.19,0
txn_006193,cust_001918,906.03,wallet,280,10,7,0.7,1,False,insufficient_balance,0.53,0
txn_006194,cust_001701,1055.55,card,1313,10,10,1.0,3,False,expired_card,0.29,0
txn_006195,cust_001298,2435.14,card,685,27,20,0.7407,3,False,network_error,0.5422,1
txn_006196,cust_000257,1734.29,netbanking,873,3,3,1.0,2,False,insufficient_balance,0.54,1
txn_006197,cust_001898,516.67,card,715,1,1,1.0,4,False,expired_card,0.21,0
txn_006198,cust_000167,1798.28,netbanking,947,28,22,0.7857,3,False,bank_decline,0.4557,0
txn_006199,cust_002745,1373.38,netbanking,671,14,10,0.7143,3,False,authentication_failed,0.2543,0
txn_006200,cust_001518,952.31,netbanking,413,7,7,1.0,2,False,bank_decline,0.6,1
txn_006201,cust_000157,379.5,netbanking,621,7,6,0.8571,1,False,expired_card,0.4071,1
txn_006202,cust_001009,612.68,netbanking,311,7,6,0.8571,1,False,expired_card,0.4071,1
txn_006203,cust_001336,3236.97,netbanking,1031,25,12,0.48,2,False,bank_decline,0.444,0
txn_006204,cust_001221,1187.72,upi,355,1,0,0.0,4,False,authentication_failed,0.02,0
txn_006205,cust_002699,908.82,card,1452,2,1,0.5,3,False,network_error,0.47,0
txn_006206,cust_002524,1173.01,wallet,838,21,9,0.4286,2,False,gateway_error,0.4986,0
txn_006207,cust_000976,426.73,upi,1240,13,12,0.9231,3,False,bank_decline,0.4969,1
txn_006208,cust_000241,1865.6,netbanking,316,24,21,0.875,1,False,insufficient_balance,0.5825,0
txn_006209,cust_002386,445.04,card,1304,12,8,0.6667,1,False,authentication_failed,0.4,0
txn_006210,cust_002621,745.98,wallet,224,23,18,0.7826,1,False,expired_card,0.3848,0
txn_006211,cust_000242,3962.77,netbanking,1273,24,16,0.6667,1,False,gateway_error,0.65,1
txn_006212,cust_003032,645.23,netbanking,155,24,21,0.875,2,False,gateway_error,0.6325,0
txn_006213,cust_002642,796.38,upi,952,20,14,0.7,1,False,bank_decline,0.59,1
txn_006214,cust_000216,1893.29,card,1410,17,12,0.7059,1,False,insufficient_balance,0.5318,1
txn_006215,cust_002179,5030.31,wallet,154,19,15,0.7895,3,False,gateway_error,0.5268,1
txn_006216,cust_002656,2061.25,card,1268,7,6,0.8571,3,False,expired_card,0.2471,1
txn_006217,cust_002271,148.15,upi,145,19,16,0.8421,4,False,insufficient_balance,0.3326,0
txn_006218,cust_002971,3306.95,upi,277,23,16,0.6957,2,False,authentication_failed,0.3287,1
txn_006219,cust_001524,1348.14,card,1233,11,10,0.9091,1,False,authentication_failed,0.4727,0
txn_006220,cust_002493,314.73,upi,247,5,4,0.8,4,False,bank_decline,0.38,1
txn_006221,cust_002255,1070.48,card,519,11,6,0.5455,4,False,authentication_failed,0.1236,0
txn_006222,cust_002746,1692.84,wallet,916,23,20,0.8696,4,False,insufficient_balance,0.3409,1
txn_006223,cust_000062,969.47,wallet,120,1,1,1.0,3,False,gateway_error,0.59,0
txn_006224,cust_002072,1933.19,netbanking,204,16,15,0.9375,4,False,insufficient_balance,0.3613,0
txn_006225,cust_000313,1248.03,upi,1479,25,19,0.76,1,False,insufficient_balance,0.548,1
txn_006226,cust_001965,1709.49,wallet,843,4,4,1.0,4,False,authentication_failed,0.26,0
txn_006227,cust_002993,1791.23,wallet,153,23,15,0.6522,4,False,authentication_failed,0.1557,0
txn_006228,cust_001975,2290.39,netbanking,1431,10,10,1.0,4,False,network_error,0.54,1
txn_006229,cust_001305,1918.97,upi,239,3,3,1.0,2,False,authentication_failed,0.42,1
txn_006230,cust_001375,858.18,netbanking,322,5,5,1.0,4,False,network_error,0.54,1
txn_006231,cust_001641,456.84,netbanking,754,28,20,0.7143,4,False,bank_decline,0.3543,0
txn_006232,cust_001645,990.31,card,88,10,6,0.6,3,False,gateway_error,0.47,0
txn_006233,cust_002651,1295.64,wallet,345,10,6,0.6,1,False,gateway_error,0.63,1
txn_006234,cust_000460,1289.34,upi,100,13,8,0.6154,2,False,insufficient_balance,0.4246,0
txn_006235,cust_001023,1459.88,upi,122,4,3,0.75,2,False,gateway_error,0.595,0
txn_006236,cust_000569,1541.12,netbanking,1272,17,13,0.7647,2,False,insufficient_balance,0.4694,1
txn_006237,cust_000017,1937.34,upi,913,22,18,0.8182,4,False,bank_decline,0.3855,0
txn_006238,cust_000003,1593.1,upi,1126,2,1,0.5,2,False,gateway_error,0.52,1
txn_006239,cust_003167,835.89,upi,1238,22,18,0.8182,2,False,authentication_failed,0.3655,1
txn_006240,cust_002791,832.55,upi,346,16,14,0.875,1,False,expired_card,0.4125,1
txn_006241,cust_002927,520.26,netbanking,866,22,17,0.7727,3,False,authentication_failed,0.2718,1
txn_006242,cust_002058,857.74,upi,438,28,22,0.7857,2,False,network_error,0.6357,1
txn_006243,cust_003047,1987.4,upi,397,26,19,0.7308,3,False,bank_decline,0.4392,0
txn_006244,cust_001575,395.58,upi,485,10,6,0.6,2,False,insufficient_balance,0.42,0
txn_006245,cust_001854,854.01,netbanking,656,0,0,0.0,1,True,bank_decline,0.33,1
txn_006246,cust_002143,849.31,netbanking,1462,8,8,1.0,1,False,network_error,0.78,1
txn_006247,cust_002915,797.3,wallet,371,16,12,0.75,3,False,network_error,0.545,1
txn_006248,cust_002632,3032.01,wallet,771,6,5,0.8333,1,False,expired_card,0.4,1
txn_006249,cust_001707,1234.34,card,43,17,13,0.7647,3,False,authentication_failed,0.2694,0
txn_006250,cust_002360,1544.89,wallet,95,24,18,0.75,1,False,network_error,0.705,0
txn_006251,cust_002988,458.97,upi,1035,29,14,0.4828,3,False,bank_decline,0.3648,0
txn_006252,cust_001602,1015.52,card,1374,23,16,0.6957,3,False,authentication_failed,0.2487,0
txn_006253,cust_002000,673.13,upi,1229,23,19,0.8261,3,False,authentication_failed,0.2878,1
txn_006254,cust_002394,3382.47,netbanking,185,19,16,0.8421,3,False,expired_card,0.2426,0
txn_006255,cust_002181,4880.21,upi,961,5,5,1.0,3,False,bank_decline,0.52,1
txn_006256,cust_001178,5089.9,wallet,169,22,16,0.7273,2,False,bank_decline,0.5182,1
txn_006257,cust_002591,872.82,card,208,22,13,0.5909,4,False,bank_decline,0.3173,1
txn_006258,cust_001468,2524.28,netbanking,1033,28,18,0.6429,1,False,gateway_error,0.6429,1
txn_006259,cust_000852,2670.18,card,1056,9,6,0.6667,3,False,authentication_failed,0.24,0
txn_006260,cust_000598,1315.36,upi,1105,22,17,0.7727,3,False,insufficient_balance,0.3918,0
txn_006261,cust_001874,728.32,upi,1140,2,1,0.5,3,False,bank_decline,0.37,0
txn_006262,cust_003235,1729.26,netbanking,831,0,0,0.0,2,True,expired_card,0.02,0
txn_006263,cust_001743,977.68,netbanking,105,27,21,0.7778,3,False,expired_card,0.2233,0
txn_006264,cust_002185,134.43,wallet,1211,25,16,0.64,1,False,insufficient_balance,0.512,0
txn_006265,cust_000180,553.75,upi,1277,16,10,0.625,1,False,bank_decline,0.5675,1
txn_006266,cust_001000,762.18,netbanking,13,7,5,0.7143,3,False,authentication_failed,0.2543,1
txn_006267,cust_001084,704.76,card,887,13,10,0.7692,4,False,insufficient_balance,0.3108,0
txn_006268,cust_002080,2238.44,wallet,1160,16,13,0.8125,1,False,gateway_error,0.6938,0
txn_006269,cust_002140,1614.15,card,411,29,19,0.6552,4,False,authentication_failed,0.1566,1
txn_006270,cust_001060,435.18,netbanking,909,11,9,0.8182,2,False,network_error,0.6455,1
txn_006271,cust_001117,1012.47,card,73,2,0,0.0,2,False,expired_card,0.07,1
txn_006272,cust_003114,1775.18,netbanking,445,14,11,0.7857,4,False,bank_decline,0.3757,0
txn_006273,cust_000227,2361.74,netbanking,544,13,10,0.7692,4,False,authentication_failed,0.1908,0
txn_006274,cust_003106,689.56,upi,282,26,21,0.8077,2,False,insufficient_balance,0.4823,1
txn_006275,cust_002314,1568.67,card,702,7,6,0.8571,4,False,authentication_failed,0.2171,0
txn_006276,cust_000879,741.64,card,1049,16,12,0.75,1,False,gateway_error,0.675,1
txn_006277,cust_003012,4423.39,upi,53,17,14,0.8235,3,False,network_error,0.5671,0
txn_006278,cust_000212,216.71,netbanking,167,21,16,0.7619,2,False,authentication_failed,0.3486,0
txn_006279,cust_003120,2441.32,netbanking,1031,5,4,0.8,4,False,network_error,0.48,1
txn_006280,cust_001628,808.62,card,103,19,15,0.7895,1,False,authentication_failed,0.4368,1
txn_006281,cust_000504,8231.56,upi,943,27,20,0.7407,3,False,insufficient_balance,0.3822,0
txn_006282,cust_002599,398.23,wallet,708,22,18,0.8182,2,False,insufficient_balance,0.4855,1
txn_006283,cust_001054,380.42,wallet,1245,28,19,0.6786,3,False,network_error,0.5236,0
txn_006284,cust_001993,987.91,netbanking,198,1,1,1.0,4,False,bank_decline,0.44,1
txn_006285,cust_002834,6803.05,netbanking,91,10,7,0.7,3,False,gateway_error,0.5,0
txn_006286,cust_001385,1542.62,netbanking,606,20,16,0.8,4,False,bank_decline,0.38,0
txn_006287,cust_000249,1794.81,card,823,10,7,0.7,4,False,insufficient_balance,0.29,0
txn_006288,cust_003066,3120.75,netbanking,362,23,18,0.7826,1,False,bank_decline,0.6148,1
txn_006289,cust_000165,820.08,upi,467,26,21,0.8077,2,False,bank_decline,0.5423,1
txn_006290,cust_002314,5066.56,wallet,138,20,14,0.7,3,False,bank_decline,0.43,0
txn_006291,cust_003246,707.35,wallet,680,11,9,0.8182,4,False,insufficient_balance,0.3255,0
txn_006292,cust_002958,1656.7,netbanking,1493,28,18,0.6429,1,False,bank_decline,0.5729,0
txn_006293,cust_002793,891.81,wallet,1037,14,10,0.7143,1,False,bank_decline,0.5943,0
txn_006294,cust_001765,2098.47,netbanking,229,7,6,0.8571,1,False,expired_card,0.4071,0
txn_006295,cust_001138,461.25,upi,676,15,11,0.7333,2,False,network_error,0.62,1
txn_006296,cust_001993,1567.06,card,320,16,15,0.9375,4,False,network_error,0.5212,1
txn_006297,cust_001327,1119.89,wallet,503,8,7,0.875,4,False,gateway_error,0.4725,0
txn_006298,cust_001136,539.35,wallet,404,7,5,0.7143,2,False,bank_decline,0.5143,0
txn_006299,cust_001772,940.24,card,1303,23,17,0.7391,4,False,authentication_failed,0.1817,0
txn_006300,cust_001041,265.59,card,1418,5,5,1.0,3,False,insufficient_balance,0.46,1
txn_006301,cust_001964,646.44,wallet,838,18,12,0.6667,4,False,gateway_error,0.41,0
txn_006302,cust_001107,2152.33,wallet,128,5,4,0.8,4,False,gateway_error,0.45,0
txn_006303,cust_001324,1100.48,upi,581,23,20,0.8696,4,False,network_error,0.5009,0
txn_006304,cust_002105,2103.51,upi,1040,10,6,0.6,4,False,expired_card,0.09,0
txn_006305,cust_002985,1044.69,wallet,793,20,14,0.7,3,False,bank_decline,0.43,0
txn_006306,cust_002420,1019.17,upi,668,19,14,0.7368,1,False,gateway_error,0.6711,1
txn_006307,cust_003015,485.9,card,867,19,13,0.6842,2,False,bank_decline,0.5053,0
txn_006308,cust_000297,1430.95,upi,306,19,16,0.8421,2,False,bank_decline,0.5526,0
txn_006309,cust_000238,795.73,netbanking,806,23,14,0.6087,2,False,gateway_error,0.5526,0
txn_006310,cust_000382,438.35,upi,63,24,20,0.8333,1,False,gateway_error,0.7,1
txn_006311,cust_001327,1000.41,card,293,20,11,0.55,1,False,bank_decline,0.545,1
txn_006312,cust_001906,176.2,upi,726,23,16,0.6957,1,False,network_error,0.6887,1
txn_006313,cust_002232,736.75,netbanking,1357,13,12,0.9231,4,False,gateway_error,0.4869,0
txn_006314,cust_001280,849.04,wallet,322,29,25,0.8621,3,False,gateway_error,0.5486,0
txn_006315,cust_001460,798.91,upi,543,21,12,0.5714,1,False,insufficient_balance,0.4914,0
txn_006316,cust_000973,4272.4,card,254,7,4,0.5714,2,False,gateway_error,0.5414,1
txn_006317,cust_001719,5011.54,netbanking,900,6,5,0.8333,1,False,expired_card,0.4,0
txn_006318,cust_002273,603.29,upi,103,24,17,0.7083,4,False,network_error,0.4525,1
txn_006319,cust_001606,1003.19,wallet,47,8,7,0.875,4,False,network_error,0.5025,1
txn_006320,cust_000240,497.96,upi,925,20,13,0.65,3,False,gateway_error,0.485,0
txn_006321,cust_002340,2159.19,wallet,194,5,2,0.4,2,False,expired_card,0.19,1
txn_006322,cust_002108,1619.31,wallet,1213,23,18,0.7826,4,False,authentication_failed,0.1948,0
txn_006323,cust_001278,825.15,netbanking,410,14,9,0.6429,1,False,insufficient_balance,0.5129,1
txn_006324,cust_002011,2371.92,wallet,265,24,19,0.7917,1,False,bank_decline,0.6175,1
txn_006325,cust_002709,1013.62,wallet,788,13,11,0.8462,3,False,gateway_error,0.5438,0
txn_006326,cust_001631,1821.58,card,821,18,14,0.7778,4,False,expired_card,0.1433,0
txn_006327,cust_002115,585.06,wallet,392,3,2,0.6667,1,False,insufficient_balance,0.52,0
txn_006328,cust_002364,614.96,netbanking,1409,25,20,0.8,1,False,insufficient_balance,0.56,1
txn_006329,cust_001779,662.92,card,1378,20,16,0.8,2,False,authentication_failed,0.36,1
txn_006330,cust_001060,1221.59,wallet,922,4,4,1.0,3,False,gateway_error,0.59,0
txn_006331,cust_000934,2234.84,upi,119,23,17,0.7391,2,False,authentication_failed,0.3417,1
txn_006332,cust_001091,1175.57,wallet,1410,29,22,0.7586,4,False,bank_decline,0.3676,0
txn_006333,cust_001014,1704.89,upi,523,27,20,0.7407,3,False,authentication_failed,0.2622,0
txn_006334,cust_000120,1606.25,card,1096,26,23,0.8846,4,False,gateway_error,0.4754,1
txn_006335,cust_002366,2824.05,wallet,465,5,3,0.6,3,False,expired_card,0.17,0
txn_006336,cust_002039,1974.99,upi,497,11,8,0.7273,2,False,gateway_error,0.5882,1
txn_006337,cust_000627,1483.58,card,1180,7,7,1.0,3,False,gateway_error,0.59,0
txn_006338,cust_000989,1393.79,upi,985,17,13,0.7647,3,False,network_error,0.5494,1
txn_006339,cust_002431,2411.15,upi,710,12,8,0.6667,1,False,bank_decline,0.58,0
txn_006340,cust_002184,3335.51,netbanking,9,13,11,0.8462,4,False,bank_decline,0.3938,0
txn_006341,cust_001609,2493.64,netbanking,895,21,18,0.8571,1,False,network_error,0.7371,1
txn_006342,cust_001991,254.1,card,897,23,17,0.7391,3,False,bank_decline,0.4417,1
txn_006343,cust_002778,869.5,upi,1459,26,22,0.8462,1,False,bank_decline,0.6338,0
txn_006344,cust_002985,1440.79,upi,1279,12,8,0.6667,4,False,network_error,0.44,0
txn_006345,cust_001551,572.45,wallet,24,4,3,0.75,3,False,gateway_error,0.515,0
txn_006346,cust_002192,1287.39,netbanking,1200,24,21,0.875,2,False,bank_decline,0.5625,0
txn_006347,cust_000407,746.21,netbanking,263,6,3,0.5,4,False,bank_decline,0.29,0
txn_006348,cust_002147,1112.16,card,574,24,19,0.7917,3,False,bank_decline,0.4575,1
txn_006349,cust_002879,2438.93,card,556,11,10,0.9091,4,False,authentication_failed,0.2327,0
txn_006350,cust_001849,681.53,netbanking,321,7,4,0.5714,4,False,expired_card,0.0814,0
txn_006351,cust_002819,1052.71,card,593,23,20,0.8696,2,False,bank_decline,0.5609,1
txn_006352,cust_001419,685.95,card,438,24,15,0.625,3,False,bank_decline,0.4075,1
txn_006353,cust_000295,724.58,netbanking,1393,19,18,0.9474,1,False,insufficient_balance,0.6042,1
txn_006354,cust_002397,471.4,card,338,3,3,1.0,2,False,expired_card,0.37,1
txn_006355,cust_000970,1134.41,netbanking,446,29,24,0.8276,2,False,bank_decline,0.5483,1
txn_006356,cust_001154,353.15,netbanking,1002,1,1,1.0,4,False,insufficient_balance,0.38,0
txn_006357,cust_002465,1493.51,card,921,2,1,0.5,3,False,insufficient_balance,0.31,1
txn_006358,cust_000457,1024.92,card,859,16,12,0.75,2,False,bank_decline,0.525,0
txn_006359,cust_003236,388.92,upi,1394,23,19,0.8261,4,False,authentication_failed,0.2078,1
txn_006360,cust_000009,296.48,wallet,215,9,6,0.6667,2,False,insufficient_balance,0.44,1
txn_006361,cust_000987,538.79,netbanking,128,18,14,0.7778,4,False,gateway_error,0.4433,1
txn_006362,cust_001754,1518.68,wallet,7,20,13,0.65,3,False,authentication_failed,0.235,0
txn_006363,cust_002964,1095.07,wallet,84,26,17,0.6538,4,False,network_error,0.4362,0
txn_006364,cust_001172,368.73,wallet,278,2,2,1.0,1,False,bank_decline,0.68,0
txn_006365,cust_003188,2465.57,netbanking,1178,21,17,0.8095,3,False,authentication_failed,0.2829,0
txn_006366,cust_001323,1118.64,netbanking,58,24,19,0.7917,4,False,network_error,0.4775,0
txn_006367,cust_003274,977.98,wallet,63,20,12,0.6,4,False,bank_decline,0.32,0
txn_006368,cust_002757,1260.4,wallet,1121,22,18,0.8182,3,False,bank_decline,0.4655,0
txn_006369,cust_002424,491.44,wallet,54,22,19,0.8636,4,False,bank_decline,0.3991,0
txn_006370,cust_001706,1993.33,wallet,914,26,24,0.9231,2,False,gateway_error,0.6469,0
txn_006371,cust_001608,3589.25,wallet,487,24,21,0.875,3,False,expired_card,0.2525,1
txn_006372,cust_001803,520.34,netbanking,1001,22,13,0.5909,2,False,gateway_error,0.5473,1
txn_006373,cust_000667,1583.22,upi,1258,0,0,0.0,1,True,insufficient_balance,0.27,0
txn_006374,cust_001238,1304.36,card,386,14,12,0.8571,3,False,insufficient_balance,0.4171,0
txn_006375,cust_002770,4307.78,card,1280,22,18,0.8182,1,False,authentication_failed,0.4455,1
txn_006376,cust_003131,2686.27,netbanking,535,7,5,0.7143,3,False,bank_decline,0.4343,0
txn_006377,cust_001596,530.15,wallet,1293,16,15,0.9375,1,False,insufficient_balance,0.6013,0
txn_006378,cust_003019,2187.03,card,977,10,6,0.6,1,False,expired_card,0.33,0
txn_006379,cust_001486,357.06,wallet,1191,23,15,0.6522,1,False,network_error,0.6757,0
txn_006380,cust_001216,1156.53,upi,661,10,8,0.8,1,False,expired_card,0.39,1
txn_006381,cust_002756,1669.68,wallet,1244,22,14,0.6364,4,False,network_error,0.4309,0
txn_006382,cust_000627,707.25,upi,1232,1,1,1.0,1,False,insufficient_balance,0.62,0
txn_006383,cust_002361,412.77,card,1369,8,5,0.625,4,False,expired_card,0.0975,0
txn_006384,cust_001490,268.65,card,710,10,8,0.8,2,False,network_error,0.64,0
txn_006385,cust_000005,1253.3,wallet,1367,26,19,0.7308,1,False,insufficient_balance,0.5392,0
txn_006386,cust_003092,678.32,netbanking,924,27,22,0.8148,3,False,bank_decline,0.4644,1
txn_006387,cust_000435,1649.88,netbanking,1032,13,9,0.6923,4,False,bank_decline,0.3477,0
txn_006388,cust_001847,2840.23,upi,93,12,9,0.75,4,False,authentication_failed,0.185,0
txn_006389,cust_000629,889.6,card,1241,12,8,0.6667,4,False,network_error,0.44,0
txn_006390,cust_001497,1722.98,upi,374,24,16,0.6667,1,False,gateway_error,0.65,1
txn_006391,cust_001163,1233.14,wallet,1358,27,18,0.6667,3,False,expired_card,0.19,1
txn_006392,cust_002458,949.59,wallet,743,24,17,0.7083,2,False,gateway_error,0.5825,0
txn_006393,cust_000603,269.31,netbanking,890,13,10,0.7692,3,False,insufficient_balance,0.3908,0
txn_006394,cust_003157,1050.39,wallet,861,26,20,0.7692,2,False,expired_card,0.3008,0
txn_006395,cust_003144,1734.8,netbanking,1496,3,3,1.0,4,False,gateway_error,0.51,0
txn_006396,cust_002686,1208.74,upi,1150,22,19,0.8636,4,False,bank_decline,0.3991,0
txn_006397,cust_001702,1094.95,upi,1110,6,5,0.8333,1,False,insufficient_balance,0.57,1
txn_006398,cust_001676,696.27,wallet,908,6,6,1.0,2,False,insufficient_balance,0.54,0
txn_006399,cust_000752,3718.79,wallet,69,14,11,0.7857,1,False,gateway_error,0.6857,1
txn_006400,cust_002565,2174.29,netbanking,76,2,2,1.0,4,False,gateway_error,0.51,1
txn_006401,cust_001968,1262.04,card,1097,29,21,0.7241,2,False,network_error,0.6172,0
txn_006402,cust_001770,883.25,netbanking,1295,20,17,0.85,4,False,bank_decline,0.395,0
txn_006403,cust_000858,1777.78,wallet,1259,8,6,0.75,4,False,authentication_failed,0.185,0
txn_006404,cust_003240,2014.8,upi,1125,3,2,0.6667,4,False,network_error,0.44,1
txn_006405,cust_001548,156.01,card,69,6,5,0.8333,4,False,gateway_error,0.46,1
txn_006406,cust_002666,1727.89,netbanking,1211,1,1,1.0,1,False,bank_decline,0.68,1
txn_006407,cust_002203,855.81,card,1457,0,0,0.0,4,True,bank_decline,0.09,0
txn_006408,cust_002739,1115.0,wallet,1146,1,0,0.0,3,False,authentication_failed,0.04,0
txn_006409,cust_002607,299.41,netbanking,520,10,7,0.7,4,False,gateway_error,0.42,0
txn_006410,cust_000798,869.17,wallet,1025,0,0,0.0,3,True,expired_card,0.02,0
txn_006411,cust_001321,6721.84,wallet,1172,0,0,0.0,2,True,authentication_failed,0.07,0
txn_006412,cust_001042,444.38,card,525,19,13,0.6842,4,False,network_error,0.4453,0
txn_006413,cust_002699,1686.13,upi,1039,25,20,0.8,2,False,insufficient_balance,0.48,1
txn_006414,cust_002835,2717.61,card,145,24,19,0.7917,4,False,network_error,0.4775,0
txn_006415,cust_000218,1012.26,netbanking,463,13,11,0.8462,3,False,gateway_error,0.5438,1
txn_006416,cust_002501,803.04,netbanking,790,11,9,0.8182,3,False,insufficient_balance,0.4055,1
txn_006417,cust_002021,1196.12,upi,474,20,15,0.75,2,False,insufficient_balance,0.465,0
txn_006418,cust_002791,608.13,netbanking,617,24,21,0.875,1,False,insufficient_balance,0.5825,1
txn_006419,cust_002798,2380.52,upi,743,6,5,0.8333,4,False,network_error,0.49,1
txn_006420,cust_001633,1760.81,upi,1095,0,0,0.0,3,True,insufficient_balance,0.11,0
txn_006421,cust_002186,3512.9,card,523,27,19,0.7037,3,False,gateway_error,0.5011,1
txn_006422,cust_000324,6267.32,upi,613,18,14,0.7778,2,False,authentication_failed,0.3533,1
txn_006423,cust_002443,692.87,card,1326,10,7,0.7,4,False,bank_decline,0.35,1
txn_006424,cust_001406,370.34,upi,1361,24,19,0.7917,3,False,bank_decline,0.4575,0
txn_006425,cust_001788,493.11,netbanking,1058,9,8,0.8889,3,False,gateway_error,0.5567,0
txn_006426,cust_001546,538.65,netbanking,1073,5,5,1.0,4,False,insufficient_balance,0.38,0
txn_006427,cust_002245,1455.36,wallet,678,9,7,0.7778,4,False,insufficient_balance,0.3133,0
txn_006428,cust_002586,2467.14,upi,90,11,8,0.7273,1,False,authentication_failed,0.4182,1
txn_006429,cust_001732,1550.38,wallet,768,27,25,0.9259,4,False,network_error,0.5178,0
txn_006430,cust_001229,549.7,netbanking,1113,21,20,0.9524,3,False,bank_decline,0.5057,1
txn_006431,cust_001411,705.83,upi,926,15,12,0.8,3,False,authentication_failed,0.28,0
txn_006432,cust_002193,559.21,wallet,126,28,19,0.6786,2,False,bank_decline,0.5036,0
txn_006433,cust_003014,1195.01,wallet,423,20,15,0.75,2,False,insufficient_balance,0.465,0
txn_006434,cust_002468,1271.43,card,954,1,1,1.0,4,False,authentication_failed,0.26,1
txn_006435,cust_001812,2226.42,card,569,5,5,1.0,1,False,network_error,0.78,1
txn_006436,cust_000865,1494.79,netbanking,43,26,21,0.8077,4,False,authentication_failed,0.2023,0
txn_006437,cust_001826,508.48,card,616,14,7,0.5,1,False,network_error,0.63,0
txn_006438,cust_003281,700.92,card,193,29,17,0.5862,4,False,gateway_error,0.3859,0
txn_006439,cust_000879,764.54,card,113,13,9,0.6923,4,False,authentication_failed,0.1677,0
txn_006440,cust_000186,2646.86,upi,292,29,22,0.7586,2,False,gateway_error,0.5976,0
txn_006441,cust_001817,703.37,upi,1416,12,9,0.75,3,False,authentication_failed,0.265,0
txn_006442,cust_003104,1117.66,upi,242,21,17,0.8095,3,False,insufficient_balance,0.4029,0
txn_006443,cust_001786,471.24,upi,673,18,12,0.6667,2,False,bank_decline,0.5,1
txn_006444,cust_002207,1737.31,wallet,178,23,16,0.6957,1,False,insufficient_balance,0.5287,1
txn_006445,cust_000468,834.33,netbanking,293,11,6,0.5455,3,False,authentication_failed,0.2036,0
txn_006446,cust_002762,2425.24,wallet,128,7,7,1.0,3,False,authentication_failed,0.34,0
txn_006447,cust_001291,276.98,netbanking,907,9,6,0.6667,2,False,bank_decline,0.5,1
txn_006448,cust_001242,595.15,netbanking,53,24,21,0.875,4,False,network_error,0.5025,0
txn_006449,cust_003003,1633.16,card,1232,15,12,0.8,2,False,bank_decline,0.54,0
txn_006450,cust_001067,1041.47,upi,822,5,4,0.8,4,False,bank_decline,0.38,0
txn_006451,cust_002632,1202.14,card,529,14,11,0.7857,2,False,gateway_error,0.6057,1
txn_006452,cust_003233,1148.36,card,1490,12,12,1.0,3,False,bank_decline,0.52,1
txn_006453,cust_002899,641.21,wallet,879,8,6,0.75,1,False,expired_card,0.375,0
txn_006454,cust_001517,1553.83,card,183,28,20,0.7143,3,False,expired_card,0.2043,1
txn_006455,cust_001001,6130.98,wallet,981,28,21,0.75,4,False,expired_card,0.135,0
txn_006456,cust_001521,4731.31,card,375,26,18,0.6923,1,False,bank_decline,0.5877,0
txn_006457,cust_002190,5764.23,netbanking,796,4,4,1.0,3,False,network_error,0.62,1
txn_006458,cust_000919,1865.95,card,1073,24,21,0.875,4,False,network_error,0.5025,1
txn_006459,cust_001046,2023.23,upi,1169,1,1,1.0,3,False,bank_decline,0.52,1
txn_006460,cust_002459,2630.44,netbanking,1123,24,13,0.5417,1,False,insufficient_balance,0.4825,0
txn_006461,cust_001638,985.71,upi,1431,12,8,0.6667,2,False,bank_decline,0.5,0
txn_006462,cust_000617,266.09,upi,960,13,12,0.9231,3,False,gateway_error,0.5669,1
txn_006463,cust_001482,2660.31,wallet,1466,25,15,0.6,2,False,authentication_failed,0.3,0
txn_006464,cust_000096,4791.97,card,179,25,21,0.84,1,False,insufficient_balance,0.572,1
txn_006465,cust_003114,674.07,wallet,1437,6,5,0.8333,4,False,insufficient_balance,0.33,0
txn_006466,cust_001679,1348.05,wallet,507,26,18,0.6923,2,False,bank_decline,0.5077,0
txn_006467,cust_000198,1315.77,upi,1159,3,3,1.0,3,False,insufficient_balance,0.46,0
txn_006468,cust_002143,669.76,upi,770,19,15,0.7895,4,False,authentication_failed,0.1968,0
txn_006469,cust_003004,3336.55,netbanking,416,18,12,0.6667,4,False,gateway_error,0.41,0
txn_006470,cust_000199,1117.65,card,578,3,2,0.6667,3,False,bank_decline,0.42,0
txn_006471,cust_003041,862.59,card,936,9,6,0.6667,2,False,gateway_error,0.57,1
txn_006472,cust_001845,906.82,card,1330,2,1,0.5,1,False,network_error,0.63,1
txn_006473,cust_000020,390.49,card,903,14,11,0.7857,4,False,gateway_error,0.4457,1
txn_006474,cust_000472,380.57,card,930,2,2,1.0,1,False,authentication_failed,0.5,0
txn_006475,cust_000782,852.23,upi,221,4,3,0.75,2,False,gateway_error,0.595,1
txn_006476,cust_001831,2869.2,upi,658,9,6,0.6667,2,False,authentication_failed,0.32,0
txn_006477,cust_001162,793.16,netbanking,1030,15,13,0.8667,3,False,authentication_failed,0.3,0
txn_006478,cust_000515,2120.44,netbanking,534,21,17,0.8095,1,False,network_error,0.7229,1
txn_006479,cust_002430,442.96,card,1072,15,8,0.5333,1,False,gateway_error,0.61,1
txn_006480,cust_002334,1660.63,upi,666,28,21,0.75,1,False,gateway_error,0.675,1
txn_006481,cust_000330,3358.2,card,361,1,1,1.0,1,False,gateway_error,0.75,1
txn_006482,cust_000234,2153.62,upi,561,5,4,0.8,4,False,bank_decline,0.38,1
txn_006483,cust_002751,690.16,netbanking,62,17,12,0.7059,2,False,insufficient_balance,0.4518,0
txn_006484,cust_002308,959.72,netbanking,587,26,23,0.8846,2,False,network_error,0.6654,1
txn_006485,cust_000395,410.2,upi,1319,12,9,0.75,4,False,bank_decline,0.365,0
txn_006486,cust_003171,544.52,upi,1215,28,15,0.5357,1,False,expired_card,0.3107,0
txn_006487,cust_001063,770.81,netbanking,1420,3,3,1.0,2,False,bank_decline,0.6,0
txn_006488,cust_002836,1228.81,upi,1298,18,15,0.8333,3,False,gateway_error,0.54,1
txn_006489,cust_003225,294.29,upi,901,20,16,0.8,1,False,gateway_error,0.69,1
txn_006490,cust_000867,2025.2,upi,702,10,8,0.8,2,False,expired_card,0.31,0
txn_006491,cust_001197,1759.81,netbanking,1349,9,7,0.7778,1,False,gateway_error,0.6833,1
txn_006492,cust_000143,3519.18,wallet,804,28,24,0.8571,4,False,insufficient_balance,0.3371,0
txn_006493,cust_002156,461.05,wallet,379,13,9,0.6923,4,False,insufficient_balance,0.2877,1
txn_006494,cust_001773,1282.97,wallet,1401,22,19,0.8636,3,False,insufficient_balance,0.4191,0
txn_006495,cust_000870,1200.35,card,1203,29,26,0.8966,2,False,expired_card,0.339,0
txn_006496,cust_002379,1014.0,card,318,4,2,0.5,2,False,bank_decline,0.45,0
txn_006497,cust_000181,1505.19,wallet,760,0,0,0.0,4,True,gateway_error,0.16,0
txn_006498,cust_001570,1323.74,netbanking,285,24,19,0.7917,1,False,bank_decline,0.6175,0
txn_006499,cust_002282,1563.76,wallet,414,4,3,0.75,3,False,bank_decline,0.445,1
txn_006500,cust_000067,906.43,wallet,150,15,9,0.6,1,False,network_error,0.66,0
txn_006501,cust_003123,584.21,upi,329,2,1,0.5,1,False,bank_decline,0.53,0
txn_006502,cust_002648,428.35,card,702,11,9,0.8182,2,False,bank_decline,0.5455,0
txn_006503,cust_002128,2325.96,wallet,975,7,4,0.5714,1,False,bank_decline,0.5514,1
txn_006504,cust_001379,2538.78,card,1285,7,6,0.8571,3,False,insufficient_balance,0.4171,0
txn_006505,cust_000505,1241.27,card,834,3,1,0.3333,1,False,insufficient_balance,0.42,1
txn_006506,cust_000642,2619.18,card,978,18,16,0.8889,3,False,network_error,0.5867,1
txn_006507,cust_002929,394.26,upi,462,3,2,0.6667,2,False,network_error,0.6,1
txn_006508,cust_002812,725.19,upi,192,25,17,0.68,1,False,bank_decline,0.584,1
txn_006509,cust_001585,1013.51,netbanking,188,20,18,0.9,4,False,network_error,0.51,1
txn_006510,cust_003085,1535.64,wallet,435,22,17,0.7727,2,False,gateway_error,0.6018,0
txn_006511,cust_000897,9718.96,card,506,2,0,0.0,3,False,insufficient_balance,0.16,0
txn_006512,cust_002058,344.22,upi,1280,16,9,0.5625,2,False,insufficient_balance,0.4088,0
txn_006513,cust_000992,1479.08,upi,672,18,13,0.7222,2,False,insufficient_balance,0.4567,1
txn_006514,cust_002097,2476.38,wallet,934,27,20,0.7407,4,False,bank_decline,0.3622,1
txn_006515,cust_001096,3804.79,wallet,1351,22,18,0.8182,3,False,expired_card,0.2355,0
txn_006516,cust_000639,420.32,netbanking,908,12,7,0.5833,4,False,bank_decline,0.315,0
txn_006517,cust_003104,839.06,card,307,29,18,0.6207,3,False,gateway_error,0.4762,1
txn_006518,cust_003238,1091.19,wallet,1047,8,8,1.0,1,False,bank_decline,0.68,1
txn_006519,cust_002472,905.59,netbanking,1137,0,0,0.0,2,True,expired_card,0.02,0
txn_006520,cust_002975,1153.83,wallet,1019,0,0,0.0,2,True,network_error,0.35,0
txn_006521,cust_001980,787.98,netbanking,886,20,15,0.75,1,False,bank_decline,0.605,0
txn_006522,cust_003057,5323.6,card,934,19,15,0.7895,2,False,network_error,0.6368,0
txn_006523,cust_002041,2417.15,card,1187,15,12,0.8,4,False,gateway_error,0.45,1
txn_006524,cust_000438,965.27,wallet,711,4,3,0.75,4,False,gateway_error,0.435,0
txn_006525,cust_001547,1005.27,card,350,12,7,0.5833,4,False,authentication_failed,0.135,0
txn_006526,cust_000795,416.63,upi,1303,25,20,0.8,1,False,bank_decline,0.62,1
txn_006527,cust_001149,133.01,card,1247,16,14,0.875,4,False,bank_decline,0.4025,1
txn_006528,cust_003007,1575.29,wallet,61,5,4,0.8,4,False,network_error,0.48,1
txn_006529,cust_003040,6996.1,netbanking,170,8,6,0.75,1,False,expired_card,0.375,1
txn_006530,cust_000333,904.38,netbanking,1007,0,0,0.0,1,True,bank_decline,0.33,0
txn_006531,cust_002580,375.54,wallet,202,6,5,0.8333,4,False,bank_decline,0.39,1
txn_006532,cust_000495,577.9,card,159,20,15,0.75,2,False,expired_card,0.295,1
txn_006533,cust_003249,1946.03,card,191,29,22,0.7586,1,False,bank_decline,0.6076,1
txn_006534,cust_001015,2390.53,upi,1184,14,13,0.9286,2,False,network_error,0.6786,1
txn_006535,cust_001896,600.98,wallet,750,0,0,0.0,4,True,expired_card,0.02,0
txn_006536,cust_002264,965.36,wallet,615,24,17,0.7083,1,False,insufficient_balance,0.5325,0
txn_006537,cust_001514,1523.9,wallet,928,6,6,1.0,3,False,network_error,0.62,1
txn_006538,cust_000458,3879.4,card,141,12,11,0.9167,2,False,network_error,0.675,0
txn_006539,cust_001306,409.7,card,1159,17,14,0.8235,2,False,bank_decline,0.5471,1
txn_006540,cust_002457,2138.27,wallet,351,11,8,0.7273,4,False,authentication_failed,0.1782,0
txn_006541,cust_002165,420.0,card,529,20,13,0.65,2,False,gateway_error,0.565,0
txn_006542,cust_002528,5478.69,netbanking,387,5,3,0.6,4,False,insufficient_balance,0.26,1
txn_006543,cust_002691,942.11,upi,646,27,18,0.6667,4,False,expired_card,0.11,0
txn_006544,cust_002451,1139.85,netbanking,1152,12,11,0.9167,1,False,insufficient_balance,0.595,1
txn_006545,cust_000648,939.19,wallet,491,27,24,0.8889,3,False,network_error,0.5867,0
txn_006546,cust_002002,972.95,netbanking,264,6,5,0.8333,1,False,gateway_error,0.7,0
txn_006547,cust_003247,585.9,wallet,276,6,3,0.5,3,False,gateway_error,0.44,0
txn_006548,cust_002246,531.97,upi,682,1,1,1.0,3,False,bank_decline,0.52,1
txn_006549,cust_003221,991.36,upi,131,4,3,0.75,1,False,insufficient_balance,0.545,0
txn_006550,cust_002910,1137.95,netbanking,121,25,22,0.88,2,False,gateway_error,0.634,0
txn_006551,cust_002973,1816.67,upi,1154,4,2,0.5,1,False,bank_decline,0.53,0
txn_006552,cust_000546,529.37,upi,768,22,17,0.7727,4,False,expired_card,0.1418,0
txn_006553,cust_000958,3101.4,netbanking,1099,22,18,0.8182,3,False,bank_decline,0.4655,0
txn_006554,cust_000948,602.7,card,1492,7,5,0.7143,3,False,authentication_failed,0.2543,1
txn_006555,cust_001609,581.39,wallet,763,15,11,0.7333,3,False,bank_decline,0.44,1
txn_006556,cust_001758,685.81,card,161,6,6,1.0,3,False,bank_decline,0.52,1
txn_006557,cust_000603,1301.44,card,1158,2,2,1.0,3,False,network_error,0.62,1
txn_006558,cust_000696,1792.43,netbanking,652,17,10,0.5882,2,False,insufficient_balance,0.4165,1
txn_006559,cust_001633,278.67,wallet,16,26,20,0.7692,4,False,gateway_error,0.4408,0
txn_006560,cust_002267,779.31,netbanking,712,7,4,0.5714,1,False,authentication_failed,0.3714,0
txn_006561,cust_002198,1368.58,wallet,1393,14,13,0.9286,1,False,insufficient_balance,0.5986,0
txn_006562,cust_002734,1522.43,card,405,11,6,0.5455,3,False,network_error,0.4836,1
txn_006563,cust_001469,364.3,upi,367,25,15,0.6,3,False,authentication_failed,0.22,0
txn_006564,cust_003019,1176.27,upi,814,28,20,0.7143,4,False,gateway_error,0.4243,1
txn_006565,cust_002960,994.34,netbanking,1112,20,13,0.65,4,False,insufficient_balance,0.275,0
txn_006566,cust_001816,658.22,netbanking,593,17,9,0.5294,4,False,bank_decline,0.2988,0
txn_006567,cust_001928,766.29,card,1032,8,6,0.75,4,False,gateway_error,0.435,0
txn_006568,cust_000310,1636.91,upi,940,15,12,0.8,4,False,authentication_failed,0.2,1
txn_006569,cust_000346,397.23,card,681,25,20,0.8,4,False,expired_card,0.15,0
txn_006570,cust_001334,1555.35,card,1293,2,2,1.0,3,False,authentication_failed,0.34,1
txn_006571,cust_002366,1484.49,card,36,2,2,1.0,4,False,authentication_failed,0.26,0
txn_006572,cust_002975,1032.59,upi,1485,17,10,0.5882,3,False,insufficient_balance,0.3365,1
txn_006573,cust_000866,2875.69,wallet,368,5,5,1.0,4,False,bank_decline,0.44,1
txn_006574,cust_000354,477.09,wallet,598,6,5,0.8333,2,False,bank_decline,0.55,0
txn_006575,cust_000902,334.4,upi,958,23,17,0.7391,2,False,expired_card,0.2917,1
txn_006576,cust_002873,519.61,netbanking,672,9,8,0.8889,4,False,gateway_error,0.4767,1
txn_006577,cust_002821,614.91,netbanking,1000,6,5,0.8333,4,False,gateway_error,0.46,0
txn_006578,cust_001859,1138.52,card,1260,2,1,0.5,2,False,gateway_error,0.52,0
txn_006579,cust_001519,7414.75,netbanking,188,17,10,0.5882,1,False,network_error,0.6565,0
txn_006580,cust_001730,4310.24,upi,575,17,15,0.8824,2,False,gateway_error,0.6347,1
txn_006581,cust_003084,3527.95,card,1051,24,16,0.6667,4,False,network_error,0.44,0
txn_006582,cust_000948,270.93,upi,231,27,20,0.7407,2,False,gateway_error,0.5922,1
txn_006583,cust_001428,4521.7,upi,622,12,11,0.9167,3,False,insufficient_balance,0.435,0
txn_006584,cust_000389,2347.32,netbanking,1248,6,4,0.6667,1,False,bank_decline,0.58,0
txn_006585,cust_001658,394.79,upi,644,3,2,0.6667,3,False,network_error,0.52,0
txn_006586,cust_002658,1627.57,netbanking,167,12,10,0.8333,2,False,expired_card,0.32,0
txn_006587,cust_001060,816.59,wallet,863,4,3,0.75,3,False,gateway_error,0.515,1
txn_006588,cust_001361,459.72,netbanking,205,22,17,0.7727,3,False,authentication_failed,0.2718,0
txn_006589,cust_003325,6172.83,card,1200,9,6,0.6667,1,False,bank_decline,0.58,0
txn_006590,cust_002096,1809.2,card,211,8,7,0.875,4,False,network_error,0.5025,1
txn_006591,cust_001981,2109.11,card,577,29,20,0.6897,3,False,insufficient_balance,0.3669,0
txn_006592,cust_000957,1460.66,wallet,101,25,22,0.88,1,False,network_error,0.744,1
txn_006593,cust_002357,291.93,netbanking,27,21,13,0.619,3,False,gateway_error,0.4757,1
txn_006594,cust_002717,1763.51,card,313,17,12,0.7059,4,False,insufficient_balance,0.2918,0
txn_006595,cust_001009,577.63,card,737,11,6,0.5455,3,False,insufficient_balance,0.3236,0
txn_006596,cust_002403,816.51,upi,1488,9,8,0.8889,2,False,gateway_error,0.6367,0
txn_006597,cust_000918,1570.48,wallet,1459,10,6,0.6,3,False,bank_decline,0.4,1
txn_006598,cust_000119,601.15,upi,1216,5,4,0.8,4,False,bank_decline,0.38,0
txn_006599,cust_001991,1352.91,upi,1348,16,12,0.75,4,False,insufficient_balance,0.305,0
txn_006600,cust_001933,1931.16,upi,1321,10,8,0.8,2,False,insufficient_balance,0.48,0
txn_006601,cust_001880,1105.08,wallet,378,19,13,0.6842,2,False,bank_decline,0.5053,1
txn_006602,cust_001868,738.15,netbanking,417,3,2,0.6667,3,False,bank_decline,0.42,0
txn_006603,cust_002011,283.39,card,39,11,8,0.7273,4,False,gateway_error,0.4282,1
txn_006604,cust_002144,700.48,upi,1440,27,18,0.6667,3,False,expired_card,0.19,1
txn_006605,cust_001113,637.66,upi,868,24,20,0.8333,2,False,insufficient_balance,0.49,1
txn_006606,cust_000426,1667.42,upi,967,20,15,0.75,3,False,authentication_failed,0.265,1
txn_006607,cust_002748,3733.98,card,1380,19,14,0.7368,4,False,authentication_failed,0.1811,1
txn_006608,cust_002622,2016.98,upi,601,14,8,0.5714,3,False,authentication_failed,0.2114,0
txn_006609,cust_003110,365.78,card,685,8,6,0.75,4,False,expired_card,0.135,1
txn_006610,cust_003096,6697.72,netbanking,1273,1,1,1.0,2,False,expired_card,0.37,1
txn_006611,cust_003134,617.46,netbanking,518,24,22,0.9167,1,False,bank_decline,0.655,1
txn_006612,cust_002682,2017.85,card,67,26,14,0.5385,1,False,bank_decline,0.5415,1
txn_006613,cust_001725,3330.38,card,1176,16,11,0.6875,3,False,network_error,0.5262,0
txn_006614,cust_000748,548.68,wallet,1044,10,7,0.7,4,False,insufficient_balance,0.29,0
txn_006615,cust_003160,601.4,netbanking,1292,8,4,0.5,2,False,insufficient_balance,0.39,0
txn_006616,cust_002829,1197.49,card,268,27,22,0.8148,4,False,network_error,0.4844,1
txn_006617,cust_001339,1689.96,card,298,8,7,0.875,3,False,authentication_failed,0.3025,0
txn_006618,cust_002084,1361.5,card,719,18,16,0.8889,3,False,gateway_error,0.5567,1
txn_006619,cust_000795,1982.65,netbanking,1386,24,22,0.9167,4,False,expired_card,0.185,0
txn_006620,cust_000587,555.79,netbanking,87,6,5,0.8333,2,False,insufficient_balance,0.49,1
txn_006621,cust_002239,2226.64,upi,813,9,8,0.8889,3,False,gateway_error,0.5567,1
txn_006622,cust_001057,352.02,card,817,9,8,0.8889,3,False,network_error,0.5867,1
txn_006623,cust_000622,1494.96,netbanking,269,0,0,0.0,1,True,bank_decline,0.33,0
txn_006624,cust_000037,1500.17,card,773,8,3,0.375,4,False,bank_decline,0.2525,0
txn_006625,cust_001142,368.21,netbanking,157,13,9,0.6923,4,False,network_error,0.4477,0
txn_006626,cust_001529,5899.33,wallet,559,27,23,0.8519,4,False,bank_decline,0.3956,0
txn_006627,cust_002328,4646.72,wallet,925,7,4,0.5714,1,False,gateway_error,0.6214,1
txn_006628,cust_000169,1269.24,upi,1014,22,19,0.8636,1,False,network_error,0.7391,0
txn_006629,cust_002659,1005.02,wallet,874,20,18,0.9,4,False,insufficient_balance,0.35,1
txn_006630,cust_000760,2010.51,netbanking,113,24,18,0.75,2,False,network_error,0.625,1
txn_006631,cust_003327,827.97,netbanking,1430,29,21,0.7241,2,False,bank_decline,0.5172,0
txn_006632,cust_001719,955.79,netbanking,774,29,16,0.5517,4,False,gateway_error,0.3755,0
txn_006633,cust_002790,801.79,upi,46,22,13,0.5909,4,False,network_error,0.4173,1
txn_006634,cust_001876,2103.55,card,138,24,19,0.7917,1,False,insufficient_balance,0.5575,0
txn_006635,cust_002312,1235.47,card,1339,20,16,0.8,2,False,bank_decline,0.54,0
txn_006636,cust_002522,9260.96,wallet,1401,6,4,0.6667,1,False,expired_card,0.35,1
txn_006637,cust_002991,3796.61,wallet,817,12,11,0.9167,3,False,bank_decline,0.495,1
txn_006638,cust_002267,1759.15,upi,408,21,9,0.4286,4,False,bank_decline,0.2686,0
txn_006639,cust_000396,1292.1,wallet,1329,1,1,1.0,3,False,expired_card,0.29,0
txn_006640,cust_001013,320.74,netbanking,1372,12,8,0.6667,3,False,expired_card,0.19,0
txn_006641,cust_002806,2274.13,upi,506,6,5,0.8333,1,False,expired_card,0.4,0
txn_006642,cust_002654,246.14,upi,120,15,12,0.8,1,False,insufficient_balance,0.56,1
txn_006643,cust_000258,805.85,upi,509,10,6,0.6,1,False,bank_decline,0.56,0
txn_006644,cust_000924,2380.59,wallet,496,7,6,0.8571,2,False,gateway_error,0.6271,1
txn_006645,cust_003322,450.14,wallet,397,16,13,0.8125,3,False,insufficient_balance,0.4037,1
txn_006646,cust_002600,1278.56,wallet,1255,2,1,0.5,3,False,network_error,0.47,0
txn_006647,cust_000236,318.82,upi,1266,22,16,0.7273,4,False,network_error,0.4582,1
txn_006648,cust_001584,903.88,card,1483,27,22,0.8148,3,False,bank_decline,0.4644,1
txn_006649,cust_002288,189.65,upi,1444,20,17,0.85,1,False,bank_decline,0.635,1
txn_006650,cust_000032,641.33,netbanking,1499,7,6,0.8571,3,False,expired_card,0.2471,0
txn_006651,cust_001647,1574.14,netbanking,861,10,10,1.0,2,False,authentication_failed,0.42,0
txn_006652,cust_001559,464.1,upi,15,7,6,0.8571,1,False,expired_card,0.4071,1
txn_006653,cust_001341,565.18,card,1446,1,1,1.0,1,False,insufficient_balance,0.62,1
txn_006654,cust_001705,977.58,wallet,1228,13,9,0.6923,4,False,expired_card,0.1177,0
txn_006655,cust_002417,422.42,upi,92,12,8,0.6667,1,False,bank_decline,0.58,1
txn_006656,cust_002266,549.59,netbanking,330,24,21,0.875,4,False,expired_card,0.1725,1
txn_006657,cust_000817,3889.58,wallet,974,18,14,0.7778,2,False,bank_decline,0.5333,0
txn_006658,cust_001437,463.19,card,67,15,13,0.8667,4,False,bank_decline,0.4,1
txn_006659,cust_000846,258.57,card,735,12,11,0.9167,2,False,insufficient_balance,0.515,1
txn_006660,cust_003091,340.89,upi,747,5,4,0.8,2,False,bank_decline,0.54,0
txn_006661,cust_000812,773.99,netbanking,504,3,3,1.0,2,False,authentication_failed,0.42,1
txn_006662,cust_001057,477.01,wallet,626,22,18,0.8182,4,False,authentication_failed,0.2055,0
txn_006663,cust_002368,1198.73,card,620,10,7,0.7,3,False,insufficient_balance,0.37,0
txn_006664,cust_002107,1734.9,netbanking,3,1,1,1.0,4,False,gateway_error,0.51,0
txn_006665,cust_001462,1311.28,upi,64,14,11,0.7857,3,False,gateway_error,0.5257,0
txn_006666,cust_001934,1166.42,wallet,435,19,14,0.7368,1,False,network_error,0.7011,0
txn_006667,cust_001611,338.83,netbanking,1372,24,18,0.75,3,False,bank_decline,0.445,1
txn_006668,cust_000864,1349.04,netbanking,466,0,0,0.0,3,True,insufficient_balance,0.11,0
txn_006669,cust_002213,294.35,upi,609,7,6,0.8571,4,False,gateway_error,0.4671,0
txn_006670,cust_001227,1360.3,netbanking,906,24,19,0.7917,2,False,bank_decline,0.5375,1
txn_006671,cust_001697,984.72,card,1276,25,19,0.76,1,False,insufficient_balance,0.548,1
txn_006672,cust_002679,1705.06,wallet,682,19,13,0.6842,2,False,insufficient_balance,0.4453,0
txn_006673,cust_001693,521.32,netbanking,357,17,12,0.7059,4,False,network_error,0.4518,1
txn_006674,cust_002159,2418.62,netbanking,274,27,19,0.7037,3,False,bank_decline,0.4311,1
txn_006675,cust_000796,918.44,card,846,7,4,0.5714,4,False,insufficient_balance,0.2514,0
txn_006676,cust_002955,1389.3,upi,870,24,16,0.6667,4,False,network_error,0.44,0
txn_006677,cust_003163,412.43,wallet,1013,29,23,0.7931,1,False,bank_decline,0.6179,1
txn_006678,cust_001122,407.81,upi,724,5,4,0.8,2,False,gateway_error,0.61,1
txn_006679,cust_001936,910.43,upi,936,7,7,1.0,3,False,expired_card,0.29,0
txn_006680,cust_001544,715.88,netbanking,611,1,1,1.0,2,False,bank_decline,0.6,1
txn_006681,cust_003096,1400.25,upi,640,29,21,0.7241,4,False,gateway_error,0.4272,0
txn_006682,cust_000226,1785.1,upi,1174,2,2,1.0,3,False,authentication_failed,0.34,0
txn_006683,cust_002442,767.54,wallet,1128,11,6,0.5455,2,False,gateway_error,0.5336,1
txn_006684,cust_000057,2326.34,card,491,24,15,0.625,2,False,authentication_failed,0.3075,1
txn_006685,cust_000362,626.83,wallet,1122,5,3,0.6,3,False,bank_decline,0.4,0
txn_006686,cust_002607,500.38,upi,708,20,17,0.85,2,False,network_error,0.655,1
txn_006687,cust_001358,881.18,card,1429,23,17,0.7391,4,False,bank_decline,0.3617,1
txn_006688,cust_002672,440.03,card,652,12,10,0.8333,4,False,gateway_error,0.46,1
txn_006689,cust_000941,1664.02,card,805,12,9,0.75,1,False,bank_decline,0.605,1
txn_006690,cust_002236,2135.58,wallet,1048,21,18,0.8571,2,False,authentication_failed,0.3771,0
txn_006691,cust_000137,571.27,upi,827,22,18,0.8182,4,False,bank_decline,0.3855,1
txn_006692,cust_001311,916.84,wallet,798,3,0,0.0,4,False,bank_decline,0.14,0
txn_006693,cust_000166,1001.15,wallet,638,18,13,0.7222,1,False,authentication_failed,0.4167,1
txn_006694,cust_003212,1549.17,netbanking,140,11,6,0.5455,2,False,bank_decline,0.4636,0
txn_006695,cust_002448,5199.45,card,1064,13,11,0.8462,4,False,gateway_error,0.4638,1
txn_006696,cust_002302,1152.82,netbanking,1358,10,7,0.7,4,False,gateway_error,0.42,0
txn_006697,cust_000751,296.51,wallet,213,6,6,1.0,1,False,network_error,0.78,1
txn_006698,cust_000331,2121.61,card,1151,7,4,0.5714,4,False,network_error,0.4114,0
txn_006699,cust_000257,4428.01,upi,1040,5,5,1.0,2,False,bank_decline,0.6,0
txn_006700,cust_001116,2503.8,upi,1320,5,4,0.8,2,False,insufficient_balance,0.48,1
txn_006701,cust_002532,4527.68,card,168,6,4,0.6667,3,False,network_error,0.52,1
txn_006702,cust_003315,1384.0,netbanking,1399,10,9,0.9,2,False,insufficient_balance,0.51,1
txn_006703,cust_002085,2853.4,wallet,1013,5,3,0.6,2,False,bank_decline,0.48,1
txn_006704,cust_003219,847.19,netbanking,280,1,0,0.0,4,False,insufficient_balance,0.08,0
txn_006705,cust_000367,609.12,card,832,22,16,0.7273,3,False,insufficient_balance,0.3782,1
txn_006706,cust_001184,781.35,netbanking,883,17,15,0.8824,1,False,expired_card,0.4147,1
txn_006707,cust_001543,1055.47,upi,700,5,4,0.8,4,False,insufficient_balance,0.32,0
txn_006708,cust_002368,2317.7,netbanking,716,28,22,0.7857,4,False,bank_decline,0.3757,0
txn_006709,cust_001802,2364.37,card,574,2,2,1.0,1,False,bank_decline,0.68,1
txn_006710,cust_001205,987.33,netbanking,734,28,20,0.7143,3,False,insufficient_balance,0.3743,0
txn_006711,cust_003206,1790.46,netbanking,407,6,6,1.0,3,False,insufficient_balance,0.46,0
txn_006712,cust_000654,937.88,upi,927,8,8,1.0,3,False,bank_decline,0.52,0
txn_006713,cust_001496,2086.58,wallet,2,9,6,0.6667,4,False,insufficient_balance,0.28,0
txn_006714,cust_003230,458.06,wallet,446,17,12,0.7059,3,False,network_error,0.5318,0
txn_006715,cust_002237,4778.87,upi,1051,7,7,1.0,4,False,insufficient_balance,0.38,0
txn_006716,cust_002251,5463.09,netbanking,1004,29,25,0.8621,2,False,authentication_failed,0.3786,1
txn_006717,cust_001975,3782.45,card,975,15,11,0.7333,3,False,network_error,0.54,0
txn_006718,cust_002708,679.72,upi,1101,17,12,0.7059,4,False,insufficient_balance,0.2918,0
txn_006719,cust_003055,732.81,upi,639,7,4,0.5714,3,False,insufficient_balance,0.3314,0
txn_006720,cust_000118,784.73,netbanking,1040,25,21,0.84,4,False,bank_decline,0.392,0
txn_006721,cust_000150,732.12,upi,1026,6,5,0.8333,1,False,network_error,0.73,1
txn_006722,cust_001879,924.97,upi,67,3,2,0.6667,4,False,bank_decline,0.34,0
txn_006723,cust_000749,520.6,card,1398,3,1,0.3333,3,False,network_error,0.42,0
txn_006724,cust_002926,1701.84,card,491,10,7,0.7,2,False,authentication_failed,0.33,1
txn_006725,cust_001656,280.15,wallet,1116,18,15,0.8333,1,False,authentication_failed,0.45,1
txn_006726,cust_003310,1235.69,card,303,28,22,0.7857,2,False,gateway_error,0.6057,1
txn_006727,cust_002238,3180.16,netbanking,1404,12,10,0.8333,3,False,bank_decline,0.47,1
txn_006728,cust_000318,921.09,card,972,13,11,0.8462,1,False,gateway_error,0.7038,1
txn_006729,cust_003014,1137.47,upi,854,8,7,0.875,4,False,bank_decline,0.4025,0
txn_006730,cust_000017,2500.25,netbanking,1209,5,4,0.8,4,False,expired_card,0.15,0
txn_006731,cust_000942,219.96,netbanking,907,19,17,0.8947,2,False,bank_decline,0.5684,0
txn_006732,cust_000105,313.41,netbanking,308,14,6,0.4286,4,False,bank_decline,0.2686,0
txn_006733,cust_001727,1621.34,netbanking,1492,24,17,0.7083,3,False,network_error,0.5325,1
txn_006734,cust_000700,912.87,wallet,1450,0,0,0.0,4,True,insufficient_balance,0.03,0
txn_006735,cust_002737,1665.53,card,421,2,1,0.5,4,False,insufficient_balance,0.23,1
txn_006736,cust_003312,290.48,wallet,1210,0,0,0.0,3,True,insufficient_balance,0.11,0
txn_006737,cust_001515,710.85,upi,1442,14,10,0.7143,4,False,network_error,0.4543,1
txn_006738,cust_001356,382.01,upi,149,25,18,0.72,4,False,gateway_error,0.426,1
txn_006739,cust_003187,772.79,wallet,552,21,19,0.9048,4,False,bank_decline,0.4114,1
txn_006740,cust_002235,330.14,wallet,1304,20,13,0.65,2,False,bank_decline,0.495,1
txn_006741,cust_002683,1172.62,wallet,1194,11,10,0.9091,4,False,insufficient_balance,0.3527,1
txn_006742,cust_000167,183.69,upi,142,29,22,0.7586,4,False,network_error,0.4676,0
txn_006743,cust_002874,103.75,upi,1227,13,10,0.7692,2,False,network_error,0.6308,0
txn_006744,cust_000909,1061.62,netbanking,33,23,20,0.8696,2,False,insufficient_balance,0.5009,0
txn_006745,cust_000136,939.96,upi,831,18,16,0.8889,2,False,gateway_error,0.6367,1
txn_006746,cust_001829,3328.38,card,1159,26,21,0.8077,4,False,expired_card,0.1523,1
txn_006747,cust_000163,224.91,netbanking,486,4,4,1.0,2,False,bank_decline,0.6,1
txn_006748,cust_001504,670.37,upi,85,15,12,0.8,4,False,insufficient_balance,0.32,0
txn_006749,cust_002100,1161.18,wallet,568,5,4,0.8,3,False,expired_card,0.23,0
txn_006750,cust_002745,2075.89,card,492,7,4,0.5714,2,False,gateway_error,0.5414,0
txn_006751,cust_003331,689.53,upi,533,0,0,0.0,3,True,insufficient_balance,0.11,0
txn_006752,cust_000318,3758.27,wallet,1245,23,15,0.6522,3,False,network_error,0.5157,0
txn_006753,cust_002579,257.43,wallet,810,12,10,0.8333,2,False,gateway_error,0.62,0
txn_006754,cust_000420,789.64,netbanking,1073,3,2,0.6667,4,False,bank_decline,0.34,1
txn_006755,cust_001761,391.39,netbanking,17,9,7,0.7778,3,False,network_error,0.5533,0
txn_006756,cust_001095,683.74,upi,1173,5,4,0.8,4,False,gateway_error,0.45,0
txn_006757,cust_003202,3465.37,upi,1266,11,8,0.7273,1,False,bank_decline,0.5982,1
txn_006758,cust_000538,4652.41,card,1431,12,9,0.75,4,False,network_error,0.465,1
txn_006759,cust_001344,1204.17,netbanking,751,8,6,0.75,1,False,insufficient_balance,0.545,1
txn_006760,cust_002780,1157.6,upi,1003,8,6,0.75,4,False,bank_decline,0.365,1
txn_006761,cust_002087,566.35,wallet,510,10,9,0.9,2,False,gateway_error,0.64,1
txn_006762,cust_003262,1218.24,card,762,7,6,0.8571,3,False,network_error,0.5771,0
txn_006763,cust_002254,1346.46,upi,309,14,12,0.8571,1,False,authentication_failed,0.4571,1
txn_006764,cust_001357,1198.9,upi,612,0,0,0.0,1,True,bank_decline,0.33,0
txn_006765,cust_002328,611.26,card,1388,26,21,0.8077,2,False,network_error,0.6423,1
txn_006766,cust_000817,659.28,wallet,1182,8,5,0.625,3,False,expired_card,0.1775,0
txn_006767,cust_000678,437.75,netbanking,1484,29,22,0.7586,2,False,bank_decline,0.5276,0
txn_006768,cust_000399,3366.14,upi,660,26,21,0.8077,2,False,authentication_failed,0.3623,1
txn_006769,cust_001734,1156.94,card,818,23,17,0.7391,3,False,insufficient_balance,0.3817,1
txn_006770,cust_003256,630.11,card,1327,14,11,0.7857,3,False,gateway_error,0.5257,1
txn_006771,cust_000098,1329.86,netbanking,372,8,7,0.875,3,False,bank_decline,0.4825,0
txn_006772,cust_000213,223.59,netbanking,1346,26,21,0.8077,1,False,insufficient_balance,0.5623,0
txn_006773,cust_002726,634.08,netbanking,711,12,9,0.75,3,False,insufficient_balance,0.385,1
txn_006774,cust_001098,409.89,card,1369,24,19,0.7917,2,False,authentication_failed,0.3575,1
txn_006775,cust_003271,2712.3,wallet,704,7,7,1.0,2,False,gateway_error,0.67,1
txn_006776,cust_001706,1227.99,card,1004,23,16,0.6957,4,False,network_error,0.4487,0
txn_006777,cust_002060,1517.69,upi,417,19,14,0.7368,2,False,authentication_failed,0.3411,0
txn_006778,cust_001513,643.36,netbanking,619,28,22,0.7857,4,False,expired_card,0.1457,0
txn_006779,cust_000503,949.51,card,849,18,15,0.8333,4,False,expired_card,0.16,0
txn_006780,cust_000480,5561.2,card,1148,17,14,0.8235,2,False,authentication_failed,0.3671,0
txn_006781,cust_000572,1117.42,card,804,5,3,0.6,4,False,network_error,0.42,0
txn_006782,cust_002130,1119.86,wallet,1244,4,4,1.0,3,False,gateway_error,0.59,1
txn_006783,cust_002121,319.48,upi,292,15,9,0.6,3,False,expired_card,0.17,0
txn_006784,cust_003214,636.8,upi,792,26,18,0.6923,4,False,bank_decline,0.3477,1
txn_006785,cust_001260,1583.84,upi,1278,4,2,0.5,1,False,network_error,0.63,0
txn_006786,cust_003189,2327.82,netbanking,1241,4,3,0.75,3,False,bank_decline,0.445,1
txn_006787,cust_002063,2079.93,upi,16,12,8,0.6667,4,False,insufficient_balance,0.28,0
txn_006788,cust_002226,276.62,netbanking,1439,13,8,0.6154,2,False,authentication_failed,0.3046,0
txn_006789,cust_001527,2492.95,wallet,920,26,18,0.6923,1,False,bank_decline,0.5877,1
txn_006790,cust_001738,1538.07,card,546,14,11,0.7857,3,False,authentication_failed,0.2757,0
txn_006791,cust_003089,1754.27,card,281,23,17,0.7391,4,False,network_error,0.4617,1
txn_006792,cust_000091,482.23,wallet,124,13,13,1.0,4,False,insufficient_balance,0.38,0
txn_006793,cust_002231,2146.08,netbanking,853,6,5,0.8333,2,False,gateway_error,0.62,1
txn_006794,cust_003285,508.05,wallet,921,2,1,0.5,2,False,gateway_error,0.52,1
txn_006795,cust_000380,4179.48,netbanking,691,21,17,0.8095,1,False,gateway_error,0.6929,1
txn_006796,cust_002553,1684.58,wallet,100,5,5,1.0,2,False,insufficient_balance,0.54,1
txn_006797,cust_001822,604.85,netbanking,543,16,13,0.8125,1,False,gateway_error,0.6938,0
txn_006798,cust_002725,1649.1,wallet,544,14,13,0.9286,2,False,expired_card,0.3486,0
txn_006799,cust_002292,1121.98,netbanking,259,12,10,0.8333,1,False,gateway_error,0.7,1
txn_006800,cust_000238,736.79,wallet,902,13,12,0.9231,1,False,network_error,0.7569,1
txn_006801,cust_001366,468.72,card,431,19,15,0.7895,1,False,authentication_failed,0.4368,0
txn_006802,cust_001709,692.67,card,967,4,2,0.5,1,False,authentication_failed,0.35,1
txn_006803,cust_000491,2908.3,netbanking,1082,17,15,0.8824,1,False,expired_card,0.4147,0
txn_006804,cust_000663,932.93,netbanking,1397,5,3,0.6,4,False,bank_decline,0.32,1
txn_006805,cust_001349,357.76,wallet,520,12,9,0.75,3,False,insufficient_balance,0.385,1
txn_006806,cust_002744,920.35,upi,149,27,19,0.7037,4,False,expired_card,0.1211,1
txn_006807,cust_000082,209.88,wallet,723,22,13,0.5909,4,False,insufficient_balance,0.2573,0
txn_006808,cust_002960,932.44,upi,334,7,6,0.8571,3,False,bank_decline,0.4771,0
txn_006809,cust_001378,886.73,wallet,868,12,11,0.9167,1,False,insufficient_balance,0.595,1
txn_006810,cust_003005,1172.52,wallet,49,17,14,0.8235,4,False,bank_decline,0.3871,0
txn_006811,cust_002850,2322.25,upi,1466,16,14,0.875,2,False,authentication_failed,0.3825,0
txn_006812,cust_001117,2323.44,upi,591,20,16,0.8,2,False,authentication_failed,0.36,1
txn_006813,cust_002385,599.36,netbanking,1198,0,0,0.0,4,True,expired_card,0.02,0
txn_006814,cust_002364,286.76,wallet,1212,23,20,0.8696,3,False,bank_decline,0.4809,1
txn_006815,cust_001809,1059.34,upi,180,16,11,0.6875,2,False,network_error,0.6063,0
txn_006816,cust_000284,348.29,wallet,643,29,24,0.8276,4,False,insufficient_balance,0.3283,0
txn_006817,cust_001460,2719.79,card,700,21,14,0.6667,3,False,gateway_error,0.49,1
txn_006818,cust_002409,541.47,upi,457,25,21,0.84,4,False,bank_decline,0.392,1
txn_006819,cust_003117,2835.68,wallet,1192,10,8,0.8,3,False,authentication_failed,0.28,0
txn_006820,cust_002630,2455.71,card,901,1,0,0.0,3,False,expired_card,0.02,0
txn_006821,cust_002202,477.14,netbanking,43,5,4,0.8,3,False,authentication_failed,0.28,0
txn_006822,cust_002212,1574.05,card,600,17,10,0.5882,3,False,network_error,0.4965,0
txn_006823,cust_003071,264.48,netbanking,1099,25,19,0.76,2,False,insufficient_balance,0.468,0
txn_006824,cust_000522,3853.65,upi,512,26,19,0.7308,4,False,bank_decline,0.3592,0
txn_006825,cust_003292,1913.81,wallet,59,0,0,0.0,2,True,authentication_failed,0.07,0
txn_006826,cust_002915,358.25,card,644,12,9,0.75,4,False,bank_decline,0.365,0
txn_006827,cust_000574,1609.03,card,274,2,1,0.5,3,False,authentication_failed,0.19,0
txn_006828,cust_002155,3075.44,wallet,136,19,14,0.7368,3,False,insufficient_balance,0.3811,0
txn_006829,cust_002607,3600.33,upi,1184,16,11,0.6875,2,False,insufficient_balance,0.4462,1
txn_006830,cust_002846,604.94,upi,581,3,2,0.6667,1,False,gateway_error,0.65,1
txn_006831,cust_002657,506.31,wallet,1287,14,13,0.9286,4,False,bank_decline,0.4186,1
txn_006832,cust_000571,645.64,upi,1037,2,1,0.5,4,False,bank_decline,0.29,0
txn_006833,cust_000202,2453.91,upi,425,23,18,0.7826,2,False,gateway_error,0.6048,0
txn_006834,cust_001624,523.22,netbanking,397,17,15,0.8824,4,False,gateway_error,0.4747,0
txn_006835,cust_002015,584.37,wallet,796,11,7,0.6364,4,False,gateway_error,0.4009,0
txn_006836,cust_001953,1127.41,upi,1055,7,4,0.5714,2,False,bank_decline,0.4714,1
txn_006837,cust_002525,1587.88,card,687,9,4,0.4444,1,False,authentication_failed,0.3333,0
txn_006838,cust_000234,1022.05,card,218,27,19,0.7037,4,False,gateway_error,0.4211,1
txn_006839,cust_002324,1327.76,wallet,1097,23,16,0.6957,3,False,bank_decline,0.4287,1
txn_006840,cust_002971,1238.24,upi,660,2,1,0.5,3,False,gateway_error,0.44,0
txn_006841,cust_000003,4010.54,netbanking,767,14,13,0.9286,4,False,bank_decline,0.4186,1
txn_006842,cust_002133,1719.88,netbanking,94,14,10,0.7143,2,False,gateway_error,0.5843,1
txn_006843,cust_001879,1091.24,wallet,1388,19,15,0.7895,4,False,bank_decline,0.3768,0
txn_006844,cust_002156,556.95,wallet,515,2,2,1.0,2,False,insufficient_balance,0.54,1
txn_006845,cust_000230,484.92,upi,366,24,18,0.75,4,False,insufficient_balance,0.305,0
txn_006846,cust_001694,122.59,card,266,13,9,0.6923,4,False,gateway_error,0.4177,0
txn_006847,cust_000977,913.02,wallet,249,8,4,0.5,3,False,insufficient_balance,0.31,0
txn_006848,cust_000077,3041.35,card,894,4,3,0.75,2,False,authentication_failed,0.345,0
txn_006849,cust_002608,864.05,netbanking,121,16,14,0.875,1,False,gateway_error,0.7125,0
txn_006850,cust_002800,1635.12,card,543,13,12,0.9231,1,False,insufficient_balance,0.5969,0
txn_006851,cust_000258,920.58,netbanking,1371,29,26,0.8966,3,False,bank_decline,0.489,1
txn_006852,cust_002349,1330.06,card,192,29,24,0.8276,4,False,insufficient_balance,0.3283,1
txn_006853,cust_001396,293.41,card,156,16,9,0.5625,2,False,authentication_failed,0.2888,1
txn_006854,cust_002806,3671.36,card,376,5,4,0.8,2,False,network_error,0.64,1
txn_006855,cust_001528,682.46,netbanking,557,3,3,1.0,3,False,gateway_error,0.59,0
txn_006856,cust_000462,737.14,card,120,10,6,0.6,3,False,insufficient_balance,0.34,0
txn_006857,cust_003265,2043.74,upi,470,21,15,0.7143,4,False,insufficient_balance,0.2943,0
txn_006858,cust_002703,1385.9,netbanking,1473,19,14,0.7368,2,False,insufficient_balance,0.4611,1
txn_006859,cust_001862,731.2,card,606,16,14,0.875,2,False,authentication_failed,0.3825,0
txn_006860,cust_002485,2615.29,wallet,1485,26,22,0.8462,1,False,authentication_failed,0.4538,1
txn_006861,cust_000270,491.06,wallet,685,6,5,0.8333,1,False,network_error,0.73,0
txn_006862,cust_001816,418.64,upi,29,10,7,0.7,3,False,gateway_error,0.5,1
txn_006863,cust_000143,541.96,upi,1463,20,15,0.75,2,False,gateway_error,0.595,1
txn_006864,cust_000663,503.24,netbanking,1334,1,0,0.0,1,False,gateway_error,0.45,1
txn_006865,cust_000368,923.55,card,369,14,11,0.7857,4,False,insufficient_balance,0.3157,1
txn_006866,cust_000520,1110.43,netbanking,108,28,25,0.8929,3,False,insufficient_balance,0.4279,1
txn_006867,cust_001582,1208.42,netbanking,1374,27,18,0.6667,3,False,expired_card,0.19,1
txn_006868,cust_002055,1070.21,card,552,29,20,0.6897,3,False,bank_decline,0.4269,0
txn_006869,cust_002103,2090.65,upi,1400,16,14,0.875,3,False,authentication_failed,0.3025,0
txn_006870,cust_000075,1023.58,upi,332,26,18,0.6923,1,False,bank_decline,0.5877,1
txn_006871,cust_001339,614.76,netbanking,951,23,18,0.7826,3,False,expired_card,0.2248,1
txn_006872,cust_002245,733.71,netbanking,1184,8,7,0.875,1,False,bank_decline,0.6425,1
txn_006873,cust_000117,1906.65,card,91,24,20,0.8333,4,False,network_error,0.49,1
txn_006874,cust_002433,2966.22,netbanking,667,9,5,0.5556,1,False,gateway_error,0.6167,0
txn_006875,cust_002779,518.32,wallet,1415,26,17,0.6538,3,False,insufficient_balance,0.3562,1
txn_006876,cust_002104,1084.61,netbanking,228,12,7,0.5833,4,False,gateway_error,0.385,1
txn_006877,cust_001164,785.49,upi,321,20,15,0.75,4,False,gateway_error,0.435,1
txn_006878,cust_001468,1288.84,upi,97,18,13,0.7222,3,False,network_error,0.5367,0
txn_006879,cust_002063,1654.23,upi,77,2,2,1.0,1,False,expired_card,0.45,0
txn_006880,cust_002941,207.41,wallet,1015,15,11,0.7333,4,False,bank_decline,0.36,0
txn_006881,cust_000124,712.63,upi,1430,13,12,0.9231,1,False,authentication_failed,0.4769,0
txn_006882,cust_001402,564.41,upi,890,17,13,0.7647,2,False,bank_decline,0.5294,0
txn_006883,cust_000824,1563.91,netbanking,968,16,14,0.875,2,False,authentication_failed,0.3825,0
txn_006884,cust_001921,767.38,card,1477,26,18,0.6923,2,False,authentication_failed,0.3277,0
txn_006885,cust_001883,1066.54,upi,888,25,19,0.76,3,False,gateway_error,0.518,1
txn_006886,cust_001180,2164.89,upi,1275,21,19,0.9048,4,False,expired_card,0.1814,0
txn_006887,cust_003068,412.85,netbanking,985,18,14,0.7778,4,False,expired_card,0.1433,0
txn_006888,cust_003158,872.81,upi,528,29,24,0.8276,3,False,insufficient_balance,0.4083,0
txn_006889,cust_002539,1318.34,card,363,22,17,0.7727,1,False,expired_card,0.3818,0
txn_006890,cust_001704,2563.96,wallet,1001,22,18,0.8182,2,False,bank_decline,0.5455,0
txn_006891,cust_001122,996.33,upi,704,28,21,0.75,2,False,bank_decline,0.525,0
txn_006892,cust_001577,389.47,netbanking,1132,3,3,1.0,2,False,bank_decline,0.6,1
txn_006893,cust_000114,380.4,netbanking,458,20,14,0.7,3,False,insufficient_balance,0.37,0
txn_006894,cust_001928,3054.71,netbanking,676,29,21,0.7241,4,False,network_error,0.4572,0
txn_006895,cust_000602,2055.18,card,116,4,2,0.5,4,False,gateway_error,0.36,0
txn_006896,cust_003229,353.81,wallet,113,12,7,0.5833,3,False,network_error,0.495,0
txn_006897,cust_002662,1440.89,wallet,913,20,17,0.85,2,False,gateway_error,0.625,1
txn_006898,cust_001711,1169.32,card,962,2,1,0.5,3,False,gateway_error,0.44,0
txn_006899,cust_002860,250.88,card,582,16,7,0.4375,2,False,authentication_failed,0.2513,0
txn_006900,cust_001516,3477.58,wallet,565,27,18,0.6667,3,False,gateway_error,0.49,0
txn_006901,cust_001849,990.14,card,240,19,13,0.6842,3,False,bank_decline,0.4253,1
txn_006902,cust_000088,1564.93,card,1029,18,12,0.6667,2,False,bank_decline,0.5,1
txn_006903,cust_001046,664.94,upi,769,26,24,0.9231,1,False,bank_decline,0.6569,0
txn_006904,cust_002080,1882.58,upi,556,7,6,0.8571,2,False,bank_decline,0.5571,1
txn_006905,cust_001722,817.74,wallet,1067,24,18,0.75,3,False,network_error,0.545,1
txn_006906,cust_001314,1166.67,wallet,1333,5,3,0.6,2,False,network_error,0.58,1
txn_006907,cust_001546,2091.65,netbanking,246,25,15,0.6,2,False,gateway_error,0.55,0
txn_006908,cust_000252,295.77,card,216,13,12,0.9231,4,False,gateway_error,0.4869,1
txn_006909,cust_000393,926.44,wallet,226,4,2,0.5,3,False,insufficient_balance,0.31,0
txn_006910,cust_003270,7230.26,card,1300,7,5,0.7143,1,False,expired_card,0.3643,1
txn_006911,cust_002351,269.9,upi,1022,25,16,0.64,2,False,expired_card,0.262,0
txn_006912,cust_002724,1115.15,card,301,25,18,0.72,2,False,expired_card,0.286,0
txn_006913,cust_000467,1087.91,wallet,525,17,15,0.8824,1,False,network_error,0.7447,1
txn_006914,cust_001700,1828.53,card,213,10,8,0.8,1,False,insufficient_balance,0.56,0
txn_006915,cust_002617,1026.35,upi,662,24,22,0.9167,2,False,expired_card,0.345,0
txn_006916,cust_001042,1328.71,card,1219,25,18,0.72,3,False,authentication_failed,0.256,0
txn_006917,cust_002402,3721.11,upi,1019,7,7,1.0,4,False,gateway_error,0.51,0
txn_006918,cust_000514,1269.8,netbanking,334,18,13,0.7222,4,False,insufficient_balance,0.2967,1
txn_006919,cust_003196,296.75,netbanking,1117,17,13,0.7647,4,False,authentication_failed,0.1894,0
txn_006920,cust_001160,389.33,upi,220,4,4,1.0,2,False,gateway_error,0.67,0
txn_006921,cust_002431,1131.23,wallet,868,29,22,0.7586,3,False,insufficient_balance,0.3876,1
txn_006922,cust_002815,347.93,card,1244,22,16,0.7273,1,False,authentication_failed,0.4182,0
txn_006923,cust_000273,1772.38,wallet,188,28,21,0.75,1,False,bank_decline,0.605,0
txn_006924,cust_003196,1658.0,wallet,1111,9,8,0.8889,2,False,gateway_error,0.6367,1
txn_006925,cust_002573,1419.3,wallet,1321,3,3,1.0,2,False,gateway_error,0.67,0
txn_006926,cust_001663,481.1,netbanking,749,25,22,0.88,2,False,gateway_error,0.634,1
txn_006927,cust_000816,614.59,card,1288,24,20,0.8333,4,False,bank_decline,0.39,0
txn_006928,cust_001346,1481.5,card,1296,27,18,0.6667,2,False,authentication_failed,0.32,0
txn_006929,cust_000688,711.75,netbanking,1480,4,3,0.75,3,False,insufficient_balance,0.385,0
txn_006930,cust_002675,1869.4,upi,918,18,12,0.6667,2,False,bank_decline,0.5,0
txn_006931,cust_002984,4891.4,netbanking,910,22,15,0.6818,4,False,insufficient_balance,0.2845,0
txn_006932,cust_001703,1126.44,card,257,6,5,0.8333,4,False,insufficient_balance,0.33,0
txn_006933,cust_001732,2604.94,wallet,409,4,3,0.75,2,False,bank_decline,0.525,1
txn_006934,cust_002514,550.03,wallet,1355,22,18,0.8182,3,False,bank_decline,0.4655,0
txn_006935,cust_000693,868.58,card,1499,26,18,0.6923,1,False,insufficient_balance,0.5277,1
txn_006936,cust_001595,1440.29,card,1304,12,9,0.75,2,False,authentication_failed,0.345,1
txn_006937,cust_002936,655.71,upi,1177,6,4,0.6667,1,False,insufficient_balance,0.52,1
txn_006938,cust_001879,642.95,wallet,26,15,12,0.8,2,False,network_error,0.64,0
txn_006939,cust_003267,2039.61,card,175,6,4,0.6667,2,False,authentication_failed,0.32,1
txn_006940,cust_002288,1184.5,wallet,387,2,2,1.0,1,False,expired_card,0.45,1
txn_006941,cust_001864,2404.95,netbanking,330,4,3,0.75,2,False,bank_decline,0.525,0
txn_006942,cust_003059,1899.63,card,1142,27,22,0.8148,4,False,authentication_failed,0.2044,0
txn_006943,cust_000932,574.7,netbanking,1295,24,20,0.8333,2,False,gateway_error,0.62,0
txn_006944,cust_001657,1784.01,card,1097,29,22,0.7586,2,False,bank_decline,0.5276,1
txn_006945,cust_001403,5805.26,netbanking,1071,1,1,1.0,2,False,bank_decline,0.6,0
txn_006946,cust_000492,1255.47,card,1020,24,16,0.6667,1,False,gateway_error,0.65,1
txn_006947,cust_001113,380.32,wallet,1234,27,21,0.7778,1,False,gateway_error,0.6833,1
txn_006948,cust_001368,2514.23,wallet,114,12,9,0.75,4,False,gateway_error,0.435,0
txn_006949,cust_003299,3978.98,card,1046,8,5,0.625,3,False,bank_decline,0.4075,1
txn_006950,cust_003266,342.5,upi,503,6,5,0.8333,4,False,bank_decline,0.39,0
txn_006951,cust_000935,930.79,card,874,7,4,0.5714,1,False,insufficient_balance,0.4914,0
txn_006952,cust_002947,2492.84,card,160,7,6,0.8571,2,False,insufficient_balance,0.4971,0
txn_006953,cust_000730,485.09,netbanking,629,12,7,0.5833,1,False,authentication_failed,0.375,0
txn_006954,cust_002942,1373.76,wallet,329,17,17,1.0,3,False,gateway_error,0.59,0
txn_006955,cust_002060,1081.21,netbanking,277,26,22,0.8462,2,False,authentication_failed,0.3738,0
txn_006956,cust_000872,2105.51,card,63,10,8,0.8,2,False,bank_decline,0.54,1
txn_006957,cust_000402,414.87,card,608,3,1,0.3333,2,False,bank_decline,0.4,1
txn_006958,cust_000015,1596.72,wallet,728,14,9,0.6429,3,False,gateway_error,0.4829,1
txn_006959,cust_002422,1223.27,netbanking,1381,17,14,0.8235,4,False,network_error,0.4871,1
txn_006960,cust_002027,1474.86,netbanking,1046,10,8,0.8,4,False,insufficient_balance,0.32,0
txn_006961,cust_001475,813.22,netbanking,932,6,4,0.6667,1,False,bank_decline,0.58,0
txn_006962,cust_000401,529.6,netbanking,877,19,12,0.6316,2,False,authentication_failed,0.3095,0
txn_006963,cust_002980,1769.8,wallet,1312,22,19,0.8636,3,False,insufficient_balance,0.4191,0
txn_006964,cust_000400,827.29,card,1003,21,14,0.6667,4,False,authentication_failed,0.16,0
txn_006965,cust_001080,430.25,wallet,786,2,2,1.0,3,False,gateway_error,0.59,1
txn_006966,cust_002394,1233.66,upi,1051,1,1,1.0,2,False,network_error,0.7,1
txn_006967,cust_002496,539.75,card,469,18,13,0.7222,1,False,expired_card,0.3667,0
txn_006968,cust_000655,1796.17,card,143,16,11,0.6875,3,False,bank_decline,0.4262,0
txn_006969,cust_000334,1006.51,netbanking,1483,13,10,0.7692,3,False,bank_decline,0.4508,0
txn_006970,cust_002432,1337.95,card,1019,1,1,1.0,1,False,bank_decline,0.68,1
txn_006971,cust_000524,1819.48,card,738,5,4,0.8,3,False,expired_card,0.23,1
txn_006972,cust_001224,423.41,netbanking,1232,23,20,0.8696,1,False,gateway_error,0.7109,0
txn_006973,cust_000917,1186.71,card,163,24,14,0.5833,2,False,bank_decline,0.475,0
txn_006974,cust_001002,336.37,upi,272,1,1,1.0,2,False,gateway_error,0.67,0
txn_006975,cust_003060,492.58,card,1496,26,17,0.6538,2,False,bank_decline,0.4962,1
txn_006976,cust_003183,2223.24,upi,624,21,18,0.8571,3,False,expired_card,0.2471,0
txn_006977,cust_000393,579.32,wallet,590,9,6,0.6667,1,False,bank_decline,0.58,0
txn_006978,cust_001456,2307.41,netbanking,10,24,19,0.7917,1,False,bank_decline,0.6175,1
txn_006979,cust_002025,3006.78,netbanking,213,17,13,0.7647,2,False,gateway_error,0.5994,1
txn_006980,cust_002170,1082.67,card,1027,0,0,0.0,3,True,expired_card,0.02,0
txn_006981,cust_000736,588.99,netbanking,156,12,7,0.5833,4,False,expired_card,0.085,0
txn_006982,cust_003184,399.1,upi,1464,3,1,0.3333,1,False,bank_decline,0.48,1
txn_006983,cust_002598,1565.37,upi,676,24,17,0.7083,2,False,network_error,0.6125,1
txn_006984,cust_000321,890.06,upi,361,15,9,0.6,2,False,expired_card,0.25,0
txn_006985,cust_000066,433.56,card,388,2,2,1.0,2,False,expired_card,0.37,1
txn_006986,cust_000316,778.06,upi,649,19,17,0.8947,1,False,authentication_failed,0.4684,1
txn_006987,cust_003098,897.32,card,395,14,8,0.5714,3,False,expired_card,0.1614,0
txn_006988,cust_002696,6095.79,netbanking,1326,28,24,0.8571,4,False,insufficient_balance,0.3371,0
txn_006989,cust_002476,4789.87,upi,1263,14,9,0.6429,4,False,network_error,0.4329,1
txn_006990,cust_002975,1981.72,netbanking,1200,14,12,0.8571,4,False,expired_card,0.1671,1
txn_006991,cust_000314,648.02,wallet,1138,18,14,0.7778,4,False,authentication_failed,0.1933,0
txn_006992,cust_000343,1097.7,wallet,348,2,2,1.0,3,False,insufficient_balance,0.46,1
txn_006993,cust_000161,1420.55,card,647,28,20,0.7143,3,False,authentication_failed,0.2543,0
txn_006994,cust_002521,1402.97,wallet,238,6,6,1.0,2,False,bank_decline,0.6,1
txn_006995,cust_001290,790.66,netbanking,1382,26,18,0.6923,3,False,insufficient_balance,0.3677,0
txn_006996,cust_003051,3115.1,upi,57,17,12,0.7059,4,False,gateway_error,0.4218,1
txn_006997,cust_002407,2330.47,wallet,921,9,7,0.7778,1,False,bank_decline,0.6133,1
txn_006998,cust_003303,596.05,netbanking,206,16,13,0.8125,3,False,bank_decline,0.4637,0
txn_006999,cust_001591,24199.47,card,192,29,24,0.8276,2,False,authentication_failed,0.3683,0
txn_007000,cust_001797,129.86,card,492,21,16,0.7619,3,False,network_error,0.5486,0
txn_007001,cust_001398,559.0,netbanking,820,18,15,0.8333,3,False,network_error,0.57,1
txn_007002,cust_001192,1542.1,netbanking,1447,12,8,0.6667,3,False,network_error,0.52,1
txn_007003,cust_000675,5142.38,upi,1200,18,16,0.8889,3,False,network_error,0.5867,1
txn_007004,cust_000242,3146.88,netbanking,761,18,14,0.7778,2,False,insufficient_balance,0.4733,0
txn_007005,cust_001109,1050.74,card,769,16,13,0.8125,4,False,bank_decline,0.3837,0
txn_007006,cust_001772,455.89,card,40,0,0,0.0,4,True,bank_decline,0.09,0
txn_007007,cust_000881,338.34,upi,1082,1,1,1.0,2,False,authentication_failed,0.42,1
txn_007008,cust_001769,705.24,upi,58,16,12,0.75,3,False,authentication_failed,0.265,1
txn_007009,cust_001808,317.57,wallet,624,2,2,1.0,3,False,gateway_error,0.59,1
txn_007010,cust_000204,1390.77,card,1435,8,6,0.75,4,False,network_error,0.465,1
txn_007011,cust_003037,762.6,upi,580,17,12,0.7059,4,False,insufficient_balance,0.2918,0
txn_007012,cust_000201,3536.51,card,455,29,21,0.7241,3,False,gateway_error,0.5072,1
txn_007013,cust_001424,1960.84,wallet,1337,17,13,0.7647,2,False,network_error,0.6294,0
txn_007014,cust_001752,1040.93,netbanking,629,5,4,0.8,2,False,insufficient_balance,0.48,1
txn_007015,cust_001683,1627.95,card,393,5,4,0.8,3,False,expired_card,0.23,0
txn_007016,cust_002543,1561.79,netbanking,1135,17,10,0.5882,1,False,insufficient_balance,0.4965,0
txn_007017,cust_000688,691.98,card,1127,3,2,0.6667,2,False,gateway_error,0.57,0
txn_007018,cust_000130,2658.97,upi,12,9,6,0.6667,4,False,gateway_error,0.41,0
txn_007019,cust_002352,1418.5,wallet,56,15,11,0.7333,3,False,authentication_failed,0.26,0
txn_007020,cust_001250,1342.82,netbanking,687,5,4,0.8,1,False,expired_card,0.39,1
txn_007021,cust_001603,1430.63,upi,57,10,8,0.8,1,False,insufficient_balance,0.56,1
txn_007022,cust_000847,1899.94,wallet,536,14,6,0.4286,1,False,authentication_failed,0.3286,0
txn_007023,cust_000417,1007.15,upi,87,19,15,0.7895,4,False,insufficient_balance,0.3168,0
txn_007024,cust_000609,4212.69,card,1456,25,16,0.64,3,False,gateway_error,0.482,0
txn_007025,cust_002988,388.0,card,1083,15,12,0.8,4,False,authentication_failed,0.2,0
txn_007026,cust_002358,1031.55,card,645,14,10,0.7143,4,False,expired_card,0.1243,0
txn_007027,cust_002034,717.38,netbanking,929,15,10,0.6667,2,False,insufficient_balance,0.44,0
txn_007028,cust_001864,2885.13,card,1248,12,11,0.9167,2,False,bank_decline,0.575,1
txn_007029,cust_001777,1523.19,netbanking,547,10,8,0.8,2,False,bank_decline,0.54,1
txn_007030,cust_001960,331.37,upi,390,14,12,0.8571,4,False,bank_decline,0.3971,1
txn_007031,cust_000569,2517.67,card,936,29,23,0.7931,1,False,network_error,0.7179,1
txn_007032,cust_002929,564.42,netbanking,316,1,1,1.0,4,False,gateway_error,0.51,1
txn_007033,cust_002651,998.48,netbanking,246,23,18,0.7826,2,False,insufficient_balance,0.4748,1
txn_007034,cust_001738,841.19,card,94,17,12,0.7059,1,False,bank_decline,0.5918,1
txn_007035,cust_000465,1285.38,netbanking,78,21,15,0.7143,4,False,authentication_failed,0.1743,0
txn_007036,cust_000546,708.27,netbanking,289,23,19,0.8261,2,False,bank_decline,0.5478,0
txn_007037,cust_001318,3025.39,upi,474,22,17,0.7727,1,False,gateway_error,0.6818,1
txn_007038,cust_001979,609.51,card,119,28,20,0.7143,3,False,authentication_failed,0.2543,0
txn_007039,cust_000747,161.85,upi,988,5,5,1.0,3,False,insufficient_balance,0.46,1
txn_007040,cust_002334,446.45,netbanking,1411,2,2,1.0,4,False,bank_decline,0.44,1
txn_007041,cust_002632,1475.3,wallet,440,5,4,0.8,3,False,authentication_failed,0.28,1
txn_007042,cust_002171,1322.7,card,593,14,12,0.8571,2,False,network_error,0.6571,0
txn_007043,cust_001245,876.38,upi,542,22,19,0.8636,2,False,expired_card,0.3291,0
txn_007044,cust_001454,2581.35,upi,303,8,6,0.75,2,False,insufficient_balance,0.465,0
txn_007045,cust_002865,529.67,wallet,779,16,14,0.875,3,False,insufficient_balance,0.4225,0
txn_007046,cust_001385,428.95,upi,151,15,12,0.8,4,False,authentication_failed,0.2,1
txn_007047,cust_000068,218.78,wallet,86,20,13,0.65,1,False,insufficient_balance,0.515,1
txn_007048,cust_000634,621.5,upi,522,18,13,0.7222,2,False,expired_card,0.2867,1
txn_007049,cust_003215,1206.5,netbanking,1052,15,10,0.6667,4,False,gateway_error,0.41,0
txn_007050,cust_002109,1317.14,wallet,1285,5,3,0.6,4,False,gateway_error,0.39,0
txn_007051,cust_001085,971.3,card,247,20,15,0.75,2,False,authentication_failed,0.345,1
txn_007052,cust_000262,504.69,card,1424,24,19,0.7917,3,False,network_error,0.5575,1
txn_007053,cust_002696,1792.42,card,1263,0,0,0.0,1,True,gateway_error,0.4,0
txn_007054,cust_001116,447.55,card,332,6,5,0.8333,3,False,gateway_error,0.54,1
txn_007055,cust_001426,2238.0,wallet,824,16,11,0.6875,3,False,expired_card,0.1962,0
txn_007056,cust_000491,1352.08,card,917,5,5,1.0,3,False,authentication_failed,0.34,1
txn_007057,cust_003052,3606.9,netbanking,1129,28,22,0.7857,2,False,authentication_failed,0.3557,1
txn_007058,cust_000820,706.55,upi,688,5,4,0.8,2,False,insufficient_balance,0.48,0
txn_007059,cust_002337,2660.13,netbanking,495,1,1,1.0,1,False,network_error,0.78,1
txn_007060,cust_001169,775.18,wallet,297,25,21,0.84,4,False,gateway_error,0.462,0
txn_007061,cust_002682,907.11,netbanking,123,3,2,0.6667,3,False,insufficient_balance,0.36,1
txn_007062,cust_002907,161.08,upi,1249,7,4,0.5714,4,False,authentication_failed,0.1314,1
txn_007063,cust_003217,302.57,netbanking,928,20,15,0.75,4,False,insufficient_balance,0.305,0
txn_007064,cust_000417,763.0,upi,1277,15,11,0.7333,1,False,insufficient_balance,0.54,0
txn_007065,cust_001030,456.69,wallet,716,19,17,0.8947,3,False,expired_card,0.2584,1
txn_007066,cust_003203,883.92,upi,1426,18,14,0.7778,4,False,expired_card,0.1433,0
txn_007067,cust_003160,1274.36,card,454,9,8,0.8889,4,False,gateway_error,0.4767,1
txn_007068,cust_000294,1303.22,wallet,1420,19,13,0.6842,1,False,insufficient_balance,0.5253,1
txn_007069,cust_000078,4391.89,wallet,709,15,12,0.8,1,False,gateway_error,0.69,0
txn_007070,cust_002452,1314.56,wallet,226,20,16,0.8,3,False,gateway_error,0.53,1
txn_007071,cust_002731,1095.29,upi,491,9,8,0.8889,2,False,insufficient_balance,0.5067,1
txn_007072,cust_001302,453.66,upi,1038,18,11,0.6111,2,False,authentication_failed,0.3033,0
txn_007073,cust_000765,427.6,upi,1168,24,16,0.6667,4,False,bank_decline,0.34,1
txn_007074,cust_001498,613.77,upi,910,20,17,0.85,2,False,insufficient_balance,0.495,0
txn_007075,cust_002478,861.2,upi,357,24,21,0.875,3,False,authentication_failed,0.3025,0
txn_007076,cust_003004,721.21,netbanking,1266,5,5,1.0,2,False,expired_card,0.37,1
txn_007077,cust_002166,555.22,wallet,686,5,3,0.6,3,False,bank_decline,0.4,0
txn_007078,cust_001991,1436.32,upi,371,10,5,0.5,4,False,gateway_error,0.36,1
txn_007079,cust_003000,3763.43,card,1180,6,0,0.0,1,False,authentication_failed,0.2,0
txn_007080,cust_000483,1721.53,card,96,10,5,0.5,3,False,expired_card,0.14,0
txn_007081,cust_002670,403.28,upi,1465,6,5,0.8333,4,False,gateway_error,0.46,0
txn_007082,cust_002695,1418.42,netbanking,762,24,18,0.75,3,False,insufficient_balance,0.385,0
txn_007083,cust_002709,482.42,card,139,0,0,0.0,4,True,expired_card,0.02,0
txn_007084,cust_002784,1470.1,netbanking,1229,17,13,0.7647,3,False,bank_decline,0.4494,0
txn_007085,cust_001471,1387.55,upi,972,18,15,0.8333,2,False,gateway_error,0.62,0
txn_007086,cust_001272,1008.16,wallet,582,1,1,1.0,1,False,insufficient_balance,0.62,1
txn_007087,cust_000166,1675.63,card,210,19,13,0.6842,1,False,gateway_error,0.6553,1
txn_007088,cust_002210,736.58,card,110,22,17,0.7727,2,False,bank_decline,0.5318,0
txn_007089,cust_000504,802.4,wallet,334,6,5,0.8333,4,False,bank_decline,0.39,0
txn_007090,cust_002475,1923.55,upi,693,9,5,0.5556,3,False,authentication_failed,0.2067,1
txn_007091,cust_002496,875.56,wallet,1296,15,8,0.5333,3,False,network_error,0.48,0
txn_007092,cust_000985,1295.26,wallet,39,10,6,0.6,2,False,network_error,0.58,1
txn_007093,cust_003222,3786.05,card,1401,24,19,0.7917,4,False,expired_card,0.1475,0
txn_007094,cust_002204,738.48,upi,981,1,1,1.0,3,False,expired_card,0.29,0
txn_007095,cust_003322,1615.3,card,1354,3,2,0.6667,1,False,authentication_failed,0.4,0
txn_007096,cust_000588,1153.05,card,532,23,17,0.7391,4,False,bank_decline,0.3617,0
txn_007097,cust_002398,1880.1,upi,144,19,16,0.8421,4,False,expired_card,0.1626,1
txn_007098,cust_001027,474.73,upi,1465,25,17,0.68,3,False,expired_card,0.194,0
txn_007099,cust_001632,1215.8,wallet,762,8,7,0.875,3,False,expired_card,0.2525,0
txn_007100,cust_003148,2078.99,wallet,1188,23,16,0.6957,2,False,authentication_failed,0.3287,0
txn_007101,cust_002419,687.48,netbanking,406,4,3,0.75,3,False,bank_decline,0.445,0
txn_007102,cust_002571,4727.84,card,596,14,11,0.7857,2,False,authentication_failed,0.3557,1
txn_007103,cust_000344,960.66,upi,382,22,15,0.6818,3,False,authentication_failed,0.2445,1
txn_007104,cust_000946,464.05,upi,1204,27,19,0.7037,2,False,bank_decline,0.5111,1
txn_007105,cust_003077,4112.68,wallet,1014,7,4,0.5714,1,False,expired_card,0.3214,0
txn_007106,cust_000680,2631.28,wallet,734,19,12,0.6316,3,False,bank_decline,0.4095,1
txn_007107,cust_001104,1809.31,card,937,13,10,0.7692,2,False,authentication_failed,0.3508,0
txn_007108,cust_001840,857.09,card,11,28,22,0.7857,4,False,bank_decline,0.3757,0
txn_007109,cust_001064,1297.35,upi,1265,28,19,0.6786,1,False,network_error,0.6836,1
txn_007110,cust_000608,468.37,wallet,1132,1,0,0.0,1,False,gateway_error,0.45,1
txn_007111,cust_002829,306.3,netbanking,784,17,13,0.7647,3,False,network_error,0.5494,0
txn_007112,cust_002500,1770.1,card,492,1,0,0.0,3,False,expired_card,0.02,0
txn_007113,cust_000695,3836.54,card,1037,0,0,0.0,4,True,bank_decline,0.09,0
txn_007114,cust_002933,390.59,netbanking,709,13,11,0.8462,1,False,insufficient_balance,0.5738,0
txn_007115,cust_001261,410.0,upi,1418,1,1,1.0,3,False,gateway_error,0.59,1
txn_007116,cust_001957,2048.17,card,1222,9,8,0.8889,1,False,insufficient_balance,0.5867,0
txn_007117,cust_000302,718.29,netbanking,1333,10,6,0.6,4,False,insufficient_balance,0.26,0
txn_007118,cust_000237,1806.79,wallet,103,29,19,0.6552,2,False,network_error,0.5966,1
txn_007119,cust_001698,1097.1,netbanking,1405,16,15,0.9375,3,False,insufficient_balance,0.4412,1
txn_007120,cust_002770,479.77,netbanking,282,10,7,0.7,3,False,gateway_error,0.5,1
txn_007121,cust_000206,597.23,upi,335,4,4,1.0,2,False,network_error,0.7,0
txn_007122,cust_000800,1414.33,upi,558,16,14,0.875,4,False,bank_decline,0.4025,0
txn_007123,cust_002327,1155.33,netbanking,452,25,20,0.8,1,False,bank_decline,0.62,0
txn_007124,cust_000385,1609.95,netbanking,494,18,15,0.8333,1,False,authentication_failed,0.45,0
txn_007125,cust_002363,2171.12,netbanking,1090,6,4,0.6667,3,False,expired_card,0.19,0
txn_007126,cust_001135,1344.24,card,100,17,13,0.7647,2,False,expired_card,0.2994,0
txn_007127,cust_002727,993.16,wallet,75,23,17,0.7391,2,False,insufficient_balance,0.4617,1
txn_007128,cust_000194,1371.34,netbanking,339,3,3,1.0,2,False,insufficient_balance,0.54,0
txn_007129,cust_001581,2317.67,netbanking,598,10,8,0.8,4,False,network_error,0.48,0
txn_007130,cust_002952,1441.02,netbanking,412,4,2,0.5,2,False,insufficient_balance,0.39,0
txn_007131,cust_003223,2488.77,netbanking,348,12,9,0.75,4,False,bank_decline,0.365,0
txn_007132,cust_002599,3444.38,wallet,707,19,13,0.6842,2,False,gateway_error,0.5753,0
txn_007133,cust_001171,2362.74,upi,1358,6,5,0.8333,2,False,gateway_error,0.62,0
txn_007134,cust_001349,8955.09,upi,259,25,19,0.76,2,False,bank_decline,0.528,1
txn_007135,cust_000252,1460.0,card,603,1,1,1.0,4,False,bank_decline,0.44,0
txn_007136,cust_001265,346.23,card,703,7,4,0.5714,4,False,gateway_error,0.3814,0
txn_007137,cust_001708,2252.43,card,703,25,22,0.88,3,False,network_error,0.584,1
txn_007138,cust_000390,662.65,wallet,1113,19,16,0.8421,1,False,authentication_failed,0.4526,1
txn_007139,cust_001771,1294.58,card,1445,12,9,0.75,1,False,bank_decline,0.605,0
txn_007140,cust_000916,2416.15,netbanking,642,22,19,0.8636,3,False,insufficient_balance,0.4191,0
txn_007141,cust_001074,1032.95,netbanking,774,12,9,0.75,2,False,insufficient_balance,0.465,0
txn_007142,cust_000754,556.53,wallet,616,27,18,0.6667,3,False,network_error,0.52,1
txn_007143,cust_000122,504.65,wallet,1340,10,7,0.7,3,False,expired_card,0.2,0
txn_007144,cust_000480,1335.65,upi,404,24,17,0.7083,1,False,bank_decline,0.5925,1
txn_007145,cust_001326,1312.78,upi,587,7,4,0.5714,2,False,gateway_error,0.5414,1
txn_007146,cust_001659,1529.67,netbanking,615,18,15,0.8333,3,False,authentication_failed,0.29,0
txn_007147,cust_000734,1125.84,upi,401,16,10,0.625,1,False,insufficient_balance,0.5075,1
txn_007148,cust_001207,2259.81,upi,1270,29,23,0.7931,4,False,network_error,0.4779,1
txn_007149,cust_003235,1107.58,wallet,351,14,9,0.6429,1,False,gateway_error,0.6429,1
txn_007150,cust_003198,457.64,netbanking,1403,2,2,1.0,1,False,bank_decline,0.68,1
txn_007151,cust_002157,1187.85,upi,822,28,22,0.7857,4,False,insufficient_balance,0.3157,0
txn_007152,cust_000419,214.17,wallet,1220,9,8,0.8889,4,False,gateway_error,0.4767,0
txn_007153,cust_002643,1925.42,upi,1359,4,4,1.0,4,False,insufficient_balance,0.38,0
txn_007154,cust_001226,2777.27,card,795,12,8,0.6667,1,False,insufficient_balance,0.52,0
txn_007155,cust_001044,3134.96,netbanking,140,19,14,0.7368,1,False,insufficient_balance,0.5411,0
txn_007156,cust_000597,540.83,card,920,9,7,0.7778,3,False,bank_decline,0.4533,0
txn_007157,cust_000214,479.71,wallet,1236,10,8,0.8,3,False,expired_card,0.23,1
txn_007158,cust_003289,1838.84,netbanking,1270,6,4,0.6667,4,False,insufficient_balance,0.28,0
txn_007159,cust_000117,2172.85,upi,589,26,21,0.8077,2,False,bank_decline,0.5423,0
txn_007160,cust_001957,1371.88,upi,267,6,5,0.8333,2,False,authentication_failed,0.37,0
txn_007161,cust_001529,417.72,netbanking,955,10,10,1.0,1,False,insufficient_balance,0.62,1
txn_007162,cust_001172,784.42,card,425,1,1,1.0,1,False,gateway_error,0.75,0
txn_007163,cust_001832,2624.93,wallet,988,12,10,0.8333,4,False,network_error,0.49,0
txn_007164,cust_001744,3101.27,upi,302,19,11,0.5789,3,False,bank_decline,0.3937,1
txn_007165,cust_002285,5258.12,wallet,1166,12,10,0.8333,2,False,gateway_error,0.62,1
txn_007166,cust_002990,454.14,wallet,263,21,12,0.5714,1,False,bank_decline,0.5514,1
txn_007167,cust_002465,1933.69,wallet,983,26,17,0.6538,2,False,authentication_failed,0.3162,0
txn_007168,cust_002615,1917.79,upi,1378,25,16,0.64,4,False,bank_decline,0.332,0
txn_007169,cust_001105,1966.68,upi,387,17,15,0.8824,4,False,network_error,0.5047,0
txn_007170,cust_001979,950.43,wallet,841,1,1,1.0,4,False,gateway_error,0.51,0
txn_007171,cust_000608,1206.7,wallet,1036,3,2,0.6667,2,False,bank_decline,0.5,1
txn_007172,cust_002450,1521.65,upi,470,10,8,0.8,1,False,bank_decline,0.62,1
txn_007173,cust_002134,3165.34,netbanking,387,11,10,0.9091,3,False,bank_decline,0.4927,0
txn_007174,cust_001708,733.09,upi,664,22,18,0.8182,4,False,network_error,0.4855,1
txn_007175,cust_001741,683.18,wallet,395,20,16,0.8,2,False,insufficient_balance,0.48,0
txn_007176,cust_002575,938.3,upi,80,1,1,1.0,2,False,network_error,0.7,1
txn_007177,cust_000627,2281.22,card,492,8,6,0.75,1,False,authentication_failed,0.425,1
txn_007178,cust_000388,1609.58,wallet,1384,8,5,0.625,4,False,expired_card,0.0975,0
txn_007179,cust_000884,334.68,card,581,9,8,0.8889,3,False,network_error,0.5867,0
txn_007180,cust_000079,983.27,upi,207,19,14,0.7368,2,False,authentication_failed,0.3411,1
txn_007181,cust_002116,1881.96,wallet,622,22,14,0.6364,4,False,expired_card,0.1009,0
txn_007182,cust_002650,367.77,card,1491,22,15,0.6818,1,False,bank_decline,0.5845,1
txn_007183,cust_002920,687.37,wallet,221,29,17,0.5862,1,False,gateway_error,0.6259,1
txn_007184,cust_000479,1566.24,card,1073,0,0,0.0,4,True,bank_decline,0.09,0
txn_007185,cust_001485,1102.84,card,13,6,6,1.0,3,False,gateway_error,0.59,1
txn_007186,cust_003048,957.45,card,246,3,3,1.0,4,False,gateway_error,0.51,0
txn_007187,cust_000888,2458.49,netbanking,20,8,5,0.625,4,False,insufficient_balance,0.2675,0
txn_007188,cust_002656,2635.03,netbanking,249,24,15,0.625,2,False,gateway_error,0.5575,0
txn_007189,cust_002048,3062.75,wallet,1004,27,24,0.8889,3,False,network_error,0.5867,1
txn_007190,cust_002650,636.68,upi,906,26,21,0.8077,4,False,bank_decline,0.3823,0
txn_007191,cust_000785,1616.03,upi,1358,16,10,0.625,2,False,gateway_error,0.5575,1
txn_007192,cust_002086,753.31,upi,1431,0,0,0.0,3,True,insufficient_balance,0.11,0
txn_007193,cust_000117,1734.87,upi,293,3,1,0.3333,2,False,authentication_failed,0.22,0
txn_007194,cust_000039,766.3,netbanking,427,2,2,1.0,4,False,bank_decline,0.44,0
txn_007195,cust_001321,768.99,netbanking,428,8,5,0.625,2,False,expired_card,0.2575,0
txn_007196,cust_002421,867.38,wallet,146,2,2,1.0,3,False,bank_decline,0.52,1
txn_007197,cust_001120,489.27,netbanking,1022,0,0,0.0,3,True,authentication_failed,0.02,0
txn_007198,cust_002595,2516.29,wallet,1387,23,17,0.7391,3,False,expired_card,0.2117,0
txn_007199,cust_003114,5105.26,wallet,615,14,12,0.8571,2,False,bank_decline,0.5571,1
txn_007200,cust_002423,1732.79,card,1378,20,15,0.75,3,False,insufficient_balance,0.385,0
txn_007201,cust_000438,4558.99,wallet,1066,18,15,0.8333,4,False,network_error,0.49,0
txn_007202,cust_000137,668.9,card,676,27,19,0.7037,4,False,network_error,0.4511,0
txn_007203,cust_000302,882.41,wallet,806,19,12,0.6316,1,False,insufficient_balance,0.5095,1
txn_007204,cust_001777,877.07,card,944,18,15,0.8333,4,False,gateway_error,0.46,0
txn_007205,cust_001368,979.82,netbanking,462,10,6,0.6,1,False,bank_decline,0.56,1
txn_007206,cust_000450,753.66,card,1299,12,7,0.5833,4,False,bank_decline,0.315,0
txn_007207,cust_002612,559.52,wallet,1390,1,1,1.0,4,False,authentication_failed,0.26,0
txn_007208,cust_000719,1710.23,card,1293,20,14,0.7,1,False,insufficient_balance,0.53,0
txn_007209,cust_002408,1216.86,upi,238,22,18,0.8182,3,False,bank_decline,0.4655,1
txn_007210,cust_000238,806.12,card,525,22,15,0.6818,2,False,network_error,0.6045,1
txn_007211,cust_000651,1991.51,netbanking,1176,25,20,0.8,4,False,expired_card,0.15,0
txn_007212,cust_002321,1696.65,wallet,579,16,11,0.6875,4,False,gateway_error,0.4162,1
txn_007213,cust_000377,2735.18,upi,1241,14,11,0.7857,2,False,gateway_error,0.6057,1
txn_007214,cust_000431,738.16,upi,948,8,7,0.875,1,False,authentication_failed,0.4625,1
txn_007215,cust_000385,3846.64,card,491,19,14,0.7368,1,False,insufficient_balance,0.5411,0
txn_007216,cust_002450,992.53,netbanking,128,10,7,0.7,4,False,gateway_error,0.42,0
txn_007217,cust_000545,766.28,wallet,1300,8,6,0.75,4,False,bank_decline,0.365,0
txn_007218,cust_002681,3618.02,wallet,1469,28,21,0.75,4,False,network_error,0.465,0
txn_007219,cust_001378,816.77,wallet,454,22,18,0.8182,2,False,insufficient_balance,0.4855,0
txn_007220,cust_000777,818.83,card,471,2,2,1.0,4,False,bank_decline,0.44,0
txn_007221,cust_000005,981.94,card,999,13,9,0.6923,3,False,gateway_error,0.4977,0
txn_007222,cust_002977,4830.72,card,684,14,8,0.5714,1,False,insufficient_balance,0.4914,0
txn_007223,cust_003252,2134.66,card,993,15,10,0.6667,3,False,network_error,0.52,1
txn_007224,cust_002122,2804.94,card,1034,13,10,0.7692,1,False,network_error,0.7108,1
txn_007225,cust_003110,873.85,card,1336,0,0,0.0,3,True,network_error,0.27,0
txn_007226,cust_000348,1362.63,card,1055,24,20,0.8333,4,False,network_error,0.49,0
txn_007227,cust_002752,1088.39,upi,969,15,9,0.6,4,False,network_error,0.42,1
txn_007228,cust_001931,1530.31,netbanking,399,20,12,0.6,3,False,bank_decline,0.4,0
txn_007229,cust_002591,1999.85,upi,51,23,18,0.7826,3,False,insufficient_balance,0.3948,0
txn_007230,cust_000307,463.81,upi,882,9,6,0.6667,3,False,insufficient_balance,0.36,1
txn_007231,cust_000943,364.56,netbanking,847,14,13,0.9286,2,False,gateway_error,0.6486,0
txn_007232,cust_003156,419.18,wallet,205,16,12,0.75,4,False,insufficient_balance,0.305,0
txn_007233,cust_001826,523.16,upi,421,25,20,0.8,4,False,bank_decline,0.38,0
txn_007234,cust_001703,1282.34,wallet,79,20,16,0.8,2,False,bank_decline,0.54,1
txn_007235,cust_001700,1434.02,upi,1273,24,19,0.7917,2,False,gateway_error,0.6075,1
txn_007236,cust_002450,565.74,upi,73,12,10,0.8333,3,False,insufficient_balance,0.41,0
txn_007237,cust_000153,425.4,netbanking,479,16,12,0.75,2,False,insufficient_balance,0.465,1
txn_007238,cust_000038,668.58,wallet,969,22,14,0.6364,2,False,bank_decline,0.4909,1
txn_007239,cust_002908,1186.64,card,818,28,25,0.8929,2,False,bank_decline,0.5679,0
txn_007240,cust_002885,1030.54,netbanking,707,8,5,0.625,3,False,insufficient_balance,0.3475,0
txn_007241,cust_002960,515.66,card,571,7,6,0.8571,1,False,bank_decline,0.6371,1
txn_007242,cust_003118,558.03,wallet,74,19,12,0.6316,2,False,authentication_failed,0.3095,0
txn_007243,cust_002611,1456.72,card,412,11,5,0.4545,4,False,insufficient_balance,0.2164,0
txn_007244,cust_002155,1311.1,card,1172,18,17,0.9444,4,False,network_error,0.5233,1
txn_007245,cust_002229,883.26,wallet,1413,18,14,0.7778,1,False,bank_decline,0.6133,1
txn_007246,cust_002588,2571.91,upi,714,19,15,0.7895,4,False,bank_decline,0.3768,0
txn_007247,cust_001815,880.91,netbanking,84,19,14,0.7368,1,False,gateway_error,0.6711,1
txn_007248,cust_000728,705.0,upi,697,6,4,0.6667,2,False,gateway_error,0.57,0
txn_007249,cust_002128,493.83,card,216,7,5,0.7143,3,False,authentication_failed,0.2543,0
txn_007250,cust_001156,240.18,card,208,4,3,0.75,1,False,insufficient_balance,0.545,0
txn_007251,cust_000832,243.64,upi,740,7,5,0.7143,4,False,expired_card,0.1243,0
txn_007252,cust_000211,993.09,netbanking,796,3,2,0.6667,2,False,insufficient_balance,0.44,1
txn_007253,cust_003250,2573.9,wallet,599,4,4,1.0,1,False,expired_card,0.45,0
txn_007254,cust_001362,2642.85,netbanking,1414,4,2,0.5,4,False,network_error,0.39,0
txn_007255,cust_000879,1396.38,card,90,25,17,0.68,2,False,network_error,0.604,1
txn_007256,cust_000764,1259.26,card,625,12,9,0.75,1,False,expired_card,0.375,0
txn_007257,cust_001637,623.97,card,282,18,11,0.6111,4,False,gateway_error,0.3933,0
txn_007258,cust_001795,713.53,wallet,496,4,4,1.0,2,False,bank_decline,0.6,1
txn_007259,cust_001441,1020.95,netbanking,793,5,3,0.6,4,False,insufficient_balance,0.26,1
txn_007260,cust_003117,1139.31,card,1312,7,4,0.5714,2,False,bank_decline,0.4714,1
txn_007261,cust_002259,292.01,wallet,1204,28,20,0.7143,1,False,insufficient_balance,0.5343,1
txn_007262,cust_002396,3127.14,netbanking,1475,24,21,0.875,4,False,gateway_error,0.4725,1
txn_007263,cust_001200,493.87,card,961,25,19,0.76,1,False,insufficient_balance,0.548,0
txn_007264,cust_000702,687.06,netbanking,991,22,15,0.6818,3,False,bank_decline,0.4245,1
txn_007265,cust_002901,987.14,netbanking,595,19,15,0.7895,1,False,insufficient_balance,0.5568,1
txn_007266,cust_002210,693.66,upi,715,8,5,0.625,3,False,authentication_failed,0.2275,1
txn_007267,cust_000395,5734.23,card,131,14,9,0.6429,3,False,insufficient_balance,0.3529,1
txn_007268,cust_003099,1369.71,netbanking,1093,28,20,0.7143,3,False,authentication_failed,0.2543,0
txn_007269,cust_001427,1376.58,card,1228,25,18,0.72,1,False,bank_decline,0.596,0
txn_007270,cust_001481,1504.17,netbanking,129,28,22,0.7857,2,False,insufficient_balance,0.4757,1
txn_007271,cust_003213,954.23,wallet,886,14,8,0.5714,1,False,insufficient_balance,0.4914,1
txn_007272,cust_000642,510.62,card,268,20,12,0.6,4,False,bank_decline,0.32,1
txn_007273,cust_000457,671.73,wallet,176,13,9,0.6923,1,False,expired_card,0.3577,1
txn_007274,cust_000954,11669.05,netbanking,135,1,1,1.0,1,False,insufficient_balance,0.62,1
txn_007275,cust_000258,608.13,card,703,7,6,0.8571,4,False,network_error,0.4971,0
txn_007276,cust_002121,778.86,upi,532,20,12,0.6,1,False,authentication_failed,0.38,0
txn_007277,cust_000040,3110.73,wallet,1348,20,14,0.7,1,False,insufficient_balance,0.53,1
txn_007278,cust_002731,1644.52,netbanking,317,20,16,0.8,2,False,insufficient_balance,0.48,1
txn_007279,cust_002053,479.93,upi,1124,8,5,0.625,3,False,expired_card,0.1775,1
txn_007280,cust_000764,562.43,card,1473,6,4,0.6667,1,False,insufficient_balance,0.52,1
txn_007281,cust_001986,648.42,card,1495,20,16,0.8,3,False,insufficient_balance,0.4,1
txn_007282,cust_000812,752.21,upi,1486,28,22,0.7857,1,False,bank_decline,0.6157,1
txn_007283,cust_001737,256.49,wallet,557,12,11,0.9167,2,False,network_error,0.675,1
txn_007284,cust_000761,1794.13,card,1448,4,4,1.0,4,False,bank_decline,0.44,0
txn_007285,cust_003045,1337.03,upi,1006,22,17,0.7727,3,False,bank_decline,0.4518,0
txn_007286,cust_001833,6472.82,netbanking,1308,15,10,0.6667,3,False,expired_card,0.19,0
txn_007287,cust_002896,1651.38,card,1279,11,7,0.6364,2,False,bank_decline,0.4909,0
txn_007288,cust_002892,1366.61,upi,598,0,0,0.0,1,True,gateway_error,0.4,0
txn_007289,cust_003309,688.95,wallet,1040,29,18,0.6207,2,False,insufficient_balance,0.4262,0
txn_007290,cust_001003,2024.77,card,1443,17,9,0.5294,1,False,network_error,0.6388,1
txn_007291,cust_003130,868.07,netbanking,250,27,19,0.7037,2,False,bank_decline,0.5111,0
txn_007292,cust_001496,782.0,wallet,606,18,16,0.8889,2,False,gateway_error,0.6367,1
txn_007293,cust_001767,348.25,card,729,7,6,0.8571,1,False,network_error,0.7371,0
txn_007294,cust_001266,2492.51,netbanking,313,28,22,0.7857,2,False,expired_card,0.3057,0
txn_007295,cust_002775,611.68,netbanking,1126,12,9,0.75,2,False,gateway_error,0.595,1
txn_007296,cust_002886,596.67,wallet,307,9,8,0.8889,4,False,network_error,0.5067,1
txn_007297,cust_001039,1181.22,upi,291,6,4,0.6667,3,False,network_error,0.52,1
txn_007298,cust_001322,598.58,wallet,259,4,2,0.5,3,False,network_error,0.47,0
txn_007299,cust_000054,1693.59,wallet,793,7,6,0.8571,4,False,gateway_error,0.4671,1
txn_007300,cust_000683,917.55,wallet,13,16,12,0.75,1,False,bank_decline,0.605,0
txn_007301,cust_000104,293.24,wallet,206,6,5,0.8333,4,False,authentication_failed,0.21,0
txn_007302,cust_001327,566.88,netbanking,801,2,2,1.0,1,False,network_error,0.78,1
txn_007303,cust_001737,525.74,upi,95,7,5,0.7143,2,False,gateway_error,0.5843,1
txn_007304,cust_001152,1070.51,card,30,18,13,0.7222,3,False,bank_decline,0.4367,0
txn_007305,cust_003151,1080.57,upi,1165,6,3,0.5,2,False,expired_card,0.22,1
txn_007306,cust_001320,1288.3,card,776,24,19,0.7917,1,False,network_error,0.7175,1
txn_007307,cust_002816,556.49,card,674,8,8,1.0,2,False,bank_decline,0.6,0
txn_007308,cust_001698,3209.0,wallet,1221,9,8,0.8889,4,False,bank_decline,0.4067,0
txn_007309,cust_001892,967.35,upi,1460,19,15,0.7895,4,False,insufficient_balance,0.3168,0
txn_007310,cust_001541,1060.26,netbanking,1008,9,7,0.7778,4,False,bank_decline,0.3733,0
txn_007311,cust_000092,312.49,wallet,563,7,6,0.8571,3,False,expired_card,0.2471,1
txn_007312,cust_002634,1374.84,netbanking,1319,20,16,0.8,4,False,network_error,0.48,1
txn_007313,cust_000596,1863.22,netbanking,582,24,18,0.75,2,False,authentication_failed,0.345,0
txn_007314,cust_002232,1099.45,wallet,449,4,3,0.75,4,False,bank_decline,0.365,1
txn_007315,cust_003253,511.0,card,492,15,12,0.8,2,False,bank_decline,0.54,1
txn_007316,cust_000899,1060.71,card,765,6,5,0.8333,1,False,gateway_error,0.7,1
txn_007317,cust_000463,1666.05,wallet,844,15,10,0.6667,2,False,authentication_failed,0.32,0
txn_007318,cust_000825,1113.71,upi,388,1,1,1.0,2,False,gateway_error,0.67,0
txn_007319,cust_001090,704.55,card,23,7,6,0.8571,3,False,expired_card,0.2471,0
txn_007320,cust_001391,469.37,upi,1109,26,20,0.7692,4,False,authentication_failed,0.1908,0
txn_007321,cust_002108,229.73,upi,1112,11,11,1.0,1,False,network_error,0.78,1
txn_007322,cust_003107,362.68,wallet,1016,28,23,0.8214,1,False,bank_decline,0.6264,1
txn_007323,cust_000209,2344.49,upi,1234,17,12,0.7059,1,False,expired_card,0.3618,0
txn_007324,cust_002368,1680.72,wallet,850,4,3,0.75,3,False,bank_decline,0.445,0
txn_007325,cust_003297,1051.86,card,1022,29,22,0.7586,1,False,network_error,0.7076,1
txn_007326,cust_000445,717.19,upi,716,8,7,0.875,1,False,gateway_error,0.7125,1
txn_007327,cust_002802,961.29,upi,378,18,14,0.7778,3,False,insufficient_balance,0.3933,0
txn_007328,cust_003236,1177.63,wallet,681,20,13,0.65,4,False,insufficient_balance,0.275,0
txn_007329,cust_000774,3258.4,upi,932,3,2,0.6667,3,False,gateway_error,0.49,1
txn_007330,cust_002610,3668.41,card,987,10,7,0.7,1,False,authentication_failed,0.41,0
txn_007331,cust_002817,589.46,card,46,4,3,0.75,4,False,authentication_failed,0.185,1
txn_007332,cust_000278,3416.33,netbanking,1058,23,20,0.8696,3,False,insufficient_balance,0.4209,1
txn_007333,cust_002440,225.25,netbanking,677,29,25,0.8621,2,False,network_error,0.6586,1
txn_007334,cust_003219,4995.69,netbanking,378,9,6,0.6667,4,False,gateway_error,0.41,0
txn_007335,cust_001756,2354.69,netbanking,527,19,14,0.7368,3,False,bank_decline,0.4411,1
txn_007336,cust_002166,397.87,upi,290,13,9,0.6923,1,False,authentication_failed,0.4077,0
txn_007337,cust_001107,989.47,upi,5,3,1,0.3333,1,False,gateway_error,0.55,0
txn_007338,cust_002070,349.46,upi,1040,1,1,1.0,2,False,network_error,0.7,0
txn_007339,cust_002541,652.91,card,1407,11,6,0.5455,3,False,authentication_failed,0.2036,0
txn_007340,cust_001308,729.94,netbanking,364,3,2,0.6667,2,False,authentication_failed,0.32,0
txn_007341,cust_000046,1407.29,netbanking,1034,17,14,0.8235,3,False,authentication_failed,0.2871,1
txn_007342,cust_000423,730.46,wallet,84,2,2,1.0,2,False,expired_card,0.37,1
txn_007343,cust_002978,1636.63,netbanking,582,6,4,0.6667,4,False,network_error,0.44,0
txn_007344,cust_000896,377.15,wallet,461,12,12,1.0,3,False,insufficient_balance,0.46,0
txn_007345,cust_000793,521.23,upi,1444,11,8,0.7273,2,False,expired_card,0.2882,0
txn_007346,cust_000081,1626.49,netbanking,1392,11,10,0.9091,2,False,insufficient_balance,0.5127,0
txn_007347,cust_001819,719.87,netbanking,95,15,8,0.5333,3,False,bank_decline,0.38,0
txn_007348,cust_001865,1202.04,card,1473,28,20,0.7143,4,False,bank_decline,0.3543,0
txn_007349,cust_001749,817.4,upi,592,29,21,0.7241,3,False,authentication_failed,0.2572,1
txn_007350,cust_000329,384.15,wallet,1000,27,23,0.8519,1,False,network_error,0.7356,1
txn_007351,cust_001168,5447.71,card,553,2,2,1.0,3,False,gateway_error,0.59,1
txn_007352,cust_001125,918.91,wallet,1343,1,0,0.0,2,False,bank_decline,0.3,0
txn_007353,cust_002452,895.58,card,598,18,13,0.7222,1,False,insufficient_balance,0.5367,1
txn_007354,cust_002395,982.65,card,851,15,11,0.7333,3,False,bank_decline,0.44,0
txn_007355,cust_000693,747.86,netbanking,74,29,21,0.7241,4,False,network_error,0.4572,1
txn_007356,cust_000019,529.64,card,1143,26,19,0.7308,3,False,authentication_failed,0.2592,0
txn_007357,cust_002933,6597.97,card,1217,2,1,0.5,3,False,bank_decline,0.37,1
txn_007358,cust_002212,812.53,netbanking,1314,17,12,0.7059,4,False,authentication_failed,0.1718,0
txn_007359,cust_000863,601.36,wallet,900,26,21,0.8077,3,False,gateway_error,0.5323,1
txn_007360,cust_001880,835.16,wallet,850,17,15,0.8824,3,False,bank_decline,0.4847,0
txn_007361,cust_003040,1354.79,netbanking,599,23,21,0.913,3,False,network_error,0.5939,0
txn_007362,cust_001464,737.82,card,963,14,10,0.7143,3,False,insufficient_balance,0.3743,0
txn_007363,cust_002605,777.14,card,375,12,9,0.75,2,False,network_error,0.625,1
txn_007364,cust_003281,1416.94,netbanking,1106,6,4,0.6667,2,False,gateway_error,0.57,0
txn_007365,cust_003280,1130.82,wallet,1252,23,12,0.5217,3,False,network_error,0.4765,0
txn_007366,cust_001586,542.85,card,1223,20,10,0.5,1,False,bank_decline,0.53,1
txn_007367,cust_000671,1080.67,upi,1439,27,23,0.8519,1,False,network_error,0.7356,1
txn_007368,cust_000158,523.72,netbanking,1134,26,19,0.7308,2,False,bank_decline,0.5192,1
txn_007369,cust_001920,355.39,upi,679,4,4,1.0,1,False,bank_decline,0.68,0
txn_007370,cust_000231,1134.58,netbanking,233,12,7,0.5833,1,False,bank_decline,0.555,1
txn_007371,cust_002620,2603.51,card,238,18,12,0.6667,4,False,expired_card,0.11,0
txn_007372,cust_003011,910.68,card,813,29,21,0.7241,1,False,expired_card,0.3672,1
txn_007373,cust_001545,546.77,netbanking,1014,25,19,0.76,3,False,bank_decline,0.448,1
txn_007374,cust_000494,909.49,card,487,0,0,0.0,4,True,gateway_error,0.16,0
txn_007375,cust_000008,2091.47,upi,285,3,2,0.6667,2,False,gateway_error,0.57,0
txn_007376,cust_001744,1856.1,wallet,1038,9,5,0.5556,3,False,bank_decline,0.3867,1
txn_007377,cust_003299,1144.53,card,237,11,10,0.9091,2,False,bank_decline,0.5727,1
txn_007378,cust_001738,1548.15,card,932,4,2,0.5,3,False,insufficient_balance,0.31,0
txn_007379,cust_002565,815.09,netbanking,124,2,2,1.0,2,False,bank_decline,0.6,0
txn_007380,cust_000284,1626.26,upi,1303,0,0,0.0,3,True,bank_decline,0.17,0
txn_007381,cust_003138,1226.31,upi,817,26,16,0.6154,1,False,network_error,0.6646,0
txn_007382,cust_002079,347.6,upi,1265,13,10,0.7692,2,False,gateway_error,0.6008,1
txn_007383,cust_001932,2028.22,upi,1073,16,11,0.6875,1,False,expired_card,0.3562,0
txn_007384,cust_002820,556.23,card,272,16,13,0.8125,3,False,network_error,0.5637,1
txn_007385,cust_003063,1589.4,upi,843,12,9,0.75,2,False,insufficient_balance,0.465,0
txn_007386,cust_002356,1043.83,wallet,1253,6,4,0.6667,4,False,insufficient_balance,0.28,0
txn_007387,cust_000706,7099.03,upi,837,14,13,0.9286,2,False,authentication_failed,0.3986,1
txn_007388,cust_000714,199.71,netbanking,820,13,11,0.8462,1,False,authentication_failed,0.4538,0
txn_007389,cust_001906,281.19,wallet,1205,2,1,0.5,3,False,insufficient_balance,0.31,0
txn_007390,cust_001139,8315.58,upi,908,5,4,0.8,2,False,insufficient_balance,0.48,0
txn_007391,cust_000895,1033.75,card,1239,17,12,0.7059,2,False,network_error,0.6118,1
txn_007392,cust_002975,654.6,wallet,204,24,20,0.8333,1,False,expired_card,0.4,0
txn_007393,cust_000957,516.43,card,271,8,5,0.625,1,False,authentication_failed,0.3875,1
txn_007394,cust_002562,523.95,upi,632,19,15,0.7895,2,False,authentication_failed,0.3568,1
txn_007395,cust_001182,524.11,netbanking,824,23,20,0.8696,4,False,insufficient_balance,0.3409,0
txn_007396,cust_002012,904.6,upi,69,12,10,0.8333,1,False,gateway_error,0.7,0
txn_007397,cust_002294,504.12,upi,440,10,9,0.9,2,False,authentication_failed,0.39,1
txn_007398,cust_003309,571.21,upi,829,6,4,0.6667,2,False,authentication_failed,0.32,1
txn_007399,cust_000420,801.24,wallet,942,2,1,0.5,4,False,bank_decline,0.29,0
txn_007400,cust_000856,3053.05,card,866,28,18,0.6429,1,False,expired_card,0.3429,1
txn_007401,cust_001658,961.69,card,1275,22,18,0.8182,4,False,expired_card,0.1555,1
txn_007402,cust_001220,2712.01,netbanking,909,23,17,0.7391,2,False,expired_card,0.2917,0
txn_007403,cust_001514,1388.39,netbanking,75,22,16,0.7273,2,False,bank_decline,0.5182,0
txn_007404,cust_003216,399.77,upi,1304,7,4,0.5714,1,False,network_error,0.6514,1
txn_007405,cust_003287,997.55,netbanking,604,3,3,1.0,3,False,insufficient_balance,0.46,0
txn_007406,cust_001858,635.88,netbanking,1227,17,14,0.8235,4,False,bank_decline,0.3871,1
txn_007407,cust_002136,5776.35,wallet,34,28,26,0.9286,1,False,bank_decline,0.6586,0
txn_007408,cust_000707,1545.75,upi,803,26,17,0.6538,3,False,insufficient_balance,0.3562,0
txn_007409,cust_001911,2464.19,wallet,120,20,14,0.7,1,False,authentication_failed,0.41,1
txn_007410,cust_002703,2390.16,upi,1026,19,13,0.6842,3,False,authentication_failed,0.2453,0
txn_007411,cust_002149,752.51,card,52,14,9,0.6429,2,False,authentication_failed,0.3129,0
txn_007412,cust_001949,231.43,card,173,5,4,0.8,2,False,bank_decline,0.54,1
txn_007413,cust_000732,468.38,upi,246,26,18,0.6923,2,False,insufficient_balance,0.4477,1
txn_007414,cust_002237,7955.11,upi,1300,23,15,0.6522,2,False,authentication_failed,0.3157,0
txn_007415,cust_001837,1098.97,wallet,977,10,8,0.8,2,False,expired_card,0.31,0
txn_007416,cust_001672,1470.43,upi,637,16,12,0.75,2,False,expired_card,0.295,0
txn_007417,cust_001842,544.6,card,512,28,22,0.7857,3,False,authentication_failed,0.2757,0
txn_007418,cust_001055,2247.95,wallet,882,10,8,0.8,2,False,gateway_error,0.61,1
txn_007419,cust_000351,2379.79,upi,622,18,11,0.6111,3,False,authentication_failed,0.2233,0
txn_007420,cust_002031,1153.2,card,1120,16,13,0.8125,1,False,insufficient_balance,0.5638,1
txn_007421,cust_002877,920.63,card,1267,1,1,1.0,4,False,insufficient_balance,0.38,1
txn_007422,cust_000818,548.64,wallet,276,27,17,0.6296,1,False,insufficient_balance,0.5089,1
txn_007423,cust_000861,641.33,wallet,1496,26,18,0.6923,1,False,bank_decline,0.5877,0
txn_007424,cust_003221,1253.57,card,1244,20,15,0.75,4,False,authentication_failed,0.185,1
txn_007425,cust_001245,2202.1,card,471,24,20,0.8333,2,False,bank_decline,0.55,0
txn_007426,cust_001739,2023.6,wallet,906,23,19,0.8261,3,False,bank_decline,0.4678,1
txn_007427,cust_002610,688.9,card,1057,1,0,0.0,2,False,bank_decline,0.3,0
txn_007428,cust_002585,524.31,card,365,9,8,0.8889,3,False,network_error,0.5867,0
txn_007429,cust_002551,777.92,card,337,5,5,1.0,3,False,bank_decline,0.52,1
txn_007430,cust_002959,1811.46,wallet,597,1,1,1.0,1,False,bank_decline,0.68,1
txn_007431,cust_000691,209.63,upi,1281,27,22,0.8148,3,False,bank_decline,0.4644,0
txn_007432,cust_000454,404.93,netbanking,1369,0,0,0.0,3,True,expired_card,0.02,0
txn_007433,cust_002517,2462.21,netbanking,888,5,3,0.6,4,False,bank_decline,0.32,0
txn_007434,cust_001873,1829.59,card,1327,6,4,0.6667,4,False,bank_decline,0.34,0
txn_007435,cust_001857,826.84,wallet,631,14,12,0.8571,1,False,gateway_error,0.7071,1
txn_007436,cust_002385,2183.1,upi,964,22,16,0.7273,1,False,authentication_failed,0.4182,0
txn_007437,cust_002520,2371.89,upi,1055,16,11,0.6875,3,False,network_error,0.5262,0
txn_007438,cust_002003,918.54,netbanking,1220,29,22,0.7586,1,False,insufficient_balance,0.5476,0
txn_007439,cust_000629,344.12,wallet,1386,6,4,0.6667,3,False,bank_decline,0.42,0
txn_007440,cust_002736,947.48,upi,81,9,8,0.8889,4,False,network_error,0.5067,1
txn_007441,cust_000086,1339.49,wallet,113,27,21,0.7778,2,False,bank_decline,0.5333,0
txn_007442,cust_002197,1652.62,netbanking,712,17,13,0.7647,4,False,expired_card,0.1394,0
txn_007443,cust_000300,338.33,card,336,26,23,0.8846,1,False,authentication_failed,0.4654,1
txn_007444,cust_000611,1200.23,netbanking,191,13,9,0.6923,2,False,gateway_error,0.5777,1
txn_007445,cust_000936,1208.84,upi,372,10,8,0.8,2,False,insufficient_balance,0.48,1
txn_007446,cust_000723,292.49,upi,927,15,13,0.8667,3,False,gateway_error,0.55,1
txn_007447,cust_003209,1271.9,upi,317,4,3,0.75,2,False,gateway_error,0.595,1
txn_007448,cust_001148,2667.27,card,923,2,1,0.5,2,False,gateway_error,0.52,0
txn_007449,cust_001678,1566.01,netbanking,1443,29,20,0.6897,4,False,network_error,0.4469,0
txn_007450,cust_002672,1782.42,card,203,6,4,0.6667,4,False,gateway_error,0.41,0
txn_007451,cust_000957,446.43,card,1058,27,24,0.8889,3,False,gateway_error,0.5567,1
txn_007452,cust_003300,1054.08,wallet,744,13,10,0.7692,3,False,bank_decline,0.4508,0
txn_007453,cust_003145,687.25,card,741,21,18,0.8571,3,False,authentication_failed,0.2971,0
txn_007454,cust_002328,381.47,wallet,632,4,3,0.75,4,False,expired_card,0.135,0
txn_007455,cust_000047,1055.54,upi,1091,2,1,0.5,4,False,bank_decline,0.29,0
txn_007456,cust_002603,1415.16,netbanking,442,8,7,0.875,3,False,bank_decline,0.4825,1
txn_007457,cust_000766,1183.73,netbanking,27,7,7,1.0,3,False,bank_decline,0.52,0
txn_007458,cust_000127,2644.67,netbanking,1431,14,9,0.6429,3,False,insufficient_balance,0.3529,1
txn_007459,cust_002437,593.51,netbanking,1428,19,14,0.7368,3,False,network_error,0.5411,1
txn_007460,cust_000005,1470.89,wallet,682,3,2,0.6667,1,False,authentication_failed,0.4,0
txn_007461,cust_002499,642.98,wallet,1421,18,16,0.8889,1,False,gateway_error,0.7167,1
txn_007462,cust_003164,669.68,upi,906,13,9,0.6923,2,False,authentication_failed,0.3277,1
txn_007463,cust_003173,280.39,wallet,1449,4,3,0.75,3,False,bank_decline,0.445,0
txn_007464,cust_001263,3047.12,upi,1203,9,8,0.8889,3,False,gateway_error,0.5567,1
txn_007465,cust_000543,3266.18,wallet,1133,6,4,0.6667,2,False,gateway_error,0.57,0
txn_007466,cust_002186,2106.05,upi,1469,16,8,0.5,2,False,network_error,0.55,1
txn_007467,cust_001694,1065.14,wallet,1470,29,24,0.8276,2,False,bank_decline,0.5483,1
txn_007468,cust_003145,644.76,upi,878,4,3,0.75,3,False,bank_decline,0.445,0
txn_007469,cust_001496,1559.26,netbanking,966,0,0,0.0,4,True,insufficient_balance,0.03,0
txn_007470,cust_001184,591.23,card,1220,0,0,0.0,4,True,insufficient_balance,0.03,0
txn_007471,cust_000606,968.13,card,1234,20,17,0.85,2,False,network_error,0.655,0
txn_007472,cust_000989,641.12,wallet,431,15,8,0.5333,2,False,gateway_error,0.53,1
txn_007473,cust_000245,1262.78,netbanking,574,15,11,0.7333,3,False,bank_decline,0.44,1
txn_007474,cust_001714,2228.95,upi,892,28,17,0.6071,4,False,network_error,0.4221,0
txn_007475,cust_001389,600.26,wallet,1118,4,3,0.75,3,False,gateway_error,0.515,0
txn_007476,cust_002163,2486.73,card,1104,9,8,0.8889,2,False,authentication_failed,0.3867,0
txn_007477,cust_000114,474.37,upi,613,14,12,0.8571,1,False,gateway_error,0.7071,1
txn_007478,cust_002919,344.12,upi,1181,1,1,1.0,2,False,expired_card,0.37,0
txn_007479,cust_003311,385.13,card,362,8,6,0.75,2,False,bank_decline,0.525,0
txn_007480,cust_002376,3539.03,upi,19,8,6,0.75,1,False,bank_decline,0.605,1
txn_007481,cust_000256,2861.25,wallet,1001,20,14,0.7,4,False,expired_card,0.12,0
txn_007482,cust_001088,1328.74,wallet,570,18,12,0.6667,3,False,gateway_error,0.49,1
txn_007483,cust_000568,2425.48,card,238,21,16,0.7619,4,False,expired_card,0.1386,0
txn_007484,cust_002862,1319.85,upi,1230,12,9,0.75,3,False,bank_decline,0.445,1
txn_007485,cust_002191,1447.26,upi,814,28,25,0.8929,4,False,bank_decline,0.4079,0
txn_007486,cust_000206,740.05,netbanking,1236,10,8,0.8,2,False,network_error,0.64,1
txn_007487,cust_001654,316.97,card,813,8,7,0.875,1,False,expired_card,0.4125,0
txn_007488,cust_001164,931.91,wallet,627,2,1,0.5,4,False,bank_decline,0.29,0
txn_007489,cust_000594,184.93,card,717,6,5,0.8333,3,False,expired_card,0.24,0
txn_007490,cust_000817,859.02,netbanking,291,15,10,0.6667,4,False,insufficient_balance,0.28,0
txn_007491,cust_001662,317.13,netbanking,1482,4,4,1.0,2,False,bank_decline,0.6,0
txn_007492,cust_000621,568.21,wallet,727,12,8,0.6667,4,False,bank_decline,0.34,0
txn_007493,cust_003300,803.26,wallet,1158,23,15,0.6522,4,False,network_error,0.4357,0
txn_007494,cust_002876,1397.22,netbanking,16,4,3,0.75,2,False,insufficient_balance,0.465,0
txn_007495,cust_001110,869.43,upi,795,0,0,0.0,1,True,authentication_failed,0.15,0
txn_007496,cust_002419,378.34,card,971,22,17,0.7727,3,False,expired_card,0.2218,0
txn_007497,cust_003318,699.18,wallet,1120,9,7,0.7778,3,False,bank_decline,0.4533,0
txn_007498,cust_000315,809.39,wallet,797,19,14,0.7368,3,False,insufficient_balance,0.3811,1
txn_007499,cust_000286,698.88,netbanking,907,10,8,0.8,2,False,gateway_error,0.61,0
txn_007500,cust_000640,920.44,wallet,628,14,10,0.7143,3,False,insufficient_balance,0.3743,0
txn_007501,cust_001728,699.38,netbanking,674,21,16,0.7619,1,False,network_error,0.7086,1
txn_007502,cust_002290,194.82,wallet,1151,16,12,0.75,3,False,gateway_error,0.515,1
txn_007503,cust_000319,344.83,upi,4,6,4,0.6667,4,False,bank_decline,0.34,0
txn_007504,cust_001743,2391.83,netbanking,378,9,6,0.6667,4,False,bank_decline,0.34,0
txn_007505,cust_000113,3257.13,upi,816,24,15,0.625,4,False,expired_card,0.0975,0
txn_007506,cust_000770,2655.68,wallet,789,17,9,0.5294,4,False,bank_decline,0.2988,0
txn_007507,cust_003102,953.46,netbanking,262,16,11,0.6875,2,False,network_error,0.6063,1
txn_007508,cust_002863,1156.32,wallet,579,18,14,0.7778,4,False,insufficient_balance,0.3133,0
txn_007509,cust_002136,1189.33,netbanking,1230,10,9,0.9,4,False,bank_decline,0.41,1
txn_007510,cust_001408,1100.05,upi,1491,2,2,1.0,3,False,bank_decline,0.52,0
txn_007511,cust_000641,1543.68,upi,70,5,4,0.8,1,False,bank_decline,0.62,1
txn_007512,cust_003031,746.77,card,276,15,11,0.7333,3,False,authentication_failed,0.26,1
txn_007513,cust_000288,2411.67,netbanking,1094,6,6,1.0,3,False,expired_card,0.29,1
txn_007514,cust_003233,193.62,upi,607,29,19,0.6552,1,False,insufficient_balance,0.5166,1
txn_007515,cust_001991,873.96,upi,709,3,3,1.0,4,False,insufficient_balance,0.38,0
txn_007516,cust_002770,2008.99,card,1425,28,22,0.7857,1,False,insufficient_balance,0.5557,1
txn_007517,cust_000094,664.81,wallet,94,10,7,0.7,2,False,network_error,0.61,1
txn_007518,cust_003215,782.61,card,315,7,7,1.0,4,False,gateway_error,0.51,1
txn_007519,cust_001070,281.61,netbanking,870,8,4,0.5,2,False,insufficient_balance,0.39,1
txn_007520,cust_003151,3071.92,netbanking,464,13,10,0.7692,4,False,insufficient_balance,0.3108,0
txn_007521,cust_002638,1094.45,wallet,1307,12,10,0.8333,2,False,bank_decline,0.55,0
txn_007522,cust_003220,277.31,card,831,9,6,0.6667,4,False,insufficient_balance,0.28,0
txn_007523,cust_002231,4527.87,netbanking,764,21,17,0.8095,1,False,expired_card,0.3929,1
txn_007524,cust_002847,395.81,card,176,20,11,0.55,4,False,expired_card,0.075,0
txn_007525,cust_003296,1329.32,wallet,779,9,5,0.5556,3,False,bank_decline,0.3867,0
txn_007526,cust_001746,676.57,wallet,658,24,16,0.6667,4,False,gateway_error,0.41,1
txn_007527,cust_001806,3178.22,wallet,74,27,20,0.7407,1,False,expired_card,0.3722,0
txn_007528,cust_000386,1963.02,netbanking,936,18,12,0.6667,3,False,gateway_error,0.49,0
txn_007529,cust_000242,980.37,netbanking,546,14,12,0.8571,4,False,bank_decline,0.3971,0
txn_007530,cust_001794,266.39,wallet,529,14,9,0.6429,4,False,bank_decline,0.3329,0
txn_007531,cust_001779,1404.66,card,984,26,21,0.8077,1,False,authentication_failed,0.4423,0
txn_007532,cust_000216,424.85,wallet,707,8,5,0.625,4,False,expired_card,0.0975,0
txn_007533,cust_002325,746.15,upi,784,20,16,0.8,4,False,gateway_error,0.45,0
txn_007534,cust_000436,727.37,upi,447,22,16,0.7273,1,False,expired_card,0.3682,0
txn_007535,cust_001315,1348.89,wallet,1133,24,18,0.75,2,False,authentication_failed,0.345,1
txn_007536,cust_002575,241.57,netbanking,1403,25,21,0.84,2,False,bank_decline,0.552,0
txn_007537,cust_002652,1740.23,wallet,647,3,2,0.6667,1,False,insufficient_balance,0.52,0
txn_007538,cust_001657,2113.57,wallet,471,8,7,0.875,2,False,network_error,0.6625,0
txn_007539,cust_000409,746.67,netbanking,742,16,12,0.75,2,False,gateway_error,0.595,1
txn_007540,cust_002809,1744.64,card,436,9,6,0.6667,1,False,authentication_failed,0.4,0
txn_007541,cust_003150,1091.98,wallet,285,1,1,1.0,1,False,insufficient_balance,0.62,1
txn_007542,cust_001667,1308.51,upi,96,2,2,1.0,1,False,insufficient_balance,0.62,0
txn_007543,cust_001501,2342.92,card,1200,19,15,0.7895,4,False,gateway_error,0.4468,0
txn_007544,cust_002194,798.22,wallet,151,0,0,0.0,4,True,gateway_error,0.16,0
txn_007545,cust_000891,703.04,upi,734,24,19,0.7917,4,False,network_error,0.4775,0
txn_007546,cust_001716,573.94,upi,597,1,1,1.0,2,False,gateway_error,0.67,0
txn_007547,cust_001504,3461.79,wallet,1225,19,18,0.9474,1,False,network_error,0.7642,1
txn_007548,cust_001142,1848.55,upi,819,27,19,0.7037,4,False,gateway_error,0.4211,1
txn_007549,cust_000533,1373.39,wallet,350,29,25,0.8621,1,False,insufficient_balance,0.5786,1
txn_007550,cust_002178,4936.8,card,1208,19,15,0.7895,1,False,bank_decline,0.6168,0
txn_007551,cust_000287,7862.04,netbanking,392,24,17,0.7083,3,False,network_error,0.5325,1
txn_007552,cust_000298,960.11,card,744,14,9,0.6429,1,False,bank_decline,0.5729,1
txn_007553,cust_000401,1623.43,wallet,959,7,5,0.7143,1,False,expired_card,0.3643,0
txn_007554,cust_000245,1396.45,wallet,717,26,19,0.7308,2,False,gateway_error,0.5892,1
txn_007555,cust_001082,1539.71,upi,70,16,12,0.75,3,False,authentication_failed,0.265,1
txn_007556,cust_000880,1186.24,card,478,1,1,1.0,2,False,gateway_error,0.67,0
txn_007557,cust_001155,430.58,wallet,564,27,19,0.7037,4,False,gateway_error,0.4211,0
txn_007558,cust_003029,1274.05,card,1195,8,6,0.75,1,False,insufficient_balance,0.545,0
txn_007559,cust_001098,1711.44,wallet,982,14,11,0.7857,3,False,authentication_failed,0.2757,0
txn_007560,cust_002918,712.63,netbanking,1431,15,11,0.7333,2,False,bank_decline,0.52,1
txn_007561,cust_002103,4340.0,wallet,1204,18,15,0.8333,2,False,authentication_failed,0.37,0
txn_007562,cust_000006,2459.4,netbanking,447,21,20,0.9524,1,False,authentication_failed,0.4857,1
txn_007563,cust_000965,456.81,wallet,550,19,13,0.6842,3,False,gateway_error,0.4953,1
txn_007564,cust_000068,623.22,card,1239,1,0,0.0,1,False,network_error,0.48,0
txn_007565,cust_000691,237.95,upi,847,3,3,1.0,1,False,network_error,0.78,0
txn_007566,cust_002611,976.95,netbanking,403,11,10,0.9091,1,False,bank_decline,0.6527,1
txn_007567,cust_000667,630.94,card,289,26,23,0.8846,2,False,insufficient_balance,0.5054,1
txn_007568,cust_002024,394.95,card,1336,9,6,0.6667,1,False,bank_decline,0.58,1
txn_007569,cust_001321,1796.21,upi,1311,26,19,0.7308,4,False,gateway_error,0.4292,1
txn_007570,cust_001584,860.23,netbanking,489,13,9,0.6923,2,False,gateway_error,0.5777,1
txn_007571,cust_000421,967.24,netbanking,567,19,16,0.8421,1,False,bank_decline,0.6326,1
txn_007572,cust_001697,970.91,netbanking,781,10,10,1.0,2,False,insufficient_balance,0.54,1
txn_007573,cust_003141,1421.68,wallet,255,1,0,0.0,2,False,authentication_failed,0.12,0
txn_007574,cust_003043,503.98,netbanking,250,19,12,0.6316,2,False,network_error,0.5895,1
txn_007575,cust_001446,857.83,upi,215,25,21,0.84,1,False,bank_decline,0.632,1
txn_007576,cust_000798,746.9,wallet,854,20,13,0.65,2,False,network_error,0.595,0
txn_007577,cust_000823,3073.3,netbanking,581,27,18,0.6667,3,False,insufficient_balance,0.36,0
txn_007578,cust_002086,2170.59,netbanking,860,23,19,0.8261,3,False,gateway_error,0.5378,1
txn_007579,cust_001826,1410.03,upi,809,26,19,0.7308,2,False,insufficient_balance,0.4592,1
txn_007580,cust_002565,701.71,wallet,717,28,26,0.9286,3,False,bank_decline,0.4986,0
txn_007581,cust_002689,519.7,wallet,1176,10,9,0.9,3,False,gateway_error,0.56,1
txn_007582,cust_002677,1114.73,card,899,22,15,0.6818,3,False,network_error,0.5245,0
txn_007583,cust_001402,1407.27,netbanking,995,15,8,0.5333,2,False,gateway_error,0.53,0
txn_007584,cust_003194,576.43,netbanking,1228,23,20,0.8696,1,False,expired_card,0.4109,0
txn_007585,cust_003242,985.03,netbanking,13,10,8,0.8,2,False,network_error,0.64,0
txn_007586,cust_002625,313.07,upi,882,7,4,0.5714,3,False,insufficient_balance,0.3314,1
txn_007587,cust_002298,529.41,netbanking,994,22,15,0.6818,4,False,gateway_error,0.4145,0
txn_007588,cust_000332,877.39,upi,554,11,9,0.8182,3,False,bank_decline,0.4655,1
txn_007589,cust_000061,585.27,wallet,1252,25,19,0.76,3,False,bank_decline,0.448,0
txn_007590,cust_002623,100.0,wallet,500,25,15,0.6,4,False,authentication_failed,0.14,0
txn_007591,cust_002119,1477.25,upi,1105,5,3,0.6,4,False,bank_decline,0.32,1
txn_007592,cust_001840,2952.95,upi,595,2,2,1.0,2,False,bank_decline,0.6,1
txn_007593,cust_003229,536.85,wallet,754,8,8,1.0,2,False,network_error,0.7,0
txn_007594,cust_000208,477.79,netbanking,1386,16,11,0.6875,2,False,bank_decline,0.5062,0
txn_007595,cust_001599,1968.34,netbanking,359,14,9,0.6429,1,False,gateway_error,0.6429,1
txn_007596,cust_000991,433.92,upi,15,6,5,0.8333,3,False,authentication_failed,0.29,0
txn_007597,cust_000874,576.4,card,485,14,11,0.7857,3,False,bank_decline,0.4557,1
txn_007598,cust_001146,1326.27,netbanking,1279,2,1,0.5,2,False,gateway_error,0.52,1
txn_007599,cust_000373,1054.15,upi,289,4,4,1.0,4,False,insufficient_balance,0.38,1
txn_007600,cust_000598,252.0,wallet,484,20,16,0.8,3,False,bank_decline,0.46,1
txn_007601,cust_002567,972.11,card,905,15,10,0.6667,1,False,bank_decline,0.58,1
txn_007602,cust_003090,3752.95,card,990,6,6,1.0,1,False,gateway_error,0.75,1
txn_007603,cust_001640,595.87,wallet,303,22,18,0.8182,2,False,bank_decline,0.5455,1
txn_007604,cust_002010,1981.63,netbanking,174,13,10,0.7692,3,False,gateway_error,0.5208,1
txn_007605,cust_001394,1627.97,wallet,1358,7,4,0.5714,3,False,network_error,0.4914,0
txn_007606,cust_001888,1644.14,wallet,817,0,0,0.0,1,True,bank_decline,0.33,1
txn_007607,cust_001346,1834.04,card,675,1,1,1.0,4,False,insufficient_balance,0.38,0
txn_007608,cust_002975,2259.54,netbanking,1016,5,4,0.8,1,False,insufficient_balance,0.56,1
txn_007609,cust_002687,1420.78,card,178,12,8,0.6667,4,False,network_error,0.44,0
txn_007610,cust_000408,204.14,card,851,5,4,0.8,1,False,network_error,0.72,1
txn_007611,cust_002049,1206.97,card,90,19,16,0.8421,2,False,authentication_failed,0.3726,0
txn_007612,cust_002459,780.18,netbanking,1068,3,3,1.0,4,False,network_error,0.54,0
txn_007613,cust_001140,2584.26,card,580,19,13,0.6842,2,False,gateway_error,0.5753,1
txn_007614,cust_000825,943.2,wallet,1107,27,18,0.6667,1,False,bank_decline,0.58,0
txn_007615,cust_003274,6135.96,wallet,674,0,0,0.0,3,True,insufficient_balance,0.11,0
txn_007616,cust_003218,2218.5,netbanking,651,19,16,0.8421,1,False,insufficient_balance,0.5726,0
txn_007617,cust_002042,1134.3,netbanking,626,15,10,0.6667,3,False,gateway_error,0.49,0
txn_007618,cust_003002,539.33,upi,1237,27,16,0.5926,2,False,authentication_failed,0.2978,0
txn_007619,cust_000445,1033.05,netbanking,480,1,1,1.0,4,False,network_error,0.54,1
txn_007620,cust_001674,807.25,card,6,14,10,0.7143,3,False,authentication_failed,0.2543,1
txn_007621,cust_002685,1113.93,upi,391,16,15,0.9375,4,False,gateway_error,0.4913,1
txn_007622,cust_001962,1579.18,card,972,19,15,0.7895,1,False,bank_decline,0.6168,1
txn_007623,cust_002561,579.27,upi,405,5,4,0.8,1,False,gateway_error,0.69,1
txn_007624,cust_001128,2169.43,upi,523,29,24,0.8276,2,False,gateway_error,0.6183,1
txn_007625,cust_001473,583.74,upi,1073,26,21,0.8077,1,False,authentication_failed,0.4423,0
txn_007626,cust_002224,1094.84,wallet,880,16,9,0.5625,4,False,bank_decline,0.3087,0
txn_007627,cust_001754,877.55,upi,325,27,18,0.6667,3,False,bank_decline,0.42,0
txn_007628,cust_000078,5451.24,card,866,28,17,0.6071,3,False,gateway_error,0.4721,0
txn_007629,cust_002878,2650.62,card,693,10,7,0.7,4,False,expired_card,0.12,0
txn_007630,cust_001969,185.24,upi,767,1,0,0.0,3,False,network_error,0.32,0
txn_007631,cust_000397,7124.72,netbanking,610,13,12,0.9231,4,False,bank_decline,0.4169,1
txn_007632,cust_002652,559.86,card,462,21,16,0.7619,3,False,gateway_error,0.5186,0
txn_007633,cust_000815,1590.86,netbanking,674,7,6,0.8571,3,False,bank_decline,0.4771,1
txn_007634,cust_001224,1659.4,upi,637,14,9,0.6429,3,False,insufficient_balance,0.3529,0
txn_007635,cust_002581,202.76,netbanking,409,13,12,0.9231,3,False,network_error,0.5969,0
txn_007636,cust_000973,252.29,upi,27,4,3,0.75,1,False,gateway_error,0.675,1
txn_007637,cust_001622,949.5,upi,637,16,12,0.75,4,False,network_error,0.465,0
txn_007638,cust_001386,1495.39,netbanking,468,7,6,0.8571,4,False,network_error,0.4971,0
txn_007639,cust_000583,3464.3,upi,273,1,1,1.0,3,False,authentication_failed,0.34,0
txn_007640,cust_002541,4457.12,netbanking,72,0,0,0.0,4,True,gateway_error,0.16,0
txn_007641,cust_000976,1018.81,upi,158,20,16,0.8,3,False,bank_decline,0.46,0
txn_007642,cust_000141,534.8,upi,816,18,14,0.7778,3,False,gateway_error,0.5233,0
txn_007643,cust_000427,673.95,upi,1480,16,12,0.75,4,False,gateway_error,0.435,0
txn_007644,cust_002492,4577.51,wallet,446,23,19,0.8261,3,False,bank_decline,0.4678,0
txn_007645,cust_000687,801.54,upi,753,14,12,0.8571,2,False,bank_decline,0.5571,0
txn_007646,cust_001471,1501.04,netbanking,1144,24,18,0.75,4,False,insufficient_balance,0.305,1
txn_007647,cust_001712,590.94,card,1297,23,17,0.7391,2,False,network_error,0.6217,0
txn_007648,cust_000058,403.58,netbanking,796,20,14,0.7,1,False,authentication_failed,0.41,0
txn_007649,cust_001028,1246.83,netbanking,1415,11,9,0.8182,3,False,gateway_error,0.5355,1
txn_007650,cust_000835,3472.75,upi,100,4,2,0.5,3,False,expired_card,0.14,0
txn_007651,cust_001089,870.19,card,164,13,7,0.5385,2,False,insufficient_balance,0.4015,1
txn_007652,cust_001076,580.01,netbanking,1127,17,13,0.7647,1,False,bank_decline,0.6094,1
txn_007653,cust_002850,273.39,wallet,1175,14,10,0.7143,3,False,authentication_failed,0.2543,0
txn_007654,cust_000818,3789.1,wallet,522,7,5,0.7143,2,False,network_error,0.6143,0
txn_007655,cust_002610,229.82,wallet,406,25,21,0.84,3,False,authentication_failed,0.292,0
txn_007656,cust_002278,569.99,netbanking,1266,4,3,0.75,1,False,expired_card,0.375,0
txn_007657,cust_000554,397.71,wallet,205,22,16,0.7273,3,False,expired_card,0.2082,0
txn_007658,cust_001454,1377.78,netbanking,1324,14,8,0.5714,3,False,authentication_failed,0.2114,0
txn_007659,cust_002563,5548.83,netbanking,1154,28,16,0.5714,1,False,network_error,0.6514,1
txn_007660,cust_001749,723.38,wallet,908,6,6,1.0,3,False,authentication_failed,0.34,1
txn_007661,cust_001492,619.63,wallet,790,18,12,0.6667,4,False,bank_decline,0.34,0
txn_007662,cust_002895,268.23,netbanking,1383,4,2,0.5,3,False,bank_decline,0.37,1
txn_007663,cust_003300,507.3,upi,1471,25,20,0.8,3,False,gateway_error,0.53,0
txn_007664,cust_002689,2080.29,netbanking,519,1,1,1.0,1,False,expired_card,0.45,0
txn_007665,cust_001629,1063.3,card,931,10,8,0.8,3,False,bank_decline,0.46,0
txn_007666,cust_000407,568.54,card,257,25,21,0.84,4,False,expired_card,0.162,0
txn_007667,cust_003075,774.55,card,435,0,0,0.0,4,True,network_error,0.19,0
txn_007668,cust_003303,1500.17,wallet,284,20,13,0.65,1,False,expired_card,0.345,0
txn_007669,cust_002836,391.38,card,1310,18,13,0.7222,4,False,authentication_failed,0.1767,0
txn_007670,cust_001789,346.48,netbanking,365,19,15,0.7895,3,False,gateway_error,0.5268,1
txn_007671,cust_001054,2271.79,netbanking,852,21,17,0.8095,4,False,bank_decline,0.3829,0
txn_007672,cust_003009,365.44,netbanking,257,18,14,0.7778,2,False,insufficient_balance,0.4733,1
txn_007673,cust_002866,1468.21,netbanking,528,18,13,0.7222,3,False,insufficient_balance,0.3767,1
txn_007674,cust_002744,1358.53,card,826,9,9,1.0,2,False,gateway_error,0.67,1
txn_007675,cust_000445,3104.63,netbanking,663,28,25,0.8929,1,False,authentication_failed,0.4679,1
txn_007676,cust_000356,1451.12,wallet,1314,21,14,0.6667,2,False,authentication_failed,0.32,1
txn_007677,cust_003255,1379.54,upi,538,8,5,0.625,1,False,insufficient_balance,0.5075,1
txn_007678,cust_001729,991.67,wallet,626,6,6,1.0,2,False,gateway_error,0.67,0
txn_007679,cust_002770,3280.02,netbanking,707,1,0,0.0,4,False,gateway_error,0.21,0
txn_007680,cust_002462,931.32,netbanking,383,15,9,0.6,4,False,expired_card,0.09,0
txn_007681,cust_000476,1144.14,netbanking,1479,9,8,0.8889,2,False,insufficient_balance,0.5067,0
txn_007682,cust_002010,1810.23,netbanking,922,19,13,0.6842,3,False,bank_decline,0.4253,1
txn_007683,cust_002445,1447.35,wallet,537,0,0,0.0,1,True,gateway_error,0.4,0
txn_007684,cust_001935,2538.4,card,801,12,9,0.75,1,False,network_error,0.705,1
txn_007685,cust_000469,1178.12,netbanking,1066,2,2,1.0,3,False,insufficient_balance,0.46,1
txn_007686,cust_001221,803.79,upi,1388,17,12,0.7059,4,False,expired_card,0.1218,0
txn_007687,cust_001901,784.39,card,650,17,12,0.7059,4,False,network_error,0.4518,0
txn_007688,cust_001429,1255.86,upi,1455,21,15,0.7143,4,False,bank_decline,0.3543,0
txn_007689,cust_002494,2256.48,upi,578,15,11,0.7333,1,False,bank_decline,0.6,1
txn_007690,cust_000291,148.82,wallet,205,29,22,0.7586,3,False,gateway_error,0.5176,0
txn_007691,cust_000513,808.86,wallet,345,13,13,1.0,3,False,gateway_error,0.59,0
txn_007692,cust_000427,2003.07,card,1406,1,0,0.0,1,False,network_error,0.48,1
txn_007693,cust_001857,486.21,card,1042,27,22,0.8148,1,False,insufficient_balance,0.5644,0
txn_007694,cust_002551,997.2,upi,68,15,13,0.8667,4,False,insufficient_balance,0.34,0
txn_007695,cust_003100,1213.15,upi,917,7,6,0.8571,2,False,bank_decline,0.5571,0
txn_007696,cust_002623,866.18,wallet,1320,29,21,0.7241,4,False,gateway_error,0.4272,0
txn_007697,cust_002034,689.42,netbanking,791,9,8,0.8889,3,False,insufficient_balance,0.4267,0
txn_007698,cust_000632,3916.22,card,1097,9,7,0.7778,3,False,gateway_error,0.5233,0
txn_007699,cust_002595,532.85,upi,489,15,13,0.8667,1,False,insufficient_balance,0.58,1
txn_007700,cust_002917,646.93,netbanking,631,9,4,0.4444,1,False,bank_decline,0.5133,0
txn_007701,cust_000559,923.7,upi,1184,14,10,0.7143,4,False,authentication_failed,0.1743,0
txn_007702,cust_002129,2506.67,card,529,3,3,1.0,2,False,insufficient_balance,0.54,1
txn_007703,cust_000984,2760.32,wallet,1469,9,7,0.7778,1,False,insufficient_balance,0.5533,0
txn_007704,cust_002995,1582.96,card,173,14,10,0.7143,2,False,bank_decline,0.5143,1
txn_007705,cust_001673,1079.1,card,603,5,4,0.8,4,False,gateway_error,0.45,1
txn_007706,cust_003310,3993.27,card,39,22,19,0.8636,2,False,bank_decline,0.5591,0
txn_007707,cust_002025,421.69,netbanking,33,20,17,0.85,4,False,network_error,0.495,0
txn_007708,cust_000139,105.83,card,241,15,12,0.8,4,False,insufficient_balance,0.32,0
txn_007709,cust_002211,2465.74,netbanking,1075,5,4,0.8,2,False,expired_card,0.31,0
txn_007710,cust_001380,1350.87,wallet,8,28,18,0.6429,3,False,authentication_failed,0.2329,1
txn_007711,cust_001891,920.69,netbanking,636,4,4,1.0,2,False,gateway_error,0.67,1
txn_007712,cust_001950,529.53,wallet,715,3,2,0.6667,2,False,gateway_error,0.57,0
txn_007713,cust_001071,842.38,card,1451,17,14,0.8235,2,False,network_error,0.6471,0
txn_007714,cust_000875,232.41,card,1232,0,0,0.0,2,True,gateway_error,0.32,0
txn_007715,cust_001234,2906.2,wallet,1097,2,2,1.0,2,False,network_error,0.7,0
txn_007716,cust_001116,474.41,upi,295,22,17,0.7727,3,False,network_error,0.5518,0
txn_007717,cust_002644,1097.35,upi,301,17,13,0.7647,3,False,bank_decline,0.4494,0
txn_007718,cust_001095,1925.85,netbanking,1068,12,10,0.8333,3,False,gateway_error,0.54,0
txn_007719,cust_000502,892.07,upi,920,24,16,0.6667,2,False,expired_card,0.27,1
txn_007720,cust_001657,754.81,card,707,0,0,0.0,4,True,bank_decline,0.09,0
txn_007721,cust_000125,7088.47,netbanking,141,9,9,1.0,1,False,network_error,0.78,1
txn_007722,cust_001431,601.26,upi,1410,28,22,0.7857,2,False,insufficient_balance,0.4757,1
txn_007723,cust_000202,2793.57,netbanking,997,18,15,0.8333,1,False,network_error,0.73,1
txn_007724,cust_001854,6013.59,wallet,524,26,21,0.8077,2,False,insufficient_balance,0.4823,0
txn_007725,cust_003124,1539.22,card,981,11,8,0.7273,1,False,network_error,0.6982,1
txn_007726,cust_002255,276.3,netbanking,831,16,13,0.8125,3,False,bank_decline,0.4637,0
txn_007727,cust_000200,1194.43,netbanking,353,25,16,0.64,4,False,bank_decline,0.332,1
txn_007728,cust_000694,3034.71,wallet,765,7,4,0.5714,2,False,insufficient_balance,0.4114,0
txn_007729,cust_002204,662.97,card,1133,3,3,1.0,1,False,gateway_error,0.75,1
txn_007730,cust_003146,535.85,netbanking,767,23,14,0.6087,4,False,bank_decline,0.3226,0
txn_007731,cust_001427,587.69,upi,1024,17,14,0.8235,3,False,expired_card,0.2371,0
txn_007732,cust_001807,668.36,netbanking,1346,10,7,0.7,4,False,gateway_error,0.42,0
txn_007733,cust_000116,3562.46,netbanking,1148,21,18,0.8571,4,False,authentication_failed,0.2171,1
txn_007734,cust_002314,187.82,upi,1002,21,15,0.7143,1,False,bank_decline,0.5943,0
txn_007735,cust_003162,652.39,wallet,251,16,9,0.5625,1,False,network_error,0.6487,1
txn_007736,cust_001797,1374.49,upi,593,1,1,1.0,1,False,bank_decline,0.68,1
txn_007737,cust_000492,1573.19,wallet,799,25,22,0.88,4,False,network_error,0.504,1
txn_007738,cust_000367,1673.59,wallet,398,4,4,1.0,2,False,bank_decline,0.6,1
txn_007739,cust_000402,1875.67,card,246,3,3,1.0,1,False,insufficient_balance,0.62,1
txn_007740,cust_001072,420.74,wallet,861,8,4,0.5,4,False,bank_decline,0.29,0
txn_007741,cust_001494,825.72,card,780,28,21,0.75,4,False,expired_card,0.135,0
txn_007742,cust_002290,991.09,card,1291,12,8,0.6667,4,False,insufficient_balance,0.28,0
txn_007743,cust_002490,1465.12,card,1494,2,1,0.5,1,False,authentication_failed,0.35,0
txn_007744,cust_000623,302.97,wallet,498,18,11,0.6111,2,False,network_error,0.5833,0
txn_007745,cust_001204,596.12,upi,330,20,16,0.8,1,False,authentication_failed,0.44,0
txn_007746,cust_002414,2532.01,card,713,6,3,0.5,3,False,bank_decline,0.37,1
txn_007747,cust_002148,1463.57,wallet,836,3,2,0.6667,2,False,insufficient_balance,0.44,0
txn_007748,cust_000705,867.48,wallet,1070,20,13,0.65,3,False,gateway_error,0.485,1
txn_007749,cust_001590,1813.13,wallet,1476,9,8,0.8889,3,False,network_error,0.5867,0
txn_007750,cust_002679,1942.22,netbanking,265,18,12,0.6667,2,False,insufficient_balance,0.44,0
txn_007751,cust_000164,1011.48,upi,1168,22,13,0.5909,2,False,gateway_error,0.5473,0
txn_007752,cust_003015,788.38,upi,1016,9,7,0.7778,1,False,expired_card,0.3833,0
txn_007753,cust_000516,1041.07,card,807,28,24,0.8571,1,False,gateway_error,0.7071,1
txn_007754,cust_002731,652.09,card,1350,8,7,0.875,3,False,bank_decline,0.4825,1
txn_007755,cust_000069,1900.52,wallet,482,4,3,0.75,4,False,bank_decline,0.365,0
txn_007756,cust_000307,277.5,netbanking,1054,2,2,1.0,3,False,network_error,0.62,1
txn_007757,cust_000174,1385.86,card,550,16,13,0.8125,2,False,bank_decline,0.5438,0
txn_007758,cust_000804,3093.97,wallet,1167,3,3,1.0,4,False,network_error,0.54,1
txn_007759,cust_001296,1077.72,netbanking,1402,15,12,0.8,2,False,network_error,0.64,1
txn_007760,cust_001596,2381.99,wallet,613,1,1,1.0,4,False,authentication_failed,0.26,0
txn_007761,cust_003282,507.95,card,167,20,16,0.8,4,False,bank_decline,0.38,1
txn_007762,cust_000224,586.07,wallet,538,25,15,0.6,4,False,gateway_error,0.39,1
txn_007763,cust_001423,420.41,wallet,605,17,12,0.7059,3,False,bank_decline,0.4318,1
txn_007764,cust_000859,378.15,card,1468,17,12,0.7059,3,False,bank_decline,0.4318,0
txn_007765,cust_001775,355.8,upi,978,20,14,0.7,1,False,expired_card,0.36,1
txn_007766,cust_002064,1283.89,netbanking,1355,4,3,0.75,2,False,network_error,0.625,1
txn_007767,cust_002894,4542.95,upi,722,9,8,0.8889,2,False,insufficient_balance,0.5067,0
txn_007768,cust_002406,243.91,upi,1368,22,15,0.6818,4,False,insufficient_balance,0.2845,1
txn_007769,cust_002793,3541.26,card,1311,19,12,0.6316,4,False,insufficient_balance,0.2695,1
txn_007770,cust_003328,746.72,netbanking,1050,7,5,0.7143,3,False,bank_decline,0.4343,1
txn_007771,cust_001541,1249.85,wallet,321,0,0,0.0,4,True,authentication_failed,0.02,0
txn_007772,cust_002914,804.29,wallet,247,16,11,0.6875,2,False,bank_decline,0.5062,0
txn_007773,cust_000519,695.31,wallet,1329,23,14,0.6087,4,False,bank_decline,0.3226,0
txn_007774,cust_000035,2628.28,upi,195,1,1,1.0,3,False,bank_decline,0.52,0
txn_007775,cust_002185,3005.96,upi,477,24,18,0.75,3,False,bank_decline,0.445,0
txn_007776,cust_000875,2235.04,card,594,22,18,0.8182,3,False,bank_decline,0.4655,0
txn_007777,cust_002244,604.91,card,1256,18,12,0.6667,2,False,authentication_failed,0.32,1
txn_007778,cust_001328,833.15,upi,266,10,9,0.9,1,False,authentication_failed,0.47,1
txn_007779,cust_001055,929.33,netbanking,1035,15,12,0.8,3,False,gateway_error,0.53,1
txn_007780,cust_002890,1709.82,upi,523,9,8,0.8889,1,False,gateway_error,0.7167,1
txn_007781,cust_003293,947.63,wallet,196,18,11,0.6111,3,False,insufficient_balance,0.3433,0
txn_007782,cust_002129,415.64,card,617,2,1,0.5,1,False,authentication_failed,0.35,0
txn_007783,cust_003031,375.17,upi,418,14,10,0.7143,3,False,gateway_error,0.5043,0
txn_007784,cust_001214,963.11,upi,922,19,18,0.9474,4,False,bank_decline,0.4242,1
txn_007785,cust_003007,2176.97,card,823,19,12,0.6316,4,False,expired_card,0.0995,0
txn_007786,cust_001251,1020.26,card,1427,21,17,0.8095,1,False,gateway_error,0.6929,0
txn_007787,cust_001016,7904.07,netbanking,1082,12,7,0.5833,4,False,authentication_failed,0.135,1
txn_007788,cust_001751,1331.95,wallet,303,13,9,0.6923,4,False,gateway_error,0.4177,0
txn_007789,cust_000323,279.92,card,661,17,14,0.8235,1,False,bank_decline,0.6271,1
txn_007790,cust_000583,389.07,card,1209,4,4,1.0,4,False,insufficient_balance,0.38,1
txn_007791,cust_000367,100.0,card,623,26,23,0.8846,4,False,bank_decline,0.4054,0
txn_007792,cust_000873,557.89,upi,726,1,0,0.0,1,False,insufficient_balance,0.32,0
txn_007793,cust_000643,637.29,upi,1155,1,1,1.0,2,False,authentication_failed,0.42,1
txn_007794,cust_001387,1729.77,netbanking,1145,10,8,0.8,4,False,authentication_failed,0.2,0
txn_007795,cust_002900,2133.99,wallet,71,19,15,0.7895,2,False,expired_card,0.3068,0
txn_007796,cust_002235,406.37,upi,1175,12,8,0.6667,4,False,expired_card,0.11,0
txn_007797,cust_001770,6466.42,upi,445,20,14,0.7,1,False,bank_decline,0.59,1
txn_007798,cust_001188,2312.65,card,756,6,4,0.6667,3,False,insufficient_balance,0.36,0
txn_007799,cust_000460,1504.05,card,1044,0,0,0.0,1,True,expired_card,0.1,0
txn_007800,cust_000098,979.44,wallet,1152,8,5,0.625,1,False,expired_card,0.3375,0
txn_007801,cust_000325,1922.46,card,37,4,4,1.0,1,False,network_error,0.78,1
txn_007802,cust_002760,553.15,card,287,24,20,0.8333,1,False,bank_decline,0.63,0
txn_007803,cust_003207,1907.47,upi,222,8,7,0.875,2,False,bank_decline,0.5625,1
txn_007804,cust_000889,106.69,netbanking,15,6,4,0.6667,2,False,bank_decline,0.5,1
txn_007805,cust_002673,2557.59,wallet,54,15,12,0.8,1,False,gateway_error,0.69,1
txn_007806,cust_000790,704.98,wallet,1434,26,22,0.8462,3,False,bank_decline,0.4738,1
txn_007807,cust_002962,895.66,netbanking,1109,3,3,1.0,4,False,expired_card,0.21,1
txn_007808,cust_000366,1763.6,card,170,7,7,1.0,2,False,insufficient_balance,0.54,0
txn_007809,cust_003113,2994.43,netbanking,1490,12,12,1.0,1,False,network_error,0.78,1
txn_007810,cust_003153,511.98,card,1233,28,22,0.7857,3,False,bank_decline,0.4557,0
txn_007811,cust_001931,379.45,upi,877,17,13,0.7647,1,False,bank_decline,0.6094,1
txn_007812,cust_002918,581.5,netbanking,37,16,9,0.5625,4,False,gateway_error,0.3788,1
txn_007813,cust_002682,1888.97,card,1176,3,3,1.0,4,False,gateway_error,0.51,1
txn_007814,cust_000540,892.93,wallet,66,8,7,0.875,3,False,authentication_failed,0.3025,0
txn_007815,cust_000762,2528.2,netbanking,939,3,3,1.0,3,False,insufficient_balance,0.46,1
txn_007816,cust_000886,891.44,upi,983,28,21,0.75,2,False,expired_card,0.295,1
txn_007817,cust_002617,2198.78,netbanking,1491,29,18,0.6207,4,False,bank_decline,0.3262,0
txn_007818,cust_002958,838.15,wallet,896,23,18,0.7826,3,False,insufficient_balance,0.3948,1
txn_007819,cust_000276,738.7,wallet,1069,6,3,0.5,2,False,authentication_failed,0.27,0
txn_007820,cust_003121,518.65,upi,605,17,12,0.7059,2,False,insufficient_balance,0.4518,0
txn_007821,cust_002446,759.34,wallet,96,16,10,0.625,3,False,network_error,0.5075,1
txn_007822,cust_001901,1501.22,card,941,10,7,0.7,3,False,network_error,0.53,1
txn_007823,cust_002113,389.62,upi,1324,8,5,0.625,4,False,insufficient_balance,0.2675,0
txn_007824,cust_001508,1946.53,wallet,1229,18,14,0.7778,3,False,insufficient_balance,0.3933,1
txn_007825,cust_000571,2211.23,upi,1402,23,18,0.7826,2,False,authentication_failed,0.3548,1
txn_007826,cust_001784,329.39,card,1206,9,8,0.8889,1,False,bank_decline,0.6467,1
txn_007827,cust_001037,999.68,wallet,1461,17,13,0.7647,1,False,network_error,0.7094,0
txn_007828,cust_002786,2516.34,netbanking,790,25,20,0.8,2,False,insufficient_balance,0.48,0
txn_007829,cust_002163,1063.73,card,853,20,15,0.75,2,False,bank_decline,0.525,1
txn_007830,cust_002727,995.14,netbanking,468,11,9,0.8182,1,False,insufficient_balance,0.5655,0
txn_007831,cust_001477,256.06,upi,46,16,9,0.5625,1,False,authentication_failed,0.3688,0
txn_007832,cust_002813,1237.41,card,897,23,18,0.7826,4,False,insufficient_balance,0.3148,0
txn_007833,cust_001286,425.91,wallet,788,5,5,1.0,4,False,authentication_failed,0.26,0
txn_007834,cust_000490,1176.95,upi,976,15,7,0.4667,2,False,bank_decline,0.44,1
txn_007835,cust_001791,677.49,upi,285,0,0,0.0,4,True,authentication_failed,0.02,0
txn_007836,cust_002461,573.99,card,697,24,18,0.75,4,False,authentication_failed,0.185,0
txn_007837,cust_002284,2089.85,card,1238,15,11,0.7333,2,False,authentication_failed,0.34,0
txn_007838,cust_000069,756.84,card,171,5,4,0.8,2,False,network_error,0.64,1
txn_007839,cust_003078,1014.45,card,934,14,10,0.7143,2,False,gateway_error,0.5843,0
txn_007840,cust_000984,515.58,netbanking,1358,15,12,0.8,3,False,bank_decline,0.46,0
txn_007841,cust_003037,709.56,upi,518,18,16,0.8889,1,False,bank_decline,0.6467,1
txn_007842,cust_001845,981.88,netbanking,1236,20,13,0.65,3,False,bank_decline,0.415,0
txn_007843,cust_001678,545.6,upi,1157,29,22,0.7586,1,False,insufficient_balance,0.5476,1
txn_007844,cust_002706,2372.61,netbanking,109,25,17,0.68,1,False,gateway_error,0.654,0
txn_007845,cust_000048,986.15,card,332,3,2,0.6667,4,False,insufficient_balance,0.28,0
txn_007846,cust_002517,1991.22,wallet,655,4,3,0.75,1,False,authentication_failed,0.425,1
txn_007847,cust_001109,9003.19,upi,1012,29,23,0.7931,1,False,insufficient_balance,0.5579,0
txn_007848,cust_000229,4328.73,wallet,830,20,16,0.8,3,False,authentication_failed,0.28,0
txn_007849,cust_001919,1801.0,card,1446,25,20,0.8,1,False,network_error,0.72,1
txn_007850,cust_003242,531.84,card,353,1,1,1.0,1,False,network_error,0.78,1
txn_007851,cust_000698,378.64,netbanking,269,1,0,0.0,2,False,expired_card,0.07,0
txn_007852,cust_002203,3542.19,netbanking,1421,26,19,0.7308,3,False,bank_decline,0.4392,1
txn_007853,cust_002973,758.95,card,882,23,18,0.7826,3,False,bank_decline,0.4548,1
txn_007854,cust_003005,4356.16,card,421,24,18,0.75,1,False,authentication_failed,0.425,0
txn_007855,cust_000308,4297.54,netbanking,129,5,4,0.8,1,False,bank_decline,0.62,0
txn_007856,cust_000808,1526.83,card,665,14,12,0.8571,4,False,network_error,0.4971,1
txn_007857,cust_000975,2093.07,netbanking,35,11,7,0.6364,3,False,expired_card,0.1809,0
txn_007858,cust_002595,405.07,netbanking,348,12,7,0.5833,2,False,bank_decline,0.475,1
txn_007859,cust_000746,2350.09,card,252,11,9,0.8182,1,False,bank_decline,0.6255,1
txn_007860,cust_003293,982.44,upi,678,6,3,0.5,2,False,network_error,0.55,0
txn_007861,cust_001235,583.68,upi,91,27,20,0.7407,1,False,gateway_error,0.6722,1
txn_007862,cust_000354,546.48,netbanking,908,29,19,0.6552,2,False,bank_decline,0.4966,1
txn_007863,cust_001098,793.98,card,1298,10,5,0.5,3,False,insufficient_balance,0.31,0
txn_007864,cust_002633,468.79,upi,854,23,16,0.6957,3,False,gateway_error,0.4987,1
txn_007865,cust_000359,2553.2,netbanking,981,19,16,0.8421,2,False,bank_decline,0.5526,0
txn_007866,cust_000450,867.69,wallet,237,19,16,0.8421,1,False,insufficient_balance,0.5726,1
txn_007867,cust_002207,329.63,upi,37,17,11,0.6471,3,False,bank_decline,0.4141,0
txn_007868,cust_001549,649.29,upi,900,7,4,0.5714,4,False,bank_decline,0.3114,0
txn_007869,cust_001693,2658.37,upi,1034,1,0,0.0,4,False,bank_decline,0.14,1
txn_007870,cust_000848,465.15,upi,855,16,11,0.6875,2,False,gateway_error,0.5762,1
txn_007871,cust_002962,580.9,netbanking,613,22,12,0.5455,3,False,bank_decline,0.3836,0
txn_007872,cust_002151,5828.49,netbanking,1131,19,16,0.8421,1,False,authentication_failed,0.4526,1
txn_007873,cust_002864,254.61,wallet,799,20,16,0.8,2,False,expired_card,0.31,1
txn_007874,cust_003276,322.88,upi,185,6,6,1.0,4,False,network_error,0.54,1
txn_007875,cust_000192,1551.02,card,11,22,17,0.7727,3,False,bank_decline,0.4518,0
txn_007876,cust_001149,567.77,netbanking,372,19,12,0.6316,3,False,bank_decline,0.4095,1
txn_007877,cust_002382,742.92,card,1280,12,11,0.9167,3,False,bank_decline,0.495,0
txn_007878,cust_000606,748.79,upi,659,28,19,0.6786,3,False,authentication_failed,0.2436,0
txn_007879,cust_002766,325.85,card,301,4,3,0.75,3,False,network_error,0.545,1
txn_007880,cust_001654,1380.39,card,1074,3,3,1.0,3,False,insufficient_balance,0.46,0
txn_007881,cust_001729,450.98,upi,774,18,14,0.7778,1,False,authentication_failed,0.4333,0
txn_007882,cust_001286,396.89,card,660,7,6,0.8571,2,False,gateway_error,0.6271,1
txn_007883,cust_002020,1508.38,netbanking,1437,7,6,0.8571,3,False,expired_card,0.2471,0
txn_007884,cust_003326,10839.18,wallet,79,16,11,0.6875,4,False,authentication_failed,0.1662,1
txn_007885,cust_000837,2617.04,card,688,2,2,1.0,2,False,expired_card,0.37,0
txn_007886,cust_000493,1142.4,wallet,975,5,3,0.6,4,False,insufficient_balance,0.26,0
txn_007887,cust_001987,175.68,netbanking,1165,27,19,0.7037,1,False,authentication_failed,0.4111,0
txn_007888,cust_000122,3254.57,upi,695,9,7,0.7778,2,False,gateway_error,0.6033,0
txn_007889,cust_003225,1225.33,wallet,1422,27,18,0.6667,4,False,gateway_error,0.41,1
txn_007890,cust_002314,1369.44,wallet,20,29,21,0.7241,3,False,insufficient_balance,0.3772,1
txn_007891,cust_003291,785.68,upi,213,1,1,1.0,2,False,gateway_error,0.67,0
txn_007892,cust_002484,3944.98,netbanking,1019,17,10,0.5882,2,False,expired_card,0.2465,0
txn_007893,cust_002057,657.19,upi,1158,14,13,0.9286,1,False,gateway_error,0.7286,0
txn_007894,cust_002739,575.44,netbanking,35,12,12,1.0,1,False,bank_decline,0.68,1
txn_007895,cust_002336,374.01,card,1047,19,15,0.7895,4,False,bank_decline,0.3768,1
txn_007896,cust_001389,1030.08,netbanking,601,19,15,0.7895,4,False,insufficient_balance,0.3168,0
txn_007897,cust_002138,293.33,upi,787,17,13,0.7647,2,False,insufficient_balance,0.4694,0
txn_007898,cust_000553,1185.32,upi,1031,27,20,0.7407,3,False,bank_decline,0.4422,1
txn_007899,cust_001923,651.26,wallet,1408,15,12,0.8,1,False,insufficient_balance,0.56,1
txn_007900,cust_002509,1746.22,wallet,128,28,23,0.8214,1,False,authentication_failed,0.4464,0
txn_007901,cust_002796,2628.02,netbanking,911,20,15,0.75,4,False,expired_card,0.135,1
txn_007902,cust_003303,1521.32,netbanking,1316,19,13,0.6842,2,False,bank_decline,0.5053,0
txn_007903,cust_001622,1355.38,wallet,44,5,4,0.8,1,False,gateway_error,0.69,0
txn_007904,cust_003264,1652.04,wallet,427,20,17,0.85,2,False,gateway_error,0.625,1
txn_007905,cust_001981,1259.0,card,1421,8,3,0.375,4,False,network_error,0.3525,1
txn_007906,cust_002162,293.15,upi,1465,27,23,0.8519,1,False,gateway_error,0.7056,1
txn_007907,cust_001599,870.93,upi,1191,19,14,0.7368,3,False,expired_card,0.2111,1
txn_007908,cust_000292,1213.86,netbanking,1467,3,3,1.0,4,False,expired_card,0.21,0
txn_007909,cust_002791,4252.33,netbanking,1092,28,20,0.7143,3,False,gateway_error,0.5043,1
txn_007910,cust_002435,827.77,wallet,666,12,10,0.8333,2,False,authentication_failed,0.37,0
txn_007911,cust_002436,1782.2,wallet,1300,9,6,0.6667,2,False,insufficient_balance,0.44,1
txn_007912,cust_003259,4194.44,netbanking,644,1,1,1.0,2,False,gateway_error,0.67,0
txn_007913,cust_000829,1497.22,wallet,230,24,17,0.7083,1,False,gateway_error,0.6625,1
txn_007914,cust_002198,481.37,netbanking,229,18,11,0.6111,3,False,authentication_failed,0.2233,0
txn_007915,cust_001552,2885.89,wallet,555,1,1,1.0,4,False,insufficient_balance,0.38,0
txn_007916,cust_000858,496.44,card,473,4,2,0.5,4,False,gateway_error,0.36,1
txn_007917,cust_002069,700.73,wallet,1218,29,19,0.6552,1,False,authentication_failed,0.3966,1
txn_007918,cust_001085,1500.51,wallet,387,6,3,0.5,4,False,expired_card,0.06,1
txn_007919,cust_002679,580.98,netbanking,614,23,13,0.5652,1,False,expired_card,0.3196,0
txn_007920,cust_001269,702.5,netbanking,307,8,6,0.75,3,False,insufficient_balance,0.385,1
txn_007921,cust_002759,588.82,upi,327,17,12,0.7059,2,False,bank_decline,0.5118,1
txn_007922,cust_001521,1206.21,upi,1497,24,18,0.75,3,False,bank_decline,0.445,0
txn_007923,cust_001202,1187.24,upi,190,3,2,0.6667,3,False,bank_decline,0.42,1
txn_007924,cust_000600,1582.26,netbanking,105,4,1,0.25,2,False,authentication_failed,0.195,0
txn_007925,cust_000771,2488.36,upi,695,11,9,0.8182,3,False,insufficient_balance,0.4055,0
txn_007926,cust_001525,1882.06,upi,671,16,11,0.6875,4,False,authentication_failed,0.1662,0
txn_007927,cust_000740,103.55,card,1204,10,8,0.8,4,False,bank_decline,0.38,0
txn_007928,cust_000606,479.92,card,517,3,3,1.0,3,False,bank_decline,0.52,0
txn_007929,cust_002256,942.83,card,1417,12,8,0.6667,2,False,authentication_failed,0.32,0
txn_007930,cust_001451,885.41,wallet,1338,16,13,0.8125,4,False,bank_decline,0.3837,1
txn_007931,cust_001181,1283.79,upi,1247,21,15,0.7143,4,False,authentication_failed,0.1743,0
txn_007932,cust_001573,1924.38,netbanking,1196,12,9,0.75,2,False,bank_decline,0.525,1
txn_007933,cust_000791,753.07,card,897,16,9,0.5625,1,False,gateway_error,0.6188,0
txn_007934,cust_000792,2851.87,upi,1084,25,22,0.88,4,False,bank_decline,0.404,0
txn_007935,cust_001998,1175.76,wallet,1374,16,8,0.5,4,False,insufficient_balance,0.23,0
txn_007936,cust_002089,1358.75,netbanking,553,10,8,0.8,3,False,authentication_failed,0.28,1
txn_007937,cust_002355,358.12,wallet,566,14,12,0.8571,2,False,authentication_failed,0.3771,1
txn_007938,cust_001982,2414.48,card,5,1,1,1.0,4,False,network_error,0.54,1
txn_007939,cust_000873,279.48,wallet,998,17,15,0.8824,1,False,expired_card,0.4147,1
txn_007940,cust_002511,2167.99,upi,645,7,4,0.5714,1,False,bank_decline,0.5514,1
txn_007941,cust_002911,3117.56,card,948,16,13,0.8125,3,False,gateway_error,0.5337,0
txn_007942,cust_001030,1463.3,netbanking,1347,8,7,0.875,1,False,bank_decline,0.6425,1
txn_007943,cust_000511,1328.09,wallet,1286,25,18,0.72,3,False,bank_decline,0.436,1
txn_007944,cust_003085,869.46,upi,1199,20,15,0.75,4,False,bank_decline,0.365,1
txn_007945,cust_003008,3981.32,netbanking,1404,24,19,0.7917,2,False,gateway_error,0.6075,1
txn_007946,cust_003047,4169.26,upi,980,13,9,0.6923,3,False,bank_decline,0.4277,0
txn_007947,cust_001902,1019.87,card,1201,28,25,0.8929,2,False,insufficient_balance,0.5079,0
txn_007948,cust_001443,1886.39,card,753,5,2,0.4,2,False,gateway_error,0.49,1
txn_007949,cust_003144,378.16,card,711,1,1,1.0,2,False,insufficient_balance,0.54,1
txn_007950,cust_002845,1288.59,upi,1148,14,11,0.7857,4,False,authentication_failed,0.1957,0
txn_007951,cust_000302,8672.34,wallet,1125,13,11,0.8462,1,False,insufficient_balance,0.5738,0
txn_007952,cust_001352,520.45,card,1047,3,3,1.0,1,False,bank_decline,0.68,0
txn_007953,cust_003290,2070.06,card,878,19,17,0.8947,1,False,network_error,0.7484,1
txn_007954,cust_002838,665.0,card,1284,8,5,0.625,4,False,bank_decline,0.3275,1
txn_007955,cust_001202,2109.52,upi,975,13,11,0.8462,2,False,authentication_failed,0.3738,0
txn_007956,cust_001093,636.8,upi,437,0,0,0.0,3,True,authentication_failed,0.02,0
txn_007957,cust_001037,6236.78,wallet,498,15,9,0.6,1,False,insufficient_balance,0.5,0
txn_007958,cust_000421,1474.39,wallet,1404,26,23,0.8846,1,False,insufficient_balance,0.5854,0
txn_007959,cust_002668,195.15,upi,700,1,1,1.0,1,False,network_error,0.78,1
txn_007960,cust_000481,1105.75,netbanking,1267,7,5,0.7143,2,False,authentication_failed,0.3343,0
txn_007961,cust_001233,892.74,card,672,18,11,0.6111,1,False,authentication_failed,0.3833,0
txn_007962,cust_001350,1119.62,card,1141,14,10,0.7143,2,False,insufficient_balance,0.4543,1
txn_007963,cust_000332,4645.8,netbanking,61,0,0,0.0,3,True,expired_card,0.02,0
txn_007964,cust_001819,239.51,wallet,410,17,11,0.6471,2,False,insufficient_balance,0.4341,1
txn_007965,cust_001254,2289.76,netbanking,278,1,0,0.0,4,False,network_error,0.24,0
txn_007966,cust_001905,371.55,wallet,927,4,1,0.25,2,False,bank_decline,0.375,1
txn_007967,cust_001190,1625.86,card,192,25,17,0.68,4,False,bank_decline,0.344,1
txn_007968,cust_002001,5873.89,netbanking,879,17,9,0.5294,3,False,network_error,0.4788,0
txn_007969,cust_000554,1657.51,wallet,1351,20,17,0.85,1,False,authentication_failed,0.455,1
txn_007970,cust_002829,369.69,netbanking,288,28,22,0.7857,3,False,network_error,0.5557,0
txn_007971,cust_000369,1098.77,wallet,95,7,5,0.7143,4,False,gateway_error,0.4243,1
txn_007972,cust_001419,860.64,card,896,19,14,0.7368,2,False,bank_decline,0.5211,1
txn_007973,cust_000702,967.14,upi,5,23,19,0.8261,4,False,insufficient_balance,0.3278,0
txn_007974,cust_000199,528.94,wallet,757,7,5,0.7143,3,False,bank_decline,0.4343,0
txn_007975,cust_001929,457.81,wallet,405,5,3,0.6,3,False,network_error,0.5,1
txn_007976,cust_003004,100.0,wallet,1415,3,2,0.6667,2,False,bank_decline,0.5,1
txn_007977,cust_000540,988.89,upi,991,11,8,0.7273,4,False,expired_card,0.1282,0
txn_007978,cust_001719,1386.43,card,132,10,8,0.8,2,False,bank_decline,0.54,0
txn_007979,cust_000270,457.2,card,1218,21,16,0.7619,1,False,insufficient_balance,0.5486,1
txn_007980,cust_002768,745.2,upi,1287,22,19,0.8636,4,False,bank_decline,0.3991,0
txn_007981,cust_002105,1297.75,wallet,22,7,6,0.8571,1,False,insufficient_balance,0.5771,1
txn_007982,cust_000586,628.54,wallet,1444,26,16,0.6154,1,False,expired_card,0.3346,0
txn_007983,cust_001865,224.65,upi,754,8,5,0.625,4,False,gateway_error,0.3975,1
txn_007984,cust_001578,423.07,card,672,10,7,0.7,4,False,network_error,0.45,0
txn_007985,cust_002512,1244.69,upi,937,22,18,0.8182,4,False,authentication_failed,0.2055,0
txn_007986,cust_002774,653.8,netbanking,948,27,21,0.7778,2,False,insufficient_balance,0.4733,0
txn_007987,cust_000913,1114.41,card,1028,27,18,0.6667,3,False,insufficient_balance,0.36,0
txn_007988,cust_000783,850.92,netbanking,245,29,22,0.7586,3,False,gateway_error,0.5176,1
txn_007989,cust_002020,15600.91,wallet,1392,1,1,1.0,4,False,gateway_error,0.51,1
txn_007990,cust_001354,5681.18,card,746,21,14,0.6667,2,False,bank_decline,0.5,1
txn_007991,cust_000701,3843.34,upi,1189,24,20,0.8333,3,False,bank_decline,0.47,1
txn_007992,cust_001298,2344.53,upi,1136,29,21,0.7241,4,False,bank_decline,0.3572,0
txn_007993,cust_002731,440.6,wallet,491,22,15,0.6818,2,False,authentication_failed,0.3245,0
txn_007994,cust_000304,1087.13,netbanking,202,5,3,0.6,4,False,bank_decline,0.32,0
txn_007995,cust_003082,1855.07,wallet,893,8,7,0.875,4,False,bank_decline,0.4025,1
txn_007996,cust_002247,1732.79,card,114,13,11,0.8462,2,False,expired_card,0.3238,0
txn_007997,cust_001218,1460.1,netbanking,1034,6,3,0.5,2,False,gateway_error,0.52,0
txn_007998,cust_002468,2121.52,netbanking,602,17,13,0.7647,3,False,gateway_error,0.5194,0
txn_007999,cust_001336,3177.9,wallet,751,0,0,0.0,3,True,bank_decline,0.17,0
txn_008000,cust_003182,949.22,card,899,2,2,1.0,4,False,bank_decline,0.44,1
txn_008001,cust_000581,535.96,wallet,885,8,6,0.75,4,False,gateway_error,0.435,1
txn_008002,cust_001513,1329.38,upi,209,0,0,0.0,3,True,network_error,0.27,0
txn_008003,cust_003064,563.67,wallet,1359,0,0,0.0,3,True,insufficient_balance,0.11,0
txn_008004,cust_001861,998.01,upi,1187,10,8,0.8,3,False,network_error,0.56,0
txn_008005,cust_002427,810.2,card,1496,5,3,0.6,3,False,authentication_failed,0.22,1
txn_008006,cust_000212,110.35,wallet,932,22,14,0.6364,3,False,gateway_error,0.4809,0
txn_008007,cust_001814,997.31,card,956,15,11,0.7333,4,False,network_error,0.46,0
txn_008008,cust_001688,3429.74,card,936,13,11,0.8462,3,False,authentication_failed,0.2938,1
txn_008009,cust_002201,1087.38,upi,592,15,13,0.8667,3,False,bank_decline,0.48,1
txn_008010,cust_002490,1274.4,card,220,14,9,0.6429,3,False,bank_decline,0.4129,0
txn_008011,cust_000341,1410.64,netbanking,128,2,2,1.0,3,False,network_error,0.62,1
txn_008012,cust_002436,4395.24,upi,1145,13,10,0.7692,2,False,bank_decline,0.5308,1
txn_008013,cust_003148,3978.0,upi,713,0,0,0.0,3,True,authentication_failed,0.02,0
txn_008014,cust_002041,614.94,netbanking,1085,14,10,0.7143,1,False,authentication_failed,0.4143,0
txn_008015,cust_003113,3097.91,upi,503,28,22,0.7857,4,False,gateway_error,0.4457,0
txn_008016,cust_002202,479.32,upi,159,20,16,0.8,3,False,insufficient_balance,0.4,0
txn_008017,cust_002465,1128.89,card,1195,8,5,0.625,3,False,gateway_error,0.4775,0
txn_008018,cust_000796,1151.33,netbanking,511,10,7,0.7,3,False,expired_card,0.2,0
txn_008019,cust_001130,1728.62,card,949,21,16,0.7619,3,False,expired_card,0.2186,0
txn_008020,cust_002653,714.15,card,1414,16,12,0.75,3,False,expired_card,0.215,0
txn_008021,cust_001526,1031.36,netbanking,401,24,18,0.75,2,False,network_error,0.625,0
txn_008022,cust_003305,1505.87,upi,1171,19,13,0.6842,3,False,expired_card,0.1953,1
txn_008023,cust_001287,1987.66,wallet,1499,6,4,0.6667,1,False,authentication_failed,0.4,0
txn_008024,cust_000556,787.65,wallet,1099,5,5,1.0,2,False,gateway_error,0.67,1
txn_008025,cust_003005,997.3,card,1025,7,6,0.8571,1,False,gateway_error,0.7071,1
txn_008026,cust_000898,752.48,upi,1472,5,4,0.8,4,False,insufficient_balance,0.32,1
txn_008027,cust_002537,1072.75,card,430,4,2,0.5,1,False,network_error,0.63,0
txn_008028,cust_001194,2260.37,wallet,1312,16,8,0.5,4,False,bank_decline,0.29,1
txn_008029,cust_002640,2023.87,upi,375,16,12,0.75,4,False,authentication_failed,0.185,0
txn_008030,cust_001771,2596.14,upi,215,21,15,0.7143,3,False,network_error,0.5343,0
txn_008031,cust_000588,1602.83,upi,1236,27,17,0.6296,1,False,network_error,0.6689,1
txn_008032,cust_001328,1561.33,upi,545,6,5,0.8333,3,False,insufficient_balance,0.41,1
txn_008033,cust_000859,355.54,card,1275,4,4,1.0,2,False,network_error,0.7,0
txn_008034,cust_000499,2203.79,wallet,276,21,15,0.7143,1,False,insufficient_balance,0.5343,0
txn_008035,cust_001878,1525.68,upi,113,0,0,0.0,4,True,expired_card,0.02,0
txn_008036,cust_002347,1445.53,netbanking,395,4,4,1.0,3,False,insufficient_balance,0.46,0
txn_008037,cust_001839,1530.38,upi,7,11,7,0.6364,2,False,gateway_error,0.5609,1
txn_008038,cust_000053,2335.78,netbanking,509,0,0,0.0,3,True,bank_decline,0.17,0
txn_008039,cust_002374,809.46,netbanking,1347,17,12,0.7059,4,False,insufficient_balance,0.2918,1
txn_008040,cust_002293,897.38,card,169,5,5,1.0,4,False,insufficient_balance,0.38,0
txn_008041,cust_003164,598.97,upi,425,15,11,0.7333,1,False,gateway_error,0.67,0
txn_008042,cust_003144,6351.19,wallet,313,25,18,0.72,4,False,insufficient_balance,0.296,0
txn_008043,cust_000739,984.61,upi,655,26,20,0.7692,2,False,gateway_error,0.6008,0
txn_008044,cust_002237,4296.22,netbanking,1395,12,10,0.8333,4,False,bank_decline,0.39,0
txn_008045,cust_000749,635.82,upi,392,14,13,0.9286,1,False,gateway_error,0.7286,1
txn_008046,cust_001278,969.93,netbanking,1190,23,19,0.8261,1,False,authentication_failed,0.4478,1
txn_008047,cust_002835,941.77,wallet,1253,8,7,0.875,3,False,insufficient_balance,0.4225,0
txn_008048,cust_000763,767.6,upi,64,21,17,0.8095,4,False,insufficient_balance,0.3229,0
txn_008049,cust_003105,393.23,upi,941,20,16,0.8,3,False,insufficient_balance,0.4,0
txn_008050,cust_000898,645.43,wallet,188,4,1,0.25,4,False,authentication_failed,0.035,0
txn_008051,cust_002198,5744.87,upi,1388,14,13,0.9286,4,False,authentication_failed,0.2386,0
txn_008052,cust_000744,771.71,upi,67,24,19,0.7917,4,False,bank_decline,0.3775,1
txn_008053,cust_003061,3930.12,wallet,964,12,9,0.75,1,False,insufficient_balance,0.545,0
txn_008054,cust_000997,357.4,wallet,564,7,3,0.4286,3,False,expired_card,0.1186,1
txn_008055,cust_001971,1004.33,card,922,22,15,0.6818,2,False,gateway_error,0.5745,1
txn_008056,cust_001459,683.97,upi,1343,22,20,0.9091,4,False,network_error,0.5127,1
txn_008057,cust_000565,1297.65,netbanking,1330,4,3,0.75,4,False,expired_card,0.135,0
txn_008058,cust_002631,1210.52,card,999,12,7,0.5833,1,False,insufficient_balance,0.495,1
txn_008059,cust_003270,1377.98,wallet,541,18,11,0.6111,3,False,bank_decline,0.4033,0
txn_008060,cust_000110,2462.09,netbanking,707,0,0,0.0,3,True,authentication_failed,0.02,0
txn_008061,cust_000283,1123.8,upi,1160,16,13,0.8125,3,False,bank_decline,0.4637,0
txn_008062,cust_002224,1116.95,upi,1397,11,9,0.8182,2,False,authentication_failed,0.3655,0
txn_008063,cust_002531,1844.33,wallet,125,25,19,0.76,3,False,bank_decline,0.448,1
txn_008064,cust_000115,1581.39,netbanking,188,5,2,0.4,4,False,insufficient_balance,0.2,1
txn_008065,cust_001163,1370.21,wallet,1028,11,11,1.0,1,False,bank_decline,0.68,1
txn_008066,cust_001441,3624.49,upi,1169,9,5,0.5556,1,False,bank_decline,0.5467,0
txn_008067,cust_000546,2362.17,wallet,89,28,22,0.7857,2,False,bank_decline,0.5357,1
txn_008068,cust_002976,1090.05,upi,216,0,0,0.0,2,True,authentication_failed,0.07,0
txn_008069,cust_000277,618.27,upi,860,18,14,0.7778,3,False,gateway_error,0.5233,0
txn_008070,cust_002705,554.53,upi,731,5,4,0.8,1,False,network_error,0.72,1
txn_008071,cust_001907,921.48,card,1039,19,14,0.7368,3,False,authentication_failed,0.2611,0
txn_008072,cust_002455,2110.68,netbanking,1056,19,11,0.5789,2,False,network_error,0.5737,0
txn_008073,cust_002529,775.15,upi,527,2,0,0.0,4,False,bank_decline,0.14,0
txn_008074,cust_002513,5081.29,upi,551,28,22,0.7857,2,False,expired_card,0.3057,0
txn_008075,cust_002067,2401.86,card,858,24,20,0.8333,2,False,insufficient_balance,0.49,1
txn_008076,cust_000407,3809.06,netbanking,1362,4,3,0.75,3,False,insufficient_balance,0.385,1
txn_008077,cust_001820,1620.73,card,1288,8,7,0.875,2,False,bank_decline,0.5625,0
txn_008078,cust_001521,768.82,upi,695,16,12,0.75,1,False,expired_card,0.375,0
txn_008079,cust_001322,1123.63,wallet,613,21,13,0.619,2,False,expired_card,0.2557,0
txn_008080,cust_000062,1532.59,upi,1355,27,20,0.7407,3,False,expired_card,0.2122,1
txn_008081,cust_001780,1184.73,netbanking,770,22,16,0.7273,4,False,bank_decline,0.3582,0
txn_008082,cust_001781,1507.62,wallet,648,18,13,0.7222,2,False,bank_decline,0.5167,1
txn_008083,cust_003303,411.69,netbanking,1196,7,7,1.0,4,False,expired_card,0.21,1
txn_008084,cust_001038,908.01,card,1360,13,8,0.6154,2,False,gateway_error,0.5546,1
txn_008085,cust_001097,1666.47,card,689,3,2,0.6667,3,False,network_error,0.52,1
txn_008086,cust_000739,2366.64,netbanking,863,29,22,0.7586,3,False,gateway_error,0.5176,1
txn_008087,cust_003123,603.13,card,1078,12,9,0.75,2,False,network_error,0.625,0
txn_008088,cust_000930,3305.88,netbanking,729,29,21,0.7241,2,False,expired_card,0.2872,0
txn_008089,cust_001793,1723.65,netbanking,989,13,11,0.8462,2,False,expired_card,0.3238,0
txn_008090,cust_003029,3496.74,upi,516,17,12,0.7059,3,False,authentication_failed,0.2518,0
txn_008091,cust_002578,1594.18,netbanking,232,8,6,0.75,4,False,gateway_error,0.435,0
txn_008092,cust_002305,2185.85,card,295,6,5,0.8333,1,False,authentication_failed,0.45,1
txn_008093,cust_001889,3266.52,wallet,1416,18,16,0.8889,1,False,bank_decline,0.6467,1
txn_008094,cust_001158,1807.64,upi,651,2,2,1.0,3,False,gateway_error,0.59,1
txn_008095,cust_002538,675.78,wallet,467,6,5,0.8333,4,False,expired_card,0.16,0
txn_008096,cust_001631,2472.22,card,456,7,3,0.4286,4,False,network_error,0.3686,0
txn_008097,cust_001564,1525.63,netbanking,1136,2,2,1.0,3,False,bank_decline,0.52,0
txn_008098,cust_000696,1985.07,wallet,163,20,14,0.7,2,False,authentication_failed,0.33,0
txn_008099,cust_000134,1070.12,wallet,1023,22,17,0.7727,1,False,expired_card,0.3818,0
txn_008100,cust_000305,288.26,upi,640,17,15,0.8824,3,False,expired_card,0.2547,1
txn_008101,cust_002901,1570.39,card,618,25,18,0.72,4,False,expired_card,0.126,0
txn_008102,cust_000260,378.75,upi,294,5,4,0.8,4,False,gateway_error,0.45,1
txn_008103,cust_000728,289.41,card,727,0,0,0.0,2,True,bank_decline,0.25,0
txn_008104,cust_000926,100.0,upi,731,21,17,0.8095,4,False,network_error,0.4829,0
txn_008105,cust_001408,7318.91,netbanking,455,21,15,0.7143,1,False,network_error,0.6943,1
txn_008106,cust_003198,2538.16,netbanking,477,27,19,0.7037,1,False,insufficient_balance,0.5311,1
txn_008107,cust_001501,584.29,netbanking,990,1,0,0.0,4,False,network_error,0.24,0
txn_008108,cust_000651,306.95,upi,680,20,14,0.7,1,False,network_error,0.69,1
txn_008109,cust_000566,1004.25,card,322,22,15,0.6818,4,False,expired_card,0.1145,1
txn_008110,cust_001046,360.61,upi,1156,1,1,1.0,2,False,gateway_error,0.67,0
txn_008111,cust_001392,529.24,netbanking,22,9,9,1.0,3,False,authentication_failed,0.34,0
txn_008112,cust_000807,1989.6,upi,1126,3,3,1.0,3,False,bank_decline,0.52,0
txn_008113,cust_002422,1355.34,card,327,2,1,0.5,4,False,insufficient_balance,0.23,0
txn_008114,cust_000557,1258.49,card,1049,26,20,0.7692,2,False,network_error,0.6308,0
txn_008115,cust_002329,2262.56,netbanking,569,22,16,0.7273,2,False,bank_decline,0.5182,1
txn_008116,cust_000360,3357.56,card,451,13,9,0.6923,3,False,insufficient_balance,0.3677,0
txn_008117,cust_002645,846.24,wallet,1182,21,17,0.8095,4,False,gateway_error,0.4529,0
txn_008118,cust_002494,2379.16,upi,1283,15,10,0.6667,4,False,gateway_error,0.41,1
txn_008119,cust_003022,692.51,card,21,15,13,0.8667,4,False,insufficient_balance,0.34,0
txn_008120,cust_002818,648.98,upi,1352,10,7,0.7,1,False,gateway_error,0.66,1
txn_008121,cust_003004,306.51,card,701,25,17,0.68,4,False,network_error,0.444,0
txn_008122,cust_001507,2666.59,card,992,7,6,0.8571,3,False,expired_card,0.2471,0
txn_008123,cust_002171,1116.62,netbanking,398,22,16,0.7273,1,False,gateway_error,0.6682,0
txn_008124,cust_002169,1120.14,netbanking,1080,11,7,0.6364,3,False,bank_decline,0.4109,1
txn_008125,cust_000015,1528.11,card,798,26,22,0.8462,4,False,expired_card,0.1638,0
txn_008126,cust_000233,1424.61,upi,597,7,5,0.7143,3,False,gateway_error,0.5043,0
txn_008127,cust_000847,826.25,wallet,1110,10,7,0.7,1,False,authentication_failed,0.41,1
txn_008128,cust_001758,649.27,upi,634,16,14,0.875,1,False,gateway_error,0.7125,1
txn_008129,cust_001901,1645.76,upi,703,8,4,0.5,2,False,network_error,0.55,1
txn_008130,cust_002627,665.36,card,320,22,18,0.8182,1,False,network_error,0.7255,1
txn_008131,cust_000010,370.88,netbanking,233,9,7,0.7778,2,False,network_error,0.6333,0
txn_008132,cust_003019,7052.73,wallet,1289,6,5,0.8333,2,False,bank_decline,0.55,1
txn_008133,cust_001513,476.3,card,40,26,22,0.8462,3,False,authentication_failed,0.2938,1
txn_008134,cust_001891,622.07,wallet,51,9,6,0.6667,3,False,insufficient_balance,0.36,0
txn_008135,cust_001809,1114.48,netbanking,1492,0,0,0.0,3,True,network_error,0.27,0
txn_008136,cust_000217,2129.5,netbanking,326,6,5,0.8333,2,False,authentication_failed,0.37,0
txn_008137,cust_002792,1176.82,upi,1217,26,15,0.5769,4,False,network_error,0.4131,1
txn_008138,cust_002458,931.81,netbanking,1214,12,9,0.75,1,False,bank_decline,0.605,0
txn_008139,cust_002432,1491.58,card,1456,26,22,0.8462,3,False,network_error,0.5738,1
txn_008140,cust_002486,751.8,upi,507,17,12,0.7059,4,False,authentication_failed,0.1718,0
txn_008141,cust_002190,1642.35,upi,148,22,15,0.6818,1,False,gateway_error,0.6545,0
txn_008142,cust_001858,446.65,card,1386,26,21,0.8077,2,False,gateway_error,0.6123,1
txn_008143,cust_002860,580.71,upi,816,7,6,0.8571,2,False,bank_decline,0.5571,0
txn_008144,cust_001245,785.97,upi,399,28,23,0.8214,1,False,gateway_error,0.6964,0
txn_008145,cust_003324,705.36,netbanking,575,10,6,0.6,1,False,gateway_error,0.63,0
txn_008146,cust_000464,743.8,upi,1362,21,13,0.619,4,False,insufficient_balance,0.2657,0
txn_008147,cust_000143,3223.47,card,1340,1,1,1.0,2,False,authentication_failed,0.42,1
txn_008148,cust_002777,4492.99,wallet,756,26,19,0.7308,3,False,bank_decline,0.4392,1
txn_008149,cust_000325,1574.35,upi,291,20,14,0.7,3,False,network_error,0.53,0
txn_008150,cust_000494,1752.57,upi,1402,5,3,0.6,3,False,bank_decline,0.4,1
txn_008151,cust_002064,1219.0,wallet,655,13,9,0.6923,2,False,insufficient_balance,0.4477,1
txn_008152,cust_002591,1693.12,netbanking,1461,0,0,0.0,3,True,bank_decline,0.17,0
txn_008153,cust_000693,1250.28,card,1325,28,20,0.7143,2,False,network_error,0.6143,0
txn_008154,cust_000114,2055.86,upi,300,16,15,0.9375,2,False,gateway_error,0.6513,1
txn_008155,cust_000435,162.97,netbanking,1114,22,18,0.8182,1,False,authentication_failed,0.4455,0
txn_008156,cust_001355,1346.91,netbanking,221,17,12,0.7059,2,False,network_error,0.6118,1
txn_008157,cust_000779,637.41,card,1159,0,0,0.0,2,True,expired_card,0.02,0
txn_008158,cust_001364,1215.58,upi,11,3,3,1.0,2,False,authentication_failed,0.42,1
txn_008159,cust_000987,444.29,card,1292,17,10,0.5882,4,False,bank_decline,0.3165,0
txn_008160,cust_002740,1024.02,wallet,328,6,6,1.0,1,False,authentication_failed,0.5,1
txn_008161,cust_002691,2194.5,netbanking,1246,26,17,0.6538,3,False,bank_decline,0.4162,0
txn_008162,cust_001984,1411.72,card,1302,27,21,0.7778,2,False,insufficient_balance,0.4733,0
txn_008163,cust_000195,496.6,upi,662,2,1,0.5,1,False,gateway_error,0.6,0
txn_008164,cust_002621,5586.83,wallet,1334,2,2,1.0,2,False,network_error,0.7,1
txn_008165,cust_000789,1774.56,upi,1476,17,13,0.7647,1,False,authentication_failed,0.4294,0
txn_008166,cust_002057,2464.88,card,896,10,9,0.9,3,False,gateway_error,0.56,0
txn_008167,cust_001049,2195.2,wallet,262,24,22,0.9167,2,False,bank_decline,0.575,1
txn_008168,cust_000194,1521.92,card,514,1,1,1.0,1,False,network_error,0.78,1
txn_008169,cust_002373,1437.56,netbanking,532,21,14,0.6667,1,False,insufficient_balance,0.52,0
txn_008170,cust_001020,1016.73,netbanking,438,12,9,0.75,3,False,bank_decline,0.445,1
txn_008171,cust_000213,872.41,wallet,201,29,27,0.931,4,False,bank_decline,0.4193,0
txn_008172,cust_003181,142.9,wallet,1395,17,14,0.8235,3,False,authentication_failed,0.2871,1
txn_008173,cust_000181,3154.05,netbanking,192,7,5,0.7143,2,False,expired_card,0.2843,0
txn_008174,cust_002143,566.33,upi,53,20,17,0.85,1,False,gateway_error,0.705,1
txn_008175,cust_002339,1931.9,upi,971,0,0,0.0,4,True,bank_decline,0.09,0
txn_008176,cust_000370,659.47,netbanking,25,24,19,0.7917,1,False,expired_card,0.3875,1
txn_008177,cust_002037,1160.71,wallet,621,23,19,0.8261,4,False,authentication_failed,0.2078,0
txn_008178,cust_001075,1143.39,netbanking,1444,8,6,0.75,4,False,network_error,0.465,0
txn_008179,cust_002128,1572.41,upi,934,10,9,0.9,3,False,insufficient_balance,0.43,0
txn_008180,cust_001481,2025.72,wallet,56,1,1,1.0,2,False,insufficient_balance,0.54,1
txn_008181,cust_001445,1137.27,wallet,268,22,17,0.7727,1,False,gateway_error,0.6818,0
txn_008182,cust_000218,884.15,card,533,2,1,0.5,1,False,gateway_error,0.6,0
txn_008183,cust_001342,809.36,netbanking,330,8,7,0.875,3,False,authentication_failed,0.3025,0
txn_008184,cust_001840,1050.7,wallet,1352,29,22,0.7586,4,False,bank_decline,0.3676,1
txn_008185,cust_000572,1921.58,wallet,178,16,13,0.8125,1,False,insufficient_balance,0.5638,0
txn_008186,cust_002814,720.86,upi,663,10,9,0.9,2,False,gateway_error,0.64,1
txn_008187,cust_000524,4114.35,upi,1321,14,6,0.4286,4,False,insufficient_balance,0.2086,1
txn_008188,cust_003140,564.95,upi,1356,1,1,1.0,3,False,bank_decline,0.52,1
txn_008189,cust_002215,350.39,netbanking,1436,8,7,0.875,4,False,authentication_failed,0.2225,0
txn_008190,cust_001646,469.0,netbanking,891,20,15,0.75,3,False,network_error,0.545,1
txn_008191,cust_000097,2236.03,wallet,521,17,13,0.7647,1,False,authentication_failed,0.4294,0
txn_008192,cust_001889,1554.85,wallet,411,18,13,0.7222,4,False,insufficient_balance,0.2967,0
txn_008193,cust_002858,1340.83,netbanking,1201,7,6,0.8571,3,False,gateway_error,0.5471,0
txn_008194,cust_000160,2021.63,upi,912,6,4,0.6667,4,False,authentication_failed,0.16,0
txn_008195,cust_000651,3579.04,wallet,502,12,9,0.75,2,False,network_error,0.625,0
txn_008196,cust_001985,809.02,wallet,598,14,11,0.7857,1,False,bank_decline,0.6157,1
txn_008197,cust_002750,1187.9,wallet,944,21,16,0.7619,1,False,expired_card,0.3786,0
txn_008198,cust_002643,4115.8,netbanking,1120,22,15,0.6818,4,False,expired_card,0.1145,0
txn_008199,cust_003248,423.29,wallet,756,1,1,1.0,4,False,bank_decline,0.44,1
txn_008200,cust_002827,453.65,netbanking,433,16,13,0.8125,3,False,insufficient_balance,0.4037,0
txn_008201,cust_001587,137.09,wallet,61,22,16,0.7273,2,False,gateway_error,0.5882,1
txn_008202,cust_002195,1085.16,wallet,632,7,6,0.8571,1,False,bank_decline,0.6371,1
txn_008203,cust_001998,354.06,netbanking,576,1,1,1.0,4,False,network_error,0.54,1
txn_008204,cust_003305,989.97,wallet,966,6,6,1.0,3,False,bank_decline,0.52,0
txn_008205,cust_001511,878.82,card,1173,25,19,0.76,2,False,gateway_error,0.598,1
txn_008206,cust_000921,2750.82,netbanking,694,3,2,0.6667,1,False,bank_decline,0.58,1
txn_008207,cust_001825,2062.02,wallet,54,16,11,0.6875,2,False,bank_decline,0.5062,1
txn_008208,cust_003153,1448.81,card,404,13,10,0.7692,3,False,expired_card,0.2208,0
txn_008209,cust_002471,1137.84,card,1468,11,10,0.9091,1,False,insufficient_balance,0.5927,1
txn_008210,cust_001930,698.08,wallet,877,28,22,0.7857,3,False,authentication_failed,0.2757,1
txn_008211,cust_002154,1576.47,wallet,959,23,18,0.7826,1,False,authentication_failed,0.4348,0
txn_008212,cust_000040,329.33,upi,208,7,6,0.8571,3,False,network_error,0.5771,1
txn_008213,cust_003224,3366.12,upi,1448,12,10,0.8333,4,False,expired_card,0.16,0
txn_008214,cust_002847,259.86,netbanking,107,4,4,1.0,4,False,insufficient_balance,0.38,1
txn_008215,cust_003330,195.95,upi,1255,15,10,0.6667,1,False,network_error,0.68,1
txn_008216,cust_003039,950.26,netbanking,912,2,2,1.0,3,False,gateway_error,0.59,1
txn_008217,cust_001749,837.82,card,118,26,21,0.8077,1,False,authentication_failed,0.4423,1
txn_008218,cust_001942,5728.74,card,45,7,6,0.8571,2,False,bank_decline,0.5571,0
txn_008219,cust_001049,1452.59,wallet,350,2,1,0.5,2,False,bank_decline,0.45,0
txn_008220,cust_003129,379.21,wallet,849,8,7,0.875,3,False,bank_decline,0.4825,1
txn_008221,cust_003042,847.74,card,403,24,20,0.8333,1,False,expired_card,0.4,1
txn_008222,cust_002117,1404.34,wallet,380,2,1,0.5,4,False,authentication_failed,0.11,0
txn_008223,cust_000120,317.68,upi,1195,15,11,0.7333,4,False,network_error,0.46,0
txn_008224,cust_000197,905.81,card,1216,21,17,0.8095,1,False,bank_decline,0.6229,1
txn_008225,cust_003288,656.28,card,1081,13,8,0.6154,4,False,insufficient_balance,0.2646,0
txn_008226,cust_002524,711.45,upi,656,20,10,0.5,1,False,bank_decline,0.53,0
txn_008227,cust_001453,262.1,upi,819,19,14,0.7368,1,False,expired_card,0.3711,1
txn_008228,cust_002348,1003.41,card,560,5,3,0.6,2,False,network_error,0.58,1
txn_008229,cust_003310,886.96,card,1422,24,18,0.75,2,False,network_error,0.625,1
txn_008230,cust_001287,2132.88,card,232,4,3,0.75,4,False,insufficient_balance,0.305,0
txn_008231,cust_003133,523.55,netbanking,465,26,19,0.7308,3,False,gateway_error,0.5092,0
txn_008232,cust_000619,917.65,upi,478,5,5,1.0,3,False,bank_decline,0.52,0
txn_008233,cust_002150,1225.14,netbanking,54,0,0,0.0,3,True,expired_card,0.02,0
txn_008234,cust_001942,272.8,card,664,1,1,1.0,1,False,network_error,0.78,0
txn_008235,cust_003069,380.34,card,1345,26,21,0.8077,1,False,bank_decline,0.6223,1
txn_008236,cust_000073,1097.91,wallet,397,6,4,0.6667,2,False,authentication_failed,0.32,0
txn_008237,cust_003078,307.39,card,9,8,5,0.625,2,False,gateway_error,0.5575,0
txn_008238,cust_000613,2011.26,netbanking,1182,23,16,0.6957,2,False,authentication_failed,0.3287,0
txn_008239,cust_002866,1188.83,card,1094,6,3,0.5,3,False,bank_decline,0.37,0
txn_008240,cust_000714,1035.82,wallet,1137,27,24,0.8889,2,False,bank_decline,0.5667,1
txn_008241,cust_001791,306.11,card,602,25,17,0.68,1,False,authentication_failed,0.404,1
txn_008242,cust_002054,308.07,upi,506,3,2,0.6667,2,False,authentication_failed,0.32,1
txn_008243,cust_000916,205.17,card,261,11,9,0.8182,4,False,insufficient_balance,0.3255,0
txn_008244,cust_001532,1474.04,upi,680,1,0,0.0,2,False,insufficient_balance,0.24,0
txn_008245,cust_002892,499.78,card,839,10,9,0.9,1,False,authentication_failed,0.47,1
txn_008246,cust_002289,327.35,wallet,7,4,4,1.0,4,False,insufficient_balance,0.38,1
txn_008247,cust_001059,240.78,wallet,79,2,2,1.0,1,False,authentication_failed,0.5,1
txn_008248,cust_000265,2583.16,upi,377,20,8,0.4,3,False,insufficient_balance,0.28,1
txn_008249,cust_003095,3042.95,netbanking,1358,8,7,0.875,3,False,network_error,0.5825,0
txn_008250,cust_002526,1323.91,netbanking,619,20,17,0.85,1,False,bank_decline,0.635,0
txn_008251,cust_003023,2179.6,card,846,23,22,0.9565,2,False,expired_card,0.357,0
txn_008252,cust_001298,511.0,wallet,1092,5,5,1.0,3,False,insufficient_balance,0.46,1
txn_008253,cust_001952,1424.06,upi,1482,19,13,0.6842,1,False,network_error,0.6853,1
txn_008254,cust_000898,935.62,netbanking,1253,20,16,0.8,4,False,gateway_error,0.45,0
txn_008255,cust_000630,2198.85,card,564,23,18,0.7826,3,False,network_error,0.5548,0
txn_008256,cust_000930,2862.19,upi,1482,15,15,1.0,2,False,authentication_failed,0.42,1
txn_008257,cust_002302,2081.81,netbanking,898,25,20,0.8,1,False,authentication_failed,0.44,0
txn_008258,cust_003120,495.26,upi,46,29,19,0.6552,4,False,bank_decline,0.3366,0
txn_008259,cust_001051,3961.77,wallet,450,23,19,0.8261,3,False,insufficient_balance,0.4078,0
txn_008260,cust_000429,676.7,card,162,27,18,0.6667,4,False,authentication_failed,0.16,0
txn_008261,cust_000844,1013.93,wallet,971,27,19,0.7037,1,False,authentication_failed,0.4111,0
txn_008262,cust_002923,1007.08,upi,1225,5,3,0.6,3,False,expired_card,0.17,0
txn_008263,cust_000892,1155.86,upi,827,20,16,0.8,4,False,expired_card,0.15,0
txn_008264,cust_003105,270.38,wallet,1483,14,13,0.9286,3,False,insufficient_balance,0.4386,0
txn_008265,cust_002568,2295.39,wallet,924,26,19,0.7308,2,False,expired_card,0.2892,0
txn_008266,cust_001079,972.14,card,1227,16,13,0.8125,4,False,expired_card,0.1537,0
txn_008267,cust_001790,2103.61,wallet,1329,9,7,0.7778,2,False,expired_card,0.3033,0
txn_008268,cust_000709,3552.52,netbanking,876,4,4,1.0,2,False,bank_decline,0.6,1
txn_008269,cust_000578,1465.34,netbanking,108,1,1,1.0,1,False,expired_card,0.45,0
txn_008270,cust_002030,809.68,netbanking,1161,19,10,0.5263,2,False,network_error,0.5579,0
txn_008271,cust_000112,5009.51,upi,687,0,0,0.0,3,True,bank_decline,0.17,0
txn_008272,cust_002700,853.0,wallet,1168,5,4,0.8,3,False,insufficient_balance,0.4,0
txn_008273,cust_001131,1685.36,upi,997,29,21,0.7241,1,False,gateway_error,0.6672,1
txn_008274,cust_001024,2570.6,upi,1083,13,10,0.7692,1,False,network_error,0.7108,0
txn_008275,cust_001675,1235.03,upi,317,27,22,0.8148,1,False,gateway_error,0.6944,0
txn_008276,cust_000958,3358.66,netbanking,871,1,0,0.0,2,False,bank_decline,0.3,1
txn_008277,cust_001188,1941.38,card,11,9,6,0.6667,2,False,expired_card,0.27,1
txn_008278,cust_001822,2852.84,card,393,18,14,0.7778,1,False,network_error,0.7133,1
txn_008279,cust_000785,877.66,netbanking,1332,19,15,0.7895,3,False,gateway_error,0.5268,1
txn_008280,cust_001191,2137.31,wallet,530,21,16,0.7619,1,False,bank_decline,0.6086,1
txn_008281,cust_002493,537.16,card,382,3,1,0.3333,3,False,bank_decline,0.32,0
txn_008282,cust_000051,1023.07,upi,657,18,12,0.6667,1,False,bank_decline,0.58,1
txn_008283,cust_000096,116.83,upi,513,12,10,0.8333,3,False,network_error,0.57,1
txn_008284,cust_001391,2476.38,card,650,5,4,0.8,2,False,expired_card,0.31,1
txn_008285,cust_002760,676.81,netbanking,371,2,2,1.0,4,False,expired_card,0.21,0
txn_008286,cust_001315,1137.91,upi,59,13,10,0.7692,3,False,gateway_error,0.5208,0
txn_008287,cust_002012,1056.37,wallet,1340,2,1,0.5,2,False,network_error,0.55,0
txn_008288,cust_003233,276.27,netbanking,181,15,15,1.0,1,False,bank_decline,0.68,1
txn_008289,cust_002138,2139.83,wallet,939,25,16,0.64,2,False,authentication_failed,0.312,0
txn_008290,cust_001274,1679.73,card,653,18,15,0.8333,2,False,expired_card,0.32,0
txn_008291,cust_002005,894.53,netbanking,837,7,4,0.5714,1,False,gateway_error,0.6214,1
txn_008292,cust_000983,1059.35,card,255,22,22,1.0,3,False,insufficient_balance,0.46,0
txn_008293,cust_001478,3731.13,netbanking,788,5,3,0.6,3,False,insufficient_balance,0.34,1
txn_008294,cust_000611,2643.15,card,1332,3,2,0.6667,2,False,expired_card,0.27,1
txn_008295,cust_000393,3479.74,netbanking,20,15,10,0.6667,2,False,gateway_error,0.57,1
txn_008296,cust_001224,1117.27,wallet,353,13,9,0.6923,4,False,insufficient_balance,0.2877,1
txn_008297,cust_000922,993.95,card,789,26,22,0.8462,1,False,bank_decline,0.6338,1
txn_008298,cust_000692,1073.85,netbanking,786,29,17,0.5862,4,False,insufficient_balance,0.2559,0
txn_008299,cust_003023,884.4,upi,289,28,22,0.7857,4,False,network_error,0.4757,0
txn_008300,cust_002164,311.86,wallet,1324,26,21,0.8077,3,False,bank_decline,0.4623,0
txn_008301,cust_000055,1252.32,wallet,586,18,13,0.7222,4,False,insufficient_balance,0.2967,1
txn_008302,cust_002353,404.65,upi,766,20,17,0.85,1,False,insufficient_balance,0.575,0
txn_008303,cust_002898,1367.22,wallet,1377,6,3,0.5,1,False,gateway_error,0.6,1
txn_008304,cust_003051,267.12,wallet,670,29,20,0.6897,4,False,bank_decline,0.3469,1
txn_008305,cust_001675,1231.24,card,1094,27,21,0.7778,2,False,bank_decline,0.5333,0
txn_008306,cust_003313,782.45,netbanking,1327,0,0,0.0,3,True,insufficient_balance,0.11,0
txn_008307,cust_002685,2642.48,card,1433,25,18,0.72,1,False,gateway_error,0.666,1
txn_008308,cust_000685,1386.89,netbanking,125,2,2,1.0,1,False,bank_decline,0.68,1
txn_008309,cust_000733,2105.97,card,869,18,11,0.6111,4,False,gateway_error,0.3933,0
txn_008310,cust_001541,767.18,card,196,23,13,0.5652,2,False,authentication_failed,0.2896,0
txn_008311,cust_000495,6372.77,netbanking,1168,8,5,0.625,4,False,bank_decline,0.3275,0
txn_008312,cust_003133,1328.47,wallet,1060,29,25,0.8621,2,False,gateway_error,0.6286,1
txn_008313,cust_002169,235.36,wallet,91,21,15,0.7143,4,False,network_error,0.4543,0
txn_008314,cust_000050,1030.43,card,407,22,19,0.8636,4,False,authentication_failed,0.2191,0
txn_008315,cust_001031,169.37,wallet,933,13,11,0.8462,2,False,bank_decline,0.5538,1
txn_008316,cust_001012,1181.45,netbanking,598,29,27,0.931,1,False,expired_card,0.4293,1
txn_008317,cust_001726,1627.04,card,436,15,13,0.8667,4,False,bank_decline,0.4,0
txn_008318,cust_000429,1494.55,upi,586,27,18,0.6667,2,False,authentication_failed,0.32,1
txn_008319,cust_001249,1483.41,upi,296,5,4,0.8,2,False,expired_card,0.31,0
txn_008320,cust_000710,987.02,upi,353,17,12,0.7059,4,False,authentication_failed,0.1718,0
txn_008321,cust_001300,195.69,upi,1229,5,2,0.4,4,False,bank_decline,0.26,1
txn_008322,cust_001809,987.51,netbanking,430,5,4,0.8,4,False,bank_decline,0.38,1
txn_008323,cust_002053,666.99,upi,684,16,9,0.5625,1,False,expired_card,0.3188,0
txn_008324,cust_000044,4585.27,upi,1165,21,13,0.619,2,False,authentication_failed,0.3057,1
txn_008325,cust_003285,2121.55,card,38,20,14,0.7,2,False,expired_card,0.28,0
txn_008326,cust_002857,800.61,upi,626,17,13,0.7647,1,False,network_error,0.7094,1
txn_008327,cust_001161,6274.81,card,319,12,10,0.8333,2,False,bank_decline,0.55,1
txn_008328,cust_000136,1428.03,netbanking,248,17,14,0.8235,3,False,bank_decline,0.4671,0
txn_008329,cust_002831,1638.77,upi,1433,1,0,0.0,3,False,insufficient_balance,0.16,0
txn_008330,cust_000879,891.87,netbanking,557,26,19,0.7308,4,False,authentication_failed,0.1792,0
txn_008331,cust_002051,351.17,upi,883,25,18,0.72,1,False,network_error,0.696,0
txn_008332,cust_000518,1245.16,upi,1224,12,8,0.6667,4,False,insufficient_balance,0.28,1
txn_008333,cust_000521,1165.79,wallet,1367,11,8,0.7273,3,False,bank_decline,0.4382,0
txn_008334,cust_000535,464.06,wallet,699,27,21,0.7778,3,False,gateway_error,0.5233,0
txn_008335,cust_002368,924.34,upi,1388,24,13,0.5417,4,False,authentication_failed,0.1225,0
txn_008336,cust_000023,670.41,netbanking,1488,5,3,0.6,2,False,gateway_error,0.55,1
txn_008337,cust_000666,3425.66,wallet,11,2,2,1.0,2,False,bank_decline,0.6,0
txn_008338,cust_003051,1063.54,upi,749,9,9,1.0,1,False,gateway_error,0.75,1
txn_008339,cust_002439,10271.99,card,161,10,9,0.9,3,False,authentication_failed,0.31,1
txn_008340,cust_002300,904.23,netbanking,757,4,4,1.0,3,False,authentication_failed,0.34,0
txn_008341,cust_002113,429.8,card,953,21,15,0.7143,1,False,expired_card,0.3643,1
txn_008342,cust_002986,927.32,wallet,1229,28,25,0.8929,2,False,bank_decline,0.5679,1
txn_008343,cust_002359,775.68,netbanking,333,14,8,0.5714,2,False,bank_decline,0.4714,0
txn_008344,cust_000887,4454.51,wallet,515,28,16,0.5714,1,False,network_error,0.6514,1
txn_008345,cust_000863,613.48,netbanking,206,1,1,1.0,2,False,authentication_failed,0.42,0
txn_008346,cust_002438,375.08,card,1309,22,16,0.7273,1,False,bank_decline,0.5982,1
txn_008347,cust_001748,1529.85,netbanking,470,27,22,0.8148,1,False,insufficient_balance,0.5644,0
txn_008348,cust_000036,4347.42,netbanking,820,11,9,0.8182,2,False,expired_card,0.3155,0
txn_008349,cust_003304,1084.23,netbanking,288,27,21,0.7778,1,False,bank_decline,0.6133,0
txn_008350,cust_003070,1547.71,upi,612,8,7,0.875,2,False,bank_decline,0.5625,0
txn_008351,cust_002708,1649.41,upi,743,6,6,1.0,4,False,bank_decline,0.44,1
txn_008352,cust_001907,814.54,upi,134,22,20,0.9091,3,False,expired_card,0.2627,0
txn_008353,cust_002988,606.25,netbanking,1238,13,11,0.8462,1,False,expired_card,0.4038,1
txn_008354,cust_001565,250.83,card,984,13,10,0.7692,1,False,insufficient_balance,0.5508,1
txn_008355,cust_000879,209.6,netbanking,438,3,3,1.0,3,False,bank_decline,0.52,1
txn_008356,cust_001523,854.34,card,207,0,0,0.0,1,True,authentication_failed,0.15,0
txn_008357,cust_002701,760.32,upi,335,5,4,0.8,1,False,insufficient_balance,0.56,1
txn_008358,cust_001472,728.81,card,640,19,18,0.9474,4,False,gateway_error,0.4942,0
txn_008359,cust_001829,601.17,upi,823,24,17,0.7083,4,False,authentication_failed,0.1725,0
txn_008360,cust_001561,648.56,wallet,1086,17,14,0.8235,3,False,bank_decline,0.4671,0
txn_008361,cust_000803,392.77,wallet,844,13,11,0.8462,4,False,insufficient_balance,0.3338,0
txn_008362,cust_000311,296.33,netbanking,683,22,16,0.7273,1,False,network_error,0.6982,1
txn_008363,cust_001105,662.48,netbanking,1474,17,16,0.9412,2,False,insufficient_balance,0.5224,0
txn_008364,cust_000025,2013.83,netbanking,437,5,3,0.6,1,False,bank_decline,0.56,0
txn_008365,cust_000542,1432.07,netbanking,369,4,3,0.75,1,False,authentication_failed,0.425,1
txn_008366,cust_002354,1200.03,netbanking,1149,5,4,0.8,3,False,authentication_failed,0.28,1
txn_008367,cust_000326,1036.84,wallet,57,2,2,1.0,1,False,network_error,0.78,0
txn_008368,cust_002722,1357.01,wallet,364,24,20,0.8333,1,False,insufficient_balance,0.57,1
txn_008369,cust_000846,900.0,upi,702,0,0,0.0,3,True,insufficient_balance,0.11,0
txn_008370,cust_000982,2603.23,wallet,1065,7,5,0.7143,2,False,bank_decline,0.5143,1
txn_008371,cust_001111,335.08,netbanking,339,20,16,0.8,2,False,expired_card,0.31,0
txn_008372,cust_000793,514.85,wallet,161,24,17,0.7083,3,False,insufficient_balance,0.3725,1
txn_008373,cust_003308,1700.87,upi,1267,2,2,1.0,2,False,expired_card,0.37,0
txn_008374,cust_001948,323.96,netbanking,831,23,21,0.913,4,False,gateway_error,0.4839,0
txn_008375,cust_002542,860.94,wallet,1376,28,21,0.75,1,False,authentication_failed,0.425,1
txn_008376,cust_002353,1851.82,card,29,5,4,0.8,2,False,authentication_failed,0.36,0
txn_008377,cust_001094,833.69,upi,1389,19,16,0.8421,2,False,authentication_failed,0.3726,0
txn_008378,cust_001673,1596.16,wallet,1371,24,19,0.7917,3,False,bank_decline,0.4575,0
txn_008379,cust_000950,3883.27,netbanking,401,17,13,0.7647,2,False,network_error,0.6294,0
txn_008380,cust_001007,2320.64,wallet,832,9,8,0.8889,4,False,expired_card,0.1767,0
txn_008381,cust_002225,435.48,wallet,859,29,25,0.8621,4,False,gateway_error,0.4686,1
txn_008382,cust_000803,960.64,upi,676,4,4,1.0,1,False,bank_decline,0.68,1
txn_008383,cust_001131,1210.18,netbanking,140,8,6,0.75,3,False,authentication_failed,0.265,0
txn_008384,cust_003159,954.06,wallet,62,27,22,0.8148,3,False,gateway_error,0.5344,1
txn_008385,cust_000290,392.32,card,365,5,4,0.8,1,False,network_error,0.72,1
txn_008386,cust_001765,1844.2,upi,358,4,4,1.0,4,False,bank_decline,0.44,0
txn_008387,cust_001078,353.82,wallet,1483,11,10,0.9091,2,False,bank_decline,0.5727,1
txn_008388,cust_001266,2178.45,wallet,898,28,18,0.6429,3,False,network_error,0.5129,1
txn_008389,cust_001678,4390.57,wallet,854,9,5,0.5556,1,False,expired_card,0.3167,0
txn_008390,cust_000866,1117.2,card,303,19,16,0.8421,3,False,bank_decline,0.4726,1
txn_008391,cust_000602,979.24,upi,1299,18,15,0.8333,4,False,authentication_failed,0.21,1
txn_008392,cust_001549,5437.43,card,38,28,16,0.5714,3,False,expired_card,0.1614,0
txn_008393,cust_001639,2261.62,upi,229,19,10,0.5263,1,False,insufficient_balance,0.4779,0
txn_008394,cust_001298,2221.94,card,1464,28,26,0.9286,2,False,expired_card,0.3486,1
txn_008395,cust_003063,799.22,card,388,1,1,1.0,1,False,bank_decline,0.68,1
txn_008396,cust_002542,1256.5,wallet,434,3,2,0.6667,1,False,network_error,0.68,1
txn_008397,cust_003215,1752.73,upi,1460,27,22,0.8148,4,False,network_error,0.4844,0
txn_008398,cust_001679,2136.36,wallet,198,28,19,0.6786,1,False,network_error,0.6836,1
txn_008399,cust_000815,414.49,wallet,820,5,3,0.6,4,False,authentication_failed,0.14,1
txn_008400,cust_001710,1068.75,upi,674,1,1,1.0,3,False,bank_decline,0.52,0
txn_008401,cust_000505,656.59,wallet,1405,10,10,1.0,3,False,gateway_error,0.59,1
txn_008402,cust_003149,895.03,card,994,4,2,0.5,3,False,expired_card,0.14,0
txn_008403,cust_000694,1461.82,card,514,23,15,0.6522,1,False,bank_decline,0.5757,1
txn_008404,cust_001391,5476.61,netbanking,343,28,16,0.5714,4,False,gateway_error,0.3814,0
txn_008405,cust_002470,687.38,wallet,1398,0,0,0.0,3,True,bank_decline,0.17,0
txn_008406,cust_002771,746.84,upi,406,15,11,0.7333,1,False,insufficient_balance,0.54,1
txn_008407,cust_001238,1557.44,wallet,436,0,0,0.0,4,True,gateway_error,0.16,0
txn_008408,cust_000882,1468.18,netbanking,32,23,18,0.7826,1,False,gateway_error,0.6848,1
txn_008409,cust_002984,3117.14,upi,631,25,18,0.72,4,False,authentication_failed,0.176,1
txn_008410,cust_002344,807.15,netbanking,113,21,14,0.6667,1,False,network_error,0.68,0
txn_008411,cust_001640,709.57,card,1147,14,12,0.8571,4,False,network_error,0.4971,1
txn_008412,cust_002068,808.83,netbanking,1426,21,18,0.8571,4,False,bank_decline,0.3971,1
txn_008413,cust_003048,852.33,card,1037,7,5,0.7143,3,False,bank_decline,0.4343,0
txn_008414,cust_000799,575.31,upi,527,25,14,0.56,4,False,bank_decline,0.308,0
txn_008415,cust_001981,368.24,upi,628,17,15,0.8824,4,False,bank_decline,0.4047,1
txn_008416,cust_000271,2620.77,netbanking,1039,19,16,0.8421,4,False,network_error,0.4926,0
txn_008417,cust_002672,685.4,wallet,1024,1,0,0.0,2,False,expired_card,0.07,0
txn_008418,cust_003188,474.52,wallet,1314,13,9,0.6923,4,False,bank_decline,0.3477,1
txn_008419,cust_001944,601.9,card,663,23,18,0.7826,4,False,gateway_error,0.4448,1
txn_008420,cust_001178,2107.47,wallet,730,29,24,0.8276,4,False,bank_decline,0.3883,0
txn_008421,cust_002872,1013.27,upi,789,24,17,0.7083,1,False,expired_card,0.3625,1
txn_008422,cust_000672,747.09,netbanking,510,28,18,0.6429,2,False,insufficient_balance,0.4329,0
txn_008423,cust_000282,563.6,upi,1414,29,22,0.7586,2,False,bank_decline,0.5276,1
txn_008424,cust_001910,564.91,wallet,203,12,10,0.8333,3,False,insufficient_balance,0.41,0
txn_008425,cust_001067,1060.27,card,991,21,15,0.7143,2,False,authentication_failed,0.3343,0
txn_008426,cust_000116,979.49,netbanking,1190,8,7,0.875,3,False,authentication_failed,0.3025,0
txn_008427,cust_000260,1030.33,upi,110,13,9,0.6923,4,False,bank_decline,0.3477,0
txn_008428,cust_001294,2837.7,upi,1484,26,18,0.6923,2,False,gateway_error,0.5777,1
txn_008429,cust_002371,830.34,wallet,785,24,20,0.8333,2,False,bank_decline,0.55,0
txn_008430,cust_000388,455.59,netbanking,1416,20,18,0.9,2,False,expired_card,0.34,1
txn_008431,cust_000768,4278.39,netbanking,958,17,10,0.5882,1,False,gateway_error,0.6265,0
txn_008432,cust_002225,931.19,card,1030,15,14,0.9333,1,False,gateway_error,0.73,1
txn_008433,cust_002751,654.68,upi,346,29,20,0.6897,3,False,bank_decline,0.4269,1
txn_008434,cust_003109,1008.09,wallet,112,27,22,0.8148,4,False,insufficient_balance,0.3244,0
txn_008435,cust_000475,473.82,upi,1466,15,8,0.5333,2,False,gateway_error,0.53,0
txn_008436,cust_000829,1096.82,upi,655,6,5,0.8333,2,False,authentication_failed,0.37,0
txn_008437,cust_001129,822.83,netbanking,656,25,19,0.76,2,False,gateway_error,0.598,1
txn_008438,cust_003215,494.75,upi,119,23,18,0.7826,2,False,gateway_error,0.6048,0
txn_008439,cust_000141,1031.12,upi,1396,21,16,0.7619,2,False,network_error,0.6286,0
txn_008440,cust_000288,1195.25,card,86,28,24,0.8571,1,False,gateway_error,0.7071,0
txn_008441,cust_001260,1091.27,upi,677,29,24,0.8276,2,False,bank_decline,0.5483,1
txn_008442,cust_000324,2342.5,netbanking,1311,9,8,0.8889,1,False,authentication_failed,0.4667,0
txn_008443,cust_001829,2628.09,upi,340,22,15,0.6818,1,False,insufficient_balance,0.5245,1
txn_008444,cust_001524,1692.55,netbanking,630,11,9,0.8182,4,False,bank_decline,0.3855,1
txn_008445,cust_003080,3646.44,upi,27,9,7,0.7778,2,False,network_error,0.6333,1
txn_008446,cust_000596,2393.01,wallet,1016,26,14,0.5385,4,False,bank_decline,0.3015,1
txn_008447,cust_002684,3400.45,upi,1458,3,1,0.3333,3,False,expired_card,0.09,0
txn_008448,cust_002496,364.4,wallet,316,12,8,0.6667,3,False,insufficient_balance,0.36,0
txn_008449,cust_002705,1781.32,upi,180,4,3,0.75,2,False,bank_decline,0.525,1
txn_008450,cust_002205,1090.86,card,579,20,17,0.85,3,False,network_error,0.575,1
txn_008451,cust_002699,739.72,netbanking,714,15,10,0.6667,2,False,bank_decline,0.5,0
txn_008452,cust_003064,3612.66,wallet,422,23,14,0.6087,2,False,bank_decline,0.4826,1
txn_008453,cust_002561,549.14,card,828,5,5,1.0,2,False,insufficient_balance,0.54,1
txn_008454,cust_001202,1232.41,upi,281,13,9,0.6923,3,False,bank_decline,0.4277,1
txn_008455,cust_001697,960.61,netbanking,97,19,14,0.7368,3,False,insufficient_balance,0.3811,0
txn_008456,cust_002305,598.82,wallet,52,14,10,0.7143,3,False,authentication_failed,0.2543,0
txn_008457,cust_001142,790.1,upi,200,22,17,0.7727,4,False,authentication_failed,0.1918,0
txn_008458,cust_000785,1125.04,upi,1086,17,15,0.8824,2,False,bank_decline,0.5647,0
txn_008459,cust_001367,1197.24,card,370,18,12,0.6667,1,False,bank_decline,0.58,1
txn_008460,cust_000758,1903.12,upi,456,4,3,0.75,3,False,authentication_failed,0.265,0
txn_008461,cust_002663,1406.72,wallet,678,10,8,0.8,4,False,bank_decline,0.38,1
txn_008462,cust_003102,2314.0,upi,855,27,22,0.8148,4,False,insufficient_balance,0.3244,0
txn_008463,cust_002773,1442.05,upi,98,21,17,0.8095,2,False,bank_decline,0.5429,0
txn_008464,cust_003022,942.18,card,837,11,5,0.4545,3,False,bank_decline,0.3564,0
txn_008465,cust_002937,745.56,netbanking,706,7,6,0.8571,4,False,expired_card,0.1671,0
txn_008466,cust_002022,2676.62,wallet,1094,5,5,1.0,4,False,authentication_failed,0.26,0
txn_008467,cust_002978,155.21,netbanking,604,8,8,1.0,3,False,bank_decline,0.52,1
txn_008468,cust_001285,651.92,wallet,644,1,0,0.0,3,False,bank_decline,0.22,0
txn_008469,cust_000997,1685.45,wallet,1202,15,10,0.6667,3,False,network_error,0.52,0
txn_008470,cust_002284,3065.62,wallet,739,13,11,0.8462,1,False,bank_decline,0.6338,1
txn_008471,cust_002513,511.89,wallet,699,0,0,0.0,1,True,bank_decline,0.33,0
txn_008472,cust_001862,3587.8,netbanking,774,11,8,0.7273,2,False,expired_card,0.2882,0
txn_008473,cust_001515,662.63,wallet,799,29,25,0.8621,3,False,network_error,0.5786,1
txn_008474,cust_002711,955.96,wallet,1470,18,14,0.7778,4,False,gateway_error,0.4433,1
txn_008475,cust_001945,1247.99,upi,1057,3,2,0.6667,3,False,network_error,0.52,0
txn_008476,cust_001353,731.13,netbanking,1373,9,4,0.4444,4,False,bank_decline,0.2733,0
txn_008477,cust_000658,294.29,upi,837,19,16,0.8421,4,False,network_error,0.4926,1
txn_008478,cust_001459,1388.83,wallet,516,6,5,0.8333,2,False,bank_decline,0.55,1
txn_008479,cust_002371,2468.5,wallet,13,15,9,0.6,4,False,bank_decline,0.32,1
txn_008480,cust_002126,610.12,netbanking,176,14,10,0.7143,1,False,expired_card,0.3643,0
txn_008481,cust_002096,1634.48,netbanking,158,5,4,0.8,1,False,authentication_failed,0.44,0
txn_008482,cust_000714,5506.27,netbanking,794,29,23,0.7931,1,False,gateway_error,0.6879,0
txn_008483,cust_002721,1188.23,netbanking,603,13,11,0.8462,3,False,bank_decline,0.4738,1
txn_008484,cust_002420,2248.95,netbanking,981,7,7,1.0,2,False,gateway_error,0.67,0
txn_008485,cust_000961,1006.32,wallet,1435,8,7,0.875,4,False,gateway_error,0.4725,1
txn_008486,cust_001186,2642.54,card,274,15,9,0.6,4,False,expired_card,0.09,0
txn_008487,cust_001687,1867.86,netbanking,1010,26,21,0.8077,2,False,insufficient_balance,0.4823,0
txn_008488,cust_002529,1129.87,netbanking,1125,2,1,0.5,3,False,gateway_error,0.44,0
txn_008489,cust_001314,3048.22,card,1415,20,19,0.95,4,False,authentication_failed,0.245,0
txn_008490,cust_002782,659.05,netbanking,811,21,18,0.8571,1,False,bank_decline,0.6371,1
txn_008491,cust_000467,1235.0,wallet,577,5,4,0.8,3,False,network_error,0.56,0
txn_008492,cust_000810,946.33,netbanking,23,12,6,0.5,1,False,bank_decline,0.53,1
txn_008493,cust_001231,2102.9,card,33,6,5,0.8333,4,False,authentication_failed,0.21,1
txn_008494,cust_001030,585.29,wallet,1347,5,5,1.0,1,False,insufficient_balance,0.62,1
txn_008495,cust_000177,1844.78,wallet,682,25,21,0.84,2,False,insufficient_balance,0.492,0
txn_008496,cust_003330,793.66,upi,806,3,3,1.0,4,False,authentication_failed,0.26,0
txn_008497,cust_001032,1919.16,netbanking,1141,23,20,0.8696,4,False,bank_decline,0.4009,0
txn_008498,cust_001491,298.7,card,1276,2,2,1.0,1,False,bank_decline,0.68,1
txn_008499,cust_000463,609.25,netbanking,772,19,13,0.6842,3,False,bank_decline,0.4253,0
txn_008500,cust_001115,1982.14,wallet,731,25,15,0.6,4,False,bank_decline,0.32,1
txn_008501,cust_003180,1108.05,card,1024,5,2,0.4,1,False,authentication_failed,0.32,0
txn_008502,cust_000001,617.16,netbanking,887,5,3,0.6,3,False,gateway_error,0.47,1
txn_008503,cust_002657,818.58,card,583,6,4,0.6667,3,False,bank_decline,0.42,0
txn_008504,cust_000541,1178.58,netbanking,699,29,20,0.6897,2,False,bank_decline,0.5069,0
txn_008505,cust_000082,612.1,card,695,13,10,0.7692,1,False,insufficient_balance,0.5508,1
txn_008506,cust_002317,609.85,upi,457,17,12,0.7059,3,False,bank_decline,0.4318,1
txn_008507,cust_001354,861.34,upi,862,19,13,0.6842,1,False,insufficient_balance,0.5253,1
txn_008508,cust_000499,2895.02,wallet,865,13,8,0.6154,4,False,network_error,0.4246,1
txn_008509,cust_001019,503.31,upi,468,24,19,0.7917,4,False,gateway_error,0.4475,0
txn_008510,cust_001002,1677.05,card,1171,7,7,1.0,3,False,authentication_failed,0.34,1
txn_008511,cust_000838,1139.64,netbanking,1147,10,9,0.9,2,False,authentication_failed,0.39,1
txn_008512,cust_001109,1162.23,card,1494,7,5,0.7143,2,False,gateway_error,0.5843,0
txn_008513,cust_002479,188.99,card,998,17,15,0.8824,1,False,insufficient_balance,0.5847,0
txn_008514,cust_002228,481.34,netbanking,922,20,16,0.8,4,False,insufficient_balance,0.32,1
txn_008515,cust_001414,578.19,netbanking,1471,20,16,0.8,3,False,network_error,0.56,1
txn_008516,cust_000237,685.8,card,1205,6,4,0.6667,4,False,expired_card,0.11,1
txn_008517,cust_001251,2342.81,card,575,8,3,0.375,4,False,bank_decline,0.2525,1
txn_008518,cust_000773,433.96,netbanking,415,0,0,0.0,2,True,bank_decline,0.25,0
txn_008519,cust_002970,1596.87,netbanking,500,4,4,1.0,2,False,gateway_error,0.67,1
txn_008520,cust_000582,245.53,wallet,632,14,8,0.5714,4,False,insufficient_balance,0.2514,0
txn_008521,cust_002909,4395.82,wallet,888,23,13,0.5652,4,False,network_error,0.4096,0
txn_008522,cust_001152,1815.47,netbanking,1221,10,7,0.7,3,False,expired_card,0.2,1
txn_008523,cust_000706,4068.88,wallet,767,2,1,0.5,1,False,network_error,0.63,0
txn_008524,cust_000987,835.69,card,405,26,20,0.7692,3,False,network_error,0.5508,1
txn_008525,cust_002150,1390.26,card,296,22,17,0.7727,3,False,bank_decline,0.4518,0
txn_008526,cust_003035,1028.54,card,184,14,11,0.7857,1,False,authentication_failed,0.4357,1
txn_008527,cust_001251,903.01,card,879,15,13,0.8667,1,False,gateway_error,0.71,1
txn_008528,cust_001038,1441.44,upi,1495,23,17,0.7391,4,False,network_error,0.4617,0
txn_008529,cust_002478,1493.39,card,1098,18,13,0.7222,4,False,gateway_error,0.4267,1
txn_008530,cust_002032,655.89,netbanking,355,11,8,0.7273,3,False,insufficient_balance,0.3782,1
txn_008531,cust_002672,1585.49,wallet,1489,18,14,0.7778,4,False,insufficient_balance,0.3133,0
txn_008532,cust_000309,1321.12,wallet,826,21,19,0.9048,4,False,insufficient_balance,0.3514,0
txn_008533,cust_000842,2620.81,wallet,1173,6,5,0.8333,4,False,expired_card,0.16,0
txn_008534,cust_002400,683.91,card,48,26,22,0.8462,4,False,insufficient_balance,0.3338,0
txn_008535,cust_002378,766.2,wallet,527,2,2,1.0,2,False,bank_decline,0.6,1
txn_008536,cust_002637,1929.63,netbanking,419,10,8,0.8,3,False,insufficient_balance,0.4,0
txn_008537,cust_000601,515.56,upi,333,23,16,0.6957,2,False,insufficient_balance,0.4487,0
txn_008538,cust_001367,1001.23,wallet,629,4,4,1.0,2,False,bank_decline,0.6,0
txn_008539,cust_000460,10068.31,netbanking,948,3,3,1.0,3,False,authentication_failed,0.34,0
txn_008540,cust_003132,296.06,upi,571,4,3,0.75,3,False,authentication_failed,0.265,1
txn_008541,cust_000904,2759.68,upi,1430,1,1,1.0,3,False,authentication_failed,0.34,1
txn_008542,cust_000117,950.25,wallet,607,5,5,1.0,1,False,authentication_failed,0.5,0
txn_008543,cust_000355,848.09,upi,471,12,8,0.6667,4,False,authentication_failed,0.16,0
txn_008544,cust_001396,3142.53,card,726,2,1,0.5,4,False,bank_decline,0.29,1
txn_008545,cust_002172,130.16,card,853,22,13,0.5909,2,False,network_error,0.5773,0
txn_008546,cust_002091,1097.0,wallet,166,2,0,0.0,2,False,insufficient_balance,0.24,0
txn_008547,cust_002608,342.54,upi,268,16,12,0.75,3,False,network_error,0.545,0
txn_008548,cust_003118,1065.65,wallet,876,10,8,0.8,3,False,bank_decline,0.46,1
txn_008549,cust_000591,777.9,wallet,1005,22,13,0.5909,1,False,bank_decline,0.5573,1
txn_008550,cust_001884,1023.24,card,917,8,5,0.625,1,False,insufficient_balance,0.5075,0
txn_008551,cust_001480,870.12,netbanking,740,2,2,1.0,2,False,network_error,0.7,0
txn_008552,cust_000511,1192.02,card,1176,22,13,0.5909,4,False,bank_decline,0.3173,0
txn_008553,cust_002551,325.51,card,1072,2,2,1.0,3,False,gateway_error,0.59,0
txn_008554,cust_000067,1021.98,netbanking,1059,26,22,0.8462,3,False,bank_decline,0.4738,0
txn_008555,cust_003276,1408.37,netbanking,971,26,20,0.7692,2,False,insufficient_balance,0.4708,0
txn_008556,cust_000605,502.07,upi,41,4,3,0.75,3,False,insufficient_balance,0.385,0
txn_008557,cust_000461,866.62,wallet,804,21,11,0.5238,1,False,bank_decline,0.5371,0
txn_008558,cust_001859,8048.53,wallet,14,19,14,0.7368,4,False,expired_card,0.1311,0
txn_008559,cust_002710,1623.24,wallet,1080,9,8,0.8889,4,False,authentication_failed,0.2267,1
txn_008560,cust_002767,210.56,upi,990,11,10,0.9091,2,False,bank_decline,0.5727,1
txn_008561,cust_000955,756.56,card,1484,27,18,0.6667,2,False,insufficient_balance,0.44,1
txn_008562,cust_000177,953.94,card,1452,26,19,0.7308,3,False,network_error,0.5392,1
txn_008563,cust_001792,561.52,wallet,1133,14,9,0.6429,3,False,authentication_failed,0.2329,0
txn_008564,cust_002508,5056.13,upi,43,7,6,0.8571,3,False,insufficient_balance,0.4171,1
txn_008565,cust_002677,272.6,upi,278,14,11,0.7857,3,False,authentication_failed,0.2757,0
txn_008566,cust_000105,614.04,card,477,18,12,0.6667,1,False,expired_card,0.35,0
txn_008567,cust_002280,3247.29,upi,1376,8,5,0.625,2,False,network_error,0.5875,1
txn_008568,cust_002903,4358.46,netbanking,1419,28,19,0.6786,1,False,authentication_failed,0.4036,0
txn_008569,cust_001984,153.1,netbanking,992,17,12,0.7059,2,False,bank_decline,0.5118,0
txn_008570,cust_000887,295.95,upi,1325,25,18,0.72,4,False,authentication_failed,0.176,0
txn_008571,cust_002578,3546.44,wallet,889,12,11,0.9167,4,False,network_error,0.515,0
txn_008572,cust_003305,1188.85,upi,260,16,13,0.8125,3,False,bank_decline,0.4637,1
txn_008573,cust_000589,356.1,wallet,1474,5,5,1.0,1,False,insufficient_balance,0.62,1
txn_008574,cust_001933,1890.46,upi,1479,16,11,0.6875,3,False,authentication_failed,0.2462,0
txn_008575,cust_001789,1115.57,netbanking,1012,2,2,1.0,3,False,gateway_error,0.59,0
txn_008576,cust_003289,1982.06,netbanking,205,0,0,0.0,2,True,bank_decline,0.25,0
txn_008577,cust_000113,4049.51,netbanking,489,1,1,1.0,2,False,bank_decline,0.6,1
txn_008578,cust_000160,11612.1,netbanking,312,20,10,0.5,2,False,network_error,0.55,1
txn_008579,cust_001937,4168.82,card,1335,22,17,0.7727,1,False,bank_decline,0.6118,1
txn_008580,cust_000077,284.22,wallet,1093,21,17,0.8095,3,False,expired_card,0.2329,1
txn_008581,cust_003066,1329.46,netbanking,1266,25,19,0.76,2,False,gateway_error,0.598,0
txn_008582,cust_001174,4953.91,card,309,14,9,0.6429,2,False,gateway_error,0.5629,0
txn_008583,cust_002513,2171.39,upi,541,1,1,1.0,1,False,network_error,0.78,1
txn_008584,cust_000151,1212.98,netbanking,765,5,4,0.8,3,False,insufficient_balance,0.4,0
txn_008585,cust_001341,1624.91,card,128,24,18,0.75,2,False,gateway_error,0.595,0
txn_008586,cust_002856,588.99,upi,993,16,13,0.8125,2,False,insufficient_balance,0.4838,1
txn_008587,cust_000990,1479.85,netbanking,519,10,6,0.6,3,False,insufficient_balance,0.34,0
txn_008588,cust_000532,1393.22,card,1477,1,1,1.0,2,False,authentication_failed,0.42,0
txn_008589,cust_000184,1364.84,netbanking,1387,13,9,0.6923,4,False,authentication_failed,0.1677,1
txn_008590,cust_001061,478.06,upi,29,11,10,0.9091,2,False,network_error,0.6727,1
txn_008591,cust_000646,334.57,card,1060,8,6,0.75,1,False,gateway_error,0.675,1
txn_008592,cust_001793,806.12,card,1047,22,16,0.7273,4,False,expired_card,0.1282,0
txn_008593,cust_000257,4108.21,netbanking,941,25,18,0.72,1,False,gateway_error,0.666,1
txn_008594,cust_002041,1668.46,card,1412,26,21,0.8077,3,False,bank_decline,0.4623,0
txn_008595,cust_001055,1110.68,netbanking,944,18,14,0.7778,3,False,gateway_error,0.5233,0
txn_008596,cust_001013,4107.28,upi,488,19,15,0.7895,2,False,bank_decline,0.5368,1
txn_008597,cust_002806,1965.95,card,481,13,7,0.5385,1,False,insufficient_balance,0.4815,1
txn_008598,cust_002474,580.33,netbanking,1377,26,21,0.8077,3,False,network_error,0.5623,0
txn_008599,cust_002483,853.96,wallet,266,20,15,0.75,4,False,insufficient_balance,0.305,0
txn_008600,cust_001898,619.25,upi,1090,4,4,1.0,4,False,insufficient_balance,0.38,1
txn_008601,cust_002572,820.44,netbanking,1155,22,16,0.7273,4,False,expired_card,0.1282,0
txn_008602,cust_002094,596.68,wallet,1168,0,0,0.0,4,True,gateway_error,0.16,0
txn_008603,cust_001987,1169.12,upi,1356,6,5,0.8333,1,False,gateway_error,0.7,1
txn_008604,cust_002108,1556.91,netbanking,1326,29,26,0.8966,2,False,bank_decline,0.569,1
txn_008605,cust_000907,1358.33,netbanking,23,23,19,0.8261,1,False,gateway_error,0.6978,1
txn_008606,cust_000606,727.55,netbanking,1360,24,19,0.7917,2,False,bank_decline,0.5375,1
txn_008607,cust_002533,1622.66,upi,895,21,14,0.6667,4,False,gateway_error,0.41,1
txn_008608,cust_002139,1914.5,netbanking,1354,26,19,0.7308,1,False,authentication_failed,0.4192,0
txn_008609,cust_002679,1755.34,wallet,1383,21,14,0.6667,2,False,insufficient_balance,0.44,1
txn_008610,cust_002618,839.79,upi,56,13,12,0.9231,1,False,authentication_failed,0.4769,1
txn_008611,cust_000056,880.2,netbanking,1432,1,1,1.0,1,False,gateway_error,0.75,1
txn_008612,cust_003294,2648.37,wallet,298,11,8,0.7273,4,False,bank_decline,0.3582,1
txn_008613,cust_000603,620.73,card,1119,19,12,0.6316,3,False,bank_decline,0.4095,0
txn_008614,cust_000394,762.28,netbanking,279,26,21,0.8077,3,False,insufficient_balance,0.4023,0
txn_008615,cust_000216,425.29,wallet,1336,8,4,0.5,3,False,network_error,0.47,0
txn_008616,cust_003286,1511.64,wallet,648,0,0,0.0,3,True,network_error,0.27,0
txn_008617,cust_002924,3151.74,upi,543,6,5,0.8333,2,False,network_error,0.65,0
txn_008618,cust_000600,1327.27,netbanking,1302,9,7,0.7778,3,False,expired_card,0.2233,0
txn_008619,cust_002405,216.22,wallet,850,7,3,0.4286,2,False,insufficient_balance,0.3686,0
txn_008620,cust_001535,517.96,netbanking,659,21,15,0.7143,1,False,network_error,0.6943,1
txn_008621,cust_000654,2594.3,wallet,851,19,16,0.8421,3,False,network_error,0.5726,1
txn_008622,cust_001256,553.48,card,985,7,5,0.7143,3,False,insufficient_balance,0.3743,0
txn_008623,cust_003001,690.04,card,606,14,11,0.7857,4,False,authentication_failed,0.1957,0
txn_008624,cust_001101,301.25,card,629,0,0,0.0,1,True,insufficient_balance,0.27,0
txn_008625,cust_001104,713.9,upi,39,6,4,0.6667,1,False,bank_decline,0.58,0
txn_008626,cust_002182,253.85,card,1406,24,17,0.7083,2,False,gateway_error,0.5825,0
txn_008627,cust_002477,330.28,card,205,19,10,0.5263,1,False,network_error,0.6379,1
txn_008628,cust_000342,629.58,netbanking,1191,17,15,0.8824,1,False,insufficient_balance,0.5847,0
txn_008629,cust_001163,836.23,card,1308,10,5,0.5,3,False,gateway_error,0.44,1
txn_008630,cust_002434,470.03,netbanking,1107,1,1,1.0,1,False,gateway_error,0.75,1
txn_008631,cust_000516,1352.7,upi,1311,9,5,0.5556,2,False,bank_decline,0.4667,1
txn_008632,cust_000670,217.2,card,136,7,5,0.7143,4,False,gateway_error,0.4243,1
txn_008633,cust_003180,1260.93,wallet,997,13,9,0.6923,1,False,bank_decline,0.5877,0
txn_008634,cust_003249,2192.8,upi,101,21,18,0.8571,1,False,network_error,0.7371,1
txn_008635,cust_000138,812.55,upi,675,13,10,0.7692,4,False,authentication_failed,0.1908,1
txn_008636,cust_000258,813.1,wallet,1253,15,12,0.8,1,False,insufficient_balance,0.56,0
txn_008637,cust_002816,1575.76,wallet,396,14,11,0.7857,3,False,bank_decline,0.4557,0
txn_008638,cust_002319,370.41,card,1483,22,19,0.8636,4,False,bank_decline,0.3991,0
txn_008639,cust_000947,838.05,wallet,231,9,7,0.7778,1,False,insufficient_balance,0.5533,1
txn_008640,cust_002124,10204.68,wallet,442,7,7,1.0,2,False,authentication_failed,0.42,0
txn_008641,cust_002842,557.51,upi,1049,16,10,0.625,1,False,bank_decline,0.5675,0
txn_008642,cust_002732,7199.63,wallet,1072,9,8,0.8889,3,False,insufficient_balance,0.4267,1
txn_008643,cust_002402,1123.07,netbanking,1096,1,1,1.0,3,False,gateway_error,0.59,1
txn_008644,cust_003187,904.38,card,768,4,3,0.75,1,False,network_error,0.705,1
txn_008645,cust_002433,100.0,wallet,575,29,22,0.7586,1,False,bank_decline,0.6076,1
txn_008646,cust_001814,309.77,card,1482,13,9,0.6923,4,False,gateway_error,0.4177,0
txn_008647,cust_002887,784.4,upi,62,23,22,0.9565,3,False,insufficient_balance,0.447,1
txn_008648,cust_001342,482.64,upi,1380,25,18,0.72,1,False,network_error,0.696,1
txn_008649,cust_000523,420.29,wallet,1163,13,9,0.6923,2,False,bank_decline,0.5077,1
txn_008650,cust_002831,100.0,netbanking,328,9,5,0.5556,1,False,network_error,0.6467,1
txn_008651,cust_001930,380.22,upi,459,8,5,0.625,1,False,network_error,0.6675,0
txn_008652,cust_002437,978.59,upi,200,3,3,1.0,3,False,bank_decline,0.52,0
txn_008653,cust_001251,292.03,upi,485,9,5,0.5556,3,False,bank_decline,0.3867,1
txn_008654,cust_001274,380.01,upi,1100,29,19,0.6552,2,False,gateway_error,0.5666,1
txn_008655,cust_001177,1422.73,card,1391,17,11,0.6471,1,False,insufficient_balance,0.5141,0
txn_008656,cust_000494,661.03,netbanking,1476,3,3,1.0,3,False,gateway_error,0.59,0
txn_008657,cust_000898,3522.96,card,419,6,5,0.8333,2,False,bank_decline,0.55,0
txn_008658,cust_001211,2259.21,card,1147,3,1,0.3333,3,False,authentication_failed,0.14,1
txn_008659,cust_000108,947.82,wallet,1120,17,14,0.8235,1,False,insufficient_balance,0.5671,0
txn_008660,cust_001726,2544.8,netbanking,762,11,8,0.7273,4,False,insufficient_balance,0.2982,0
txn_008661,cust_000019,1878.06,netbanking,25,27,16,0.5926,4,False,gateway_error,0.3878,1
txn_008662,cust_000779,289.31,card,233,26,22,0.8462,2,False,authentication_failed,0.3738,0
txn_008663,cust_002423,1500.25,netbanking,845,27,18,0.6667,3,False,bank_decline,0.42,1
txn_008664,cust_001621,1620.1,upi,442,14,10,0.7143,4,False,network_error,0.4543,0
txn_008665,cust_002141,767.39,card,1412,23,21,0.913,3,False,bank_decline,0.4939,0
txn_008666,cust_002022,1290.25,netbanking,1218,13,11,0.8462,2,False,gateway_error,0.6238,1
txn_008667,cust_003152,380.78,card,27,22,15,0.6818,2,False,gateway_error,0.5745,1
txn_008668,cust_002556,964.33,netbanking,813,8,6,0.75,3,False,bank_decline,0.445,0
txn_008669,cust_002448,2240.81,card,282,19,15,0.7895,1,False,gateway_error,0.6868,1
txn_008670,cust_002697,1227.05,upi,949,4,2,0.5,4,False,insufficient_balance,0.23,0
txn_008671,cust_001898,1204.47,netbanking,870,25,19,0.76,4,False,gateway_error,0.438,0
txn_008672,cust_000925,1971.49,wallet,391,27,22,0.8148,4,False,network_error,0.4844,1
txn_008673,cust_002703,1352.22,wallet,270,14,10,0.7143,2,False,gateway_error,0.5843,1
txn_008674,cust_002937,1503.84,wallet,1118,4,4,1.0,1,False,bank_decline,0.68,1
txn_008675,cust_002926,992.42,netbanking,817,5,5,1.0,2,False,insufficient_balance,0.54,0
txn_008676,cust_002680,307.39,upi,77,28,20,0.7143,4,False,insufficient_balance,0.2943,0
txn_008677,cust_001397,1892.17,netbanking,727,29,22,0.7586,1,False,network_error,0.7076,1
txn_008678,cust_001123,169.18,card,632,11,8,0.7273,3,False,authentication_failed,0.2582,0
txn_008679,cust_000254,11258.68,netbanking,336,2,2,1.0,3,False,insufficient_balance,0.46,1
txn_008680,cust_000853,312.8,wallet,1361,6,4,0.6667,2,False,insufficient_balance,0.44,0
txn_008681,cust_000928,1814.66,card,702,26,20,0.7692,3,False,authentication_failed,0.2708,0
txn_008682,cust_001773,955.23,netbanking,1172,2,1,0.5,1,False,gateway_error,0.6,1
txn_008683,cust_002377,5758.26,wallet,201,10,6,0.6,1,False,network_error,0.66,1
txn_008684,cust_002187,1135.97,netbanking,1095,29,20,0.6897,2,False,insufficient_balance,0.4469,1
txn_008685,cust_000404,711.34,netbanking,72,27,20,0.7407,1,False,expired_card,0.3722,0
txn_008686,cust_000740,195.35,netbanking,408,8,8,1.0,3,False,network_error,0.62,0
txn_008687,cust_001518,745.86,card,883,21,16,0.7619,3,False,bank_decline,0.4486,1
txn_008688,cust_002028,1464.02,card,1145,5,5,1.0,2,False,network_error,0.7,1
txn_008689,cust_000018,166.75,upi,215,24,18,0.75,3,False,authentication_failed,0.265,0
txn_008690,cust_001951,301.7,card,140,1,1,1.0,1,False,authentication_failed,0.5,1
txn_008691,cust_001431,801.11,card,719,2,2,1.0,4,False,network_error,0.54,1
txn_008692,cust_001444,944.89,netbanking,1108,20,14,0.7,3,False,authentication_failed,0.25,0
txn_008693,cust_001328,463.94,upi,158,18,11,0.6111,3,False,insufficient_balance,0.3433,0
txn_008694,cust_002330,644.55,upi,1411,22,13,0.5909,3,False,network_error,0.4973,0
txn_008695,cust_000221,996.35,upi,1107,0,0,0.0,1,True,insufficient_balance,0.27,0
txn_008696,cust_000727,1409.8,card,982,25,20,0.8,3,False,gateway_error,0.53,1
txn_008697,cust_002600,317.93,wallet,118,18,18,1.0,1,False,network_error,0.78,0
txn_008698,cust_002401,1339.78,netbanking,1233,0,0,0.0,4,True,bank_decline,0.09,0
txn_008699,cust_000364,820.64,upi,373,14,11,0.7857,2,False,insufficient_balance,0.4757,1
txn_008700,cust_002430,2052.94,upi,1042,28,22,0.7857,1,False,insufficient_balance,0.5557,1
txn_008701,cust_000499,2934.49,wallet,1099,11,10,0.9091,1,False,expired_card,0.4227,1
txn_008702,cust_000562,982.6,wallet,1040,24,17,0.7083,3,False,bank_decline,0.4325,0
txn_008703,cust_003227,784.21,netbanking,362,15,12,0.8,1,False,network_error,0.72,1
txn_008704,cust_000123,4266.47,wallet,310,22,14,0.6364,4,False,expired_card,0.1009,0
txn_008705,cust_000322,1813.42,netbanking,92,19,16,0.8421,2,False,bank_decline,0.5526,1
txn_008706,cust_003145,1284.89,wallet,1268,19,15,0.7895,3,False,gateway_error,0.5268,0
txn_008707,cust_000087,1730.73,netbanking,493,0,0,0.0,4,True,network_error,0.19,0
txn_008708,cust_002285,775.02,card,165,29,21,0.7241,4,False,bank_decline,0.3572,0
txn_008709,cust_000943,1504.12,wallet,1253,18,14,0.7778,2,False,bank_decline,0.5333,1
txn_008710,cust_001368,940.92,upi,1206,25,19,0.76,4,False,gateway_error,0.438,1
txn_008711,cust_000322,1034.25,wallet,203,7,6,0.8571,2,False,bank_decline,0.5571,1
txn_008712,cust_000183,772.78,upi,1449,24,18,0.75,4,False,network_error,0.465,1
txn_008713,cust_002392,865.83,wallet,203,0,0,0.0,4,True,insufficient_balance,0.03,1
txn_008714,cust_000568,2186.86,netbanking,204,21,13,0.619,3,False,insufficient_balance,0.3457,0
txn_008715,cust_000225,1016.03,upi,1242,13,11,0.8462,3,False,gateway_error,0.5438,1
txn_008716,cust_000855,2102.2,card,754,17,14,0.8235,4,False,bank_decline,0.3871,0
txn_008717,cust_001195,512.91,card,1020,14,10,0.7143,4,False,bank_decline,0.3543,0
txn_008718,cust_000717,448.76,card,1140,5,3,0.6,2,False,network_error,0.58,0
txn_008719,cust_002298,424.63,upi,199,6,4,0.6667,2,False,network_error,0.6,1
txn_008720,cust_003017,647.33,netbanking,1398,15,13,0.8667,4,False,gateway_error,0.47,1
txn_008721,cust_002192,2134.83,upi,256,1,1,1.0,3,False,authentication_failed,0.34,0
txn_008722,cust_002939,461.33,card,684,2,2,1.0,1,False,bank_decline,0.68,1
txn_008723,cust_000919,1159.86,card,477,4,2,0.5,1,False,gateway_error,0.6,1
txn_008724,cust_001018,665.38,netbanking,1052,0,0,0.0,3,True,bank_decline,0.17,0
txn_008725,cust_000969,356.79,card,602,16,8,0.5,3,False,bank_decline,0.37,1
txn_008726,cust_001480,2394.57,upi,331,27,21,0.7778,1,False,network_error,0.7133,1
txn_008727,cust_002502,1344.72,netbanking,927,12,11,0.9167,4,False,gateway_error,0.485,0
txn_008728,cust_000225,449.32,wallet,1421,20,14,0.7,1,False,insufficient_balance,0.53,0
txn_008729,cust_001210,2492.26,card,931,28,21,0.75,3,False,insufficient_balance,0.385,0
txn_008730,cust_002795,858.48,card,564,0,0,0.0,2,True,expired_card,0.02,0
txn_008731,cust_002927,3428.56,netbanking,1205,6,5,0.8333,2,False,bank_decline,0.55,0
txn_008732,cust_000804,1417.18,wallet,597,7,6,0.8571,3,False,bank_decline,0.4771,0
txn_008733,cust_000141,2545.53,netbanking,974,8,8,1.0,2,False,insufficient_balance,0.54,1
txn_008734,cust_000588,2018.47,netbanking,1322,26,21,0.8077,1,False,network_error,0.7223,0
txn_008735,cust_002230,1590.63,card,1416,7,5,0.7143,1,False,authentication_failed,0.4143,1
txn_008736,cust_002408,1019.43,card,1397,9,7,0.7778,3,False,bank_decline,0.4533,0
txn_008737,cust_001258,314.31,wallet,261,5,4,0.8,3,False,bank_decline,0.46,0
txn_008738,cust_002343,773.42,upi,1170,14,11,0.7857,3,False,network_error,0.5557,1
txn_008739,cust_000665,2245.81,netbanking,1390,22,16,0.7273,1,False,bank_decline,0.5982,1
txn_008740,cust_001711,2229.06,wallet,821,0,0,0.0,1,True,network_error,0.43,0
txn_008741,cust_001114,487.13,upi,418,15,11,0.7333,4,False,network_error,0.46,1
txn_008742,cust_001556,2188.92,wallet,1467,28,19,0.6786,1,False,gateway_error,0.6536,1
txn_008743,cust_000873,501.84,netbanking,174,0,0,0.0,2,True,gateway_error,0.32,1
txn_008744,cust_000192,778.78,wallet,752,19,14,0.7368,4,False,gateway_error,0.4311,1
txn_008745,cust_000178,4954.05,wallet,1474,20,12,0.6,3,False,authentication_failed,0.22,0
txn_008746,cust_001613,493.65,wallet,1499,29,22,0.7586,2,False,gateway_error,0.5976,0
txn_008747,cust_000081,881.45,upi,462,3,3,1.0,3,False,network_error,0.62,1
txn_008748,cust_001779,971.89,card,1044,8,4,0.5,2,False,gateway_error,0.52,0
txn_008749,cust_002033,2169.95,card,53,28,20,0.7143,4,False,bank_decline,0.3543,0
txn_008750,cust_001397,1541.08,upi,482,8,5,0.625,1,False,expired_card,0.3375,0
txn_008751,cust_002143,1146.19,wallet,292,20,17,0.85,4,False,gateway_error,0.465,1
txn_008752,cust_000856,388.62,wallet,208,16,15,0.9375,3,False,gateway_error,0.5712,1
txn_008753,cust_000098,1415.16,wallet,885,7,6,0.8571,3,False,gateway_error,0.5471,0
txn_008754,cust_002232,1631.33,wallet,651,8,5,0.625,1,False,insufficient_balance,0.5075,1
txn_008755,cust_002074,3456.09,upi,837,9,7,0.7778,2,False,insufficient_balance,0.4733,1
txn_008756,cust_000708,3267.0,card,255,20,11,0.55,3,False,gateway_error,0.455,0
txn_008757,cust_000472,4954.64,wallet,593,27,20,0.7407,3,False,gateway_error,0.5122,1
txn_008758,cust_000314,2602.55,card,740,1,0,0.0,4,False,bank_decline,0.14,0
txn_008759,cust_000937,3849.96,netbanking,865,5,4,0.8,4,False,authentication_failed,0.2,0
txn_008760,cust_000370,1248.37,upi,798,29,17,0.5862,2,False,network_error,0.5759,0
txn_008761,cust_002174,595.05,card,451,28,22,0.7857,4,False,insufficient_balance,0.3157,0
txn_008762,cust_003144,1335.63,netbanking,1280,3,3,1.0,3,False,network_error,0.62,1
txn_008763,cust_002058,4897.95,wallet,1496,22,13,0.5909,4,False,bank_decline,0.3173,0
txn_008764,cust_000827,3895.23,card,173,5,4,0.8,4,False,gateway_error,0.45,0
txn_008765,cust_000618,1440.45,wallet,195,22,16,0.7273,1,False,gateway_error,0.6682,0
txn_008766,cust_001667,2772.96,upi,173,16,11,0.6875,3,False,authentication_failed,0.2462,0
txn_008767,cust_003063,1565.45,netbanking,919,7,5,0.7143,2,False,authentication_failed,0.3343,0
txn_008768,cust_001058,1487.79,card,1012,5,5,1.0,3,False,bank_decline,0.52,1
txn_008769,cust_002791,1228.49,wallet,1185,21,18,0.8571,2,False,gateway_error,0.6271,0
txn_008770,cust_001332,465.02,card,1304,28,18,0.6429,3,False,authentication_failed,0.2329,0
txn_008771,cust_001421,317.18,upi,1412,20,18,0.9,2,False,expired_card,0.34,0
txn_008772,cust_003263,793.47,wallet,500,26,22,0.8462,1,False,expired_card,0.4038,1
txn_008773,cust_000728,2061.57,wallet,417,25,24,0.96,1,False,gateway_error,0.738,1
txn_008774,cust_001004,961.61,wallet,646,17,12,0.7059,2,False,network_error,0.6118,0
txn_008775,cust_002254,1424.25,card,543,22,17,0.7727,4,False,bank_decline,0.3718,1
txn_008776,cust_000802,685.71,netbanking,320,6,5,0.8333,3,False,gateway_error,0.54,0
txn_008777,cust_002704,918.44,card,56,8,6,0.75,3,False,authentication_failed,0.265,0
txn_008778,cust_000904,1309.98,card,945,23,17,0.7391,4,False,gateway_error,0.4317,0
txn_008779,cust_001044,356.16,card,933,6,5,0.8333,3,False,bank_decline,0.47,0
txn_008780,cust_002348,649.97,netbanking,209,20,16,0.8,4,False,bank_decline,0.38,0
txn_008781,cust_000300,371.75,upi,888,21,17,0.8095,2,False,gateway_error,0.6129,1
txn_008782,cust_001927,622.73,wallet,423,26,20,0.7692,3,False,bank_decline,0.4508,0
txn_008783,cust_002635,477.29,netbanking,929,24,17,0.7083,1,False,insufficient_balance,0.5325,1
txn_008784,cust_002936,1909.16,upi,616,24,19,0.7917,4,False,bank_decline,0.3775,0
txn_008785,cust_002013,2225.46,wallet,1455,9,6,0.6667,2,False,expired_card,0.27,0
txn_008786,cust_001565,3801.16,wallet,1426,25,15,0.6,3,False,authentication_failed,0.22,0
txn_008787,cust_002141,1217.51,netbanking,417,17,12,0.7059,1,False,gateway_error,0.6618,1
txn_008788,cust_002557,1450.99,card,781,23,18,0.7826,3,False,bank_decline,0.4548,0
txn_008789,cust_001429,3899.95,upi,1213,23,14,0.6087,3,False,bank_decline,0.4026,0
txn_008790,cust_003064,3220.14,upi,77,16,11,0.6875,4,False,bank_decline,0.3462,1
txn_008791,cust_001201,724.77,card,176,15,12,0.8,3,False,bank_decline,0.46,1
txn_008792,cust_003034,1267.39,card,388,18,15,0.8333,4,False,bank_decline,0.39,1
txn_008793,cust_001164,412.17,wallet,237,18,13,0.7222,4,False,insufficient_balance,0.2967,0
txn_008794,cust_001500,1246.57,netbanking,1439,10,9,0.9,1,False,insufficient_balance,0.59,0
txn_008795,cust_001003,1261.65,card,203,29,21,0.7241,3,False,network_error,0.5372,1
txn_008796,cust_002991,1665.2,upi,933,23,18,0.7826,2,False,network_error,0.6348,0
txn_008797,cust_001951,1896.58,upi,839,15,13,0.8667,4,False,bank_decline,0.4,0
txn_008798,cust_001201,1627.08,card,871,6,5,0.8333,2,False,gateway_error,0.62,0
txn_008799,cust_003040,1085.15,netbanking,1174,1,1,1.0,4,False,gateway_error,0.51,1
txn_008800,cust_001816,630.62,netbanking,375,25,19,0.76,2,False,insufficient_balance,0.468,1
txn_008801,cust_001325,1341.79,card,1016,9,9,1.0,2,False,network_error,0.7,1
txn_008802,cust_002361,391.87,upi,1481,6,3,0.5,2,False,insufficient_balance,0.39,1
txn_008803,cust_002655,504.71,upi,1310,15,11,0.7333,1,False,expired_card,0.37,1
txn_008804,cust_003236,745.74,upi,569,24,12,0.5,4,False,bank_decline,0.29,0
txn_008805,cust_000072,217.08,upi,1395,26,20,0.7692,3,False,network_error,0.5508,0
txn_008806,cust_000517,414.23,netbanking,847,28,20,0.7143,2,False,network_error,0.6143,1
txn_008807,cust_001598,487.09,netbanking,834,10,10,1.0,4,False,network_error,0.54,1
txn_008808,cust_000853,1054.9,card,227,28,21,0.75,4,False,insufficient_balance,0.305,0
txn_008809,cust_000449,1053.89,card,64,9,5,0.5556,4,False,expired_card,0.0767,0
txn_008810,cust_002228,542.29,upi,90,9,7,0.7778,3,False,bank_decline,0.4533,1
txn_008811,cust_003014,1932.48,upi,399,15,10,0.6667,2,False,bank_decline,0.5,1
txn_008812,cust_001075,3104.03,card,751,0,0,0.0,2,True,gateway_error,0.32,0
txn_008813,cust_001225,6090.2,card,425,10,7,0.7,4,False,insufficient_balance,0.29,0
txn_008814,cust_000363,534.15,upi,153,26,16,0.6154,1,False,insufficient_balance,0.5046,1
txn_008815,cust_001555,4214.5,upi,441,25,20,0.8,1,False,insufficient_balance,0.56,0
txn_008816,cust_001602,1806.44,wallet,399,1,1,1.0,4,False,network_error,0.54,1
txn_008817,cust_001702,2870.36,card,205,1,0,0.0,3,False,gateway_error,0.29,0
txn_008818,cust_000947,2581.09,upi,702,19,14,0.7368,3,False,expired_card,0.2111,0
txn_008819,cust_001508,2008.85,wallet,429,1,1,1.0,2,False,bank_decline,0.6,1
txn_008820,cust_002951,1786.68,card,953,11,9,0.8182,4,False,insufficient_balance,0.3255,0
txn_008821,cust_002095,835.24,upi,1210,8,6,0.75,2,False,network_error,0.625,0
txn_008822,cust_002369,2139.01,netbanking,1411,19,14,0.7368,2,False,network_error,0.6211,0
txn_008823,cust_000578,2386.76,wallet,1197,0,0,0.0,2,True,insufficient_balance,0.19,0
txn_008824,cust_002202,679.84,netbanking,962,22,17,0.7727,3,False,insufficient_balance,0.3918,0
txn_008825,cust_000108,480.12,wallet,628,27,23,0.8519,3,False,bank_decline,0.4756,1
txn_008826,cust_002139,568.68,upi,682,24,20,0.8333,4,False,network_error,0.49,1
txn_008827,cust_003158,2227.15,upi,165,10,8,0.8,1,False,expired_card,0.39,0
txn_008828,cust_000631,1023.37,netbanking,1389,26,21,0.8077,3,False,insufficient_balance,0.4023,0
txn_008829,cust_000122,1158.56,card,182,15,10,0.6667,1,False,gateway_error,0.65,1
txn_008830,cust_001458,1436.12,upi,745,3,3,1.0,4,False,bank_decline,0.44,0
txn_008831,cust_001917,1435.8,netbanking,602,25,20,0.8,4,False,bank_decline,0.38,0
txn_008832,cust_001821,625.28,upi,345,13,10,0.7692,2,False,gateway_error,0.6008,1
txn_008833,cust_002247,1530.62,netbanking,1271,25,21,0.84,2,False,network_error,0.652,1
txn_008834,cust_000924,209.46,wallet,1292,23,18,0.7826,2,False,network_error,0.6348,1
txn_008835,cust_002438,3596.88,netbanking,127,14,11,0.7857,3,False,expired_card,0.2257,0
txn_008836,cust_000306,1751.58,card,603,14,10,0.7143,3,False,network_error,0.5343,1
txn_008837,cust_003187,955.76,card,922,24,22,0.9167,4,False,insufficient_balance,0.355,1
txn_008838,cust_003200,568.54,netbanking,1496,19,15,0.7895,2,False,insufficient_balance,0.4768,0
txn_008839,cust_000471,262.62,card,152,12,5,0.4167,1,False,insufficient_balance,0.445,0
txn_008840,cust_000161,1404.28,card,1265,10,7,0.7,4,False,bank_decline,0.35,0
txn_008841,cust_001272,648.61,card,1165,24,19,0.7917,1,False,gateway_error,0.6875,1
txn_008842,cust_000576,456.55,netbanking,805,16,11,0.6875,4,False,insufficient_balance,0.2862,1
txn_008843,cust_003311,2184.86,netbanking,1343,20,13,0.65,1,False,network_error,0.675,0
txn_008844,cust_001769,424.28,netbanking,981,25,15,0.6,1,False,insufficient_balance,0.5,0
txn_008845,cust_000557,2444.39,upi,1264,8,7,0.875,4,False,bank_decline,0.4025,1
txn_008846,cust_002974,871.01,wallet,1306,10,6,0.6,2,False,gateway_error,0.55,1
txn_008847,cust_001088,502.3,upi,57,3,2,0.6667,1,False,bank_decline,0.58,1
txn_008848,cust_001406,500.78,card,452,14,8,0.5714,1,False,network_error,0.6514,0
txn_008849,cust_001248,2274.45,upi,490,19,12,0.6316,3,False,gateway_error,0.4795,1
txn_008850,cust_000294,2789.52,netbanking,1247,7,5,0.7143,3,False,insufficient_balance,0.3743,1
txn_008851,cust_001267,1220.58,netbanking,160,9,8,0.8889,4,False,bank_decline,0.4067,0
txn_008852,cust_002228,951.02,netbanking,283,26,19,0.7308,3,False,network_error,0.5392,0
txn_008853,cust_000588,1311.69,netbanking,539,14,11,0.7857,1,False,insufficient_balance,0.5557,1
txn_008854,cust_001087,1868.9,netbanking,747,4,3,0.75,4,False,network_error,0.465,1
txn_008855,cust_000551,1436.36,netbanking,96,19,16,0.8421,4,False,expired_card,0.1626,0
txn_008856,cust_001418,753.5,wallet,1054,28,18,0.6429,4,False,insufficient_balance,0.2729,0
txn_008857,cust_000399,1194.91,upi,727,20,17,0.85,2,False,insufficient_balance,0.495,1
txn_008858,cust_000132,396.81,wallet,506,9,9,1.0,1,False,expired_card,0.45,1
txn_008859,cust_000269,2355.79,wallet,91,4,4,1.0,4,False,authentication_failed,0.26,0
txn_008860,cust_001742,856.95,card,1462,23,19,0.8261,1,False,network_error,0.7278,0
txn_008861,cust_003045,2993.43,wallet,968,19,13,0.6842,4,False,bank_decline,0.3453,1
txn_008862,cust_003145,1343.84,upi,1056,9,7,0.7778,2,False,expired_card,0.3033,1
txn_008863,cust_000179,515.51,netbanking,1022,22,20,0.9091,1,False,gateway_error,0.7227,0
txn_008864,cust_001751,1255.7,wallet,542,20,14,0.7,4,False,insufficient_balance,0.29,1
txn_008865,cust_002115,320.48,netbanking,329,11,8,0.7273,4,False,gateway_error,0.4282,1
txn_008866,cust_000216,1473.3,upi,458,8,6,0.75,3,False,gateway_error,0.515,1
txn_008867,cust_001385,1234.09,wallet,599,27,16,0.5926,2,False,expired_card,0.2478,0
txn_008868,cust_002964,1346.74,upi,889,19,14,0.7368,3,False,insufficient_balance,0.3811,1
txn_008869,cust_002447,443.78,wallet,1444,9,7,0.7778,4,False,network_error,0.4733,0
txn_008870,cust_002095,4631.0,upi,832,25,17,0.68,4,False,bank_decline,0.344,1
txn_008871,cust_000449,2332.03,upi,362,3,1,0.3333,1,False,bank_decline,0.48,0
txn_008872,cust_000757,1474.02,netbanking,983,5,4,0.8,4,False,bank_decline,0.38,0
txn_008873,cust_002015,548.85,netbanking,263,12,9,0.75,3,False,insufficient_balance,0.385,0
txn_008874,cust_003105,1819.29,card,593,9,7,0.7778,2,False,authentication_failed,0.3533,0
txn_008875,cust_001252,2262.61,card,855,8,6,0.75,2,False,bank_decline,0.525,0
txn_008876,cust_001956,1049.98,netbanking,469,21,17,0.8095,3,False,gateway_error,0.5329,1
txn_008877,cust_001166,1023.37,netbanking,1293,4,1,0.25,3,False,bank_decline,0.295,0
txn_008878,cust_002414,3149.57,netbanking,486,7,6,0.8571,2,False,expired_card,0.3271,0
txn_008879,cust_002671,919.17,netbanking,782,1,1,1.0,4,False,gateway_error,0.51,0
txn_008880,cust_003035,1120.42,wallet,247,25,22,0.88,3,False,bank_decline,0.484,0
txn_008881,cust_000428,1890.73,wallet,425,15,12,0.8,2,False,expired_card,0.31,0
txn_008882,cust_002209,674.91,upi,254,6,5,0.8333,3,False,authentication_failed,0.29,1
txn_008883,cust_001032,1949.42,wallet,1484,8,8,1.0,4,False,gateway_error,0.51,1
txn_008884,cust_002714,134.41,card,367,14,9,0.6429,1,False,insufficient_balance,0.5129,1
txn_008885,cust_002600,1866.04,netbanking,1427,20,17,0.85,2,False,gateway_error,0.625,1
txn_008886,cust_001520,1853.82,card,546,2,2,1.0,4,False,insufficient_balance,0.38,0
txn_008887,cust_001350,613.83,card,811,21,17,0.8095,1,False,gateway_error,0.6929,1
txn_008888,cust_000951,2400.62,card,38,22,14,0.6364,2,False,bank_decline,0.4909,0
txn_008889,cust_000118,707.28,wallet,545,29,22,0.7586,2,False,bank_decline,0.5276,0
txn_008890,cust_001957,4891.52,card,879,19,13,0.6842,1,False,insufficient_balance,0.5253,1
txn_008891,cust_002681,454.03,card,843,27,20,0.7407,2,False,expired_card,0.2922,1
txn_008892,cust_002346,264.0,wallet,1233,9,6,0.6667,2,False,expired_card,0.27,0
txn_008893,cust_001111,389.85,wallet,715,29,24,0.8276,2,False,gateway_error,0.6183,1
txn_008894,cust_000622,932.02,netbanking,1383,24,18,0.75,2,False,bank_decline,0.525,1
txn_008895,cust_000209,574.57,wallet,944,27,21,0.7778,4,False,expired_card,0.1433,0
txn_008896,cust_002189,3110.66,wallet,1299,24,19,0.7917,1,False,network_error,0.7175,1
txn_008897,cust_000156,2332.27,netbanking,898,13,10,0.7692,1,False,bank_decline,0.6108,1
txn_008898,cust_002825,919.42,upi,181,27,22,0.8148,2,False,gateway_error,0.6144,0
txn_008899,cust_000773,383.41,card,1197,2,0,0.0,2,False,insufficient_balance,0.24,1
txn_008900,cust_000597,1558.91,netbanking,1024,0,0,0.0,1,True,insufficient_balance,0.27,1
txn_008901,cust_002035,1277.55,netbanking,244,1,1,1.0,3,False,expired_card,0.29,0
txn_008902,cust_003143,6005.85,netbanking,354,17,15,0.8824,3,False,bank_decline,0.4847,1
txn_008903,cust_001266,2071.17,wallet,1492,11,11,1.0,1,False,bank_decline,0.68,0
txn_008904,cust_000563,4341.5,upi,1018,28,20,0.7143,4,False,gateway_error,0.4243,0
txn_008905,cust_002320,318.92,upi,955,5,2,0.4,3,False,gateway_error,0.41,0
txn_008906,cust_000554,1513.01,card,26,3,2,0.6667,4,False,insufficient_balance,0.28,0
txn_008907,cust_003006,383.11,netbanking,1462,12,9,0.75,4,False,insufficient_balance,0.305,0
txn_008908,cust_000139,2901.34,upi,1305,27,20,0.7407,2,False,authentication_failed,0.3422,1
txn_008909,cust_001097,235.39,upi,1149,25,18,0.72,1,False,expired_card,0.366,1
txn_008910,cust_002963,375.7,upi,430,19,10,0.5263,4,False,bank_decline,0.2979,0
txn_008911,cust_000491,627.46,wallet,90,15,12,0.8,2,False,network_error,0.64,0
txn_008912,cust_001170,1552.92,upi,1037,25,18,0.72,2,False,bank_decline,0.516,1
txn_008913,cust_000102,1099.3,netbanking,1438,27,21,0.7778,2,False,network_error,0.6333,0
txn_008914,cust_000916,311.17,wallet,365,24,18,0.75,3,False,network_error,0.545,1
txn_008915,cust_000002,1068.33,card,146,25,17,0.68,3,False,authentication_failed,0.244,0
txn_008916,cust_000317,1182.38,netbanking,357,27,22,0.8148,4,False,authentication_failed,0.2044,1
txn_008917,cust_003022,609.11,wallet,421,11,7,0.6364,1,False,bank_decline,0.5709,1
txn_008918,cust_000477,4357.31,wallet,752,12,9,0.75,4,False,bank_decline,0.365,1
txn_008919,cust_002444,1744.38,netbanking,1435,26,18,0.6923,3,False,authentication_failed,0.2477,0
txn_008920,cust_000071,17470.35,netbanking,110,18,13,0.7222,2,False,expired_card,0.2867,0
txn_008921,cust_002865,1312.93,wallet,1271,2,2,1.0,1,False,gateway_error,0.75,1
txn_008922,cust_002110,1741.52,netbanking,1048,15,9,0.6,4,False,network_error,0.42,0
txn_008923,cust_001451,6428.84,wallet,19,3,1,0.3333,3,False,authentication_failed,0.14,0
txn_008924,cust_001540,2314.63,card,1281,8,4,0.5,3,False,expired_card,0.14,1
txn_008925,cust_001747,643.35,card,371,11,9,0.8182,4,False,bank_decline,0.3855,1
txn_008926,cust_001907,697.55,card,1015,29,18,0.6207,3,False,gateway_error,0.4762,1
txn_008927,cust_003242,1336.25,card,315,10,9,0.9,2,False,gateway_error,0.64,1
txn_008928,cust_002243,2792.69,card,1028,14,11,0.7857,2,False,expired_card,0.3057,0
txn_008929,cust_002463,2728.09,card,803,10,8,0.8,4,False,insufficient_balance,0.32,0
txn_008930,cust_002081,754.5,netbanking,465,10,8,0.8,2,False,authentication_failed,0.36,1
txn_008931,cust_002358,1826.89,netbanking,267,25,18,0.72,1,False,bank_decline,0.596,1
txn_008932,cust_000119,846.85,wallet,1466,28,24,0.8571,4,False,insufficient_balance,0.3371,1
txn_008933,cust_000245,744.12,card,1442,1,1,1.0,2,False,authentication_failed,0.42,1
txn_008934,cust_002259,1189.41,card,919,2,2,1.0,2,False,insufficient_balance,0.54,1
txn_008935,cust_001951,4855.39,upi,628,8,7,0.875,3,False,expired_card,0.2525,0
txn_008936,cust_001110,993.34,wallet,122,17,12,0.7059,3,False,network_error,0.5318,0
txn_008937,cust_001084,1258.11,card,1431,10,10,1.0,3,False,bank_decline,0.52,1
txn_008938,cust_003068,3353.74,wallet,169,25,19,0.76,4,False,network_error,0.468,0
txn_008939,cust_000163,367.89,netbanking,400,6,5,0.8333,3,False,bank_decline,0.47,1
txn_008940,cust_001564,444.15,upi,558,19,11,0.5789,1,False,expired_card,0.3237,0
txn_008941,cust_001728,520.48,card,619,1,1,1.0,4,False,insufficient_balance,0.38,0
txn_008942,cust_000975,1144.7,upi,1325,6,6,1.0,3,False,insufficient_balance,0.46,0
txn_008943,cust_000984,1732.4,upi,184,10,3,0.3,1,False,authentication_failed,0.29,0
txn_008944,cust_001488,1450.61,netbanking,815,7,6,0.8571,2,False,gateway_error,0.6271,1
txn_008945,cust_002776,923.14,upi,1372,21,17,0.8095,4,False,insufficient_balance,0.3229,0
txn_008946,cust_001776,1083.77,card,890,8,8,1.0,1,False,expired_card,0.45,0
txn_008947,cust_001442,3700.59,card,993,12,10,0.8333,1,False,insufficient_balance,0.57,1
txn_008948,cust_000755,1307.95,upi,1143,1,1,1.0,1,False,network_error,0.78,1
txn_008949,cust_001368,593.46,card,1279,6,2,0.3333,3,False,gateway_error,0.39,1
txn_008950,cust_001402,1838.84,wallet,691,12,8,0.6667,2,False,network_error,0.6,1
txn_008951,cust_000793,3752.7,upi,1360,29,21,0.7241,1,False,bank_decline,0.5972,0
txn_008952,cust_001371,1422.1,card,25,22,16,0.7273,2,False,authentication_failed,0.3382,0
txn_008953,cust_003050,1749.47,upi,457,29,21,0.7241,2,False,authentication_failed,0.3372,0
txn_008954,cust_001021,1139.65,netbanking,672,9,7,0.7778,4,False,gateway_error,0.4433,0
txn_008955,cust_001667,4746.84,wallet,348,0,0,0.0,1,True,network_error,0.43,0
txn_008956,cust_002209,3716.15,card,149,16,12,0.75,3,False,expired_card,0.215,0
txn_008957,cust_000932,302.35,upi,107,13,9,0.6923,3,False,bank_decline,0.4277,0
txn_008958,cust_003100,767.17,netbanking,856,29,21,0.7241,4,False,expired_card,0.1272,0
txn_008959,cust_001341,820.71,wallet,629,19,12,0.6316,3,False,gateway_error,0.4795,1
txn_008960,cust_001903,1258.35,netbanking,1239,21,17,0.8095,3,False,network_error,0.5629,0
txn_008961,cust_001239,934.98,card,365,25,18,0.72,3,False,insufficient_balance,0.376,1
txn_008962,cust_001028,734.1,wallet,79,4,3,0.75,1,False,network_error,0.705,1
txn_008963,cust_002535,498.61,wallet,612,22,19,0.8636,3,False,network_error,0.5791,0
txn_008964,cust_000123,853.7,netbanking,285,16,13,0.8125,3,False,network_error,0.5637,0
txn_008965,cust_002324,710.79,wallet,169,7,3,0.4286,2,False,network_error,0.5286,0
txn_008966,cust_002542,286.73,netbanking,1297,22,19,0.8636,4,False,bank_decline,0.3991,0
txn_008967,cust_000103,2111.74,card,1027,11,10,0.9091,1,False,bank_decline,0.6527,1
txn_008968,cust_001895,1211.65,card,317,26,18,0.6923,2,False,expired_card,0.2777,0
txn_008969,cust_003002,453.91,netbanking,780,10,7,0.7,1,False,gateway_error,0.66,1
txn_008970,cust_000026,1110.32,card,852,8,6,0.75,2,False,bank_decline,0.525,0
txn_008971,cust_002890,2802.84,wallet,886,2,2,1.0,4,False,bank_decline,0.44,1
txn_008972,cust_003006,179.16,card,1074,28,23,0.8214,3,False,network_error,0.5664,1
txn_008973,cust_003321,699.18,wallet,701,21,14,0.6667,3,False,authentication_failed,0.24,0
txn_008974,cust_001984,172.02,netbanking,421,27,22,0.8148,3,False,expired_card,0.2344,1
txn_008975,cust_000298,690.31,netbanking,45,4,3,0.75,1,False,gateway_error,0.675,1
txn_008976,cust_002120,871.93,wallet,1228,22,15,0.6818,2,False,insufficient_balance,0.4445,0
txn_008977,cust_002151,2228.11,upi,1291,29,19,0.6552,3,False,insufficient_balance,0.3566,0
txn_008978,cust_002241,484.73,netbanking,523,15,10,0.6667,2,False,network_error,0.6,0
txn_008979,cust_002304,808.7,wallet,215,1,0,0.0,2,False,bank_decline,0.3,0
txn_008980,cust_000907,950.4,netbanking,379,21,14,0.6667,1,False,bank_decline,0.58,0
txn_008981,cust_001425,1823.09,wallet,181,8,6,0.75,1,False,authentication_failed,0.425,0
txn_008982,cust_001888,658.11,wallet,534,19,14,0.7368,4,False,gateway_error,0.4311,1
txn_008983,cust_001278,1555.91,card,372,22,15,0.6818,3,False,insufficient_balance,0.3645,0
txn_008984,cust_000469,490.81,netbanking,124,24,16,0.6667,4,False,gateway_error,0.41,0
txn_008985,cust_002812,685.33,card,1127,5,4,0.8,4,False,bank_decline,0.38,0
txn_008986,cust_002627,2034.15,card,259,8,6,0.75,3,False,gateway_error,0.515,0
txn_008987,cust_001727,1425.05,card,1131,4,2,0.5,4,False,bank_decline,0.29,0
txn_008988,cust_002924,2280.26,netbanking,1123,8,5,0.625,2,False,expired_card,0.2575,1
txn_008989,cust_001082,1067.52,card,1464,0,0,0.0,4,True,gateway_error,0.16,0
txn_008990,cust_000539,995.55,card,387,3,2,0.6667,1,False,network_error,0.68,1
txn_008991,cust_002863,2348.38,wallet,121,10,9,0.9,4,False,gateway_error,0.48,0
txn_008992,cust_002657,1689.96,card,1322,1,1,1.0,2,False,network_error,0.7,1
txn_008993,cust_003321,2194.72,netbanking,106,7,3,0.4286,3,False,insufficient_balance,0.2886,1
txn_008994,cust_002604,1233.85,upi,833,29,20,0.6897,4,False,insufficient_balance,0.2869,0
txn_008995,cust_002134,829.56,wallet,89,6,4,0.6667,2,False,gateway_error,0.57,0
txn_008996,cust_001200,5664.46,upi,693,23,18,0.7826,3,False,gateway_error,0.5248,0
txn_008997,cust_001781,3011.54,netbanking,1318,22,18,0.8182,4,False,network_error,0.4855,1
txn_008998,cust_001162,1687.76,upi,940,11,10,0.9091,1,False,expired_card,0.4227,0
txn_008999,cust_003163,952.67,upi,935,24,21,0.875,1,False,insufficient_balance,0.5825,0
txn_009000,cust_000834,2399.46,card,877,6,4,0.6667,2,False,network_error,0.6,1
txn_009001,cust_002740,738.13,card,391,26,21,0.8077,2,False,authentication_failed,0.3623,1
txn_009002,cust_003310,775.37,card,1312,29,20,0.6897,2,False,network_error,0.6069,1
txn_009003,cust_002527,2267.03,netbanking,506,28,23,0.8214,1,False,gateway_error,0.6964,0
txn_009004,cust_000076,752.36,upi,1197,21,16,0.7619,2,False,expired_card,0.2986,1
txn_009005,cust_000159,1353.95,wallet,789,12,8,0.6667,2,False,insufficient_balance,0.44,0
txn_009006,cust_000706,881.49,upi,1035,1,1,1.0,2,False,insufficient_balance,0.54,1
txn_009007,cust_003250,1112.93,wallet,902,23,17,0.7391,4,False,insufficient_balance,0.3017,0
txn_009008,cust_002304,741.07,upi,1104,2,2,1.0,3,False,bank_decline,0.52,1
txn_009009,cust_000070,873.47,upi,567,23,19,0.8261,3,False,bank_decline,0.4678,0
txn_009010,cust_000858,4328.13,netbanking,883,4,3,0.75,2,False,network_error,0.625,0
txn_009011,cust_002500,2223.6,netbanking,698,4,4,1.0,2,False,expired_card,0.37,1
txn_009012,cust_000041,2130.98,netbanking,1270,13,11,0.8462,1,False,insufficient_balance,0.5738,0
txn_009013,cust_002953,3057.35,wallet,673,7,5,0.7143,2,False,gateway_error,0.5843,1
txn_009014,cust_001642,1621.88,netbanking,1365,26,19,0.7308,4,False,bank_decline,0.3592,1
txn_009015,cust_000989,12555.61,netbanking,1380,25,19,0.76,3,False,bank_decline,0.448,1
txn_009016,cust_001256,1797.12,netbanking,103,13,11,0.8462,3,False,network_error,0.5738,0
txn_009017,cust_000498,503.62,card,1389,5,5,1.0,3,False,bank_decline,0.52,0
txn_009018,cust_001097,1469.82,wallet,837,24,21,0.875,3,False,bank_decline,0.4825,1
txn_009019,cust_003116,2162.08,upi,1388,21,16,0.7619,2,False,authentication_failed,0.3486,0
txn_009020,cust_003271,2124.98,card,1472,16,12,0.75,1,False,expired_card,0.375,0
txn_009021,cust_003086,2675.37,netbanking,971,15,12,0.8,1,False,expired_card,0.39,1
txn_009022,cust_002535,1048.55,wallet,580,16,14,0.875,1,False,authentication_failed,0.4625,1
txn_009023,cust_000969,3438.52,card,678,7,6,0.8571,2,False,bank_decline,0.5571,0
txn_009024,cust_001233,4206.93,upi,966,4,3,0.75,2,False,bank_decline,0.525,1
txn_009025,cust_003025,568.94,upi,1106,7,4,0.5714,4,False,network_error,0.4114,1
txn_009026,cust_003283,378.44,upi,416,24,15,0.625,3,False,authentication_failed,0.2275,1
txn_009027,cust_002614,242.34,netbanking,184,18,12,0.6667,2,False,network_error,0.6,1
txn_009028,cust_000958,1421.22,netbanking,882,8,6,0.75,1,False,insufficient_balance,0.545,1
txn_009029,cust_002972,779.28,card,471,9,6,0.6667,3,False,bank_decline,0.42,0
txn_009030,cust_002869,6136.97,upi,426,21,13,0.619,4,False,gateway_error,0.3957,1
txn_009031,cust_000149,743.5,wallet,1202,24,19,0.7917,4,False,insufficient_balance,0.3175,0
txn_009032,cust_002954,1675.75,netbanking,350,7,7,1.0,3,False,network_error,0.62,0
txn_009033,cust_002972,5573.91,card,1408,0,0,0.0,2,True,authentication_failed,0.07,0
txn_009034,cust_001250,625.88,card,897,12,10,0.8333,1,False,network_error,0.73,0
txn_009035,cust_000469,161.94,card,1075,8,8,1.0,4,False,network_error,0.54,1
txn_009036,cust_001925,1973.2,upi,1163,28,22,0.7857,2,False,bank_decline,0.5357,0
txn_009037,cust_003018,5782.76,upi,704,24,21,0.875,2,False,expired_card,0.3325,0
txn_009038,cust_001033,6534.95,wallet,1178,12,8,0.6667,4,False,network_error,0.44,0
txn_009039,cust_001981,1319.94,card,564,12,8,0.6667,4,False,bank_decline,0.34,0
txn_009040,cust_002600,693.35,upi,375,16,8,0.5,1,False,bank_decline,0.53,1
txn_009041,cust_000527,442.59,upi,27,9,6,0.6667,1,False,network_error,0.68,0
txn_009042,cust_000114,489.72,netbanking,904,28,17,0.6071,4,False,bank_decline,0.3221,0
txn_009043,cust_002836,377.67,upi,1487,2,1,0.5,1,False,network_error,0.63,1
txn_009044,cust_002790,2703.18,card,72,12,10,0.8333,1,False,bank_decline,0.63,1
txn_009045,cust_003229,2293.55,card,1014,22,13,0.5909,2,False,expired_card,0.2473,0
txn_009046,cust_002168,1319.22,card,352,26,15,0.5769,2,False,gateway_error,0.5431,1
txn_009047,cust_001981,743.92,wallet,698,20,12,0.6,2,False,bank_decline,0.48,1
txn_009048,cust_002833,1661.03,upi,1150,0,0,0.0,1,True,gateway_error,0.4,0
txn_009049,cust_001268,100.68,netbanking,77,4,4,1.0,2,False,network_error,0.7,1
txn_009050,cust_002278,2492.12,card,645,18,13,0.7222,3,False,gateway_error,0.5067,0
txn_009051,cust_002173,1160.67,wallet,575,26,21,0.8077,3,False,gateway_error,0.5323,1
txn_009052,cust_000830,3864.28,wallet,938,8,6,0.75,3,False,gateway_error,0.515,0
txn_009053,cust_000164,947.55,wallet,94,8,6,0.75,3,False,insufficient_balance,0.385,0
txn_009054,cust_000521,1799.15,wallet,519,5,4,0.8,1,False,insufficient_balance,0.56,0
txn_009055,cust_000740,2255.22,upi,424,16,15,0.9375,1,False,insufficient_balance,0.6013,1
txn_009056,cust_001271,449.67,netbanking,453,8,6,0.75,3,False,insufficient_balance,0.385,0
txn_009057,cust_002639,1462.88,card,1320,17,9,0.5294,4,False,gateway_error,0.3688,0
txn_009058,cust_002403,1410.54,card,760,18,13,0.7222,1,False,bank_decline,0.5967,1
txn_009059,cust_002258,1547.93,wallet,918,19,16,0.8421,2,False,gateway_error,0.6226,0
txn_009060,cust_001340,7971.77,card,1416,13,10,0.7692,2,False,insufficient_balance,0.4708,1
txn_009061,cust_003084,3341.89,upi,497,23,18,0.7826,3,False,gateway_error,0.5248,0
txn_009062,cust_002724,1482.22,wallet,460,7,7,1.0,2,False,authentication_failed,0.42,0
txn_009063,cust_002636,2171.31,card,57,8,7,0.875,2,False,network_error,0.6625,0
txn_009064,cust_000784,1013.8,netbanking,1289,6,5,0.8333,2,False,network_error,0.65,1
txn_009065,cust_002459,4389.5,netbanking,1410,27,20,0.7407,2,False,authentication_failed,0.3422,0
txn_009066,cust_000246,4683.09,netbanking,375,25,23,0.92,2,False,network_error,0.676,1
txn_009067,cust_001676,791.8,netbanking,529,21,14,0.6667,3,False,bank_decline,0.42,1
txn_009068,cust_000526,270.3,card,525,0,0,0.0,3,True,insufficient_balance,0.11,0
txn_009069,cust_000545,2504.49,upi,35,4,4,1.0,3,False,authentication_failed,0.34,1
txn_009070,cust_001959,187.52,card,1287,27,21,0.7778,2,False,authentication_failed,0.3533,0
txn_009071,cust_001095,949.06,wallet,868,22,16,0.7273,4,False,network_error,0.4582,1
txn_009072,cust_001803,3319.46,wallet,456,16,11,0.6875,1,False,network_error,0.6862,1
txn_009073,cust_000021,471.2,upi,1233,10,4,0.4,1,False,gateway_error,0.57,0
txn_009074,cust_003136,794.17,card,900,18,15,0.8333,1,False,authentication_failed,0.45,0
txn_009075,cust_003182,2072.27,upi,1407,8,3,0.375,1,False,bank_decline,0.4925,0
txn_009076,cust_001659,2306.33,netbanking,1436,11,8,0.7273,4,False,authentication_failed,0.1782,1
txn_009077,cust_001961,711.85,card,1076,28,20,0.7143,1,False,network_error,0.6943,0
txn_009078,cust_001482,650.75,wallet,896,16,12,0.75,4,False,expired_card,0.135,0
txn_009079,cust_001657,312.56,upi,662,22,15,0.6818,2,False,insufficient_balance,0.4445,1
txn_009080,cust_002688,1345.31,upi,470,9,6,0.6667,1,False,expired_card,0.35,1
txn_009081,cust_000817,1529.2,netbanking,574,21,13,0.619,3,False,gateway_error,0.4757,0
txn_009082,cust_001963,1521.55,upi,1054,11,10,0.9091,3,False,authentication_failed,0.3127,0
txn_009083,cust_000982,5036.89,netbanking,1342,18,13,0.7222,3,False,bank_decline,0.4367,1
txn_009084,cust_002111,1005.37,card,356,26,18,0.6923,1,False,bank_decline,0.5877,0
txn_009085,cust_000119,4712.97,upi,462,2,1,0.5,1,False,bank_decline,0.53,0
txn_009086,cust_000237,1439.74,wallet,609,5,4,0.8,1,False,authentication_failed,0.44,1
txn_009087,cust_003181,563.34,card,822,5,4,0.8,4,False,bank_decline,0.38,1
txn_009088,cust_002979,476.81,card,930,14,9,0.6429,2,False,authentication_failed,0.3129,0
txn_009089,cust_000503,923.16,wallet,1433,14,10,0.7143,4,False,bank_decline,0.3543,0
txn_009090,cust_002508,5945.87,wallet,413,10,8,0.8,2,False,gateway_error,0.61,1
txn_009091,cust_000454,3009.12,netbanking,64,24,19,0.7917,4,False,gateway_error,0.4475,1
txn_009092,cust_000796,2159.77,card,597,9,3,0.3333,4,False,expired_card,0.02,0
txn_009093,cust_000471,907.04,wallet,1461,22,16,0.7273,1,False,network_error,0.6982,0
txn_009094,cust_002938,765.59,netbanking,3,11,8,0.7273,4,False,bank_decline,0.3582,1
txn_009095,cust_001729,2213.17,netbanking,1294,22,18,0.8182,2,False,gateway_error,0.6155,1
txn_009096,cust_001449,509.12,wallet,1492,15,12,0.8,3,False,insufficient_balance,0.4,1
txn_009097,cust_002068,2885.28,upi,294,28,21,0.75,4,False,bank_decline,0.365,0
txn_009098,cust_001943,2055.24,upi,1094,8,7,0.875,1,False,insufficient_balance,0.5825,1
txn_009099,cust_001609,2321.41,upi,428,13,10,0.7692,2,False,expired_card,0.3008,0
txn_009100,cust_000135,1343.77,card,43,22,20,0.9091,2,False,authentication_failed,0.3927,0
txn_009101,cust_003192,1374.47,wallet,1005,25,19,0.76,1,False,expired_card,0.378,1
txn_009102,cust_001198,6542.44,netbanking,1140,26,19,0.7308,4,False,network_error,0.4592,0
txn_009103,cust_002306,372.42,upi,1118,23,13,0.5652,3,False,bank_decline,0.3896,0
txn_009104,cust_000627,1818.03,wallet,1273,6,5,0.8333,2,False,authentication_failed,0.37,0
txn_009105,cust_001658,3174.53,netbanking,1354,26,16,0.6154,1,False,network_error,0.6646,1
txn_009106,cust_000928,1746.36,wallet,1197,28,19,0.6786,1,False,insufficient_balance,0.5236,1
txn_009107,cust_003199,410.01,card,1362,22,18,0.8182,3,False,expired_card,0.2355,0
txn_009108,cust_000109,1991.99,upi,473,16,12,0.75,4,False,authentication_failed,0.185,0
txn_009109,cust_001236,2614.97,upi,66,4,4,1.0,2,False,gateway_error,0.67,1
txn_009110,cust_002835,4088.19,card,799,26,18,0.6923,4,False,gateway_error,0.4177,0
txn_009111,cust_002790,222.22,card,523,14,9,0.6429,1,False,gateway_error,0.6429,1
txn_009112,cust_002317,4051.98,netbanking,899,25,24,0.96,4,False,network_error,0.528,1
txn_009113,cust_000220,1385.44,upi,719,7,7,1.0,3,False,insufficient_balance,0.46,1
txn_009114,cust_001010,2275.26,netbanking,1147,7,3,0.4286,2,False,authentication_failed,0.2486,0
txn_009115,cust_000144,3230.72,netbanking,1119,20,15,0.75,1,False,expired_card,0.375,0
txn_009116,cust_002953,1893.75,netbanking,917,16,10,0.625,2,False,expired_card,0.2575,1
txn_009117,cust_002069,878.78,wallet,1181,17,13,0.7647,3,False,insufficient_balance,0.3894,0
txn_009118,cust_002472,1516.1,netbanking,769,10,8,0.8,4,False,gateway_error,0.45,1
txn_009119,cust_002228,833.72,card,1340,0,0,0.0,2,True,insufficient_balance,0.19,0
txn_009120,cust_002224,4991.92,wallet,1418,29,22,0.7586,4,False,insufficient_balance,0.3076,0
txn_009121,cust_002621,1565.7,netbanking,622,20,15,0.75,2,False,bank_decline,0.525,0
txn_009122,cust_001722,4305.19,wallet,1240,22,10,0.4545,1,False,expired_card,0.2864,1
txn_009123,cust_000199,182.45,upi,249,9,7,0.7778,4,False,authentication_failed,0.1933,0
txn_009124,cust_002981,1763.63,upi,1342,9,8,0.8889,1,False,insufficient_balance,0.5867,1
txn_009125,cust_003259,619.33,upi,536,20,14,0.7,4,False,bank_decline,0.35,0
txn_009126,cust_003320,2655.55,netbanking,180,16,13,0.8125,4,False,insufficient_balance,0.3238,0
txn_009127,cust_003328,3205.28,netbanking,777,0,0,0.0,1,True,gateway_error,0.4,0
txn_009128,cust_003056,559.97,wallet,1356,5,5,1.0,3,False,network_error,0.62,0
txn_009129,cust_002705,1556.88,upi,1154,3,2,0.6667,2,False,gateway_error,0.57,0
txn_009130,cust_000203,6261.79,wallet,655,24,18,0.75,3,False,authentication_failed,0.265,0
txn_009131,cust_001313,2906.34,netbanking,975,19,9,0.4737,1,False,insufficient_balance,0.4621,0
txn_009132,cust_002906,2026.54,netbanking,1390,12,8,0.6667,1,False,gateway_error,0.65,0
txn_009133,cust_002519,14430.37,card,282,16,8,0.5,1,False,bank_decline,0.53,0
txn_009134,cust_000219,707.31,wallet,294,0,0,0.0,2,True,authentication_failed,0.07,0
txn_009135,cust_001039,1166.77,card,68,12,7,0.5833,4,False,authentication_failed,0.135,0
txn_009136,cust_000361,1344.83,upi,1195,28,21,0.75,4,False,expired_card,0.135,0
txn_009137,cust_000176,710.31,upi,1031,27,23,0.8519,4,False,expired_card,0.1656,0
txn_009138,cust_000835,657.45,netbanking,265,6,4,0.6667,3,False,authentication_failed,0.24,1
txn_009139,cust_002023,1896.52,upi,411,29,24,0.8276,3,False,expired_card,0.2383,1
txn_009140,cust_002468,1892.81,card,1270,23,21,0.913,2,False,bank_decline,0.5739,0
txn_009141,cust_001633,862.19,upi,219,11,9,0.8182,3,False,network_error,0.5655,0
txn_009142,cust_001316,679.19,wallet,1429,6,5,0.8333,1,False,expired_card,0.4,0
txn_009143,cust_000236,1071.7,wallet,1048,10,8,0.8,3,False,insufficient_balance,0.4,1
txn_009144,cust_000015,1660.78,card,95,27,18,0.6667,3,False,bank_decline,0.42,0
txn_009145,cust_002548,4696.48,upi,107,7,5,0.7143,4,False,insufficient_balance,0.2943,0
txn_009146,cust_001884,1520.1,wallet,1270,22,20,0.9091,4,False,expired_card,0.1827,0
txn_009147,cust_000879,1524.12,netbanking,844,10,6,0.6,3,False,expired_card,0.17,0
txn_009148,cust_000415,1505.24,wallet,355,13,11,0.8462,2,False,bank_decline,0.5538,1
txn_009149,cust_000097,1120.25,upi,1496,24,15,0.625,4,False,bank_decline,0.3275,1
txn_009150,cust_000593,1077.56,card,155,3,3,1.0,2,False,authentication_failed,0.42,0
txn_009151,cust_000754,2387.65,netbanking,161,20,14,0.7,2,False,insufficient_balance,0.45,1
txn_009152,cust_002745,2243.31,card,975,1,1,1.0,4,False,gateway_error,0.51,1
txn_009153,cust_003324,3468.56,netbanking,760,14,13,0.9286,2,False,network_error,0.6786,0
txn_009154,cust_002480,727.32,wallet,1138,23,19,0.8261,1,False,bank_decline,0.6278,1
txn_009155,cust_000595,1333.8,upi,550,7,3,0.4286,1,False,insufficient_balance,0.4486,1
txn_009156,cust_000711,2686.67,upi,516,11,6,0.5455,3,False,network_error,0.4836,1
txn_009157,cust_001901,2225.2,card,293,0,0,0.0,1,True,authentication_failed,0.15,0
txn_009158,cust_000978,1133.29,wallet,490,12,10,0.8333,1,False,network_error,0.73,1
txn_009159,cust_000753,486.51,netbanking,1142,5,5,1.0,1,False,gateway_error,0.75,1
txn_009160,cust_000658,743.1,wallet,1114,1,1,1.0,2,False,gateway_error,0.67,1
txn_009161,cust_001321,2337.31,wallet,585,25,18,0.72,1,False,bank_decline,0.596,0
txn_009162,cust_000085,10657.22,upi,583,15,9,0.6,2,False,expired_card,0.25,0
txn_009163,cust_001686,956.16,netbanking,159,27,21,0.7778,3,False,bank_decline,0.4533,0
txn_009164,cust_003044,850.62,upi,683,2,2,1.0,2,False,gateway_error,0.67,1
txn_009165,cust_001936,585.87,card,1299,10,9,0.9,3,False,gateway_error,0.56,0
txn_009166,cust_001285,941.7,upi,66,19,12,0.6316,3,False,insufficient_balance,0.3495,0
txn_009167,cust_000165,1014.1,upi,806,3,3,1.0,3,False,gateway_error,0.59,1
txn_009168,cust_001511,1591.35,wallet,1276,14,9,0.6429,2,False,insufficient_balance,0.4329,1
txn_009169,cust_002853,2891.53,upi,1249,17,14,0.8235,3,False,gateway_error,0.5371,0
txn_009170,cust_001169,567.63,netbanking,1329,10,7,0.7,3,False,insufficient_balance,0.37,1
txn_009171,cust_003021,1153.36,card,1208,11,10,0.9091,1,False,bank_decline,0.6527,1
txn_009172,cust_001737,927.6,netbanking,1399,3,2,0.6667,1,False,insufficient_balance,0.52,0
txn_009173,cust_002762,2187.06,card,1096,16,10,0.625,3,False,authentication_failed,0.2275,0
txn_009174,cust_002661,2591.09,netbanking,17,2,2,1.0,1,False,authentication_failed,0.5,1
txn_009175,cust_000278,287.78,card,662,11,8,0.7273,2,False,bank_decline,0.5182,1
txn_009176,cust_001114,808.8,netbanking,203,27,21,0.7778,2,False,gateway_error,0.6033,0
txn_009177,cust_002791,2796.93,upi,932,10,7,0.7,3,False,gateway_error,0.5,0
txn_009178,cust_003329,1756.02,netbanking,57,28,22,0.7857,2,False,insufficient_balance,0.4757,1
txn_009179,cust_003027,1923.68,netbanking,179,19,11,0.5789,2,False,insufficient_balance,0.4137,0
txn_009180,cust_003306,1408.08,card,1055,4,3,0.75,4,False,bank_decline,0.365,1
txn_009181,cust_000117,5459.17,upi,797,16,12,0.75,2,False,expired_card,0.295,0
txn_009182,cust_003148,2382.4,netbanking,1493,1,1,1.0,3,False,bank_decline,0.52,1
txn_009183,cust_002989,591.92,netbanking,1014,15,9,0.6,2,False,bank_decline,0.48,1
txn_009184,cust_003099,516.74,card,209,2,1,0.5,4,False,bank_decline,0.29,1
txn_009185,cust_000833,4446.22,upi,417,29,21,0.7241,2,False,authentication_failed,0.3372,1
txn_009186,cust_002358,1190.2,wallet,218,2,2,1.0,2,False,network_error,0.7,1
txn_009187,cust_002335,2209.89,card,1068,19,15,0.7895,1,False,expired_card,0.3868,0
txn_009188,cust_000322,1146.26,card,1203,1,1,1.0,3,False,gateway_error,0.59,1
txn_009189,cust_003017,1366.59,card,61,7,5,0.7143,3,False,authentication_failed,0.2543,0
txn_009190,cust_003191,546.71,wallet,1135,6,4,0.6667,2,False,insufficient_balance,0.44,1
txn_009191,cust_002775,397.22,netbanking,1042,10,9,0.9,1,False,insufficient_balance,0.59,0
txn_009192,cust_002411,517.14,card,680,16,14,0.875,4,False,insufficient_balance,0.3425,0
txn_009193,cust_001360,1249.47,netbanking,756,11,8,0.7273,1,False,network_error,0.6982,1
txn_009194,cust_001955,740.65,wallet,974,25,19,0.76,3,False,bank_decline,0.448,1
txn_009195,cust_001532,247.95,netbanking,1108,5,5,1.0,4,False,gateway_error,0.51,1
txn_009196,cust_001169,1578.29,wallet,953,15,10,0.6667,1,False,gateway_error,0.65,0
txn_009197,cust_000684,3237.94,upi,7,25,22,0.88,1,False,authentication_failed,0.464,1
txn_009198,cust_002326,2705.48,upi,283,26,21,0.8077,3,False,authentication_failed,0.2823,0
txn_009199,cust_002808,1168.49,upi,172,21,18,0.8571,3,False,bank_decline,0.4771,0
txn_009200,cust_002257,1419.14,card,692,0,0,0.0,1,True,expired_card,0.1,1
txn_009201,cust_000681,1042.4,wallet,1272,3,2,0.6667,4,False,bank_decline,0.34,1
txn_009202,cust_002389,1009.76,netbanking,507,22,14,0.6364,2,False,network_error,0.5909,1
txn_009203,cust_000169,1167.74,upi,676,19,13,0.6842,1,False,expired_card,0.3553,0
txn_009204,cust_000653,688.91,upi,1002,4,2,0.5,1,False,insufficient_balance,0.47,1
txn_009205,cust_002787,441.25,netbanking,452,21,15,0.7143,2,False,authentication_failed,0.3343,0
txn_009206,cust_000749,5430.97,card,480,8,3,0.375,1,False,insufficient_balance,0.4325,1
txn_009207,cust_000601,692.54,wallet,1,16,10,0.625,4,False,network_error,0.4275,0
txn_009208,cust_001407,2870.09,card,1025,5,4,0.8,3,False,authentication_failed,0.28,0
txn_009209,cust_001973,1510.4,wallet,450,20,13,0.65,3,False,insufficient_balance,0.355,0
txn_009210,cust_001029,151.88,netbanking,1092,18,13,0.7222,4,False,gateway_error,0.4267,1
txn_009211,cust_003187,1618.16,netbanking,956,0,0,0.0,1,True,bank_decline,0.33,0
txn_009212,cust_001265,1598.54,card,805,16,6,0.375,3,False,network_error,0.4325,0
txn_009213,cust_001846,543.34,upi,406,29,22,0.7586,3,False,bank_decline,0.4476,1
txn_009214,cust_000287,1254.66,netbanking,1315,23,17,0.7391,4,False,gateway_error,0.4317,0
txn_009215,cust_001475,894.16,netbanking,1118,13,13,1.0,3,False,authentication_failed,0.34,1
txn_009216,cust_001577,759.04,wallet,817,21,18,0.8571,2,False,bank_decline,0.5571,1
txn_009217,cust_002913,1812.7,card,949,14,12,0.8571,2,False,authentication_failed,0.3771,1
txn_009218,cust_001091,496.94,wallet,980,23,13,0.5652,2,False,network_error,0.5696,0
txn_009219,cust_002747,3649.38,card,950,4,3,0.75,4,False,gateway_error,0.435,0
txn_009220,cust_002777,3650.17,wallet,318,9,5,0.5556,4,False,network_error,0.4067,0
txn_009221,cust_000707,1078.08,netbanking,312,2,0,0.0,1,False,insufficient_balance,0.32,0
txn_009222,cust_001108,1360.7,netbanking,578,23,18,0.7826,4,False,network_error,0.4748,0
txn_009223,cust_002746,263.67,netbanking,881,22,14,0.6364,4,False,bank_decline,0.3309,1
txn_009224,cust_001612,709.19,card,1390,11,8,0.7273,1,False,expired_card,0.3682,0
txn_009225,cust_001400,994.94,wallet,538,17,13,0.7647,2,False,insufficient_balance,0.4694,1
txn_009226,cust_000262,1557.6,card,841,1,1,1.0,1,False,bank_decline,0.68,1
txn_009227,cust_001695,855.57,wallet,522,7,4,0.5714,3,False,authentication_failed,0.2114,0
txn_009228,cust_001240,638.26,card,158,13,10,0.7692,2,False,gateway_error,0.6008,1
txn_009229,cust_003023,813.85,wallet,634,7,6,0.8571,4,False,network_error,0.4971,0
txn_009230,cust_002662,407.89,upi,67,16,15,0.9375,1,False,network_error,0.7612,1
txn_009231,cust_001445,661.77,netbanking,1048,21,9,0.4286,3,False,insufficient_balance,0.2886,1
txn_009232,cust_003211,2250.01,upi,593,14,9,0.6429,3,False,gateway_error,0.4829,1
txn_009233,cust_002220,234.2,upi,442,15,10,0.6667,4,False,bank_decline,0.34,0
txn_009234,cust_000216,2480.12,wallet,276,16,11,0.6875,3,False,network_error,0.5262,0
txn_009235,cust_000536,981.08,upi,950,11,9,0.8182,4,False,insufficient_balance,0.3255,0
txn_009236,cust_002485,572.13,upi,1208,7,3,0.4286,1,False,bank_decline,0.5086,1
txn_009237,cust_000964,879.32,card,1244,29,21,0.7241,2,False,bank_decline,0.5172,1
txn_009238,cust_001547,2581.03,wallet,1469,4,3,0.75,2,False,gateway_error,0.595,1
txn_009239,cust_002353,158.88,card,1134,11,7,0.6364,4,False,authentication_failed,0.1509,0
txn_009240,cust_000510,653.62,card,1035,7,6,0.8571,3,False,insufficient_balance,0.4171,1
txn_009241,cust_001478,180.62,wallet,605,20,11,0.55,3,False,network_error,0.485,0
txn_009242,cust_001991,1103.18,card,546,0,0,0.0,4,True,gateway_error,0.16,0
txn_009243,cust_002365,2638.76,wallet,1144,24,18,0.75,1,False,bank_decline,0.605,1
txn_009244,cust_000878,930.44,wallet,438,27,19,0.7037,1,False,insufficient_balance,0.5311,0
txn_009245,cust_001931,7379.69,netbanking,844,15,8,0.5333,2,False,bank_decline,0.46,0
txn_009246,cust_000176,866.39,card,1129,5,5,1.0,4,False,gateway_error,0.51,1
txn_009247,cust_002769,5040.29,netbanking,706,10,5,0.5,1,False,bank_decline,0.53,0
txn_009248,cust_002700,1551.18,card,1476,23,21,0.913,3,False,network_error,0.5939,1
txn_009249,cust_000313,861.37,wallet,351,5,5,1.0,4,False,insufficient_balance,0.38,1
txn_009250,cust_001858,747.07,upi,895,3,3,1.0,3,False,network_error,0.62,0
txn_009251,cust_000802,837.46,wallet,657,9,6,0.6667,1,False,network_error,0.68,0
txn_009252,cust_001600,4632.28,card,71,21,17,0.8095,2,False,bank_decline,0.5429,1
txn_009253,cust_000832,566.91,upi,562,5,3,0.6,1,False,expired_card,0.33,0
txn_009254,cust_002620,2464.29,wallet,716,22,17,0.7727,1,False,network_error,0.7118,0
txn_009255,cust_001545,901.19,wallet,1030,0,0,0.0,3,True,bank_decline,0.17,0
txn_009256,cust_002279,1043.95,upi,1282,19,13,0.6842,2,False,insufficient_balance,0.4453,0
txn_009257,cust_002706,802.75,card,103,24,20,0.8333,4,False,network_error,0.49,1
txn_009258,cust_000884,1370.22,wallet,210,21,16,0.7619,4,False,gateway_error,0.4386,1
txn_009259,cust_002639,2787.32,wallet,647,25,17,0.68,2,False,bank_decline,0.504,0
txn_009260,cust_002545,1827.71,upi,153,10,10,1.0,2,False,bank_decline,0.6,1
txn_009261,cust_000568,574.2,wallet,1387,22,15,0.6818,1,False,expired_card,0.3545,0
txn_009262,cust_001146,482.2,wallet,1232,28,25,0.8929,2,False,insufficient_balance,0.5079,1
txn_009263,cust_003059,553.01,netbanking,186,20,14,0.7,4,False,network_error,0.45,0
txn_009264,cust_001814,223.6,wallet,71,9,5,0.5556,1,False,insufficient_balance,0.4867,1
txn_009265,cust_000539,3488.06,netbanking,803,29,21,0.7241,4,False,network_error,0.4572,0
txn_009266,cust_001678,1227.5,upi,148,13,8,0.6154,1,False,insufficient_balance,0.5046,0
txn_009267,cust_002407,4602.9,upi,1276,22,17,0.7727,2,False,bank_decline,0.5318,1
txn_009268,cust_000078,347.48,wallet,1228,17,12,0.7059,2,False,network_error,0.6118,0
txn_009269,cust_001735,3288.16,netbanking,871,7,7,1.0,2,False,insufficient_balance,0.54,1
txn_009270,cust_000143,3031.21,netbanking,586,10,6,0.6,3,False,network_error,0.5,0
txn_009271,cust_000917,2760.19,netbanking,148,5,5,1.0,1,False,gateway_error,0.75,1
txn_009272,cust_001023,775.92,card,433,8,7,0.875,3,False,gateway_error,0.5525,0
txn_009273,cust_001855,891.56,upi,461,28,19,0.6786,1,False,gateway_error,0.6536,1
txn_009274,cust_001369,1172.06,netbanking,1276,0,0,0.0,1,True,gateway_error,0.4,0
txn_009275,cust_000242,3881.1,netbanking,461,26,21,0.8077,1,False,insufficient_balance,0.5623,1
txn_009276,cust_002534,2769.72,wallet,690,27,19,0.7037,4,False,expired_card,0.1211,0
txn_009277,cust_000421,632.3,upi,267,2,1,0.5,3,False,bank_decline,0.37,0
txn_009278,cust_001097,1089.54,wallet,1288,9,4,0.4444,2,False,bank_decline,0.4333,0
txn_009279,cust_001532,5291.97,card,346,26,20,0.7692,1,False,network_error,0.7108,0
txn_009280,cust_002103,1476.5,wallet,1316,8,5,0.625,1,False,network_error,0.6675,1
txn_009281,cust_000195,2491.81,netbanking,948,17,16,0.9412,3,False,authentication_failed,0.3224,1
txn_009282,cust_002731,2596.94,upi,1000,29,23,0.7931,1,False,insufficient_balance,0.5579,1
txn_009283,cust_001298,722.88,card,135,0,0,0.0,4,True,network_error,0.19,0
txn_009284,cust_002381,1702.17,wallet,606,13,11,0.8462,4,False,gateway_error,0.4638,0
txn_009285,cust_003095,1468.83,netbanking,1067,15,12,0.8,3,False,insufficient_balance,0.4,0
txn_009286,cust_002864,622.66,wallet,1317,15,10,0.6667,1,False,bank_decline,0.58,1
txn_009287,cust_000447,2860.55,netbanking,1172,23,15,0.6522,1,False,bank_decline,0.5757,0
txn_009288,cust_000487,1432.95,wallet,915,25,17,0.68,4,False,bank_decline,0.344,0
txn_009289,cust_000392,486.51,card,726,18,15,0.8333,1,False,insufficient_balance,0.57,0
txn_009290,cust_001300,5136.0,netbanking,296,26,24,0.9231,1,False,insufficient_balance,0.5969,0
txn_009291,cust_002805,749.07,upi,1336,20,13,0.65,2,False,network_error,0.595,1
txn_009292,cust_001717,123.06,wallet,212,22,16,0.7273,1,False,network_error,0.6982,0
txn_009293,cust_003187,362.27,netbanking,67,20,16,0.8,4,False,network_error,0.48,0
txn_009294,cust_001723,589.74,card,1221,26,22,0.8462,3,False,bank_decline,0.4738,1
txn_009295,cust_000922,693.81,card,1438,0,0,0.0,3,True,insufficient_balance,0.11,1
txn_009296,cust_000567,1998.29,upi,1459,22,17,0.7727,4,False,network_error,0.4718,0
txn_009297,cust_001812,795.79,upi,813,10,9,0.9,3,False,authentication_failed,0.31,1
txn_009298,cust_000495,422.83,card,1281,18,10,0.5556,3,False,network_error,0.4867,0
txn_009299,cust_000646,2576.13,wallet,635,0,0,0.0,3,True,bank_decline,0.17,0
txn_009300,cust_000573,2576.96,netbanking,855,3,3,1.0,2,False,bank_decline,0.6,0
txn_009301,cust_002357,661.66,upi,310,5,4,0.8,3,False,insufficient_balance,0.4,1
txn_009302,cust_002353,5293.97,wallet,1230,11,9,0.8182,2,False,expired_card,0.3155,1
txn_009303,cust_003260,403.96,wallet,294,21,16,0.7619,1,False,insufficient_balance,0.5486,1
txn_009304,cust_001743,374.26,upi,905,2,2,1.0,1,False,bank_decline,0.68,1
txn_009305,cust_000250,1194.81,netbanking,1338,16,13,0.8125,4,False,gateway_error,0.4538,0
txn_009306,cust_001765,3349.68,upi,1128,5,3,0.6,2,False,bank_decline,0.48,0
txn_009307,cust_001308,3259.4,upi,959,8,7,0.875,2,False,expired_card,0.3325,0
txn_009308,cust_001084,269.61,netbanking,1377,5,4,0.8,4,False,gateway_error,0.45,1
txn_009309,cust_002108,550.99,netbanking,294,20,8,0.4,4,False,expired_card,0.03,0
txn_009310,cust_001314,2114.99,netbanking,789,3,3,1.0,4,False,insufficient_balance,0.38,0
txn_009311,cust_001636,2050.52,wallet,927,19,12,0.6316,4,False,insufficient_balance,0.2695,0
txn_009312,cust_001590,821.64,card,1252,1,0,0.0,4,False,authentication_failed,0.02,0
txn_009313,cust_000587,1111.31,upi,1183,12,9,0.75,2,False,expired_card,0.295,0
txn_009314,cust_000079,249.48,netbanking,723,29,20,0.6897,1,False,authentication_failed,0.4069,0
txn_009315,cust_001262,2016.56,upi,562,8,7,0.875,3,False,bank_decline,0.4825,1
txn_009316,cust_001282,3845.31,card,606,21,19,0.9048,2,False,gateway_error,0.6414,1
txn_009317,cust_002532,5030.35,netbanking,805,18,14,0.7778,2,False,bank_decline,0.5333,0
txn_009318,cust_001124,2388.5,card,1321,27,21,0.7778,1,False,insufficient_balance,0.5533,1
txn_009319,cust_000067,2331.78,netbanking,1018,10,8,0.8,2,False,network_error,0.64,0
txn_009320,cust_002428,587.72,upi,1236,28,23,0.8214,1,False,authentication_failed,0.4464,1
txn_009321,cust_001789,4100.74,upi,1173,20,15,0.75,2,False,insufficient_balance,0.465,1
txn_009322,cust_001475,366.07,wallet,122,11,7,0.6364,4,False,bank_decline,0.3309,1
txn_009323,cust_002562,380.6,netbanking,574,12,9,0.75,2,False,network_error,0.625,1
txn_009324,cust_000733,1636.25,wallet,1142,3,0,0.0,3,False,gateway_error,0.29,0
txn_009325,cust_000752,1327.0,netbanking,200,8,7,0.875,1,False,insufficient_balance,0.5825,0
txn_009326,cust_000096,1459.48,upi,1090,2,2,1.0,2,False,expired_card,0.37,1
txn_009327,cust_000337,2630.88,netbanking,1188,17,11,0.6471,3,False,gateway_error,0.4841,1
txn_009328,cust_000278,10037.22,card,99,19,12,0.6316,4,False,gateway_error,0.3995,0
txn_009329,cust_002309,876.74,wallet,88,3,2,0.6667,2,False,insufficient_balance,0.44,1
txn_009330,cust_002833,761.17,wallet,1353,26,21,0.8077,3,False,insufficient_balance,0.4023,1
txn_009331,cust_000060,2744.6,wallet,417,26,20,0.7692,2,False,authentication_failed,0.3508,0
txn_009332,cust_002385,669.55,card,1055,1,0,0.0,3,False,insufficient_balance,0.16,0
txn_009333,cust_000258,1965.84,wallet,1000,27,20,0.7407,3,False,authentication_failed,0.2622,1
txn_009334,cust_000005,1943.7,netbanking,1464,28,19,0.6786,4,False,expired_card,0.1136,0
txn_009335,cust_001730,1862.93,upi,388,23,19,0.8261,4,False,gateway_error,0.4578,1
txn_009336,cust_002230,2409.03,card,1148,11,9,0.8182,3,False,insufficient_balance,0.4055,1
txn_009337,cust_002117,222.02,upi,526,3,3,1.0,1,False,network_error,0.78,1
txn_009338,cust_001596,1524.54,upi,897,10,6,0.6,3,False,authentication_failed,0.22,0
txn_009339,cust_000512,398.22,wallet,634,26,21,0.8077,3,False,insufficient_balance,0.4023,0
txn_009340,cust_001696,528.13,netbanking,439,22,14,0.6364,4,False,authentication_failed,0.1509,1
txn_009341,cust_000385,727.81,card,904,13,11,0.8462,3,False,authentication_failed,0.2938,1
txn_009342,cust_001722,3933.9,wallet,1468,17,9,0.5294,3,False,network_error,0.4788,1
txn_009343,cust_002927,1440.98,wallet,1384,21,14,0.6667,4,False,gateway_error,0.41,1
txn_009344,cust_002312,3890.01,wallet,478,19,13,0.6842,1,False,insufficient_balance,0.5253,0
txn_009345,cust_000851,4037.47,card,1370,11,9,0.8182,2,False,gateway_error,0.6155,0
txn_009346,cust_001595,1553.32,card,1356,2,1,0.5,2,False,insufficient_balance,0.39,1
txn_009347,cust_003108,2043.62,wallet,547,21,11,0.5238,4,False,network_error,0.3971,0
txn_009348,cust_003304,998.84,wallet,342,8,5,0.625,1,False,gateway_error,0.6375,1
txn_009349,cust_000831,1106.3,netbanking,565,12,11,0.9167,3,False,insufficient_balance,0.435,0
txn_009350,cust_002237,418.05,wallet,1275,18,15,0.8333,4,False,gateway_error,0.46,1
txn_009351,cust_001286,1017.27,card,508,18,12,0.6667,3,False,gateway_error,0.49,1
txn_009352,cust_001616,2665.51,upi,249,13,13,1.0,2,False,authentication_failed,0.42,0
txn_009353,cust_000463,3233.35,wallet,863,14,10,0.7143,3,False,insufficient_balance,0.3743,0
txn_009354,cust_001456,988.2,wallet,1065,23,17,0.7391,2,False,expired_card,0.2917,1
txn_009355,cust_001216,415.08,netbanking,1339,4,2,0.5,1,False,authentication_failed,0.35,1
txn_009356,cust_001899,764.29,card,197,23,19,0.8261,3,False,gateway_error,0.5378,0
txn_009357,cust_002505,670.8,netbanking,754,28,22,0.7857,1,False,insufficient_balance,0.5557,0
txn_009358,cust_001345,547.71,wallet,772,12,10,0.8333,1,False,bank_decline,0.63,0
txn_009359,cust_001612,1363.73,wallet,907,29,22,0.7586,1,False,network_error,0.7076,1
txn_009360,cust_002987,3424.16,card,184,17,12,0.7059,1,False,gateway_error,0.6618,0
txn_009361,cust_002090,954.54,card,461,26,17,0.6538,4,False,gateway_error,0.4062,0
txn_009362,cust_000967,1574.24,wallet,1494,11,10,0.9091,4,False,expired_card,0.1827,0
txn_009363,cust_001886,1608.09,wallet,1152,2,0,0.0,4,False,expired_card,0.02,0
txn_009364,cust_001511,1447.03,wallet,1249,22,14,0.6364,4,False,bank_decline,0.3309,0
txn_009365,cust_003189,2099.42,upi,939,23,20,0.8696,4,False,insufficient_balance,0.3409,0
txn_009366,cust_001301,2456.23,wallet,744,15,14,0.9333,3,False,insufficient_balance,0.44,1
txn_009367,cust_002408,1310.12,wallet,554,27,17,0.6296,1,False,gateway_error,0.6389,0
txn_009368,cust_002667,1494.08,card,1171,13,11,0.8462,4,False,authentication_failed,0.2138,1
txn_009369,cust_002213,652.47,wallet,900,1,1,1.0,4,False,bank_decline,0.44,0
txn_009370,cust_000866,1243.12,netbanking,1216,12,8,0.6667,2,False,bank_decline,0.5,0
txn_009371,cust_001874,2459.43,upi,1479,4,3,0.75,4,False,insufficient_balance,0.305,0
txn_009372,cust_002298,231.16,upi,369,17,10,0.5882,2,False,insufficient_balance,0.4165,0
txn_009373,cust_002770,1786.39,wallet,319,6,5,0.8333,2,False,gateway_error,0.62,1
txn_009374,cust_000824,2956.98,wallet,162,11,7,0.6364,3,False,bank_decline,0.4109,1
txn_009375,cust_002164,2038.74,card,901,16,11,0.6875,1,False,expired_card,0.3562,0
txn_009376,cust_002524,510.79,netbanking,143,29,25,0.8621,4,False,insufficient_balance,0.3386,0
txn_009377,cust_002078,1057.18,upi,209,4,4,1.0,4,False,expired_card,0.21,0
txn_009378,cust_002708,249.09,card,534,16,13,0.8125,4,False,bank_decline,0.3837,1
txn_009379,cust_000674,11062.33,netbanking,1298,4,2,0.5,1,False,expired_card,0.3,0
txn_009380,cust_001539,205.79,upi,44,6,4,0.6667,2,False,insufficient_balance,0.44,1
txn_009381,cust_002202,948.36,upi,67,5,2,0.4,2,False,gateway_error,0.49,1
txn_009382,cust_001812,3423.08,netbanking,1230,19,18,0.9474,4,False,network_error,0.5242,0
txn_009383,cust_003088,1830.84,upi,928,8,6,0.75,2,False,gateway_error,0.595,1
txn_009384,cust_002402,724.24,upi,154,12,9,0.75,4,False,authentication_failed,0.185,0
txn_009385,cust_000187,1187.29,upi,387,8,6,0.75,4,False,insufficient_balance,0.305,0
txn_009386,cust_002769,1514.19,netbanking,761,4,2,0.5,1,False,gateway_error,0.6,1
txn_009387,cust_001935,1195.55,upi,1421,16,15,0.9375,4,False,bank_decline,0.4212,0
txn_009388,cust_002232,1370.7,card,1110,13,12,0.9231,3,False,insufficient_balance,0.4369,1
txn_009389,cust_003138,5474.54,card,787,16,16,1.0,4,False,authentication_failed,0.26,0
txn_009390,cust_002864,657.76,wallet,1432,16,14,0.875,3,False,insufficient_balance,0.4225,0
txn_009391,cust_002085,640.63,card,406,16,12,0.75,1,False,insufficient_balance,0.545,1
txn_009392,cust_001371,899.24,card,1336,22,15,0.6818,4,False,network_error,0.4445,0
txn_009393,cust_000039,754.95,card,424,24,17,0.7083,3,False,authentication_failed,0.2525,1
txn_009394,cust_002907,782.37,wallet,185,9,7,0.7778,1,False,authentication_failed,0.4333,1
txn_009395,cust_000716,476.23,wallet,1042,2,2,1.0,4,False,authentication_failed,0.26,0
txn_009396,cust_000635,820.17,card,400,16,12,0.75,1,False,bank_decline,0.605,1
txn_009397,cust_002605,764.66,upi,409,25,20,0.8,3,False,bank_decline,0.46,1
txn_009398,cust_002773,976.35,upi,101,10,7,0.7,4,False,expired_card,0.12,0
txn_009399,cust_001586,690.01,card,985,19,13,0.6842,2,False,gateway_error,0.5753,1
txn_009400,cust_003056,1486.78,upi,402,12,9,0.75,1,False,insufficient_balance,0.545,1
txn_009401,cust_001659,1713.88,netbanking,155,29,24,0.8276,3,False,network_error,0.5683,0
txn_009402,cust_000024,3305.74,netbanking,1193,12,8,0.6667,1,False,bank_decline,0.58,1
txn_009403,cust_001878,1130.39,card,783,19,13,0.6842,4,False,gateway_error,0.4153,0
txn_009404,cust_002276,274.47,card,798,24,15,0.625,3,False,bank_decline,0.4075,1
txn_009405,cust_002286,372.04,card,135,26,20,0.7692,4,False,gateway_error,0.4408,1
txn_009406,cust_000444,899.9,wallet,805,23,19,0.8261,3,False,bank_decline,0.4678,0
txn_009407,cust_003183,1088.27,upi,1034,14,10,0.7143,1,False,insufficient_balance,0.5343,0
txn_009408,cust_002837,1858.97,upi,115,17,14,0.8235,2,False,insufficient_balance,0.4871,0
txn_009409,cust_000327,845.82,upi,1179,8,7,0.875,2,False,gateway_error,0.6325,1
txn_009410,cust_000279,231.9,netbanking,728,2,2,1.0,4,False,gateway_error,0.51,0
txn_009411,cust_000590,1170.01,card,547,15,9,0.6,2,False,gateway_error,0.55,1
txn_009412,cust_000688,808.78,card,564,22,17,0.7727,2,False,gateway_error,0.6018,1
txn_009413,cust_000474,220.31,wallet,950,6,4,0.6667,4,False,gateway_error,0.41,0
txn_009414,cust_002174,3187.54,card,1090,5,4,0.8,1,False,expired_card,0.39,0
txn_009415,cust_000192,365.57,card,376,22,18,0.8182,2,False,bank_decline,0.5455,0
txn_009416,cust_002875,2031.8,netbanking,512,3,1,0.3333,3,False,insufficient_balance,0.26,1
txn_009417,cust_001417,1747.61,netbanking,861,13,10,0.7692,4,False,gateway_error,0.4408,0
txn_009418,cust_001332,1036.02,upi,529,9,7,0.7778,4,False,insufficient_balance,0.3133,0
txn_009419,cust_002045,3845.48,wallet,485,26,21,0.8077,3,False,bank_decline,0.4623,0
txn_009420,cust_000889,698.94,netbanking,730,22,16,0.7273,2,False,bank_decline,0.5182,0
txn_009421,cust_002827,1742.72,upi,608,26,21,0.8077,2,False,insufficient_balance,0.4823,1
txn_009422,cust_002247,564.69,netbanking,401,20,14,0.7,1,False,expired_card,0.36,1
txn_009423,cust_000781,1140.5,upi,583,0,0,0.0,3,True,bank_decline,0.17,0
txn_009424,cust_000311,1222.05,wallet,856,13,12,0.9231,4,False,gateway_error,0.4869,0
txn_009425,cust_002672,982.9,upi,406,16,12,0.75,1,False,bank_decline,0.605,1
txn_009426,cust_000229,3539.93,upi,1201,28,21,0.75,4,False,network_error,0.465,0
txn_009427,cust_000800,3655.5,wallet,1311,21,17,0.8095,3,False,network_error,0.5629,0
txn_009428,cust_003092,203.84,upi,701,1,1,1.0,2,False,insufficient_balance,0.54,1
txn_009429,cust_002841,1734.05,wallet,1130,4,2,0.5,2,False,authentication_failed,0.27,0
txn_009430,cust_001119,653.52,wallet,261,4,2,0.5,3,False,expired_card,0.14,0
txn_009431,cust_003245,1486.65,netbanking,1035,6,3,0.5,3,False,insufficient_balance,0.31,0
txn_009432,cust_002676,644.21,netbanking,1232,10,8,0.8,2,False,authentication_failed,0.36,0
txn_009433,cust_002399,3193.47,upi,1034,2,1,0.5,3,False,insufficient_balance,0.31,0
txn_009434,cust_000718,711.3,wallet,371,11,10,0.9091,1,False,expired_card,0.4227,0
txn_009435,cust_003276,1243.0,upi,1194,4,3,0.75,4,False,bank_decline,0.365,0
txn_009436,cust_000267,615.25,wallet,923,24,16,0.6667,4,False,insufficient_balance,0.28,0
txn_009437,cust_002753,908.13,upi,396,25,18,0.72,2,False,authentication_failed,0.336,0
txn_009438,cust_001711,1027.27,netbanking,1061,8,8,1.0,1,False,expired_card,0.45,1
txn_009439,cust_001319,568.13,card,930,11,9,0.8182,2,False,authentication_failed,0.3655,0
txn_009440,cust_003092,1626.54,card,543,1,1,1.0,4,False,bank_decline,0.44,0
txn_009441,cust_001962,1553.72,netbanking,643,25,18,0.72,2,False,gateway_error,0.586,0
txn_009442,cust_002334,367.73,upi,925,4,4,1.0,2,False,gateway_error,0.67,1
txn_009443,cust_002787,1735.13,card,116,22,17,0.7727,2,False,authentication_failed,0.3518,1
txn_009444,cust_001299,1072.74,upi,608,3,3,1.0,2,False,network_error,0.7,0
txn_009445,cust_001156,797.27,card,501,0,0,0.0,4,True,authentication_failed,0.02,0
txn_009446,cust_002718,2965.9,card,378,29,21,0.7241,2,False,network_error,0.6172,1
txn_009447,cust_000427,503.26,card,1195,29,23,0.7931,2,False,authentication_failed,0.3579,0
txn_009448,cust_001966,1859.72,upi,281,19,15,0.7895,3,False,gateway_error,0.5268,1
txn_009449,cust_002511,378.4,upi,1471,6,5,0.8333,3,False,insufficient_balance,0.41,0
txn_009450,cust_000776,807.81,upi,16,5,5,1.0,4,False,gateway_error,0.51,1
txn_009451,cust_001836,3108.99,upi,1295,10,6,0.6,1,False,authentication_failed,0.38,1
txn_009452,cust_001923,2294.64,wallet,768,1,0,0.0,4,False,gateway_error,0.21,0
txn_009453,cust_002597,1546.89,upi,1249,9,9,1.0,4,False,authentication_failed,0.26,0
txn_009454,cust_000086,1346.63,wallet,661,9,5,0.5556,3,False,expired_card,0.1567,0
txn_009455,cust_002306,1058.46,card,753,26,17,0.6538,2,False,insufficient_balance,0.4362,0
txn_009456,cust_002932,1297.06,wallet,1282,10,6,0.6,4,False,bank_decline,0.32,0
txn_009457,cust_001739,923.5,upi,1463,29,22,0.7586,3,False,gateway_error,0.5176,0
txn_009458,cust_002114,234.32,netbanking,956,12,11,0.9167,4,False,insufficient_balance,0.355,0
txn_009459,cust_000174,424.58,upi,1081,14,9,0.6429,4,False,network_error,0.4329,0
txn_009460,cust_000181,346.16,netbanking,695,18,14,0.7778,1,False,gateway_error,0.6833,1
txn_009461,cust_001961,455.48,upi,941,16,8,0.5,2,False,bank_decline,0.45,0
txn_009462,cust_002919,586.76,card,1448,5,4,0.8,2,False,bank_decline,0.54,1
txn_009463,cust_000275,396.74,netbanking,355,11,7,0.6364,2,False,authentication_failed,0.3109,0
txn_009464,cust_000145,919.37,upi,1360,6,6,1.0,2,False,bank_decline,0.6,0
txn_009465,cust_000168,100.0,wallet,56,21,16,0.7619,3,False,network_error,0.5486,1
txn_009466,cust_001970,4631.59,card,317,11,4,0.3636,4,False,network_error,0.3491,0
txn_009467,cust_000166,628.17,wallet,710,26,15,0.5769,3,False,insufficient_balance,0.3331,1
txn_009468,cust_000671,1568.95,upi,572,13,7,0.5385,2,False,bank_decline,0.4615,1
txn_009469,cust_003062,791.31,upi,1147,20,14,0.7,3,False,expired_card,0.2,0
txn_009470,cust_002121,3021.2,upi,285,19,15,0.7895,2,False,authentication_failed,0.3568,1
txn_009471,cust_000728,2535.7,card,1102,3,2,0.6667,1,False,bank_decline,0.58,0
txn_009472,cust_003025,2962.13,netbanking,812,25,21,0.84,4,False,gateway_error,0.462,0
txn_009473,cust_001557,3292.53,upi,1235,0,0,0.0,2,True,bank_decline,0.25,1
txn_009474,cust_000956,938.74,card,679,1,1,1.0,2,False,gateway_error,0.67,1
txn_009475,cust_000962,410.0,netbanking,122,8,7,0.875,3,False,network_error,0.5825,1
txn_009476,cust_000411,1201.82,netbanking,436,25,22,0.88,2,False,gateway_error,0.634,1
txn_009477,cust_003164,1448.74,upi,438,0,0,0.0,3,True,insufficient_balance,0.11,0
txn_009478,cust_000726,877.34,upi,933,9,8,0.8889,1,False,network_error,0.7467,1
txn_009479,cust_003199,1809.61,netbanking,1272,3,2,0.6667,1,False,gateway_error,0.65,0
txn_009480,cust_002145,531.69,netbanking,1193,26,20,0.7692,1,False,network_error,0.7108,1
txn_009481,cust_002957,3603.22,wallet,757,0,0,0.0,2,True,network_error,0.35,0
txn_009482,cust_001263,1007.96,wallet,935,7,5,0.7143,4,False,gateway_error,0.4243,0
txn_009483,cust_001660,1150.84,upi,159,5,4,0.8,3,False,bank_decline,0.46,1
txn_009484,cust_002056,1360.9,netbanking,600,3,2,0.6667,1,False,expired_card,0.35,1
txn_009485,cust_002347,1470.42,card,1205,9,5,0.5556,2,False,authentication_failed,0.2867,1
txn_009486,cust_002942,675.86,upi,332,22,19,0.8636,3,False,expired_card,0.2491,0
txn_009487,cust_002807,1435.78,wallet,1427,16,9,0.5625,4,False,gateway_error,0.3788,1
txn_009488,cust_000680,880.43,card,397,28,17,0.6071,1,False,bank_decline,0.5621,0
txn_009489,cust_000683,658.84,upi,847,10,7,0.7,4,False,authentication_failed,0.17,0
txn_009490,cust_003107,3802.18,netbanking,304,22,14,0.6364,4,False,authentication_failed,0.1509,0
txn_009491,cust_003099,2832.46,netbanking,1041,6,4,0.6667,2,False,insufficient_balance,0.44,0
txn_009492,cust_001880,401.67,upi,1400,23,19,0.8261,3,False,network_error,0.5678,1
txn_009493,cust_001736,791.24,netbanking,18,22,16,0.7273,3,False,gateway_error,0.5082,1
txn_009494,cust_002228,4212.16,card,367,1,1,1.0,1,False,network_error,0.78,1
txn_009495,cust_001971,697.06,netbanking,505,11,9,0.8182,1,False,gateway_error,0.6955,1
txn_009496,cust_000699,714.18,upi,1437,19,15,0.7895,4,False,authentication_failed,0.1968,0
txn_009497,cust_002699,587.12,card,748,14,11,0.7857,4,False,network_error,0.4757,1
txn_009498,cust_000477,2520.65,netbanking,1378,23,18,0.7826,1,False,gateway_error,0.6848,1
txn_009499,cust_000644,700.29,netbanking,1352,27,18,0.6667,3,False,insufficient_balance,0.36,1
txn_009500,cust_000261,523.45,upi,226,21,17,0.8095,4,False,network_error,0.4829,1
txn_009501,cust_000496,1185.9,netbanking,472,17,13,0.7647,2,False,network_error,0.6294,1
txn_009502,cust_000744,1133.17,netbanking,301,1,0,0.0,1,False,gateway_error,0.45,1
txn_009503,cust_001150,693.32,wallet,905,16,13,0.8125,2,False,gateway_error,0.6138,0
txn_009504,cust_003227,1553.4,netbanking,1360,2,1,0.5,3,False,gateway_error,0.44,1
txn_009505,cust_002211,1697.06,wallet,89,24,17,0.7083,3,False,network_error,0.5325,1
txn_009506,cust_001693,2275.54,card,1384,2,2,1.0,3,False,network_error,0.62,1
txn_009507,cust_001197,310.93,netbanking,175,19,15,0.7895,4,False,bank_decline,0.3768,1
txn_009508,cust_001954,3113.88,wallet,1400,7,3,0.4286,3,False,authentication_failed,0.1686,0
txn_009509,cust_002988,1285.92,upi,461,25,16,0.64,1,False,bank_decline,0.572,1
txn_009510,cust_000182,729.7,upi,402,9,8,0.8889,1,False,gateway_error,0.7167,0
txn_009511,cust_001419,763.52,netbanking,1099,20,16,0.8,4,False,expired_card,0.15,1
txn_009512,cust_001335,467.87,wallet,698,22,17,0.7727,2,False,authentication_failed,0.3518,1
txn_009513,cust_000198,6533.49,netbanking,3,26,22,0.8462,4,False,authentication_failed,0.2138,0
txn_009514,cust_000116,496.97,netbanking,1156,15,12,0.8,4,False,expired_card,0.15,0
txn_009515,cust_000139,481.21,netbanking,1348,29,23,0.7931,4,False,insufficient_balance,0.3179,0
txn_009516,cust_001763,683.53,card,1023,0,0,0.0,3,True,network_error,0.27,1
txn_009517,cust_002621,438.5,wallet,1112,28,19,0.6786,3,False,bank_decline,0.4236,0
txn_009518,cust_000517,553.63,card,612,27,21,0.7778,2,False,bank_decline,0.5333,1
txn_009519,cust_000157,1132.74,upi,269,28,22,0.7857,1,False,expired_card,0.3857,1
txn_009520,cust_002653,428.64,card,272,1,1,1.0,2,False,gateway_error,0.67,1
txn_009521,cust_001093,2274.43,wallet,248,16,10,0.625,1,False,network_error,0.6675,1
txn_009522,cust_002199,721.12,card,1447,3,2,0.6667,3,False,bank_decline,0.42,1
txn_009523,cust_000114,384.88,card,802,10,7,0.7,1,False,gateway_error,0.66,1
txn_009524,cust_001343,425.69,wallet,29,10,5,0.5,1,False,bank_decline,0.53,0
txn_009525,cust_001417,1761.3,netbanking,310,22,17,0.7727,3,False,bank_decline,0.4518,0
txn_009526,cust_001519,2655.24,card,1390,18,12,0.6667,4,False,network_error,0.44,0
txn_009527,cust_000011,534.36,netbanking,822,16,9,0.5625,3,False,expired_card,0.1587,1
txn_009528,cust_003069,6201.76,wallet,663,23,20,0.8696,2,False,expired_card,0.3309,0
txn_009529,cust_003211,995.11,card,144,5,3,0.6,4,False,authentication_failed,0.14,0
txn_009530,cust_002028,9050.91,upi,83,8,4,0.5,3,False,insufficient_balance,0.31,1
txn_009531,cust_001899,887.92,netbanking,436,1,1,1.0,1,False,expired_card,0.45,0
txn_009532,cust_001054,2573.91,netbanking,274,7,4,0.5714,2,False,authentication_failed,0.2914,0
txn_009533,cust_001240,2263.65,upi,976,10,7,0.7,4,False,network_error,0.45,1
txn_009534,cust_000542,1783.06,card,4,26,20,0.7692,3,False,insufficient_balance,0.3908,0
txn_009535,cust_001819,4822.66,upi,26,0,0,0.0,2,True,gateway_error,0.32,1
txn_009536,cust_001818,3199.6,upi,68,4,2,0.5,3,False,network_error,0.47,1
txn_009537,cust_003190,2062.6,netbanking,1272,0,0,0.0,1,True,network_error,0.43,0
txn_009538,cust_000437,1402.15,card,660,16,10,0.625,1,False,bank_decline,0.5675,1
txn_009539,cust_001407,2357.96,wallet,1414,12,10,0.8333,3,False,bank_decline,0.47,0
txn_009540,cust_000248,2022.34,card,451,18,13,0.7222,1,False,network_error,0.6967,1
txn_009541,cust_003229,1194.21,wallet,13,8,6,0.75,4,False,insufficient_balance,0.305,0
txn_009542,cust_000042,262.34,upi,613,20,16,0.8,1,False,insufficient_balance,0.56,1
txn_009543,cust_002576,5144.97,netbanking,961,25,16,0.64,2,False,gateway_error,0.562,1
txn_009544,cust_002095,580.95,upi,1487,26,22,0.8462,3,False,authentication_failed,0.2938,0
txn_009545,cust_003275,4843.04,netbanking,981,28,23,0.8214,2,False,gateway_error,0.6164,1
txn_009546,cust_001149,2019.89,netbanking,1417,4,4,1.0,3,False,bank_decline,0.52,0
txn_009547,cust_001629,458.02,upi,189,15,10,0.6667,4,False,gateway_error,0.41,1
txn_009548,cust_003120,2515.72,card,290,24,19,0.7917,2,False,expired_card,0.3075,0
txn_009549,cust_002209,2794.56,card,2,1,1,1.0,2,False,insufficient_balance,0.54,1
txn_009550,cust_001996,267.25,netbanking,431,5,4,0.8,3,False,bank_decline,0.46,1
txn_009551,cust_002438,418.75,card,843,9,7,0.7778,4,False,authentication_failed,0.1933,0
txn_009552,cust_000464,1046.94,wallet,741,5,5,1.0,2,False,bank_decline,0.6,1
txn_009553,cust_002415,523.22,netbanking,922,17,11,0.6471,1,False,bank_decline,0.5741,0
txn_009554,cust_003083,3689.87,netbanking,1276,5,4,0.8,2,False,expired_card,0.31,1
txn_009555,cust_000967,424.23,upi,1185,19,13,0.6842,1,False,gateway_error,0.6553,1
txn_009556,cust_001010,4084.22,card,1223,9,7,0.7778,1,False,network_error,0.7133,1
txn_009557,cust_001160,673.29,wallet,577,28,16,0.5714,1,False,insufficient_balance,0.4914,1
txn_009558,cust_001597,1508.07,netbanking,1006,28,25,0.8929,3,False,bank_decline,0.4879,0
txn_009559,cust_003042,1883.13,card,357,5,3,0.6,3,False,gateway_error,0.47,1
txn_009560,cust_002561,518.97,card,43,9,6,0.6667,3,False,bank_decline,0.42,0
txn_009561,cust_000486,1411.98,upi,1088,11,5,0.4545,3,False,insufficient_balance,0.2964,0
txn_009562,cust_000767,491.55,netbanking,747,12,10,0.8333,4,False,authentication_failed,0.21,0
txn_009563,cust_003229,705.15,card,1466,26,22,0.8462,2,False,bank_decline,0.5538,1
txn_009564,cust_003103,815.83,upi,442,28,22,0.7857,4,False,insufficient_balance,0.3157,0
txn_009565,cust_001525,3132.36,upi,598,19,14,0.7368,2,False,gateway_error,0.5911,0
txn_009566,cust_002950,1269.33,upi,1400,18,14,0.7778,1,False,network_error,0.7133,1
txn_009567,cust_000225,1365.76,upi,650,4,3,0.75,2,False,gateway_error,0.595,1
txn_009568,cust_002152,689.17,wallet,404,14,11,0.7857,1,False,gateway_error,0.6857,1
txn_009569,cust_001927,4421.44,wallet,197,24,18,0.75,3,False,network_error,0.545,1
txn_009570,cust_001756,2447.5,netbanking,1477,14,11,0.7857,2,False,network_error,0.6357,0
txn_009571,cust_002846,305.27,wallet,601,27,17,0.6296,3,False,expired_card,0.1789,0
txn_009572,cust_000978,833.4,netbanking,1209,28,23,0.8214,4,False,bank_decline,0.3864,0
txn_009573,cust_002251,1920.29,netbanking,388,2,1,0.5,4,False,gateway_error,0.36,0
txn_009574,cust_000382,2528.52,netbanking,794,28,20,0.7143,1,False,bank_decline,0.5943,1
txn_009575,cust_001108,871.05,card,821,6,4,0.6667,2,False,gateway_error,0.57,1
txn_009576,cust_003086,1351.58,wallet,146,20,13,0.65,1,False,network_error,0.675,1
txn_009577,cust_000914,1256.0,netbanking,690,29,25,0.8621,4,False,insufficient_balance,0.3386,0
txn_009578,cust_001776,946.26,wallet,1087,19,19,1.0,3,False,gateway_error,0.59,0
txn_009579,cust_003312,910.15,upi,114,29,21,0.7241,3,False,bank_decline,0.4372,0
txn_009580,cust_002958,371.12,upi,1226,8,3,0.375,3,False,gateway_error,0.4025,0
txn_009581,cust_001772,788.74,netbanking,687,25,20,0.8,3,False,insufficient_balance,0.4,0
txn_009582,cust_002181,1826.61,netbanking,1489,22,16,0.7273,1,False,gateway_error,0.6682,1
txn_009583,cust_001379,1569.59,wallet,91,7,5,0.7143,1,False,insufficient_balance,0.5343,0
txn_009584,cust_000078,2653.93,wallet,1201,17,17,1.0,4,False,bank_decline,0.44,1
txn_009585,cust_003078,3722.78,wallet,570,4,4,1.0,1,False,bank_decline,0.68,1
txn_009586,cust_001396,771.42,card,1075,13,9,0.6923,3,False,insufficient_balance,0.3677,0
txn_009587,cust_002391,969.1,netbanking,1066,13,7,0.5385,2,False,bank_decline,0.4615,0
txn_009588,cust_002154,898.84,netbanking,1380,5,5,1.0,2,False,gateway_error,0.67,0
txn_009589,cust_002474,428.28,netbanking,483,17,12,0.7059,2,False,insufficient_balance,0.4518,1
txn_009590,cust_000087,1479.89,upi,725,23,22,0.9565,1,False,bank_decline,0.667,1
txn_009591,cust_001181,203.19,wallet,707,24,20,0.8333,2,False,expired_card,0.32,1
txn_009592,cust_000724,325.32,netbanking,1380,7,5,0.7143,3,False,network_error,0.5343,0
txn_009593,cust_000432,973.47,wallet,1016,25,22,0.88,1,False,insufficient_balance,0.584,1
txn_009594,cust_003124,998.91,card,452,22,14,0.6364,3,False,gateway_error,0.4809,0
txn_009595,cust_002233,2969.6,upi,458,0,0,0.0,4,True,insufficient_balance,0.03,0
txn_009596,cust_000838,4567.73,wallet,709,0,0,0.0,1,True,network_error,0.43,0
txn_009597,cust_000192,3633.94,wallet,114,11,9,0.8182,4,False,gateway_error,0.4555,0
txn_009598,cust_001855,888.72,wallet,404,22,17,0.7727,1,False,network_error,0.7118,1
txn_009599,cust_003285,1823.89,netbanking,492,11,7,0.6364,1,False,insufficient_balance,0.5109,1
txn_009600,cust_002927,1356.2,wallet,379,0,0,0.0,3,True,bank_decline,0.17,0
txn_009601,cust_000786,1082.13,wallet,354,25,18,0.72,4,False,gateway_error,0.426,1
txn_009602,cust_001431,746.77,card,894,15,10,0.6667,2,False,bank_decline,0.5,1
txn_009603,cust_000275,1968.66,upi,469,21,15,0.7143,3,False,authentication_failed,0.2543,1
txn_009604,cust_000892,692.75,upi,1241,10,7,0.7,2,False,expired_card,0.28,1
txn_009605,cust_000605,604.27,card,288,17,12,0.7059,3,False,network_error,0.5318,1
txn_009606,cust_002987,1068.73,wallet,428,21,15,0.7143,1,False,gateway_error,0.6643,1
txn_009607,cust_001831,303.41,upi,227,16,14,0.875,3,False,insufficient_balance,0.4225,0
txn_009608,cust_001988,2515.75,wallet,1374,13,8,0.6154,1,False,gateway_error,0.6346,1
txn_009609,cust_002017,1840.74,upi,822,14,9,0.6429,2,False,bank_decline,0.4929,1
txn_009610,cust_002955,442.54,card,1158,9,8,0.8889,4,False,expired_card,0.1767,0
txn_009611,cust_000349,636.18,netbanking,473,10,9,0.9,3,False,gateway_error,0.56,0
txn_009612,cust_000283,425.64,netbanking,1185,28,20,0.7143,4,False,bank_decline,0.3543,1
txn_009613,cust_002173,1780.13,upi,809,1,1,1.0,4,False,expired_card,0.21,0
txn_009614,cust_001118,2270.47,netbanking,547,20,15,0.75,3,False,authentication_failed,0.265,1
txn_009615,cust_002458,777.44,wallet,804,25,19,0.76,2,False,insufficient_balance,0.468,0
txn_009616,cust_002384,677.72,card,550,23,15,0.6522,4,False,bank_decline,0.3357,0
txn_009617,cust_002399,379.29,upi,926,22,16,0.7273,3,False,authentication_failed,0.2582,0
txn_009618,cust_000249,2229.29,card,139,13,10,0.7692,4,False,gateway_error,0.4408,0
txn_009619,cust_000374,1463.33,upi,1349,6,4,0.6667,4,False,gateway_error,0.41,0
txn_009620,cust_000546,1853.88,card,78,2,2,1.0,1,False,bank_decline,0.68,1
txn_009621,cust_002030,1617.99,upi,298,21,15,0.7143,3,False,network_error,0.5343,1
txn_009622,cust_002655,1360.73,wallet,831,13,10,0.7692,1,False,bank_decline,0.6108,0
txn_009623,cust_002003,1714.01,upi,660,8,6,0.75,3,False,gateway_error,0.515,0
txn_009624,cust_001340,994.59,netbanking,919,3,2,0.6667,4,False,expired_card,0.11,0
txn_009625,cust_001743,3594.36,card,176,16,11,0.6875,4,False,insufficient_balance,0.2862,1
txn_009626,cust_000953,735.69,card,612,8,5,0.625,2,False,gateway_error,0.5575,1
txn_009627,cust_001691,3115.9,card,318,23,19,0.8261,1,False,authentication_failed,0.4478,0
txn_009628,cust_000250,2303.69,netbanking,184,16,9,0.5625,4,False,bank_decline,0.3087,0
txn_009629,cust_001284,1834.94,card,1317,29,24,0.8276,3,False,expired_card,0.2383,1
txn_009630,cust_000490,1267.5,card,473,29,20,0.6897,1,False,insufficient_balance,0.5269,0
txn_009631,cust_000533,281.87,netbanking,366,13,10,0.7692,4,False,network_error,0.4708,0
txn_009632,cust_002169,1048.06,netbanking,441,0,0,0.0,2,True,network_error,0.35,0
txn_009633,cust_002836,1797.7,wallet,916,24,17,0.7083,3,False,bank_decline,0.4325,1
txn_009634,cust_002123,1338.62,netbanking,1254,23,20,0.8696,4,False,gateway_error,0.4709,0
txn_009635,cust_003133,1733.35,card,994,27,23,0.8519,4,False,authentication_failed,0.2156,0
txn_009636,cust_002494,457.1,card,964,12,9,0.75,3,False,bank_decline,0.445,1
txn_009637,cust_001450,1173.13,card,185,25,18,0.72,3,False,insufficient_balance,0.376,0
txn_009638,cust_001922,2158.33,upi,181,5,2,0.4,2,False,gateway_error,0.49,0
txn_009639,cust_001849,2443.13,netbanking,524,14,13,0.9286,3,False,authentication_failed,0.3186,0
txn_009640,cust_000566,16460.78,wallet,131,26,16,0.6154,2,False,gateway_error,0.5546,1
txn_009641,cust_003151,9049.49,card,763,19,16,0.8421,3,False,bank_decline,0.4726,0
txn_009642,cust_000563,7092.06,card,1012,5,4,0.8,3,False,bank_decline,0.46,0
txn_009643,cust_001869,538.01,upi,382,17,11,0.6471,2,False,bank_decline,0.4941,0
txn_009644,cust_002796,1599.46,netbanking,864,27,20,0.7407,3,False,insufficient_balance,0.3822,0
txn_009645,cust_002014,500.2,wallet,405,9,6,0.6667,4,False,authentication_failed,0.16,0
txn_009646,cust_001883,281.51,card,957,8,4,0.5,1,False,gateway_error,0.6,1
txn_009647,cust_000535,2793.1,wallet,1144,11,10,0.9091,2,False,authentication_failed,0.3927,1
txn_009648,cust_000762,513.7,netbanking,664,17,13,0.7647,1,False,bank_decline,0.6094,1
txn_009649,cust_000821,1433.19,card,46,13,10,0.7692,4,False,gateway_error,0.4408,1
txn_009650,cust_000705,1572.74,wallet,741,12,6,0.5,3,False,bank_decline,0.37,0
txn_009651,cust_002978,1137.79,wallet,43,6,2,0.3333,2,False,gateway_error,0.47,1
txn_009652,cust_000303,724.78,upi,1380,23,19,0.8261,4,False,expired_card,0.1578,1
txn_009653,cust_001013,1283.52,wallet,1059,24,18,0.75,3,False,expired_card,0.215,0
txn_009654,cust_000699,1225.74,wallet,388,17,13,0.7647,4,False,network_error,0.4694,0
txn_009655,cust_001343,347.09,upi,1092,1,1,1.0,3,False,insufficient_balance,0.46,1
txn_009656,cust_001541,442.64,card,1019,8,6,0.75,2,False,bank_decline,0.525,1
txn_009657,cust_001534,447.49,upi,543,23,20,0.8696,2,False,bank_decline,0.5609,0
txn_009658,cust_000557,1128.11,wallet,886,13,9,0.6923,4,False,insufficient_balance,0.2877,0
txn_009659,cust_001647,1006.16,netbanking,1472,0,0,0.0,2,True,insufficient_balance,0.19,0
txn_009660,cust_001591,1154.81,card,468,11,10,0.9091,4,False,insufficient_balance,0.3527,0
txn_009661,cust_000184,315.05,upi,1040,3,0,0.0,3,False,network_error,0.32,0
txn_009662,cust_000848,634.78,upi,715,12,8,0.6667,4,False,bank_decline,0.34,1
txn_009663,cust_002283,1300.09,card,503,23,17,0.7391,4,False,gateway_error,0.4317,0
txn_009664,cust_000442,1747.62,card,1289,7,4,0.5714,4,False,insufficient_balance,0.2514,1
txn_009665,cust_000998,423.57,upi,58,2,2,1.0,3,False,gateway_error,0.59,0
txn_009666,cust_002300,1395.81,wallet,176,3,3,1.0,3,False,bank_decline,0.52,1
txn_009667,cust_001453,3654.99,upi,78,4,3,0.75,2,False,bank_decline,0.525,0
txn_009668,cust_001485,589.48,netbanking,98,25,19,0.76,4,False,expired_card,0.138,0
txn_009669,cust_000544,1739.37,card,7,25,19,0.76,1,False,gateway_error,0.678,0
txn_009670,cust_000664,923.52,wallet,782,27,23,0.8519,4,False,network_error,0.4956,1
txn_009671,cust_002777,600.66,wallet,959,7,4,0.5714,2,False,gateway_error,0.5414,0
txn_009672,cust_001263,507.07,netbanking,763,28,22,0.7857,3,False,authentication_failed,0.2757,0
txn_009673,cust_002089,2903.18,upi,288,1,1,1.0,1,False,insufficient_balance,0.62,0
txn_009674,cust_002401,4529.48,wallet,942,3,0,0.0,1,False,network_error,0.48,0
txn_009675,cust_002852,376.1,wallet,174,15,10,0.6667,3,False,gateway_error,0.49,0
txn_009676,cust_000714,5104.94,netbanking,140,12,9,0.75,4,False,expired_card,0.135,0
txn_009677,cust_000115,502.36,upi,1180,6,4,0.6667,3,False,gateway_error,0.49,1
txn_009678,cust_001665,3006.46,netbanking,348,0,0,0.0,1,True,bank_decline,0.33,0
txn_009679,cust_000723,696.37,wallet,299,17,14,0.8235,1,False,expired_card,0.3971,1
txn_009680,cust_002525,2699.07,netbanking,829,17,10,0.5882,3,False,bank_decline,0.3965,0
txn_009681,cust_000368,709.42,wallet,1451,28,23,0.8214,4,False,bank_decline,0.3864,0
txn_009682,cust_001105,1268.06,card,989,29,22,0.7586,2,False,bank_decline,0.5276,0
txn_009683,cust_001604,624.68,netbanking,1386,22,19,0.8636,1,False,gateway_error,0.7091,0
txn_009684,cust_002394,478.31,card,1448,17,14,0.8235,2,False,bank_decline,0.5471,0
txn_009685,cust_001301,1722.01,upi,209,17,16,0.9412,2,False,authentication_failed,0.4024,1
txn_009686,cust_000938,1978.63,card,80,15,11,0.7333,1,False,gateway_error,0.67,0
txn_009687,cust_002993,139.05,upi,1182,2,1,0.5,4,False,gateway_error,0.36,0
txn_009688,cust_000321,775.79,upi,267,12,9,0.75,2,False,insufficient_balance,0.465,1
txn_009689,cust_000366,3323.38,netbanking,556,27,19,0.7037,3,False,authentication_failed,0.2511,0
txn_009690,cust_001479,2135.67,card,282,1,1,1.0,1,False,gateway_error,0.75,1
txn_009691,cust_001932,921.03,card,229,11,9,0.8182,2,False,bank_decline,0.5455,1
txn_009692,cust_000347,1158.06,upi,548,25,14,0.56,3,False,insufficient_balance,0.328,0
txn_009693,cust_003098,571.12,card,595,21,14,0.6667,2,False,gateway_error,0.57,1
txn_009694,cust_000024,353.18,upi,1404,2,1,0.5,1,False,network_error,0.63,0
txn_009695,cust_000533,731.56,card,940,13,9,0.6923,3,False,gateway_error,0.4977,1
txn_009696,cust_003006,1192.01,netbanking,1,27,21,0.7778,4,False,authentication_failed,0.1933,0
txn_009697,cust_001117,446.94,netbanking,88,4,3,0.75,4,False,authentication_failed,0.185,0
txn_009698,cust_002508,1342.04,wallet,184,13,9,0.6923,2,False,insufficient_balance,0.4477,1
txn_009699,cust_001203,1780.02,wallet,804,28,18,0.6429,1,False,network_error,0.6729,0
txn_009700,cust_001230,1203.6,card,868,12,10,0.8333,4,False,authentication_failed,0.21,0
txn_009701,cust_002904,881.5,wallet,756,0,0,0.0,3,True,insufficient_balance,0.11,0
txn_009702,cust_000923,1261.96,netbanking,690,4,3,0.75,4,False,insufficient_balance,0.305,0
txn_009703,cust_003133,507.93,card,646,3,2,0.6667,1,False,gateway_error,0.65,1
txn_009704,cust_000776,875.94,wallet,523,1,1,1.0,3,False,network_error,0.62,1
txn_009705,cust_002613,127.07,wallet,318,22,15,0.6818,2,False,expired_card,0.2745,1
txn_009706,cust_001311,882.67,wallet,1272,2,1,0.5,3,False,insufficient_balance,0.31,0
txn_009707,cust_001218,747.84,netbanking,910,19,17,0.8947,3,False,bank_decline,0.4884,1
txn_009708,cust_001263,1339.01,wallet,933,5,4,0.8,3,False,gateway_error,0.53,0
txn_009709,cust_000923,2408.95,card,730,0,0,0.0,2,True,insufficient_balance,0.19,0
txn_009710,cust_001372,1725.39,netbanking,1152,12,8,0.6667,4,False,authentication_failed,0.16,0
txn_009711,cust_002311,2886.1,upi,853,16,15,0.9375,4,False,expired_card,0.1913,0
txn_009712,cust_001039,667.98,netbanking,672,17,13,0.7647,1,False,bank_decline,0.6094,1
txn_009713,cust_002196,3232.18,upi,1383,24,21,0.875,4,False,insufficient_balance,0.3425,1
txn_009714,cust_001469,413.86,netbanking,1235,10,9,0.9,4,False,insufficient_balance,0.35,1
txn_009715,cust_002875,2139.83,netbanking,1452,15,14,0.9333,4,False,gateway_error,0.49,1
txn_009716,cust_000102,1460.14,upi,101,0,0,0.0,1,True,expired_card,0.1,0
txn_009717,cust_002919,7481.56,upi,787,4,3,0.75,4,False,insufficient_balance,0.305,0
txn_009718,cust_002873,701.99,upi,1459,26,18,0.6923,1,False,insufficient_balance,0.5277,0
txn_009719,cust_000514,2555.74,upi,119,10,7,0.7,2,False,authentication_failed,0.33,0
txn_009720,cust_000977,4169.96,wallet,167,28,19,0.6786,2,False,bank_decline,0.5036,0
txn_009721,cust_000885,1446.95,card,730,15,8,0.5333,3,False,insufficient_balance,0.32,0
txn_009722,cust_001299,296.59,wallet,1128,3,3,1.0,2,False,insufficient_balance,0.54,1
txn_009723,cust_001450,5705.3,upi,806,12,9,0.75,2,False,authentication_failed,0.345,0
txn_009724,cust_003027,908.81,wallet,324,11,8,0.7273,1,False,authentication_failed,0.4182,1
txn_009725,cust_002668,929.48,card,772,2,1,0.5,4,False,insufficient_balance,0.23,1
txn_009726,cust_000770,4061.43,card,1055,9,8,0.8889,2,False,gateway_error,0.6367,1
txn_009727,cust_000222,1255.99,card,551,26,20,0.7692,3,False,expired_card,0.2208,0
txn_009728,cust_001693,1095.19,upi,1141,2,1,0.5,2,False,insufficient_balance,0.39,0
txn_009729,cust_001310,2418.52,card,410,21,16,0.7619,3,False,expired_card,0.2186,1
txn_009730,cust_001019,1261.42,upi,85,21,17,0.8095,1,False,gateway_error,0.6929,1
txn_009731,cust_003276,2158.78,wallet,1206,20,15,0.75,2,False,network_error,0.625,0
txn_009732,cust_000652,782.95,wallet,420,10,8,0.8,4,False,bank_decline,0.38,0
txn_009733,cust_001321,622.63,card,17,6,3,0.5,1,False,bank_decline,0.53,0
txn_009734,cust_000940,5625.62,wallet,254,10,7,0.7,3,False,insufficient_balance,0.37,0
txn_009735,cust_000134,1870.47,wallet,703,17,12,0.7059,3,False,gateway_error,0.5018,0
txn_009736,cust_001997,3339.26,upi,1339,14,11,0.7857,3,False,authentication_failed,0.2757,1
txn_009737,cust_001766,708.01,wallet,620,12,12,1.0,4,False,expired_card,0.21,0
txn_009738,cust_000379,960.42,upi,433,26,23,0.8846,1,False,gateway_error,0.7154,1
txn_009739,cust_002850,505.9,wallet,1457,10,6,0.6,2,False,bank_decline,0.48,0
txn_009740,cust_003100,1226.27,netbanking,816,16,11,0.6875,4,False,insufficient_balance,0.2862,0
txn_009741,cust_003225,319.52,upi,1447,16,12,0.75,3,False,bank_decline,0.445,0
txn_009742,cust_001130,3725.79,wallet,88,8,7,0.875,2,False,network_error,0.6625,1
txn_009743,cust_002362,632.29,card,21,2,1,0.5,4,False,authentication_failed,0.11,0
txn_009744,cust_000007,2816.48,card,1167,1,1,1.0,1,False,gateway_error,0.75,1
txn_009745,cust_003243,877.94,card,666,5,5,1.0,4,False,insufficient_balance,0.38,1
txn_009746,cust_002772,1011.78,card,71,14,13,0.9286,3,False,gateway_error,0.5686,0
txn_009747,cust_001828,2332.44,netbanking,660,19,16,0.8421,4,False,insufficient_balance,0.3326,0
txn_009748,cust_002931,408.26,card,1160,28,20,0.7143,1,False,expired_card,0.3643,0
txn_009749,cust_000202,1059.61,wallet,106,4,2,0.5,2,False,bank_decline,0.45,1
txn_009750,cust_000356,749.03,netbanking,729,24,14,0.5833,1,False,bank_decline,0.555,0
txn_009751,cust_001025,2463.68,netbanking,360,5,4,0.8,2,False,authentication_failed,0.36,1
txn_009752,cust_001225,1276.86,netbanking,1089,0,0,0.0,3,True,bank_decline,0.17,0
txn_009753,cust_001489,1744.05,card,1292,6,5,0.8333,4,False,gateway_error,0.46,1
txn_009754,cust_003262,100.0,upi,890,21,16,0.7619,3,False,gateway_error,0.5186,1
txn_009755,cust_001317,398.87,upi,353,26,21,0.8077,1,False,network_error,0.7223,1
txn_009756,cust_001368,1809.98,wallet,68,7,5,0.7143,1,False,network_error,0.6943,0
txn_009757,cust_002716,3444.95,card,998,1,1,1.0,1,False,gateway_error,0.75,0
txn_009758,cust_002211,1941.14,netbanking,345,15,11,0.7333,3,False,insufficient_balance,0.38,0
txn_009759,cust_000553,390.2,wallet,1366,9,8,0.8889,4,False,insufficient_balance,0.3467,0
txn_009760,cust_002153,315.14,upi,1058,4,4,1.0,1,False,insufficient_balance,0.62,1
txn_009761,cust_000964,696.87,card,1207,22,20,0.9091,2,False,expired_card,0.3427,0
txn_009762,cust_002658,1851.59,netbanking,1305,11,10,0.9091,3,False,insufficient_balance,0.4327,0
txn_009763,cust_001507,512.68,upi,479,3,2,0.6667,1,False,expired_card,0.35,1
txn_009764,cust_000444,724.13,netbanking,426,1,1,1.0,3,False,insufficient_balance,0.46,0
txn_009765,cust_003226,651.89,upi,1063,23,18,0.7826,4,False,authentication_failed,0.1948,0
txn_009766,cust_000340,2463.5,wallet,1431,2,2,1.0,4,False,authentication_failed,0.26,0
txn_009767,cust_002217,167.18,netbanking,383,17,13,0.7647,4,False,authentication_failed,0.1894,0
txn_009768,cust_002004,247.87,netbanking,508,27,21,0.7778,3,False,bank_decline,0.4533,0
txn_009769,cust_000399,1329.67,upi,918,25,18,0.72,2,False,expired_card,0.286,1
txn_009770,cust_002267,443.83,card,374,13,12,0.9231,2,False,authentication_failed,0.3969,1
txn_009771,cust_003195,842.6,netbanking,433,27,17,0.6296,1,False,bank_decline,0.5689,1
txn_009772,cust_002996,3397.11,wallet,672,24,18,0.75,3,False,insufficient_balance,0.385,0
txn_009773,cust_001388,2466.84,upi,673,15,11,0.7333,1,False,network_error,0.7,1
txn_009774,cust_002400,1309.75,card,223,21,15,0.7143,4,False,network_error,0.4543,1
txn_009775,cust_001830,731.4,netbanking,406,15,13,0.8667,3,False,network_error,0.58,0
txn_009776,cust_002255,885.03,upi,1364,2,2,1.0,2,False,gateway_error,0.67,1
txn_009777,cust_002322,537.41,upi,698,26,19,0.7308,2,False,gateway_error,0.5892,1
txn_009778,cust_002614,2027.86,card,50,16,12,0.75,1,False,gateway_error,0.675,1
txn_009779,cust_002854,1996.03,netbanking,811,20,15,0.75,4,False,gateway_error,0.435,0
txn_009780,cust_000366,1018.46,upi,343,17,13,0.7647,3,False,bank_decline,0.4494,1
txn_009781,cust_000982,551.96,netbanking,829,11,10,0.9091,3,False,expired_card,0.2627,0
txn_009782,cust_001467,1153.8,wallet,236,24,17,0.7083,1,False,authentication_failed,0.4125,1
txn_009783,cust_000703,866.53,upi,949,0,0,0.0,3,True,authentication_failed,0.02,0
txn_009784,cust_002528,680.73,netbanking,1394,12,6,0.5,3,False,bank_decline,0.37,0
txn_009785,cust_001786,287.48,netbanking,1467,5,5,1.0,4,False,insufficient_balance,0.38,1
txn_009786,cust_000291,812.24,card,407,18,12,0.6667,3,False,insufficient_balance,0.36,0
txn_009787,cust_001927,2820.48,wallet,463,20,14,0.7,1,False,bank_decline,0.59,0
txn_009788,cust_002110,240.51,wallet,1056,21,14,0.6667,3,False,insufficient_balance,0.36,1
txn_009789,cust_000230,756.39,netbanking,489,21,14,0.6667,4,False,gateway_error,0.41,0
txn_009790,cust_000631,1764.43,wallet,1383,14,11,0.7857,4,False,insufficient_balance,0.3157,1
txn_009791,cust_000823,291.54,card,1262,9,6,0.6667,2,False,authentication_failed,0.32,0
txn_009792,cust_001069,696.25,wallet,809,23,17,0.7391,2,False,insufficient_balance,0.4617,0
txn_009793,cust_002018,1459.17,card,1084,6,5,0.8333,4,False,network_error,0.49,0
txn_009794,cust_002953,929.55,wallet,1186,0,0,0.0,2,True,bank_decline,0.25,0
txn_009795,cust_001192,316.58,netbanking,1443,20,14,0.7,1,False,insufficient_balance,0.53,1
txn_009796,cust_002997,3361.67,upi,402,26,18,0.6923,1,False,expired_card,0.3577,0
txn_009797,cust_003097,585.74,card,448,14,12,0.8571,2,False,bank_decline,0.5571,1
txn_009798,cust_000547,885.25,upi,348,8,6,0.75,1,False,bank_decline,0.605,0
txn_009799,cust_000944,1024.27,upi,507,12,10,0.8333,2,False,network_error,0.65,1
txn_009800,cust_001401,574.66,upi,481,9,5,0.5556,3,False,bank_decline,0.3867,0
txn_009801,cust_003198,762.56,upi,128,29,20,0.6897,2,False,gateway_error,0.5769,0
txn_009802,cust_002455,2273.97,wallet,1491,5,4,0.8,1,False,bank_decline,0.62,1
txn_009803,cust_003004,544.02,upi,595,12,8,0.6667,3,False,insufficient_balance,0.36,1
txn_009804,cust_002029,1067.98,upi,133,2,1,0.5,4,False,network_error,0.39,1
txn_009805,cust_001756,1809.15,wallet,1290,21,19,0.9048,4,False,bank_decline,0.4114,0
txn_009806,cust_002011,594.51,upi,1176,21,13,0.619,1,False,bank_decline,0.5657,1
txn_009807,cust_002787,3109.56,card,14,3,3,1.0,1,False,insufficient_balance,0.62,1
txn_009808,cust_001535,778.74,wallet,354,25,18,0.72,4,False,network_error,0.456,0
txn_009809,cust_002340,2860.18,upi,796,0,0,0.0,1,True,expired_card,0.1,0
txn_009810,cust_002298,2334.59,card,743,2,0,0.0,2,False,expired_card,0.07,0
txn_009811,cust_000163,2170.03,netbanking,45,7,5,0.7143,2,False,bank_decline,0.5143,0
txn_009812,cust_002917,800.78,netbanking,664,14,11,0.7857,3,False,network_error,0.5557,1
txn_009813,cust_000443,875.99,upi,664,1,0,0.0,1,False,gateway_error,0.45,1
txn_009814,cust_001103,409.72,card,1351,15,12,0.8,3,False,network_error,0.56,0
txn_009815,cust_000613,750.47,wallet,1030,2,1,0.5,1,False,authentication_failed,0.35,1
txn_009816,cust_003111,1702.19,wallet,361,26,20,0.7692,3,False,network_error,0.5508,1
txn_009817,cust_002137,804.26,card,364,13,10,0.7692,1,False,gateway_error,0.6808,0
txn_009818,cust_000704,613.21,upi,750,21,17,0.8095,4,False,expired_card,0.1529,0
txn_009819,cust_001578,1847.74,card,1389,4,3,0.75,1,False,authentication_failed,0.425,0
txn_009820,cust_000712,2054.86,wallet,968,29,21,0.7241,4,False,authentication_failed,0.1772,0
txn_009821,cust_000578,1157.13,card,1255,23,19,0.8261,1,False,authentication_failed,0.4478,0
txn_009822,cust_001434,6220.66,netbanking,1477,14,11,0.7857,3,False,insufficient_balance,0.3957,1
txn_009823,cust_001917,1119.06,netbanking,575,5,4,0.8,4,False,bank_decline,0.38,1
txn_009824,cust_002793,718.18,card,969,6,5,0.8333,2,False,network_error,0.65,1
txn_009825,cust_003213,541.97,card,656,17,16,0.9412,2,False,gateway_error,0.6524,1
txn_009826,cust_002178,275.88,wallet,1087,0,0,0.0,2,True,bank_decline,0.25,1
txn_009827,cust_001603,849.15,netbanking,1267,23,16,0.6957,3,False,authentication_failed,0.2487,1
txn_009828,cust_000333,4137.0,netbanking,455,1,1,1.0,2,False,authentication_failed,0.42,0
txn_009829,cust_000828,768.68,upi,1361,22,16,0.7273,2,False,insufficient_balance,0.4582,1
txn_009830,cust_002760,587.27,wallet,930,18,15,0.8333,3,False,network_error,0.57,1
txn_009831,cust_002968,383.75,netbanking,681,16,14,0.875,2,False,insufficient_balance,0.5025,1
txn_009832,cust_003200,921.07,card,463,16,13,0.8125,4,False,bank_decline,0.3837,0
txn_009833,cust_003271,276.05,card,781,12,9,0.75,2,False,network_error,0.625,1
txn_009834,cust_000795,3382.78,card,1448,11,10,0.9091,2,False,authentication_failed,0.3927,0
txn_009835,cust_000229,1112.62,wallet,809,28,23,0.8214,1,False,expired_card,0.3964,1
txn_009836,cust_000267,989.31,netbanking,93,15,12,0.8,2,False,expired_card,0.31,1
txn_009837,cust_003182,817.54,wallet,184,14,8,0.5714,3,False,network_error,0.4914,1
txn_009838,cust_003117,990.69,netbanking,641,9,4,0.4444,2,False,authentication_failed,0.2533,1
txn_009839,cust_001365,377.15,upi,299,15,12,0.8,3,False,insufficient_balance,0.4,0
txn_009840,cust_003200,1611.34,wallet,1288,18,11,0.6111,3,False,expired_card,0.1733,1
txn_009841,cust_001649,2035.28,card,737,20,13,0.65,2,False,authentication_failed,0.315,0
txn_009842,cust_002923,936.36,card,865,17,14,0.8235,2,False,expired_card,0.3171,0
txn_009843,cust_003291,276.37,netbanking,1197,6,6,1.0,2,False,authentication_failed,0.42,0
txn_009844,cust_002517,2222.59,netbanking,608,24,16,0.6667,3,False,expired_card,0.19,1
txn_009845,cust_001164,1005.54,card,1136,27,20,0.7407,3,False,insufficient_balance,0.3822,0
txn_009846,cust_001081,567.33,card,771,13,10,0.7692,2,False,authentication_failed,0.3508,0
txn_009847,cust_000132,1133.13,upi,712,17,10,0.5882,4,False,network_error,0.4165,0
txn_009848,cust_000783,1755.44,card,687,29,23,0.7931,1,False,bank_decline,0.6179,1
txn_009849,cust_001535,2477.98,wallet,748,7,4,0.5714,3,False,gateway_error,0.4614,1
txn_009850,cust_002760,1946.27,wallet,1055,21,15,0.7143,2,False,bank_decline,0.5143,0
txn_009851,cust_000018,1973.02,card,1031,14,10,0.7143,4,False,gateway_error,0.4243,0
txn_009852,cust_003022,1384.47,netbanking,1059,0,0,0.0,3,True,authentication_failed,0.02,0
txn_009853,cust_001901,1113.59,wallet,187,1,1,1.0,3,False,insufficient_balance,0.46,0
txn_009854,cust_002389,918.02,upi,282,2,2,1.0,3,False,bank_decline,0.52,0
txn_009855,cust_000752,661.09,card,1223,27,17,0.6296,2,False,network_error,0.5889,1
txn_009856,cust_003288,653.67,card,1024,2,1,0.5,1,False,gateway_error,0.6,1
txn_009857,cust_001096,870.03,netbanking,551,29,22,0.7586,2,False,authentication_failed,0.3476,0
txn_009858,cust_002797,309.97,card,1071,22,14,0.6364,4,False,gateway_error,0.4009,0
txn_009859,cust_001504,300.2,card,1403,29,21,0.7241,3,False,insufficient_balance,0.3772,0
txn_009860,cust_000282,801.48,netbanking,1320,6,5,0.8333,3,False,gateway_error,0.54,0
txn_009861,cust_002033,1323.29,upi,656,12,6,0.5,1,False,insufficient_balance,0.47,1
txn_009862,cust_001529,420.48,wallet,609,5,4,0.8,2,False,gateway_error,0.61,0
txn_009863,cust_001756,1132.93,card,301,10,8,0.8,2,False,gateway_error,0.61,1
txn_009864,cust_001717,394.0,card,787,2,2,1.0,3,False,gateway_error,0.59,0
txn_009865,cust_001080,419.79,upi,216,12,10,0.8333,3,False,network_error,0.57,0
txn_009866,cust_001847,1741.04,wallet,1417,2,2,1.0,1,False,bank_decline,0.68,1
txn_009867,cust_001830,1513.57,upi,165,0,0,0.0,4,True,gateway_error,0.16,0
txn_009868,cust_000778,1368.74,wallet,1485,25,18,0.72,1,False,authentication_failed,0.416,0
txn_009869,cust_002045,4594.73,upi,1394,23,14,0.6087,2,False,gateway_error,0.5526,1
txn_009870,cust_000655,2822.24,wallet,664,15,14,0.9333,3,False,insufficient_balance,0.44,1
txn_009871,cust_002740,944.6,card,1313,23,20,0.8696,1,False,gateway_error,0.7109,1
txn_009872,cust_001210,619.61,wallet,995,16,15,0.9375,1,False,gateway_error,0.7313,1
txn_009873,cust_000517,1393.85,card,772,1,0,0.0,4,False,network_error,0.24,0
txn_009874,cust_002221,612.41,wallet,633,2,1,0.5,4,False,authentication_failed,0.11,0
txn_009875,cust_001490,1468.32,wallet,1133,23,17,0.7391,2,False,bank_decline,0.5217,1
txn_009876,cust_000510,105.79,netbanking,544,8,8,1.0,3,False,authentication_failed,0.34,0
txn_009877,cust_000771,1539.11,wallet,526,1,1,1.0,2,False,bank_decline,0.6,1
txn_009878,cust_002999,922.17,netbanking,753,6,5,0.8333,3,False,gateway_error,0.54,0
txn_009879,cust_003041,775.3,wallet,1479,15,12,0.8,1,False,network_error,0.72,1
txn_009880,cust_000552,852.58,wallet,507,26,21,0.8077,1,False,gateway_error,0.6923,1
txn_009881,cust_000712,689.88,card,473,18,13,0.7222,1,False,insufficient_balance,0.5367,0
txn_009882,cust_000477,964.99,upi,1379,22,17,0.7727,1,False,bank_decline,0.6118,0
txn_009883,cust_001623,3019.9,upi,1044,10,9,0.9,4,False,insufficient_balance,0.35,1
txn_009884,cust_001067,1559.92,netbanking,411,28,16,0.5714,1,False,bank_decline,0.5514,1
txn_009885,cust_002481,2252.53,upi,403,27,21,0.7778,4,False,bank_decline,0.3733,0
txn_009886,cust_000406,563.54,upi,1049,22,16,0.7273,2,False,network_error,0.6182,1
txn_009887,cust_001267,251.99,netbanking,1217,21,15,0.7143,4,False,network_error,0.4543,1
txn_009888,cust_002310,595.74,upi,166,4,4,1.0,2,False,bank_decline,0.6,1
txn_009889,cust_002176,1771.48,card,1033,18,13,0.7222,2,False,gateway_error,0.5867,1
txn_009890,cust_001149,419.8,upi,595,29,21,0.7241,2,False,expired_card,0.2872,0
txn_009891,cust_000166,337.1,netbanking,237,25,18,0.72,4,False,authentication_failed,0.176,0
txn_009892,cust_001710,1162.62,card,134,3,2,0.6667,3,False,gateway_error,0.49,1
txn_009893,cust_002525,2103.31,upi,606,2,2,1.0,4,False,bank_decline,0.44,1
txn_009894,cust_001300,560.12,wallet,808,19,17,0.8947,3,False,gateway_error,0.5584,0
txn_009895,cust_001535,1836.25,card,1275,9,6,0.6667,1,False,bank_decline,0.58,0
txn_009896,cust_002531,1160.02,wallet,882,25,16,0.64,1,False,expired_card,0.342,0
txn_009897,cust_002752,504.07,netbanking,534,4,4,1.0,2,False,network_error,0.7,1
txn_009898,cust_000438,1646.44,netbanking,1495,0,0,0.0,4,True,authentication_failed,0.02,0
txn_009899,cust_003155,2417.32,upi,1395,10,7,0.7,4,False,authentication_failed,0.17,0
txn_009900,cust_000926,679.09,card,7,8,7,0.875,4,False,bank_decline,0.4025,0
txn_009901,cust_000649,3670.42,netbanking,873,13,10,0.7692,2,False,insufficient_balance,0.4708,0
txn_009902,cust_001153,2948.63,card,1019,18,13,0.7222,4,False,gateway_error,0.4267,1
txn_009903,cust_001982,1801.83,netbanking,341,5,2,0.4,4,False,bank_decline,0.26,1
txn_009904,cust_003280,4019.07,wallet,883,7,5,0.7143,4,False,gateway_error,0.4243,1
txn_009905,cust_002557,620.36,card,766,20,17,0.85,2,False,bank_decline,0.555,1
txn_009906,cust_000017,843.73,netbanking,789,17,12,0.7059,3,False,network_error,0.5318,1
txn_009907,cust_001132,3113.8,netbanking,215,23,17,0.7391,3,False,authentication_failed,0.2617,1
txn_009908,cust_003081,688.51,wallet,330,13,9,0.6923,1,False,authentication_failed,0.4077,0
txn_009909,cust_001307,404.72,wallet,1018,25,19,0.76,3,False,network_error,0.548,0
txn_009910,cust_001883,891.38,upi,940,14,10,0.7143,1,False,authentication_failed,0.4143,1
txn_009911,cust_001956,2017.34,upi,1081,15,12,0.8,1,False,gateway_error,0.69,1
txn_009912,cust_000831,438.77,upi,360,10,8,0.8,2,False,gateway_error,0.61,1
txn_009913,cust_003265,705.42,upi,1396,15,13,0.8667,4,False,bank_decline,0.4,1
txn_009914,cust_001008,1713.62,netbanking,1071,22,17,0.7727,2,False,bank_decline,0.5318,0
txn_009915,cust_002393,2109.15,upi,1180,2,2,1.0,3,False,insufficient_balance,0.46,0
txn_009916,cust_000285,5179.18,netbanking,263,19,14,0.7368,4,False,authentication_failed,0.1811,1
txn_009917,cust_002228,2833.29,card,1240,17,14,0.8235,1,False,expired_card,0.3971,0
txn_009918,cust_003326,966.93,upi,676,8,7,0.875,3,False,authentication_failed,0.3025,0
txn_009919,cust_000080,335.95,netbanking,556,7,4,0.5714,4,False,bank_decline,0.3114,0
txn_009920,cust_002614,360.68,netbanking,1301,12,11,0.9167,2,False,insufficient_balance,0.515,1
txn_009921,cust_001972,1377.62,card,759,21,20,0.9524,1,False,authentication_failed,0.4857,1
txn_009922,cust_000896,1315.97,netbanking,489,11,6,0.5455,1,False,insufficient_balance,0.4836,1
txn_009923,cust_000480,796.66,card,304,24,21,0.875,4,False,authentication_failed,0.2225,1
txn_009924,cust_000817,2115.75,card,1253,18,14,0.7778,1,False,insufficient_balance,0.5533,0
txn_009925,cust_000377,3392.52,wallet,1346,5,4,0.8,2,False,authentication_failed,0.36,0
txn_009926,cust_002629,1199.19,netbanking,642,13,8,0.6154,1,False,gateway_error,0.6346,0
txn_009927,cust_002843,1600.04,card,303,10,9,0.9,2,False,authentication_failed,0.39,1
txn_009928,cust_001071,2785.73,card,777,28,19,0.6786,3,False,expired_card,0.1936,0
txn_009929,cust_000185,1262.1,card,585,11,7,0.6364,1,False,bank_decline,0.5709,1
txn_009930,cust_000476,392.7,card,973,9,7,0.7778,1,False,authentication_failed,0.4333,0
txn_009931,cust_001123,7530.98,netbanking,1066,12,9,0.75,1,False,bank_decline,0.605,0
txn_009932,cust_001526,3219.2,card,311,19,13,0.6842,4,False,bank_decline,0.3453,0
txn_009933,cust_000484,2893.68,wallet,959,5,2,0.4,1,False,authentication_failed,0.32,0
txn_009934,cust_001172,858.55,card,953,14,10,0.7143,4,False,authentication_failed,0.1743,1
txn_009935,cust_000932,1624.33,card,257,21,15,0.7143,4,False,expired_card,0.1243,0
txn_009936,cust_001283,759.59,upi,994,25,18,0.72,3,False,network_error,0.536,0
txn_009937,cust_001696,778.6,card,676,22,16,0.7273,4,False,gateway_error,0.4282,0
txn_009938,cust_000759,962.46,upi,454,18,13,0.7222,1,False,expired_card,0.3667,1
txn_009939,cust_000229,722.07,upi,526,15,12,0.8,4,False,authentication_failed,0.2,0
txn_009940,cust_000807,333.97,netbanking,72,4,4,1.0,2,False,gateway_error,0.67,0
txn_009941,cust_002082,1170.14,wallet,1366,11,7,0.6364,3,False,bank_decline,0.4109,0
txn_009942,cust_001957,482.24,upi,49,1,1,1.0,1,False,bank_decline,0.68,1
txn_009943,cust_000001,1544.31,wallet,17,27,18,0.6667,4,False,insufficient_balance,0.28,0
txn_009944,cust_001413,2560.75,netbanking,489,23,20,0.8696,1,False,expired_card,0.4109,0
txn_009945,cust_001102,712.28,netbanking,905,19,12,0.6316,4,False,bank_decline,0.3295,1
txn_009946,cust_003051,1012.66,card,129,26,23,0.8846,4,False,insufficient_balance,0.3454,1
txn_009947,cust_002563,1053.44,upi,1092,11,6,0.5455,1,False,bank_decline,0.5436,0
txn_009948,cust_002190,2506.09,card,450,14,9,0.6429,3,False,bank_decline,0.4129,1
txn_009949,cust_001688,1533.21,card,869,3,3,1.0,4,False,insufficient_balance,0.38,1
txn_009950,cust_001739,1109.63,netbanking,703,15,11,0.7333,4,False,network_error,0.46,1
txn_009951,cust_000892,369.81,card,676,24,18,0.75,4,False,authentication_failed,0.185,0
txn_009952,cust_000160,1190.56,wallet,358,17,14,0.8235,3,False,gateway_error,0.5371,0
txn_009953,cust_000159,381.36,card,609,3,0,0.0,4,False,gateway_error,0.21,0
txn_009954,cust_001137,816.74,netbanking,553,4,4,1.0,1,False,bank_decline,0.68,1
txn_009955,cust_000031,676.62,netbanking,1195,21,17,0.8095,1,False,gateway_error,0.6929,0
txn_009956,cust_000709,625.93,wallet,197,4,2,0.5,4,False,insufficient_balance,0.23,0
txn_009957,cust_003250,1771.47,upi,665,17,10,0.5882,1,False,insufficient_balance,0.4965,0
txn_009958,cust_002412,3534.36,wallet,3,13,11,0.8462,1,False,expired_card,0.4038,1
txn_009959,cust_002230,829.18,netbanking,624,5,3,0.6,3,False,gateway_error,0.47,0
txn_009960,cust_001608,834.69,netbanking,575,14,13,0.9286,3,False,insufficient_balance,0.4386,0
txn_009961,cust_002920,1287.46,netbanking,1492,14,10,0.7143,1,False,insufficient_balance,0.5343,0
txn_009962,cust_002976,1197.35,upi,469,5,3,0.6,3,False,expired_card,0.17,0
txn_009963,cust_002749,1781.21,card,768,15,13,0.8667,1,False,authentication_failed,0.46,0
txn_009964,cust_003068,9222.85,netbanking,203,13,12,0.9231,3,False,bank_decline,0.4969,0
txn_009965,cust_002266,279.6,upi,877,14,9,0.6429,3,False,authentication_failed,0.2329,0
txn_009966,cust_002409,632.71,upi,1263,20,16,0.8,4,False,expired_card,0.15,0
txn_009967,cust_003264,883.03,card,750,27,23,0.8519,2,False,network_error,0.6556,1
txn_009968,cust_002392,2822.75,card,452,1,0,0.0,2,False,bank_decline,0.3,0
txn_009969,cust_001817,937.03,upi,795,25,16,0.64,3,False,gateway_error,0.482,1
txn_009970,cust_003306,2712.92,netbanking,1147,1,0,0.0,1,False,authentication_failed,0.2,0
txn_009971,cust_001501,767.93,netbanking,424,20,16,0.8,3,False,expired_card,0.23,0
txn_009972,cust_000658,3007.16,card,843,14,11,0.7857,1,False,bank_decline,0.6157,0
txn_009973,cust_000153,1562.92,upi,1150,24,17,0.7083,1,False,authentication_failed,0.4125,1
txn_009974,cust_003284,694.67,card,577,27,18,0.6667,2,False,bank_decline,0.5,0
txn_009975,cust_002857,114.8,card,516,6,4,0.6667,2,False,expired_card,0.27,0
txn_009976,cust_000177,1735.96,netbanking,955,14,12,0.8571,4,False,network_error,0.4971,0
txn_009977,cust_000239,771.74,netbanking,1345,18,12,0.6667,2,False,gateway_error,0.57,1
txn_009978,cust_003327,4077.68,upi,394,25,18,0.72,4,False,bank_decline,0.356,1
txn_009979,cust_000678,2378.03,card,330,6,4,0.6667,4,False,authentication_failed,0.16,1
txn_009980,cust_002281,298.25,wallet,376,24,18,0.75,1,False,network_error,0.705,1
txn_009981,cust_001631,435.56,wallet,351,22,14,0.6364,2,False,expired_card,0.2609,0
txn_009982,cust_000633,1744.58,upi,1426,16,12,0.75,4,False,network_error,0.465,1
txn_009983,cust_002238,1609.42,wallet,710,27,21,0.7778,4,False,bank_decline,0.3733,0
txn_009984,cust_002461,492.37,wallet,900,20,18,0.9,1,False,gateway_error,0.72,1
txn_009985,cust_001812,263.36,upi,854,27,25,0.9259,1,False,bank_decline,0.6578,0
txn_009986,cust_001844,1281.56,wallet,545,11,6,0.5455,4,False,expired_card,0.0736,0
txn_009987,cust_001607,366.32,netbanking,496,24,15,0.625,3,False,expired_card,0.1775,0
txn_009988,cust_000952,3560.86,upi,1274,15,12,0.8,2,False,authentication_failed,0.36,1
txn_009989,cust_002460,1165.59,netbanking,1128,5,5,1.0,3,False,insufficient_balance,0.46,1
txn_009990,cust_002024,704.34,card,343,15,12,0.8,3,False,authentication_failed,0.28,0
txn_009991,cust_002186,1878.1,card,1231,17,13,0.7647,4,False,bank_decline,0.3694,1
txn_009992,cust_001115,2628.3,netbanking,196,3,3,1.0,4,False,bank_decline,0.44,0
txn_009993,cust_000035,1167.85,wallet,349,17,11,0.6471,4,False,gateway_error,0.4041,0
txn_009994,cust_000384,1371.45,upi,336,24,19,0.7917,1,False,expired_card,0.3875,1
txn_009995,cust_001595,2325.34,netbanking,984,26,23,0.8846,1,False,authentication_failed,0.4654,1
txn_009996,cust_000266,321.99,wallet,153,10,6,0.6,3,False,gateway_error,0.47,0
txn_009997,cust_001029,986.76,netbanking,838,3,1,0.3333,1,False,gateway_error,0.55,1
txn_009998,cust_000071,829.35,wallet,1384,18,15,0.8333,4,False,insufficient_balance,0.33,0
txn_009999,cust_002330,389.58,wallet,775,0,0,0.0,4,True,expired_card,0.02,0
txn_010000,cust_000922,216.12,upi,915,17,13,0.7647,4,False,gateway_error,0.4394,0
