profile,transaction_id,preferred_action,final_action,policy_override
Probability Maximizing,txn_006253,reminder,reminder,False
Probability Maximizing,txn_004685,retry,retry,False
Probability Maximizing,txn_001732,reminder,reminder,False
Probability Maximizing,txn_004743,retry,payment_link,True
Probability Maximizing,txn_004522,retry,retry,False
Probability Maximizing,txn_006341,retry,retry,False
Probability Maximizing,txn_000577,retry,retry,False
Probability Maximizing,txn_005203,retry,payment_link,True
Probability Maximizing,txn_006364,retry,retry,False
Probability Maximizing,txn_000440,retry,retry,False
Probability Maximizing,txn_002751,payment_link,payment_link,False
Probability Maximizing,txn_007488,retry,payment_link,True
Probability Maximizing,txn_005273,retry,payment_link,True
Probability Maximizing,txn_005654,retry,payment_link,True
Probability Maximizing,txn_004000,retry,payment_link,True
Probability Maximizing,txn_006034,payment_link,payment_link,False
Probability Maximizing,txn_000583,retry,retry,False
Probability Maximizing,txn_009931,retry,retry,False
Probability Maximizing,txn_007052,retry,payment_link,True
Probability Maximizing,txn_008159,retry,payment_link,True
Probability Maximizing,txn_009897,retry,retry,False
Probability Maximizing,txn_002250,payment_link,payment_link,False
Probability Maximizing,txn_004641,retry,payment_link,True
Probability Maximizing,txn_009486,payment_link,payment_link,False
Probability Maximizing,txn_004948,reminder,reminder,False
Probability Maximizing,txn_009921,payment_link,payment_link,False
Probability Maximizing,txn_001964,retry,retry,False
Probability Maximizing,txn_008244,reminder,reminder,False
Probability Maximizing,txn_006591,reminder,reminder,False
Probability Maximizing,txn_008848,retry,retry,False
Probability Maximizing,txn_000322,retry,reminder,True
Probability Maximizing,txn_002679,payment_link,payment_link,False
Probability Maximizing,txn_004626,retry,retry,False
Probability Maximizing,txn_004950,reminder,reminder,False
Probability Maximizing,txn_008329,reminder,reminder,False
Probability Maximizing,txn_003338,retry,retry,False
Probability Maximizing,txn_005590,retry,retry,False
Probability Maximizing,txn_000252,retry,reminder,True
Probability Maximizing,txn_003974,payment_link,payment_link,False
Probability Maximizing,txn_006631,retry,retry,False
Probability Maximizing,txn_005548,payment_link,payment_link,False
Probability Maximizing,txn_000036,retry,payment_link,True
Probability Maximizing,txn_008363,reminder,reminder,False
Probability Maximizing,txn_001514,retry,reminder,True
Probability Maximizing,txn_009318,payment_link,retry,True
Probability Maximizing,txn_000040,retry,payment_link,True
Probability Maximizing,txn_004820,retry,payment_link,True
Probability Maximizing,txn_003466,retry,retry,False
Probability Maximizing,txn_001761,payment_link,payment_link,False
Probability Maximizing,txn_002305,retry,retry,False
Probability Maximizing,txn_003724,payment_link,payment_link,False
Probability Maximizing,txn_008285,payment_link,payment_link,False
Probability Maximizing,txn_004994,retry,retry,False
Probability Maximizing,txn_008128,retry,retry,False
Probability Maximizing,txn_003033,payment_link,payment_link,False
Probability Maximizing,txn_007939,payment_link,payment_link,False
Probability Maximizing,txn_003040,reminder,reminder,False
Probability Maximizing,txn_009656,retry,retry,False
Probability Maximizing,txn_002546,retry,payment_link,True
Probability Maximizing,txn_002593,payment_link,payment_link,False
Probability Maximizing,txn_001189,retry,retry,False
Probability Maximizing,txn_007967,retry,payment_link,True
Probability Maximizing,txn_006078,retry,retry,False
Probability Maximizing,txn_000108,reminder,reminder,False
Probability Maximizing,txn_001316,retry,retry,False
Probability Maximizing,txn_008188,retry,reminder,True
Probability Maximizing,txn_002754,retry,retry,False
Probability Maximizing,txn_009754,retry,payment_link,True
Probability Maximizing,txn_006232,retry,payment_link,True
Probability Maximizing,txn_002877,retry,payment_link,True
Probability Maximizing,txn_005324,reminder,reminder,False
Probability Maximizing,txn_000800,payment_link,payment_link,False
Probability Maximizing,txn_003571,retry,retry,False
Probability Maximizing,txn_002895,reminder,reminder,False
Probability Maximizing,txn_002928,retry,payment_link,True
Probability Maximizing,txn_008179,reminder,reminder,False
Probability Maximizing,txn_000972,retry,retry,False
Probability Maximizing,txn_006688,retry,reminder,True
Probability Maximizing,txn_008576,reminder,reminder,False
Probability Maximizing,txn_002021,reminder,reminder,False
Probability Maximizing,txn_009055,reminder,reminder,False
Probability Maximizing,txn_000953,payment_link,payment_link,False
Probability Maximizing,txn_005360,retry,payment_link,True
Probability Maximizing,txn_003858,retry,retry,False
Probability Maximizing,txn_005862,retry,payment_link,True
Probability Maximizing,txn_003146,payment_link,payment_link,False
Probability Maximizing,txn_003306,retry,payment_link,True
Probability Maximizing,txn_003007,retry,retry,False
Probability Maximizing,txn_009002,retry,retry,False
Probability Maximizing,txn_007771,payment_link,payment_link,False
Probability Maximizing,txn_007439,retry,reminder,True
Probability Maximizing,txn_007943,retry,payment_link,True
Probability Maximizing,txn_009239,payment_link,payment_link,False
Probability Maximizing,txn_001057,retry,retry,False
Probability Maximizing,txn_003155,payment_link,payment_link,False
Probability Maximizing,txn_003788,retry,reminder,True
Probability Maximizing,txn_009190,reminder,reminder,False
Probability Maximizing,txn_007826,retry,retry,False
Probability Maximizing,txn_007540,payment_link,payment_link,False
Probability Maximizing,txn_007232,payment_link,reminder,True
Probability Maximizing,txn_000765,retry,retry,False
Probability Maximizing,txn_005020,reminder,reminder,False
Probability Maximizing,txn_004904,reminder,reminder,False
Probability Maximizing,txn_008094,retry,payment_link,True
Probability Maximizing,txn_006844,reminder,reminder,False
Probability Maximizing,txn_002166,payment_link,reminder,True
Probability Maximizing,txn_001863,reminder,reminder,False
Probability Maximizing,txn_007851,payment_link,payment_link,False
Probability Maximizing,txn_009124,reminder,reminder,False
Probability Maximizing,txn_002341,retry,payment_link,True
Probability Maximizing,txn_005528,payment_link,payment_link,False
Probability Maximizing,txn_006744,retry,retry,False
Probability Maximizing,txn_004004,retry,retry,False
Probability Maximizing,txn_001124,payment_link,payment_link,False
Probability Maximizing,txn_008710,retry,reminder,True
Probability Maximizing,txn_004050,retry,payment_link,True
Probability Maximizing,txn_007641,retry,payment_link,True
Probability Maximizing,txn_000766,payment_link,payment_link,False
Probability Maximizing,txn_002345,reminder,reminder,False
Probability Maximizing,txn_004072,retry,payment_link,True
Probability Maximizing,txn_007217,retry,payment_link,True
Probability Maximizing,txn_004217,reminder,reminder,False
Probability Maximizing,txn_007953,retry,retry,False
Probability Maximizing,txn_005971,retry,retry,False
Probability Maximizing,txn_003351,retry,retry,False
Probability Maximizing,txn_004696,retry,payment_link,True
Probability Maximizing,txn_003400,retry,retry,False
Probability Maximizing,txn_004082,reminder,reminder,False
Probability Maximizing,txn_009150,reminder,reminder,False
Probability Maximizing,txn_001225,reminder,reminder,False
Probability Maximizing,txn_006293,retry,retry,False
Probability Maximizing,txn_003123,retry,retry,False
Probability Maximizing,txn_000511,retry,reminder,True
Probability Maximizing,txn_005795,retry,retry,False
Probability Maximizing,txn_008182,retry,retry,False
Probability Maximizing,txn_009418,reminder,reminder,False
Probability Maximizing,txn_000097,retry,payment_link,True
Probability Maximizing,txn_006682,reminder,reminder,False
Probability Maximizing,txn_001513,retry,retry,False
Probability Maximizing,txn_008792,retry,reminder,True
Probability Maximizing,txn_000120,reminder,reminder,False
Probability Maximizing,txn_007792,reminder,reminder,False
Probability Maximizing,txn_006518,retry,retry,False
Probability Maximizing,txn_000034,reminder,reminder,False
Probability Maximizing,txn_007888,retry,retry,False
Probability Maximizing,txn_006831,retry,payment_link,True
Probability Maximizing,txn_005422,retry,payment_link,True
Probability Maximizing,txn_001069,retry,payment_link,True
Probability Maximizing,txn_001348,reminder,reminder,False
Probability Maximizing,txn_004748,retry,retry,False
Probability Maximizing,txn_006006,retry,payment_link,True
Probability Maximizing,txn_006040,retry,payment_link,True
Probability Maximizing,txn_003818,payment_link,payment_link,False
Probability Maximizing,txn_008447,payment_link,payment_link,False
Probability Maximizing,txn_005270,reminder,reminder,False
Probability Maximizing,txn_006898,retry,payment_link,True
Probability Maximizing,txn_005310,retry,reminder,True
Probability Maximizing,txn_000032,payment_link,payment_link,False
Probability Maximizing,txn_005675,retry,retry,False
Probability Maximizing,txn_004387,retry,payment_link,True
Probability Maximizing,txn_000030,retry,retry,False
Probability Maximizing,txn_004203,retry,payment_link,True
Probability Maximizing,txn_007508,reminder,reminder,False
Probability Maximizing,txn_000736,reminder,reminder,False
Probability Maximizing,txn_002068,reminder,reminder,False
Probability Maximizing,txn_000107,reminder,reminder,False
Probability Maximizing,txn_009645,payment_link,payment_link,False
Probability Maximizing,txn_008895,payment_link,payment_link,False
Probability Maximizing,txn_008021,retry,retry,False
Probability Maximizing,txn_002233,payment_link,payment_link,False
Probability Maximizing,txn_000994,reminder,reminder,False
Probability Maximizing,txn_009413,retry,payment_link,True
Probability Maximizing,txn_007059,retry,retry,False
Probability Maximizing,txn_006790,reminder,reminder,False
Probability Maximizing,txn_000361,payment_link,payment_link,False
Probability Maximizing,txn_000305,payment_link,payment_link,False
Probability Maximizing,txn_002628,retry,retry,False
Probability Maximizing,txn_008966,retry,payment_link,True
Probability Maximizing,txn_004514,retry,payment_link,True
Probability Maximizing,txn_005911,reminder,reminder,False
Probability Maximizing,txn_008314,reminder,reminder,False
Probability Maximizing,txn_003101,payment_link,payment_link,False
Probability Maximizing,txn_005704,reminder,reminder,False
Probability Maximizing,txn_003899,retry,payment_link,True
Probability Maximizing,txn_005441,retry,retry,False
Probability Maximizing,txn_007931,reminder,reminder,False
Probability Maximizing,txn_000622,reminder,reminder,False
Probability Maximizing,txn_007236,reminder,reminder,False
Probability Maximizing,txn_002499,payment_link,payment_link,False
Probability Maximizing,txn_000714,reminder,reminder,False
Probability Maximizing,txn_008404,retry,payment_link,True
Probability Maximizing,txn_002856,reminder,reminder,False
Probability Maximizing,txn_004270,reminder,reminder,False
Probability Maximizing,txn_002909,reminder,reminder,False
Probability Maximizing,txn_008081,retry,payment_link,True
Probability Maximizing,txn_004517,reminder,reminder,False
Probability Maximizing,txn_001262,retry,retry,False
Probability Maximizing,txn_003161,retry,retry,False
Probability Maximizing,txn_000971,retry,retry,False
Probability Maximizing,txn_003913,payment_link,payment_link,False
Probability Maximizing,txn_005199,retry,payment_link,True
Probability Maximizing,txn_008847,retry,retry,False
Probability Maximizing,txn_000260,payment_link,payment_link,False
Probability Maximizing,txn_003791,retry,payment_link,True
Probability Maximizing,txn_009203,payment_link,payment_link,False
Probability Maximizing,txn_000488,reminder,reminder,False
Probability Maximizing,txn_007908,payment_link,payment_link,False
Probability Maximizing,txn_000519,retry,retry,False
Probability Maximizing,txn_008343,retry,retry,False
Probability Maximizing,txn_000312,retry,retry,False
Probability Maximizing,txn_003232,retry,retry,False
Probability Maximizing,txn_007933,retry,retry,False
Probability Maximizing,txn_007458,reminder,reminder,False
Probability Maximizing,txn_009784,retry,payment_link,True
Probability Maximizing,txn_005184,retry,payment_link,True
Probability Maximizing,txn_008077,retry,retry,False
Probability Maximizing,txn_006502,retry,retry,False
Probability Maximizing,txn_006791,retry,payment_link,True
Probability Maximizing,txn_007773,retry,payment_link,True
Probability Maximizing,txn_002738,reminder,retry,True
Probability Maximizing,txn_007842,retry,payment_link,True
Probability Maximizing,txn_006262,payment_link,payment_link,False
Probability Maximizing,txn_008206,retry,retry,False
Probability Maximizing,txn_001248,retry,retry,False
Probability Maximizing,txn_009336,reminder,reminder,False
Probability Maximizing,txn_004195,retry,payment_link,True
Probability Maximizing,txn_008001,retry,payment_link,True
Probability Maximizing,txn_007378,reminder,reminder,False
Probability Maximizing,txn_003435,payment_link,payment_link,False
Probability Maximizing,txn_005382,retry,retry,False
Probability Maximizing,txn_000959,retry,payment_link,True
Probability Maximizing,txn_000417,retry,payment_link,True
Probability Maximizing,txn_005742,retry,retry,False
Probability Maximizing,txn_006728,retry,retry,False
Probability Maximizing,txn_004382,reminder,reminder,False
Probability Maximizing,txn_005197,payment_link,payment_link,False
Probability Maximizing,txn_001113,retry,retry,False
Probability Maximizing,txn_002689,retry,retry,False
Probability Maximizing,txn_006473,retry,reminder,True
Probability Maximizing,txn_008820,reminder,reminder,False
Probability Maximizing,txn_007808,reminder,reminder,False
Probability Maximizing,txn_003411,reminder,reminder,False
Probability Maximizing,txn_000081,retry,retry,False
Probability Maximizing,txn_004614,retry,payment_link,True
Probability Maximizing,txn_001374,retry,payment_link,True
Probability Maximizing,txn_001510,retry,reminder,True
Probability Maximizing,txn_006443,retry,retry,False
Probability Maximizing,txn_003071,retry,retry,False
Probability Maximizing,txn_003016,payment_link,payment_link,False
Probability Maximizing,txn_004823,retry,retry,False
Probability Maximizing,txn_007822,retry,payment_link,True
Probability Maximizing,txn_000093,retry,payment_link,True
Probability Maximizing,txn_009421,payment_link,reminder,True
Probability Maximizing,txn_006600,reminder,reminder,False
Probability Maximizing,txn_004443,retry,reminder,True
Probability Maximizing,txn_007602,retry,retry,False
Probability Maximizing,txn_003835,reminder,reminder,False
Probability Maximizing,txn_009702,reminder,reminder,False
Probability Maximizing,txn_004322,retry,payment_link,True
Probability Maximizing,txn_003394,reminder,reminder,False
Probability Maximizing,txn_004752,payment_link,payment_link,False
Probability Maximizing,txn_007229,reminder,reminder,False
Probability Maximizing,txn_009191,reminder,reminder,False
Probability Maximizing,txn_002361,payment_link,reminder,True
Probability Maximizing,txn_001148,retry,payment_link,True
Probability Maximizing,txn_005666,payment_link,payment_link,False
Probability Maximizing,txn_008075,payment_link,reminder,True
Probability Maximizing,txn_004943,retry,retry,False
Probability Maximizing,txn_003663,retry,retry,False
Probability Maximizing,txn_001563,retry,retry,False
Probability Maximizing,txn_004113,retry,payment_link,True
Probability Maximizing,txn_009050,retry,reminder,True
Probability Maximizing,txn_009276,payment_link,payment_link,False
Probability Maximizing,txn_008538,retry,retry,False
Probability Maximizing,txn_000795,retry,retry,False
Probability Maximizing,txn_005854,retry,payment_link,True
Probability Maximizing,txn_007619,retry,payment_link,True
Probability Maximizing,txn_001594,retry,retry,False
Probability Maximizing,txn_007418,retry,retry,False
Probability Maximizing,txn_005267,reminder,reminder,False
Probability Maximizing,txn_007147,payment_link,reminder,True
Probability Maximizing,txn_000089,retry,payment_link,True
Probability Maximizing,txn_008695,reminder,reminder,False
Probability Maximizing,txn_009732,retry,payment_link,True
Probability Maximizing,txn_009446,retry,retry,False
Probability Maximizing,txn_006754,retry,payment_link,True
Probability Maximizing,txn_003502,reminder,reminder,False
Probability Maximizing,txn_002234,retry,payment_link,True
Probability Maximizing,txn_002803,payment_link,reminder,True
Probability Maximizing,txn_004424,retry,reminder,True
Probability Maximizing,txn_005663,payment_link,payment_link,False
Probability Maximizing,txn_007170,retry,payment_link,True
Probability Maximizing,txn_008337,retry,retry,False
Probability Maximizing,txn_002148,reminder,reminder,False
Probability Maximizing,txn_007969,payment_link,payment_link,False
Probability Maximizing,txn_006551,retry,retry,False
Probability Maximizing,txn_007643,retry,payment_link,True
Probability Maximizing,txn_006164,retry,payment_link,True
Probability Maximizing,txn_001495,retry,retry,False
Probability Maximizing,txn_007696,retry,payment_link,True
Probability Maximizing,txn_007094,payment_link,payment_link,False
Probability Maximizing,txn_001409,retry,retry,False
Probability Maximizing,txn_006691,retry,payment_link,True
Probability Maximizing,txn_003401,retry,retry,False
Probability Maximizing,txn_000109,retry,retry,False
Probability Maximizing,txn_005636,payment_link,reminder,True
Probability Maximizing,txn_008482,retry,retry,False
Probability Maximizing,txn_006604,payment_link,payment_link,False
Probability Maximizing,txn_001091,retry,payment_link,True
Probability Maximizing,txn_005560,retry,retry,False
Probability Maximizing,txn_009412,retry,retry,False
Probability Maximizing,txn_008143,retry,retry,False
Probability Maximizing,txn_008664,retry,payment_link,True
Probability Maximizing,txn_006596,retry,retry,False
Probability Maximizing,txn_000624,payment_link,payment_link,False
Probability Maximizing,txn_006871,payment_link,payment_link,False
Probability Maximizing,txn_004814,retry,retry,False
Probability Maximizing,txn_006553,retry,reminder,True
Probability Maximizing,txn_007530,retry,payment_link,True
Probability Maximizing,txn_005796,payment_link,payment_link,False
Probability Maximizing,txn_007437,retry,payment_link,True
Probability Maximizing,txn_004218,retry,payment_link,True
Probability Maximizing,txn_005941,retry,retry,False
Probability Maximizing,txn_008501,payment_link,payment_link,False
Probability Maximizing,txn_006429,retry,payment_link,True
Probability Maximizing,txn_006827,payment_link,payment_link,False
Probability Maximizing,txn_004131,payment_link,reminder,True
Probability Maximizing,txn_007802,retry,retry,False
Probability Maximizing,txn_007754,retry,payment_link,True
Probability Maximizing,txn_004722,retry,payment_link,True
Probability Maximizing,txn_001651,retry,retry,False
Probability Maximizing,txn_004141,reminder,reminder,False
Probability Maximizing,txn_001618,reminder,reminder,False
Probability Maximizing,txn_002030,retry,retry,False
Probability Maximizing,txn_008518,reminder,reminder,False
Probability Maximizing,txn_004576,payment_link,payment_link,False
Probability Maximizing,txn_003993,retry,retry,False
Probability Maximizing,txn_007377,retry,retry,False
Probability Maximizing,txn_006150,retry,payment_link,True
Probability Maximizing,txn_004909,retry,retry,False
Probability Maximizing,txn_005027,retry,payment_link,True
Probability Maximizing,txn_008261,payment_link,payment_link,False
Probability Maximizing,txn_004732,payment_link,payment_link,False
Probability Maximizing,txn_007549,payment_link,retry,True
Probability Maximizing,txn_008135,retry,payment_link,True
Probability Maximizing,txn_001607,retry,retry,False
Probability Maximizing,txn_004774,payment_link,payment_link,False
Probability Maximizing,txn_008110,retry,retry,False
Probability Maximizing,txn_006952,reminder,reminder,False
Probability Maximizing,txn_006005,retry,payment_link,True
Probability Maximizing,txn_007729,retry,retry,False
Probability Maximizing,txn_003542,retry,retry,False
Probability Maximizing,txn_000389,retry,payment_link,True
Probability Maximizing,txn_001795,retry,retry,False
Probability Maximizing,txn_008732,retry,payment_link,True
Probability Maximizing,txn_004920,reminder,reminder,False
Probability Maximizing,txn_005538,payment_link,payment_link,False
Probability Maximizing,txn_003873,retry,payment_link,True
Probability Maximizing,txn_008869,retry,payment_link,True
Probability Maximizing,txn_002255,retry,retry,False
Probability Maximizing,txn_003413,reminder,reminder,False
Probability Maximizing,txn_005460,retry,retry,False
Probability Maximizing,txn_004956,retry,retry,False
Probability Maximizing,txn_007397,reminder,reminder,False
Probability Maximizing,txn_005415,retry,retry,False
Probability Maximizing,txn_007400,payment_link,payment_link,False
Probability Maximizing,txn_007415,payment_link,payment_link,False
Probability Maximizing,txn_009101,payment_link,payment_link,False
Probability Maximizing,txn_004852,payment_link,payment_link,False
Probability Maximizing,txn_002026,reminder,reminder,False
Probability Maximizing,txn_002616,reminder,reminder,False
Probability Maximizing,txn_007389,reminder,reminder,False
Probability Maximizing,txn_002927,retry,reminder,True
Probability Maximizing,txn_001122,retry,retry,False
Probability Maximizing,txn_002911,retry,retry,False
Probability Maximizing,txn_008147,payment_link,payment_link,False
Probability Maximizing,txn_007384,retry,payment_link,True
Probability Maximizing,txn_003483,payment_link,payment_link,False
Probability Maximizing,txn_000796,payment_link,payment_link,False
Probability Maximizing,txn_001576,reminder,reminder,False
Probability Maximizing,txn_006177,payment_link,payment_link,False
Probability Maximizing,txn_006267,reminder,reminder,False
Probability Maximizing,txn_002459,payment_link,payment_link,False
Probability Maximizing,txn_003313,payment_link,payment_link,False
Probability Maximizing,txn_001254,payment_link,payment_link,False
Probability Maximizing,txn_006835,retry,payment_link,True
Probability Maximizing,txn_008795,retry,payment_link,True
Probability Maximizing,txn_003838,retry,payment_link,True
Probability Maximizing,txn_004399,retry,retry,False
Probability Maximizing,txn_003596,payment_link,payment_link,False
Probability Maximizing,txn_006622,retry,payment_link,True
Probability Maximizing,txn_008383,payment_link,payment_link,False
Probability Maximizing,txn_002125,retry,retry,False
Probability Maximizing,txn_003239,payment_link,payment_link,False
Probability Maximizing,txn_005404,payment_link,payment_link,False
Probability Maximizing,txn_005999,retry,payment_link,True
Probability Maximizing,txn_005939,payment_link,payment_link,False
Probability Maximizing,txn_002046,retry,retry,False
Probability Maximizing,txn_001579,reminder,reminder,False
Probability Maximizing,txn_000015,reminder,reminder,False
Probability Maximizing,txn_002674,payment_link,payment_link,False
Probability Maximizing,txn_007017,retry,retry,False
Probability Maximizing,txn_008721,reminder,reminder,False
Probability Maximizing,txn_008850,reminder,reminder,False
Probability Maximizing,txn_004813,retry,retry,False
Probability Maximizing,txn_001085,retry,payment_link,True
Probability Maximizing,txn_004984,retry,retry,False
Probability Maximizing,txn_007156,retry,payment_link,True
Probability Maximizing,txn_002885,retry,retry,False
Probability Maximizing,txn_000334,reminder,reminder,False
Probability Maximizing,txn_007205,retry,retry,False
Probability Maximizing,txn_004368,payment_link,payment_link,False
Probability Maximizing,txn_003080,payment_link,payment_link,False
Probability Maximizing,txn_007204,retry,reminder,True
Probability Maximizing,txn_009910,reminder,reminder,False
Probability Maximizing,txn_008865,retry,payment_link,True
Probability Maximizing,txn_000264,reminder,reminder,False
Probability Maximizing,txn_004338,retry,payment_link,True
Probability Maximizing,txn_008896,retry,retry,False
Probability Maximizing,txn_008448,reminder,reminder,False
Probability Maximizing,txn_005904,payment_link,retry,True
Probability Maximizing,txn_001499,retry,retry,False
Probability Maximizing,txn_004191,retry,retry,False
Probability Maximizing,txn_007486,retry,retry,False
Probability Maximizing,txn_009644,reminder,reminder,False
Probability Maximizing,txn_008311,retry,payment_link,True
Probability Maximizing,txn_007591,retry,payment_link,True
Probability Maximizing,txn_000501,retry,payment_link,True
Probability Maximizing,txn_009156,retry,payment_link,True
Probability Maximizing,txn_009415,retry,retry,False
Probability Maximizing,txn_003096,payment_link,payment_link,False
Probability Maximizing,txn_004632,payment_link,payment_link,False
Probability Maximizing,txn_000368,reminder,reminder,False
Probability Maximizing,txn_004059,payment_link,payment_link,False
Probability Maximizing,txn_008175,retry,payment_link,True
Probability Maximizing,txn_004631,retry,reminder,True
Probability Maximizing,txn_006071,retry,payment_link,True
Probability Maximizing,txn_002665,retry,payment_link,True
Probability Maximizing,txn_001027,payment_link,payment_link,False
Probability Maximizing,txn_005909,retry,retry,False
Probability Maximizing,txn_005051,payment_link,payment_link,False
Probability Maximizing,txn_006329,payment_link,payment_link,False
Probability Maximizing,txn_009734,reminder,reminder,False
Probability Maximizing,txn_001692,reminder,reminder,False
Probability Maximizing,txn_000674,retry,retry,False
Probability Maximizing,txn_005573,retry,retry,False
Probability Maximizing,txn_005767,payment_link,payment_link,False
Probability Maximizing,txn_005157,retry,reminder,True
Probability Maximizing,txn_000734,retry,payment_link,True
Probability Maximizing,txn_003527,retry,retry,False
Probability Maximizing,txn_000569,reminder,reminder,False
Probability Maximizing,txn_009188,retry,payment_link,True
Probability Maximizing,txn_002923,retry,payment_link,True
Probability Maximizing,txn_007912,retry,retry,False
Probability Maximizing,txn_001559,payment_link,reminder,True
Probability Maximizing,txn_000102,retry,payment_link,True
Probability Maximizing,txn_003008,reminder,reminder,False
Probability Maximizing,txn_007202,retry,payment_link,True
Probability Maximizing,txn_000304,payment_link,payment_link,False
Probability Maximizing,txn_000077,payment_link,payment_link,False
Probability Maximizing,txn_006755,retry,payment_link,True
Probability Maximizing,txn_008630,retry,retry,False
Probability Maximizing,txn_001209,reminder,reminder,False
Probability Maximizing,txn_007743,payment_link,payment_link,False
Probability Maximizing,txn_008215,retry,retry,False
Probability Maximizing,txn_008945,payment_link,reminder,True
Probability Maximizing,txn_008414,retry,payment_link,True
Probability Maximizing,txn_001776,retry,reminder,True
Probability Maximizing,txn_003474,reminder,reminder,False
Probability Maximizing,txn_000484,retry,retry,False
Probability Maximizing,txn_002190,reminder,reminder,False
Probability Maximizing,txn_000347,payment_link,payment_link,False
Probability Maximizing,txn_005482,payment_link,payment_link,False
Probability Maximizing,txn_008362,retry,retry,False
Probability Maximizing,txn_001473,reminder,reminder,False
Probability Maximizing,txn_005101,payment_link,payment_link,False
Probability Maximizing,txn_006766,payment_link,payment_link,False
Probability Maximizing,txn_008707,retry,payment_link,True
Probability Maximizing,txn_004930,retry,retry,False
Probability Maximizing,txn_006330,retry,payment_link,True
Probability Maximizing,txn_002610,retry,payment_link,True
Probability Maximizing,txn_000004,payment_link,payment_link,False
Probability Maximizing,txn_002214,retry,retry,False
Probability Maximizing,txn_004828,retry,payment_link,True
Probability Maximizing,txn_000857,payment_link,payment_link,False
Probability Maximizing,txn_006978,retry,retry,False
Probability Maximizing,txn_005886,reminder,reminder,False
Probability Maximizing,txn_000625,retry,retry,False
Probability Maximizing,txn_000291,retry,retry,False
Probability Maximizing,txn_002019,reminder,reminder,False
Probability Maximizing,txn_000669,retry,payment_link,True
Probability Maximizing,txn_008922,retry,payment_link,True
Probability Maximizing,txn_008265,payment_link,payment_link,False
Probability Maximizing,txn_009697,payment_link,payment_link,False
Probability Maximizing,txn_001632,payment_link,payment_link,False
Probability Maximizing,txn_005171,reminder,reminder,False
Probability Maximizing,txn_007206,retry,payment_link,True
Probability Maximizing,txn_002523,reminder,reminder,False
Probability Maximizing,txn_002216,payment_link,payment_link,False
Probability Maximizing,txn_006969,retry,payment_link,True
Probability Maximizing,txn_006497,retry,payment_link,True
Probability Maximizing,txn_006214,payment_link,reminder,True
Probability Maximizing,txn_007033,reminder,reminder,False
Probability Maximizing,txn_007421,payment_link,reminder,True
Probability Maximizing,txn_001108,retry,retry,False
Probability Maximizing,txn_000451,reminder,reminder,False
Probability Maximizing,txn_006290,retry,payment_link,True
Probability Maximizing,txn_009967,retry,retry,False
Probability Maximizing,txn_000136,retry,payment_link,True
Probability Maximizing,txn_001786,payment_link,reminder,True
Probability Maximizing,txn_003405,retry,payment_link,True
Probability Maximizing,txn_002907,payment_link,payment_link,False
Probability Maximizing,txn_008305,retry,retry,False
Probability Maximizing,txn_007493,retry,payment_link,True
Probability Maximizing,txn_006101,retry,retry,False
Probability Maximizing,txn_004505,reminder,reminder,False
Probability Maximizing,txn_005054,payment_link,reminder,True
Probability Maximizing,txn_005206,retry,retry,False
Probability Maximizing,txn_004081,retry,reminder,True
Probability Maximizing,txn_006919,payment_link,payment_link,False
Probability Maximizing,txn_006803,payment_link,payment_link,False
Probability Maximizing,txn_005207,payment_link,payment_link,False
Probability Maximizing,txn_000533,payment_link,payment_link,False
Probability Maximizing,txn_004831,retry,payment_link,True
Probability Maximizing,txn_004039,reminder,reminder,False
Probability Maximizing,txn_004085,retry,retry,False
Probability Maximizing,txn_003205,payment_link,payment_link,False
Probability Maximizing,txn_007111,retry,payment_link,True
Probability Maximizing,txn_000331,payment_link,payment_link,False
Probability Maximizing,txn_004958,retry,retry,False
Probability Maximizing,txn_003034,retry,reminder,True
Probability Maximizing,txn_007685,reminder,reminder,False
Probability Maximizing,txn_001598,retry,retry,False
Probability Maximizing,txn_009920,reminder,reminder,False
Probability Maximizing,txn_003598,reminder,reminder,False
Probability Maximizing,txn_009039,retry,payment_link,True
Probability Maximizing,txn_008002,retry,payment_link,True
Probability Maximizing,txn_000591,reminder,reminder,False
Probability Maximizing,txn_000648,payment_link,payment_link,False
Probability Maximizing,txn_009103,retry,payment_link,True
Probability Maximizing,txn_008016,reminder,reminder,False
Probability Maximizing,txn_003772,payment_link,payment_link,False
Probability Maximizing,txn_009040,retry,retry,False
Probability Maximizing,txn_005083,retry,payment_link,True
Probability Maximizing,txn_007883,payment_link,payment_link,False
Probability Maximizing,txn_009363,payment_link,payment_link,False
Probability Maximizing,txn_004211,reminder,reminder,False
Probability Maximizing,txn_008835,payment_link,payment_link,False
Probability Maximizing,txn_008700,payment_link,reminder,True
Probability Maximizing,txn_001796,retry,retry,False
Probability Maximizing,txn_002587,reminder,reminder,False
Probability Maximizing,txn_008356,payment_link,payment_link,False
Probability Maximizing,txn_002317,payment_link,payment_link,False
Probability Maximizing,txn_004186,payment_link,reminder,True
Probability Maximizing,txn_008828,payment_link,reminder,True
Probability Maximizing,txn_007073,retry,payment_link,True
Probability Maximizing,txn_005235,retry,retry,False
Probability Maximizing,txn_008744,retry,payment_link,True
Probability Maximizing,txn_008671,retry,reminder,True
Probability Maximizing,txn_004769,payment_link,reminder,True
Probability Maximizing,txn_009973,reminder,reminder,False
Probability Maximizing,txn_007145,retry,retry,False
Probability Maximizing,txn_002914,payment_link,payment_link,False
Probability Maximizing,txn_009872,retry,retry,False
Probability Maximizing,txn_009894,retry,reminder,True
Probability Maximizing,txn_002076,retry,retry,False
Probability Maximizing,txn_004303,payment_link,reminder,True
Probability Maximizing,txn_005823,payment_link,payment_link,False
Probability Maximizing,txn_002150,reminder,reminder,False
Probability Maximizing,txn_000145,retry,retry,False
Probability Maximizing,txn_004964,retry,payment_link,True
Probability Maximizing,txn_008160,reminder,reminder,False
Probability Maximizing,txn_009031,payment_link,reminder,True
Probability Maximizing,txn_004776,payment_link,payment_link,False
Probability Maximizing,txn_008934,reminder,reminder,False
Probability Maximizing,txn_007750,reminder,reminder,False
Probability Maximizing,txn_009829,reminder,reminder,False
Probability Maximizing,txn_009215,reminder,reminder,False
Probability Maximizing,txn_006061,retry,retry,False
Probability Maximizing,txn_009476,retry,retry,False
Probability Maximizing,txn_006410,payment_link,payment_link,False
Probability Maximizing,txn_003318,payment_link,retry,True
Probability Maximizing,txn_007465,retry,retry,False
Probability Maximizing,txn_003062,payment_link,payment_link,False
Probability Maximizing,txn_001356,retry,payment_link,True
Probability Maximizing,txn_004515,retry,payment_link,True
Probability Maximizing,txn_005506,retry,retry,False
Probability Maximizing,txn_005251,retry,retry,False
Probability Maximizing,txn_004512,retry,payment_link,True
Probability Maximizing,txn_001731,reminder,reminder,False
Probability Maximizing,txn_001759,retry,payment_link,True
Probability Maximizing,txn_006651,payment_link,payment_link,False
Probability Maximizing,txn_006647,retry,payment_link,True
Probability Maximizing,txn_009861,reminder,reminder,False
Probability Maximizing,txn_004140,retry,retry,False
Probability Maximizing,txn_009394,reminder,reminder,False
Probability Maximizing,txn_005124,retry,payment_link,True
Probability Maximizing,txn_000001,retry,payment_link,True
Probability Maximizing,txn_001865,retry,payment_link,True
Probability Maximizing,txn_000544,retry,payment_link,True
Probability Maximizing,txn_000350,retry,retry,False
Probability Maximizing,txn_006907,retry,retry,False
Probability Maximizing,txn_009766,payment_link,payment_link,False
Probability Maximizing,txn_002524,payment_link,payment_link,False
Probability Maximizing,txn_003465,payment_link,payment_link,False
Probability Maximizing,txn_000458,retry,retry,False
Probability Maximizing,txn_003024,retry,reminder,True
Probability Maximizing,txn_007262,retry,payment_link,True
Probability Maximizing,txn_009516,retry,payment_link,True
Probability Maximizing,txn_007873,payment_link,payment_link,False
Probability Maximizing,txn_006626,retry,reminder,True
Probability Maximizing,txn_002535,retry,retry,False
Probability Maximizing,txn_000132,reminder,reminder,False
Probability Maximizing,txn_003705,reminder,reminder,False
Probability Maximizing,txn_001373,retry,payment_link,True
Probability Maximizing,txn_006201,payment_link,payment_link,False
Probability Maximizing,txn_004857,retry,reminder,True
Probability Maximizing,txn_004713,retry,payment_link,True
Probability Maximizing,txn_005545,retry,payment_link,True
Probability Maximizing,txn_001414,retry,retry,False
Probability Maximizing,txn_004114,reminder,reminder,False
Probability Maximizing,txn_000656,retry,payment_link,True
Probability Maximizing,txn_008138,retry,retry,False
Probability Maximizing,txn_004099,retry,retry,False
Probability Maximizing,txn_000593,reminder,reminder,False
Probability Maximizing,txn_008709,retry,retry,False
Probability Maximizing,txn_003124,retry,retry,False
Probability Maximizing,txn_003048,retry,payment_link,True
Probability Maximizing,txn_003888,retry,payment_link,True
Probability Maximizing,txn_005736,payment_link,payment_link,False
Probability Maximizing,txn_002185,retry,payment_link,True
Probability Maximizing,txn_002146,reminder,reminder,False
Probability Maximizing,txn_007048,payment_link,payment_link,False
Probability Maximizing,txn_003106,retry,reminder,True
Probability Maximizing,txn_009234,retry,payment_link,True
Probability Maximizing,txn_009097,retry,payment_link,True
Probability Maximizing,txn_002770,retry,payment_link,True
Probability Maximizing,txn_005222,payment_link,reminder,True
Probability Maximizing,txn_005834,retry,payment_link,True
Probability Maximizing,txn_001733,retry,payment_link,True
Probability Maximizing,txn_000266,retry,retry,False
Probability Maximizing,txn_005145,retry,retry,False
Probability Maximizing,txn_008268,retry,retry,False
Probability Maximizing,txn_003938,retry,retry,False
Probability Maximizing,txn_000762,retry,retry,False
Probability Maximizing,txn_007221,retry,reminder,True
Probability Maximizing,txn_008440,retry,retry,False
Probability Maximizing,txn_003258,payment_link,payment_link,False
Probability Maximizing,txn_004339,retry,retry,False
Probability Maximizing,txn_004363,retry,payment_link,True
Probability Maximizing,txn_000317,retry,retry,False
Probability Maximizing,txn_008070,retry,retry,False
Probability Maximizing,txn_001852,reminder,reminder,False
Probability Maximizing,txn_002485,retry,retry,False
Probability Maximizing,txn_009874,payment_link,payment_link,False
Probability Maximizing,txn_009575,retry,retry,False
Probability Maximizing,txn_001079,retry,payment_link,True
Probability Maximizing,txn_008359,payment_link,payment_link,False
Probability Maximizing,txn_007334,retry,payment_link,True
Probability Maximizing,txn_001072,retry,retry,False
Probability Maximizing,txn_000104,retry,retry,False
Probability Maximizing,txn_005749,retry,retry,False
Probability Maximizing,txn_001419,retry,retry,False
Probability Maximizing,txn_001659,retry,reminder,True
Probability Maximizing,txn_005285,retry,retry,False
Probability Maximizing,txn_001150,retry,retry,False
Probability Maximizing,txn_007151,reminder,reminder,False
Probability Maximizing,txn_001569,retry,reminder,True
Probability Maximizing,txn_001088,reminder,reminder,False
Probability Maximizing,txn_006086,retry,reminder,True
Probability Maximizing,txn_008675,reminder,reminder,False
Probability Maximizing,txn_008342,retry,retry,False
Probability Maximizing,txn_007812,retry,payment_link,True
Probability Maximizing,txn_006085,retry,payment_link,True
Probability Maximizing,txn_008774,retry,retry,False
Probability Maximizing,txn_008758,retry,payment_link,True
Probability Maximizing,txn_001693,reminder,reminder,False
Probability Maximizing,txn_004735,payment_link,payment_link,False
Probability Maximizing,txn_003388,retry,retry,False
Probability Maximizing,txn_003647,retry,payment_link,True
Probability Maximizing,txn_001684,payment_link,payment_link,False
Probability Maximizing,txn_000009,retry,payment_link,True
Probability Maximizing,txn_006063,reminder,reminder,False
Probability Maximizing,txn_006517,retry,payment_link,True
Probability Maximizing,txn_004124,retry,reminder,True
Probability Maximizing,txn_008730,reminder,reminder,False
Probability Maximizing,txn_006046,retry,payment_link,True
Probability Maximizing,txn_000568,retry,retry,False
Probability Maximizing,txn_009162,payment_link,payment_link,False
Probability Maximizing,txn_001804,reminder,reminder,False
Probability Maximizing,txn_008502,retry,payment_link,True
Probability Maximizing,txn_004901,payment_link,payment_link,False
Probability Maximizing,txn_001600,retry,payment_link,True
Probability Maximizing,txn_007932,retry,retry,False
Probability Maximizing,txn_009548,payment_link,payment_link,False
Probability Maximizing,txn_002824,reminder,reminder,False
Probability Maximizing,txn_005468,payment_link,reminder,True
Probability Maximizing,txn_003530,retry,retry,False
Probability Maximizing,txn_008684,reminder,reminder,False
Probability Maximizing,txn_001156,payment_link,payment_link,False
Probability Maximizing,txn_006548,retry,reminder,True
Probability Maximizing,txn_009089,retry,payment_link,True
Probability Maximizing,txn_007621,retry,payment_link,True
Probability Maximizing,txn_008297,retry,retry,False
Probability Maximizing,txn_004541,payment_link,payment_link,False
Probability Maximizing,txn_009135,reminder,reminder,False
Probability Maximizing,txn_006483,reminder,reminder,False
Probability Maximizing,txn_005827,reminder,reminder,False
Probability Maximizing,txn_001191,payment_link,payment_link,False
Probability Maximizing,txn_007445,retry,retry,False
Probability Maximizing,txn_008521,retry,payment_link,True
Probability Maximizing,txn_000961,retry,payment_link,True
Probability Maximizing,txn_007455,retry,payment_link,True
Probability Maximizing,txn_000037,retry,retry,False
Probability Maximizing,txn_007517,retry,retry,False
Probability Maximizing,txn_007645,retry,retry,False
Probability Maximizing,txn_004439,reminder,reminder,False
Probability Maximizing,txn_006162,retry,payment_link,True
Probability Maximizing,txn_007745,reminder,reminder,False
Probability Maximizing,txn_009588,retry,retry,False
Probability Maximizing,txn_008120,retry,retry,False
Probability Maximizing,txn_006968,retry,payment_link,True
Probability Maximizing,txn_005719,retry,payment_link,True
Probability Maximizing,txn_000578,retry,reminder,True
Probability Maximizing,txn_009834,payment_link,payment_link,False
Probability Maximizing,txn_004103,retry,payment_link,True
Probability Maximizing,txn_007647,retry,retry,False
Probability Maximizing,txn_004152,retry,reminder,True
Probability Maximizing,txn_003131,retry,payment_link,True
Probability Maximizing,txn_004891,reminder,reminder,False
Probability Maximizing,txn_009976,retry,payment_link,True
Probability Maximizing,txn_007472,retry,retry,False
Probability Maximizing,txn_001834,payment_link,payment_link,False
Probability Maximizing,txn_009149,retry,payment_link,True
Probability Maximizing,txn_004892,retry,retry,False
Probability Maximizing,txn_002288,payment_link,reminder,True
Probability Maximizing,txn_001331,payment_link,reminder,True
Probability Maximizing,txn_002772,retry,payment_link,True
Probability Maximizing,txn_003687,retry,payment_link,True
Probability Maximizing,txn_008284,payment_link,payment_link,False
Probability Maximizing,txn_005929,retry,payment_link,True
Probability Maximizing,txn_000638,reminder,reminder,False
Probability Maximizing,txn_000048,retry,retry,False
Probability Maximizing,txn_002603,reminder,reminder,False
Probability Maximizing,txn_001966,retry,payment_link,True
Probability Maximizing,txn_002169,retry,reminder,True
Probability Maximizing,txn_005050,retry,retry,False
Probability Maximizing,txn_003335,retry,retry,False
Probability Maximizing,txn_003020,reminder,reminder,False
Probability Maximizing,txn_008765,retry,retry,False
Probability Maximizing,txn_009177,retry,payment_link,True
Probability Maximizing,txn_001361,retry,retry,False
Probability Maximizing,txn_005799,retry,retry,False
Probability Maximizing,txn_009401,retry,payment_link,True
Probability Maximizing,txn_003252,reminder,reminder,False
Probability Maximizing,txn_006301,retry,payment_link,True
Probability Maximizing,txn_002252,payment_link,payment_link,False
Probability Maximizing,txn_006028,reminder,reminder,False
Probability Maximizing,txn_001176,payment_link,payment_link,False
Probability Maximizing,txn_008800,retry,retry,False
Probability Maximizing,txn_003280,payment_link,reminder,True
Probability Maximizing,txn_002974,reminder,reminder,False
Probability Maximizing,txn_003397,retry,retry,False
Probability Maximizing,txn_006940,payment_link,payment_link,False
Probability Maximizing,txn_000966,retry,payment_link,True
Probability Maximizing,txn_008575,retry,payment_link,True
Probability Maximizing,txn_000743,retry,payment_link,True
Probability Maximizing,txn_007515,reminder,reminder,False
Probability Maximizing,txn_003315,retry,payment_link,True
Probability Maximizing,txn_004899,payment_link,payment_link,False
Probability Maximizing,txn_009341,reminder,reminder,False
Probability Maximizing,txn_004673,payment_link,reminder,True
Probability Maximizing,txn_008619,reminder,reminder,False
Probability Maximizing,txn_001218,retry,reminder,True
Probability Maximizing,txn_004398,retry,payment_link,True
Probability Maximizing,txn_006081,payment_link,reminder,True
Probability Maximizing,txn_002615,retry,retry,False
Probability Maximizing,txn_002621,retry,payment_link,True
Probability Maximizing,txn_008715,retry,reminder,True
Probability Maximizing,txn_007283,retry,retry,False
Probability Maximizing,txn_003380,retry,retry,False
Probability Maximizing,txn_007302,retry,retry,False
Probability Maximizing,txn_009858,retry,payment_link,True
Probability Maximizing,txn_005606,payment_link,payment_link,False
Probability Maximizing,txn_009814,retry,payment_link,True
Probability Maximizing,txn_005787,reminder,reminder,False
Probability Maximizing,txn_008519,retry,retry,False
Probability Maximizing,txn_006851,retry,payment_link,True
Probability Maximizing,txn_001517,retry,retry,False
Probability Maximizing,txn_005099,payment_link,payment_link,False
Probability Maximizing,txn_007637,retry,payment_link,True
Probability Maximizing,txn_009086,reminder,reminder,False
Probability Maximizing,txn_008024,retry,retry,False
Probability Maximizing,txn_002393,retry,retry,False
Probability Maximizing,txn_000587,retry,payment_link,True
Probability Maximizing,txn_003520,retry,payment_link,True
Probability Maximizing,txn_007654,retry,retry,False
Probability Maximizing,txn_008947,payment_link,reminder,True
Probability Maximizing,txn_000851,retry,retry,False
Probability Maximizing,txn_000336,retry,payment_link,True
Probability Maximizing,txn_006635,retry,retry,False
Probability Maximizing,txn_008973,payment_link,payment_link,False
Probability Maximizing,txn_007494,reminder,reminder,False
Probability Maximizing,txn_002869,retry,payment_link,True
Probability Maximizing,txn_004873,retry,reminder,True
Probability Maximizing,txn_003551,retry,retry,False
Probability Maximizing,txn_003843,retry,reminder,True
Probability Maximizing,txn_007263,payment_link,reminder,True
Probability Maximizing,txn_005825,retry,retry,False
Probability Maximizing,txn_000024,retry,retry,False
Probability Maximizing,txn_001454,reminder,reminder,False
Probability Maximizing,txn_001685,reminder,reminder,False
Probability Maximizing,txn_002311,retry,payment_link,True
Probability Maximizing,txn_009064,retry,retry,False
Probability Maximizing,txn_009407,payment_link,reminder,True
Probability Maximizing,txn_000382,retry,retry,False
Probability Maximizing,txn_005815,retry,payment_link,True
Probability Maximizing,txn_005551,payment_link,reminder,True
Probability Maximizing,txn_009309,payment_link,payment_link,False
Probability Maximizing,txn_001619,retry,retry,False
Probability Maximizing,txn_000790,retry,payment_link,True
Probability Maximizing,txn_005984,retry,payment_link,True
Probability Maximizing,txn_008673,retry,retry,False
Probability Maximizing,txn_004476,retry,retry,False
Probability Maximizing,txn_005607,retry,retry,False
Probability Maximizing,txn_009313,payment_link,payment_link,False
Probability Maximizing,txn_005649,retry,payment_link,True
Probability Maximizing,txn_006217,reminder,reminder,False
Probability Maximizing,txn_002287,retry,payment_link,True
Probability Maximizing,txn_009994,payment_link,payment_link,False
Probability Maximizing,txn_007579,reminder,reminder,False
Probability Maximizing,txn_001184,retry,reminder,True
Probability Maximizing,txn_006002,retry,retry,False
Probability Maximizing,txn_005091,payment_link,payment_link,False
Probability Maximizing,txn_002517,retry,payment_link,True
Probability Maximizing,txn_004123,retry,payment_link,True
Probability Maximizing,txn_005522,retry,retry,False
Probability Maximizing,txn_005628,reminder,reminder,False
Probability Maximizing,txn_008361,reminder,reminder,False
Probability Maximizing,txn_005873,reminder,reminder,False
Probability Maximizing,txn_008613,retry,payment_link,True
Probability Maximizing,txn_007728,reminder,reminder,False
Probability Maximizing,txn_005969,retry,retry,False
Probability Maximizing,txn_001181,retry,payment_link,True
Probability Maximizing,txn_008763,retry,payment_link,True
Probability Maximizing,txn_008236,payment_link,payment_link,False
Probability Maximizing,txn_002819,retry,payment_link,True
Probability Maximizing,txn_009965,payment_link,payment_link,False
Probability Maximizing,txn_008704,payment_link,payment_link,False
Probability Maximizing,txn_006609,payment_link,payment_link,False
Probability Maximizing,txn_002821,retry,retry,False
Probability Maximizing,txn_007536,retry,retry,False
Probability Maximizing,txn_002261,reminder,reminder,False
Probability Maximizing,txn_002240,reminder,reminder,False
Probability Maximizing,txn_006022,payment_link,payment_link,False
Probability Maximizing,txn_000783,payment_link,payment_link,False
Probability Maximizing,txn_000933,retry,payment_link,True
Probability Maximizing,txn_006203,retry,retry,False
Probability Maximizing,txn_002413,payment_link,payment_link,False
Probability Maximizing,txn_006998,retry,payment_link,True
Probability Maximizing,txn_009116,payment_link,payment_link,False
Probability Maximizing,txn_001157,retry,payment_link,True
Probability Maximizing,txn_008108,retry,retry,False
Probability Maximizing,txn_005806,payment_link,payment_link,False
Probability Maximizing,txn_004880,reminder,reminder,False
Probability Maximizing,txn_003310,payment_link,payment_link,False
Probability Maximizing,txn_008962,retry,retry,False
Probability Maximizing,txn_001703,retry,payment_link,True
Probability Maximizing,txn_002493,retry,reminder,True
Probability Maximizing,txn_003707,payment_link,payment_link,False
Probability Maximizing,txn_008277,payment_link,payment_link,False
Probability Maximizing,txn_000287,retry,payment_link,True
Probability Maximizing,txn_001609,payment_link,payment_link,False
Probability Maximizing,txn_006632,retry,payment_link,True
Probability Maximizing,txn_008279,retry,reminder,True
Probability Maximizing,txn_007316,retry,retry,False
Probability Maximizing,txn_002253,retry,payment_link,True
Probability Maximizing,txn_007416,payment_link,payment_link,False
Probability Maximizing,txn_008366,payment_link,payment_link,False
Probability Maximizing,txn_001892,retry,reminder,True
Probability Maximizing,txn_005063,payment_link,reminder,True
Probability Maximizing,txn_006121,payment_link,payment_link,False
Probability Maximizing,txn_000564,retry,reminder,True
Probability Maximizing,txn_000292,payment_link,payment_link,False
Probability Maximizing,txn_004717,reminder,reminder,False
Probability Maximizing,txn_007709,payment_link,payment_link,False
Probability Maximizing,txn_006350,payment_link,payment_link,False
Probability Maximizing,txn_000170,payment_link,payment_link,False
Probability Maximizing,txn_000268,retry,retry,False
Probability Maximizing,txn_004639,retry,retry,False
Probability Maximizing,txn_007078,retry,payment_link,True
Probability Maximizing,txn_003356,reminder,reminder,False
Probability Maximizing,txn_008280,retry,retry,False
Probability Maximizing,txn_000316,retry,reminder,True
Probability Maximizing,txn_006729,retry,payment_link,True
Probability Maximizing,txn_009496,payment_link,payment_link,False
Probability Maximizing,txn_004068,reminder,reminder,False
Probability Maximizing,txn_000246,payment_link,payment_link,False
Probability Maximizing,txn_000253,retry,retry,False
Probability Maximizing,txn_001112,payment_link,payment_link,False
Probability Maximizing,txn_004802,retry,payment_link,True
Probability Maximizing,txn_001714,retry,reminder,True
Probability Maximizing,txn_000051,reminder,reminder,False
Probability Maximizing,txn_001836,reminder,reminder,False
Probability Maximizing,txn_007897,reminder,reminder,False
Probability Maximizing,txn_003384,reminder,reminder,False
Probability Maximizing,txn_006411,payment_link,payment_link,False
Probability Maximizing,txn_004314,reminder,reminder,False
Probability Maximizing,txn_000873,retry,retry,False
Probability Maximizing,txn_001255,payment_link,payment_link,False
Probability Maximizing,txn_008882,payment_link,payment_link,False
Probability Maximizing,txn_005852,retry,retry,False
Probability Maximizing,txn_005703,payment_link,payment_link,False
Probability Maximizing,txn_008104,retry,payment_link,True
Probability Maximizing,txn_002099,retry,retry,False
Probability Maximizing,txn_005129,retry,payment_link,True
Probability Maximizing,txn_000249,retry,retry,False
Probability Maximizing,txn_006562,retry,payment_link,True
Probability Maximizing,txn_001340,payment_link,payment_link,False
Probability Maximizing,txn_007018,retry,payment_link,True
Probability Maximizing,txn_002111,retry,retry,False
Probability Maximizing,txn_001570,payment_link,payment_link,False
Probability Maximizing,txn_001727,reminder,reminder,False
Probability Maximizing,txn_008385,retry,retry,False
Probability Maximizing,txn_006941,retry,retry,False
Probability Maximizing,txn_004396,retry,retry,False
Probability Maximizing,txn_002421,retry,reminder,True
Probability Maximizing,txn_003046,retry,payment_link,True
Probability Maximizing,txn_005504,retry,retry,False
Probability Maximizing,txn_003704,payment_link,reminder,True
Probability Maximizing,txn_008192,reminder,reminder,False
Probability Maximizing,txn_005332,payment_link,payment_link,False
Probability Maximizing,txn_009809,payment_link,payment_link,False
Probability Maximizing,txn_000448,retry,retry,False
Probability Maximizing,txn_007895,retry,payment_link,True
Probability Maximizing,txn_008729,reminder,reminder,False
Probability Maximizing,txn_007829,retry,retry,False
Probability Maximizing,txn_001769,retry,payment_link,True
Probability Maximizing,txn_006809,payment_link,reminder,True
Probability Maximizing,txn_004705,reminder,reminder,False
Probability Maximizing,txn_003870,payment_link,payment_link,False
Probability Maximizing,txn_001656,reminder,reminder,False
Probability Maximizing,txn_003188,payment_link,payment_link,False
Probability Maximizing,txn_000684,payment_link,retry,True
Probability Maximizing,txn_004171,retry,payment_link,True
Probability Maximizing,txn_004478,reminder,reminder,False
Probability Maximizing,txn_000462,retry,payment_link,True
Probability Maximizing,txn_005765,reminder,reminder,False
Probability Maximizing,txn_007523,payment_link,payment_link,False
Probability Maximizing,txn_004503,reminder,reminder,False
Probability Maximizing,txn_009710,reminder,reminder,False
Probability Maximizing,txn_000319,retry,payment_link,True
Probability Maximizing,txn_001146,retry,retry,False
Probability Maximizing,txn_005095,retry,payment_link,True
Probability Maximizing,txn_001394,retry,retry,False
Probability Maximizing,txn_006624,retry,payment_link,True
Probability Maximizing,txn_001502,retry,retry,False
Probability Maximizing,txn_006409,retry,payment_link,True
Probability Maximizing,txn_000377,reminder,reminder,False
Probability Maximizing,txn_000411,retry,retry,False
Probability Maximizing,txn_001661,payment_link,payment_link,False
Probability Maximizing,txn_003152,retry,retry,False
Probability Maximizing,txn_001624,retry,payment_link,True
Probability Maximizing,txn_005610,retry,payment_link,True
Probability Maximizing,txn_008533,payment_link,payment_link,False
Probability Maximizing,txn_005803,payment_link,payment_link,False
Probability Maximizing,txn_005307,reminder,reminder,False
Probability Maximizing,txn_007087,retry,retry,False
Probability Maximizing,txn_008898,retry,retry,False
Probability Maximizing,txn_007489,payment_link,payment_link,False
Probability Maximizing,txn_009616,retry,payment_link,True
Probability Maximizing,txn_009218,retry,retry,False
Probability Maximizing,txn_001673,retry,retry,False
Probability Maximizing,txn_002359,retry,retry,False
Probability Maximizing,txn_008468,reminder,reminder,False
Probability Maximizing,txn_000275,retry,retry,False
Probability Maximizing,txn_002474,reminder,reminder,False
Probability Maximizing,txn_005490,payment_link,payment_link,False
Probability Maximizing,txn_004772,payment_link,reminder,True
Probability Maximizing,txn_002108,payment_link,reminder,True
Probability Maximizing,txn_007501,retry,retry,False
Probability Maximizing,txn_004415,retry,payment_link,True
Probability Maximizing,txn_008139,retry,payment_link,True
Probability Maximizing,txn_008661,retry,payment_link,True
Probability Maximizing,txn_008240,retry,retry,False
Probability Maximizing,txn_002418,retry,retry,False
Probability Maximizing,txn_008772,payment_link,payment_link,False
Probability Maximizing,txn_002237,retry,payment_link,True
Probability Maximizing,txn_003768,reminder,reminder,False
Probability Maximizing,txn_009792,reminder,reminder,False
Probability Maximizing,txn_009990,payment_link,payment_link,False
Probability Maximizing,txn_009966,payment_link,payment_link,False
Probability Maximizing,txn_007324,retry,payment_link,True
Probability Maximizing,txn_001384,retry,payment_link,True
Probability Maximizing,txn_003102,reminder,reminder,False
Probability Maximizing,txn_003922,reminder,reminder,False
Probability Maximizing,txn_006686,retry,retry,False
Probability Maximizing,txn_003195,retry,payment_link,True
Probability Maximizing,txn_001942,retry,retry,False
Probability Maximizing,txn_007714,reminder,reminder,False
Probability Maximizing,txn_004897,retry,payment_link,True
Probability Maximizing,txn_004783,payment_link,payment_link,False
Probability Maximizing,txn_001497,reminder,reminder,False
Probability Maximizing,txn_001958,retry,reminder,True
Probability Maximizing,txn_009172,reminder,reminder,False
Probability Maximizing,txn_009746,retry,reminder,True
Probability Maximizing,txn_007333,retry,retry,False
Probability Maximizing,txn_007950,reminder,reminder,False
Probability Maximizing,txn_003018,payment_link,payment_link,False
Probability Maximizing,txn_006747,retry,retry,False
Probability Maximizing,txn_000514,reminder,reminder,False
Probability Maximizing,txn_003935,reminder,reminder,False
Probability Maximizing,txn_003026,retry,reminder,True
Probability Maximizing,txn_001200,retry,retry,False
Probability Maximizing,txn_005029,retry,payment_link,True
Probability Maximizing,txn_009785,reminder,reminder,False
Probability Maximizing,txn_000922,reminder,reminder,False
Probability Maximizing,txn_004650,retry,payment_link,True
Probability Maximizing,txn_005333,payment_link,reminder,True
Probability Maximizing,txn_001077,retry,retry,False
Probability Maximizing,txn_006769,reminder,reminder,False
Probability Maximizing,txn_009411,retry,retry,False
Probability Maximizing,txn_001672,payment_link,payment_link,False
Probability Maximizing,txn_000475,payment_link,payment_link,False
Probability Maximizing,txn_009187,payment_link,payment_link,False
Probability Maximizing,txn_008840,retry,reminder,True
Probability Maximizing,txn_005759,reminder,reminder,False
Probability Maximizing,txn_006298,retry,retry,False
Probability Maximizing,txn_002479,retry,retry,False
Probability Maximizing,txn_005494,retry,retry,False
Probability Maximizing,txn_003915,retry,retry,False
Probability Maximizing,txn_002139,retry,payment_link,True
Probability Maximizing,txn_005455,reminder,reminder,False
Probability Maximizing,txn_005380,reminder,reminder,False
Probability Maximizing,txn_008986,retry,payment_link,True
Probability Maximizing,txn_004024,retry,payment_link,True
Probability Maximizing,txn_003486,retry,payment_link,True
Probability Maximizing,txn_002456,payment_link,payment_link,False
Probability Maximizing,txn_002465,retry,reminder,True
Probability Maximizing,txn_008697,retry,retry,False
Probability Maximizing,txn_001370,payment_link,payment_link,False
Probability Maximizing,txn_006689,retry,retry,False
Probability Maximizing,txn_007457,retry,payment_link,True
Probability Maximizing,txn_009975,payment_link,payment_link,False
Probability Maximizing,txn_001902,retry,payment_link,True
Probability Maximizing,txn_004872,payment_link,payment_link,False
Probability Maximizing,txn_004711,retry,payment_link,True
Probability Maximizing,txn_007887,payment_link,payment_link,False
Probability Maximizing,txn_001794,reminder,reminder,False
Probability Maximizing,txn_002875,retry,retry,False
Probability Maximizing,txn_006218,payment_link,payment_link,False
Probability Maximizing,txn_005214,retry,retry,False
Probability Maximizing,txn_002246,retry,payment_link,True
Probability Maximizing,txn_001742,retry,retry,False
Probability Maximizing,txn_001021,payment_link,payment_link,False
Probability Maximizing,txn_000706,payment_link,payment_link,False
Probability Maximizing,txn_004295,reminder,reminder,False
Probability Maximizing,txn_005577,retry,payment_link,True
Probability Maximizing,txn_007167,payment_link,payment_link,False
Probability Maximizing,txn_008178,retry,payment_link,True
Probability Maximizing,txn_000909,retry,retry,False
Probability Maximizing,txn_005194,reminder,reminder,False
Probability Maximizing,txn_003078,reminder,reminder,False
Probability Maximizing,txn_009367,retry,retry,False
Probability Maximizing,txn_000595,retry,retry,False
Probability Maximizing,txn_005305,payment_link,payment_link,False
Probability Maximizing,txn_000441,retry,reminder,True
Probability Maximizing,txn_007607,reminder,reminder,False
Probability Maximizing,txn_004093,retry,retry,False
Probability Maximizing,txn_006135,payment_link,payment_link,False
Probability Maximizing,txn_000011,retry,retry,False
Probability Maximizing,txn_003777,retry,payment_link,True
Probability Maximizing,txn_009000,retry,retry,False
Probability Maximizing,txn_003709,payment_link,reminder,True
Probability Maximizing,txn_003781,payment_link,payment_link,False
Probability Maximizing,txn_000094,reminder,reminder,False
Probability Maximizing,txn_009240,reminder,reminder,False
Probability Maximizing,txn_003950,retry,payment_link,True
Probability Maximizing,txn_005786,retry,reminder,True
Probability Maximizing,txn_004871,retry,retry,False
Probability Maximizing,txn_004803,retry,payment_link,True
Probability Maximizing,txn_004868,retry,retry,False
Probability Maximizing,txn_000293,payment_link,payment_link,False
Probability Maximizing,txn_007889,retry,payment_link,True
Probability Maximizing,txn_007406,retry,reminder,True
Probability Maximizing,txn_005596,payment_link,payment_link,False
Probability Maximizing,txn_002887,reminder,reminder,False
Probability Maximizing,txn_006455,payment_link,payment_link,False
Probability Maximizing,txn_002543,retry,reminder,True
Probability Maximizing,txn_001766,reminder,reminder,False
Probability Maximizing,txn_006801,reminder,reminder,False
Probability Maximizing,txn_001878,reminder,reminder,False
Probability Maximizing,txn_001982,payment_link,payment_link,False
Probability Maximizing,txn_009730,retry,retry,False
Probability Maximizing,txn_009609,retry,retry,False
Probability Maximizing,txn_002686,reminder,reminder,False
Probability Maximizing,txn_008931,retry,retry,False
Probability Maximizing,txn_003459,reminder,reminder,False
Probability Maximizing,txn_004542,retry,payment_link,True
Probability Maximizing,txn_002179,retry,payment_link,True
Probability Maximizing,txn_004451,retry,reminder,True
Probability Maximizing,txn_003860,payment_link,payment_link,False
Probability Maximizing,txn_007624,retry,retry,False
Probability Maximizing,txn_007655,reminder,reminder,False
Probability Maximizing,txn_004520,reminder,reminder,False
Probability Maximizing,txn_002518,retry,payment_link,True
Probability Maximizing,txn_004837,retry,retry,False
Probability Maximizing,txn_002886,retry,retry,False
Probability Maximizing,txn_007282,retry,retry,False
Probability Maximizing,txn_006256,retry,retry,False
Probability Maximizing,txn_004540,retry,payment_link,True
Probability Maximizing,txn_005640,retry,retry,False
Probability Maximizing,txn_009460,retry,retry,False
Probability Maximizing,txn_003482,reminder,reminder,False
Probability Maximizing,txn_001278,reminder,reminder,False
Probability Maximizing,txn_003147,payment_link,payment_link,False
Probability Maximizing,txn_008263,payment_link,payment_link,False
Probability Maximizing,txn_003206,reminder,reminder,False
Probability Maximizing,txn_009893,retry,payment_link,True
Probability Maximizing,txn_002743,retry,retry,False
Probability Maximizing,txn_006077,retry,reminder,True
Probability Maximizing,txn_004048,retry,payment_link,True
Probability Maximizing,txn_005732,payment_link,payment_link,False
Probability Maximizing,txn_002946,retry,payment_link,True
Probability Maximizing,txn_005791,retry,retry,False
Probability Maximizing,txn_006795,retry,retry,False
Probability Maximizing,txn_006544,reminder,reminder,False
Probability Maximizing,txn_000701,payment_link,payment_link,False
Probability Maximizing,txn_003575,retry,payment_link,True
Probability Maximizing,txn_007700,retry,retry,False
Probability Maximizing,txn_002516,reminder,reminder,False
Probability Maximizing,txn_003001,payment_link,payment_link,False
Probability Maximizing,txn_005821,payment_link,payment_link,False
Probability Maximizing,txn_008582,retry,retry,False
Probability Maximizing,txn_003685,payment_link,payment_link,False
Probability Maximizing,txn_002996,reminder,reminder,False
Probability Maximizing,txn_004253,reminder,reminder,False
Probability Maximizing,txn_003412,retry,retry,False
Probability Maximizing,txn_007963,payment_link,payment_link,False
Probability Maximizing,txn_006310,retry,retry,False
Probability Maximizing,txn_008612,retry,payment_link,True
Probability Maximizing,txn_005013,retry,reminder,True
Probability Maximizing,txn_007751,retry,retry,False
Probability Maximizing,txn_005980,retry,retry,False
Probability Maximizing,txn_004049,payment_link,payment_link,False
Probability Maximizing,txn_004900,reminder,reminder,False
Probability Maximizing,txn_001319,retry,reminder,True
Probability Maximizing,txn_009773,retry,retry,False
Probability Maximizing,txn_009138,payment_link,payment_link,False
Probability Maximizing,txn_007143,payment_link,payment_link,False
Probability Maximizing,txn_001898,retry,payment_link,True
Probability Maximizing,txn_007466,retry,retry,False
Probability Maximizing,txn_000604,retry,retry,False
Probability Maximizing,txn_002847,retry,retry,False
Probability Maximizing,txn_008208,payment_link,payment_link,False
Probability Maximizing,txn_000394,retry,retry,False
Probability Maximizing,txn_004437,payment_link,payment_link,False
Probability Maximizing,txn_009448,retry,reminder,True
Probability Maximizing,txn_007235,retry,retry,False
Probability Maximizing,txn_005399,retry,retry,False
Probability Maximizing,txn_000096,retry,payment_link,True
Probability Maximizing,txn_001663,reminder,reminder,False
Probability Maximizing,txn_008971,retry,payment_link,True
Probability Maximizing,txn_005131,payment_link,payment_link,False
Probability Maximizing,txn_001489,retry,retry,False
Probability Maximizing,txn_008317,retry,payment_link,True
Probability Maximizing,txn_002708,reminder,reminder,False
Probability Maximizing,txn_001596,payment_link,reminder,True
Probability Maximizing,txn_009278,retry,retry,False
Probability Maximizing,txn_002378,retry,payment_link,True
Probability Maximizing,txn_005141,reminder,reminder,False
Probability Maximizing,txn_006148,retry,retry,False
Probability Maximizing,txn_008242,reminder,reminder,False
Probability Maximizing,txn_003949,retry,payment_link,True
Probability Maximizing,txn_003934,retry,payment_link,True
Probability Maximizing,txn_004798,retry,retry,False
Probability Maximizing,txn_004373,reminder,reminder,False
Probability Maximizing,txn_009863,retry,retry,False
Probability Maximizing,txn_008243,reminder,reminder,False
Probability Maximizing,txn_003449,reminder,reminder,False
Probability Maximizing,txn_002944,retry,payment_link,True
Probability Maximizing,txn_002466,retry,payment_link,True
Probability Maximizing,txn_008583,retry,retry,False
Probability Maximizing,txn_005507,retry,retry,False
Probability Maximizing,txn_002699,payment_link,payment_link,False
Probability Maximizing,txn_002448,payment_link,payment_link,False
Probability Maximizing,txn_000020,retry,reminder,True
Probability Maximizing,txn_002749,retry,payment_link,True
Probability Maximizing,txn_005400,retry,payment_link,True
Probability Maximizing,txn_008079,payment_link,payment_link,False
Probability Maximizing,txn_006872,retry,retry,False
Probability Maximizing,txn_004709,retry,payment_link,True
Probability Maximizing,txn_009477,reminder,reminder,False
Probability Maximizing,txn_000810,retry,retry,False
Probability Maximizing,txn_007478,payment_link,payment_link,False
Probability Maximizing,txn_002274,payment_link,payment_link,False
Probability Maximizing,txn_001924,retry,retry,False
Probability Maximizing,txn_001471,retry,payment_link,True
Probability Maximizing,txn_007935,payment_link,reminder,True
Probability Maximizing,txn_007408,reminder,reminder,False
Probability Maximizing,txn_002407,reminder,reminder,False
Probability Maximizing,txn_001143,retry,payment_link,True
Probability Maximizing,txn_001748,retry,payment_link,True
Probability Maximizing,txn_005710,retry,retry,False
Probability Maximizing,txn_004976,payment_link,payment_link,False
Probability Maximizing,txn_007301,payment_link,payment_link,False
Probability Maximizing,txn_008149,retry,payment_link,True
Probability Maximizing,txn_002834,reminder,reminder,False
Probability Maximizing,txn_003132,retry,payment_link,True
Probability Maximizing,txn_001311,retry,retry,False
Probability Maximizing,txn_008651,retry,retry,False
Probability Maximizing,txn_006775,retry,retry,False
Probability Maximizing,txn_006757,retry,retry,False
Probability Maximizing,txn_000621,retry,reminder,True
Probability Maximizing,txn_002702,retry,payment_link,True
Probability Maximizing,txn_002200,payment_link,payment_link,False
Probability Maximizing,txn_006197,payment_link,payment_link,False
Probability Maximizing,txn_008825,retry,reminder,True
Probability Maximizing,txn_001047,payment_link,payment_link,False
Probability Maximizing,txn_005769,reminder,reminder,False
Probability Maximizing,txn_009948,retry,payment_link,True
Probability Maximizing,txn_009020,payment_link,payment_link,False
Probability Maximizing,txn_000744,retry,retry,False
Probability Maximizing,txn_000223,retry,payment_link,True
Probability Maximizing,txn_003150,payment_link,payment_link,False
Probability Maximizing,txn_000626,retry,payment_link,True
Probability Maximizing,txn_009335,retry,reminder,True
Probability Maximizing,txn_007567,payment_link,reminder,True
Probability Maximizing,txn_004583,retry,retry,False
Probability Maximizing,txn_005712,payment_link,reminder,True
Probability Maximizing,txn_003285,reminder,reminder,False
Probability Maximizing,txn_007586,reminder,reminder,False
Probability Maximizing,txn_009647,payment_link,payment_link,False
Probability Maximizing,txn_001531,payment_link,payment_link,False
Probability Maximizing,txn_009686,retry,retry,False
Probability Maximizing,txn_000354,payment_link,payment_link,False
Probability Maximizing,txn_002475,payment_link,payment_link,False
Probability Maximizing,txn_008014,payment_link,payment_link,False
Probability Maximizing,txn_006476,payment_link,payment_link,False
Probability Maximizing,txn_006450,retry,payment_link,True
Probability Maximizing,txn_000240,retry,reminder,True
Probability Maximizing,txn_002626,retry,retry,False
Probability Maximizing,txn_009787,retry,retry,False
Probability Maximizing,txn_007199,retry,retry,False
Probability Maximizing,txn_007693,payment_link,reminder,True
Probability Maximizing,txn_002998,payment_link,reminder,True
Probability Maximizing,txn_006441,payment_link,payment_link,False
Probability Maximizing,txn_004563,retry,payment_link,True
Probability Maximizing,txn_008615,retry,payment_link,True
Probability Maximizing,txn_001480,retry,payment_link,True
Probability Maximizing,txn_001019,retry,payment_link,True
Probability Maximizing,txn_003095,retry,retry,False
Probability Maximizing,txn_006183,retry,payment_link,True
Probability Maximizing,txn_004961,retry,payment_link,True
Probability Maximizing,txn_008493,reminder,reminder,False
Probability Maximizing,txn_001104,payment_link,payment_link,False
Probability Maximizing,txn_006082,reminder,reminder,False
Probability Maximizing,txn_009526,retry,payment_link,True
Probability Maximizing,txn_005191,retry,payment_link,True
Probability Maximizing,txn_004182,retry,retry,False
Probability Maximizing,txn_004468,payment_link,payment_link,False
Probability Maximizing,txn_001627,reminder,reminder,False
Probability Maximizing,txn_006718,reminder,reminder,False
Probability Maximizing,txn_003799,retry,retry,False
Probability Maximizing,txn_003054,retry,payment_link,True
Probability Maximizing,txn_002868,payment_link,payment_link,False
Probability Maximizing,txn_001433,retry,retry,False
Probability Maximizing,txn_007984,retry,payment_link,True
Probability Maximizing,txn_009347,retry,payment_link,True
Probability Maximizing,txn_009420,retry,retry,False
Probability Maximizing,txn_004077,reminder,reminder,False
Probability Maximizing,txn_000218,retry,retry,False
Probability Maximizing,txn_003556,reminder,reminder,False
Probability Maximizing,txn_007937,reminder,reminder,False
Probability Maximizing,txn_008422,reminder,reminder,False
Probability Maximizing,txn_001035,payment_link,payment_link,False
Probability Maximizing,txn_003774,retry,retry,False
Probability Maximizing,txn_004133,retry,retry,False
Probability Maximizing,txn_002336,retry,retry,False
Probability Maximizing,txn_006493,reminder,reminder,False
Probability Maximizing,txn_001483,payment_link,payment_link,False
Probability Maximizing,txn_000907,retry,reminder,True
Probability Maximizing,txn_006089,payment_link,payment_link,False
Probability Maximizing,txn_006467,reminder,reminder,False
Probability Maximizing,txn_005677,retry,payment_link,True
Probability Maximizing,txn_002771,retry,payment_link,True
Probability Maximizing,txn_001806,retry,payment_link,True
Probability Maximizing,txn_007375,retry,retry,False
Probability Maximizing,txn_002115,retry,retry,False
Probability Maximizing,txn_004535,retry,payment_link,True
Probability Maximizing,txn_002532,retry,payment_link,True
Probability Maximizing,txn_008526,reminder,reminder,False
Probability Maximizing,txn_003471,reminder,reminder,False
Probability Maximizing,txn_001403,retry,retry,False
Probability Maximizing,txn_000853,retry,retry,False
Probability Maximizing,txn_003083,reminder,reminder,False
Probability Maximizing,txn_008025,retry,retry,False
Probability Maximizing,txn_007566,retry,retry,False
Probability Maximizing,txn_005530,retry,payment_link,True
Probability Maximizing,txn_007855,retry,retry,False
Probability Maximizing,txn_004933,payment_link,payment_link,False
Probability Maximizing,txn_005160,retry,payment_link,True
Probability Maximizing,txn_009716,payment_link,payment_link,False
Probability Maximizing,txn_003847,retry,retry,False
Probability Maximizing,txn_006484,retry,retry,False
Probability Maximizing,txn_000748,payment_link,payment_link,False
Probability Maximizing,txn_003035,retry,retry,False
Probability Maximizing,txn_000348,payment_link,payment_link,False
Probability Maximizing,txn_003352,retry,retry,False
Probability Maximizing,txn_002865,retry,payment_link,True
Probability Maximizing,txn_002168,retry,retry,False
Probability Maximizing,txn_006955,payment_link,payment_link,False
Probability Maximizing,txn_006210,payment_link,payment_link,False
Probability Maximizing,txn_002778,payment_link,payment_link,False
Probability Maximizing,txn_001442,payment_link,payment_link,False
Probability Maximizing,txn_005658,payment_link,payment_link,False
Probability Maximizing,txn_009658,reminder,reminder,False
Probability Maximizing,txn_003028,payment_link,payment_link,False
Probability Maximizing,txn_006118,retry,retry,False
Probability Maximizing,txn_002484,retry,payment_link,True
Probability Maximizing,txn_002883,retry,retry,False
Probability Maximizing,txn_005562,retry,retry,False
Probability Maximizing,txn_000764,retry,reminder,True
Probability Maximizing,txn_006482,retry,payment_link,True
Probability Maximizing,txn_001617,payment_link,payment_link,False
Probability Maximizing,txn_001223,payment_link,payment_link,False
Probability Maximizing,txn_008665,retry,payment_link,True
Probability Maximizing,txn_006222,reminder,reminder,False
Probability Maximizing,txn_001577,payment_link,payment_link,False
Probability Maximizing,txn_009392,retry,payment_link,True
Probability Maximizing,txn_006351,retry,retry,False
Probability Maximizing,txn_003783,retry,payment_link,True
Probability Maximizing,txn_004375,retry,retry,False
Probability Maximizing,txn_000709,reminder,reminder,False
Probability Maximizing,txn_000510,retry,payment_link,True
Probability Maximizing,txn_002955,retry,payment_link,True
Probability Maximizing,txn_007538,retry,retry,False
Probability Maximizing,txn_006339,retry,retry,False
Probability Maximizing,txn_008923,payment_link,payment_link,False
Probability Maximizing,txn_007064,reminder,reminder,False
Probability Maximizing,txn_007163,retry,payment_link,True
Probability Maximizing,txn_007372,payment_link,payment_link,False
Probability Maximizing,txn_006829,reminder,reminder,False
Probability Maximizing,txn_003616,reminder,reminder,False
Probability Maximizing,txn_004657,retry,retry,False
Probability Maximizing,txn_006976,payment_link,payment_link,False
Probability Maximizing,txn_004351,payment_link,payment_link,False
Probability Maximizing,txn_000712,retry,payment_link,True
Probability Maximizing,txn_006479,retry,retry,False
Probability Maximizing,txn_009130,reminder,reminder,False
Probability Maximizing,txn_008205,retry,retry,False
Probability Maximizing,txn_009204,reminder,reminder,False
Probability Maximizing,txn_000713,reminder,reminder,False
Probability Maximizing,txn_009113,reminder,reminder,False
Probability Maximizing,txn_001246,retry,reminder,True
Probability Maximizing,txn_009786,reminder,reminder,False
Probability Maximizing,txn_006849,retry,retry,False
Probability Maximizing,txn_005134,payment_link,reminder,True
Probability Maximizing,txn_000716,retry,retry,False
Probability Maximizing,txn_003464,retry,retry,False
Probability Maximizing,txn_004395,payment_link,payment_link,False
Probability Maximizing,txn_004569,retry,retry,False
Probability Maximizing,txn_008804,retry,payment_link,True
Probability Maximizing,txn_008490,retry,retry,False
Probability Maximizing,txn_007702,reminder,reminder,False
Probability Maximizing,txn_000213,retry,payment_link,True
Probability Maximizing,txn_009768,retry,reminder,True
Probability Maximizing,txn_006839,retry,payment_link,True
Probability Maximizing,txn_001011,retry,retry,False
Probability Maximizing,txn_000324,payment_link,payment_link,False
Probability Maximizing,txn_005397,retry,payment_link,True
Probability Maximizing,txn_005991,payment_link,payment_link,False
Probability Maximizing,txn_003173,payment_link,payment_link,False
Probability Maximizing,txn_000335,reminder,reminder,False
Probability Maximizing,txn_008306,reminder,reminder,False
Probability Maximizing,txn_002211,retry,reminder,True
Probability Maximizing,txn_004272,retry,retry,False
Probability Maximizing,txn_006741,reminder,reminder,False
Probability Maximizing,txn_000234,retry,retry,False
Probability Maximizing,txn_005951,reminder,reminder,False
Probability Maximizing,txn_005738,retry,retry,False
Probability Maximizing,txn_007922,retry,reminder,True
Probability Maximizing,txn_002349,retry,retry,False
Probability Maximizing,txn_002037,reminder,reminder,False
Probability Maximizing,txn_007485,retry,payment_link,True
Probability Maximizing,txn_006007,reminder,reminder,False
Probability Maximizing,txn_004554,payment_link,payment_link,False
Probability Maximizing,txn_008073,retry,payment_link,True
Probability Maximizing,txn_001459,retry,retry,False
Probability Maximizing,txn_003289,payment_link,payment_link,False
Probability Maximizing,txn_003065,payment_link,payment_link,False
Probability Maximizing,txn_009437,payment_link,payment_link,False
Probability Maximizing,txn_000775,reminder,reminder,False
Probability Maximizing,txn_006833,retry,retry,False
Probability Maximizing,txn_000872,retry,payment_link,True
Probability Maximizing,txn_008750,payment_link,payment_link,False
Probability Maximizing,txn_001264,payment_link,reminder,True
Probability Maximizing,txn_004834,retry,retry,False
Probability Maximizing,txn_003895,retry,retry,False
Probability Maximizing,txn_006324,retry,retry,False
Probability Maximizing,txn_009213,retry,reminder,True
Probability Maximizing,txn_007020,payment_link,payment_link,False
Probability Maximizing,txn_001221,reminder,reminder,False
Probability Maximizing,txn_001447,retry,payment_link,True
Probability Maximizing,txn_003185,reminder,reminder,False
Probability Maximizing,txn_000409,reminder,reminder,False
Probability Maximizing,txn_004345,retry,retry,False
Probability Maximizing,txn_003022,retry,retry,False
Probability Maximizing,txn_002304,retry,payment_link,True
Probability Maximizing,txn_006272,retry,payment_link,True
Probability Maximizing,txn_008281,retry,payment_link,True
Probability Maximizing,txn_006642,reminder,reminder,False
Probability Maximizing,txn_006956,retry,retry,False
Probability Maximizing,txn_002110,retry,payment_link,True
Probability Maximizing,txn_005352,payment_link,payment_link,False
Probability Maximizing,txn_009684,retry,retry,False
Probability Maximizing,txn_008344,retry,retry,False
Probability Maximizing,txn_004550,payment_link,payment_link,False
Probability Maximizing,txn_001881,retry,retry,False
Probability Maximizing,txn_005946,reminder,reminder,False
Probability Maximizing,txn_001738,retry,retry,False
Probability Maximizing,txn_007794,reminder,reminder,False
Probability Maximizing,txn_005213,payment_link,payment_link,False
Probability Maximizing,txn_003209,retry,payment_link,True
Probability Maximizing,txn_007083,payment_link,payment_link,False
Probability Maximizing,txn_002056,reminder,reminder,False
Probability Maximizing,txn_001689,retry,payment_link,True
Probability Maximizing,txn_004780,retry,retry,False
Probability Maximizing,txn_007476,payment_link,payment_link,False
Probability Maximizing,txn_007877,retry,payment_link,True
Probability Maximizing,txn_006750,retry,retry,False
Probability Maximizing,txn_008556,reminder,reminder,False
Probability Maximizing,txn_008123,retry,retry,False
Probability Maximizing,txn_006991,payment_link,payment_link,False
Probability Maximizing,txn_008267,payment_link,payment_link,False
Probability Maximizing,txn_008540,payment_link,payment_link,False
Probability Maximizing,txn_003393,retry,retry,False
Probability Maximizing,txn_006326,payment_link,payment_link,False
Probability Maximizing,txn_003529,retry,retry,False
Probability Maximizing,txn_004605,payment_link,reminder,True
Probability Maximizing,txn_007024,retry,payment_link,True
Probability Maximizing,txn_006322,payment_link,payment_link,False
Probability Maximizing,txn_000746,retry,reminder,True
Probability Maximizing,txn_000711,payment_link,payment_link,False
Probability Maximizing,txn_000380,reminder,reminder,False
Probability Maximizing,txn_008783,payment_link,reminder,True
Probability Maximizing,txn_003012,payment_link,payment_link,False
Probability Maximizing,txn_008859,reminder,reminder,False
Probability Maximizing,txn_007153,payment_link,reminder,True
Probability Maximizing,txn_008567,retry,retry,False
Probability Maximizing,txn_003498,reminder,reminder,False
Probability Maximizing,txn_003890,reminder,reminder,False
Probability Maximizing,txn_004485,retry,payment_link,True
Probability Maximizing,txn_004012,retry,retry,False
Probability Maximizing,txn_002620,reminder,reminder,False
Probability Maximizing,txn_006671,payment_link,reminder,True
Probability Maximizing,txn_006513,reminder,reminder,False
Probability Maximizing,txn_003468,reminder,reminder,False
Probability Maximizing,txn_001314,payment_link,payment_link,False
Probability Maximizing,txn_008606,retry,retry,False
Probability Maximizing,txn_002070,reminder,reminder,False
Probability Maximizing,txn_002983,payment_link,payment_link,False
Probability Maximizing,txn_005915,payment_link,payment_link,False
Probability Maximizing,txn_009171,retry,retry,False
Probability Maximizing,txn_001286,retry,retry,False
Probability Maximizing,txn_008991,retry,payment_link,True
Probability Maximizing,txn_008430,payment_link,payment_link,False
Probability Maximizing,txn_001350,retry,retry,False
Probability Maximizing,txn_002612,retry,retry,False
Probability Maximizing,txn_009495,retry,retry,False
Probability Maximizing,txn_003669,reminder,reminder,False
Probability Maximizing,txn_002222,retry,retry,False
Probability Maximizing,txn_000428,retry,payment_link,True
Probability Maximizing,txn_000654,payment_link,payment_link,False
Probability Maximizing,txn_009914,retry,retry,False
Probability Maximizing,txn_003536,retry,retry,False
Probability Maximizing,txn_007737,retry,payment_link,True
Probability Maximizing,txn_003246,retry,retry,False
Probability Maximizing,txn_004741,payment_link,payment_link,False
Probability Maximizing,txn_009069,reminder,reminder,False
Probability Maximizing,txn_004100,retry,retry,False
Probability Maximizing,txn_004101,payment_link,payment_link,False
Probability Maximizing,txn_006960,reminder,reminder,False
Probability Maximizing,txn_000612,retry,payment_link,True
Probability Maximizing,txn_004289,payment_link,payment_link,False
Probability Maximizing,txn_008571,retry,payment_link,True
Probability Maximizing,txn_009713,reminder,reminder,False
Probability Maximizing,txn_001544,retry,retry,False
Probability Maximizing,txn_009536,retry,payment_link,True
Probability Maximizing,txn_003854,reminder,reminder,False
Probability Maximizing,txn_000555,retry,retry,False
Probability Maximizing,txn_006366,retry,payment_link,True
Probability Maximizing,txn_000512,retry,payment_link,True
Probability Maximizing,txn_003207,retry,payment_link,True
Probability Maximizing,txn_008085,retry,payment_link,True
Probability Maximizing,txn_000968,retry,retry,False
Probability Maximizing,txn_006044,retry,retry,False
Probability Maximizing,txn_006880,retry,reminder,True
Probability Maximizing,txn_006776,retry,payment_link,True
Probability Maximizing,txn_003296,retry,payment_link,True
Probability Maximizing,txn_008702,retry,payment_link,True
Probability Maximizing,txn_003430,reminder,reminder,False
Probability Maximizing,txn_008871,retry,retry,False
Probability Maximizing,txn_006963,reminder,reminder,False
Probability Maximizing,txn_002089,retry,payment_link,True
Probability Maximizing,txn_008500,retry,payment_link,True
Probability Maximizing,txn_006163,payment_link,payment_link,False
Probability Maximizing,txn_003211,payment_link,payment_link,False
Probability Maximizing,txn_009201,retry,payment_link,True
Probability Maximizing,txn_006606,reminder,reminder,False
Probability Maximizing,txn_001110,payment_link,payment_link,False
Probability Maximizing,txn_005729,retry,retry,False
Probability Maximizing,txn_007830,reminder,reminder,False
Probability Maximizing,txn_001039,retry,retry,False
Probability Maximizing,txn_001195,payment_link,reminder,True
Probability Maximizing,txn_004475,retry,payment_link,True
Probability Maximizing,txn_009875,retry,retry,False
Probability Maximizing,txn_002123,retry,retry,False
Probability Maximizing,txn_004983,retry,retry,False
Probability Maximizing,txn_008974,payment_link,payment_link,False
Probability Maximizing,txn_005701,retry,retry,False
Probability Maximizing,txn_000935,retry,reminder,True
Probability Maximizing,txn_006102,reminder,reminder,False
Probability Maximizing,txn_004690,retry,payment_link,True
Probability Maximizing,txn_000395,payment_link,payment_link,False
Probability Maximizing,txn_004686,retry,retry,False
Probability Maximizing,txn_008777,payment_link,payment_link,False
Probability Maximizing,txn_009166,reminder,reminder,False
Probability Maximizing,txn_005981,retry,retry,False
Probability Maximizing,txn_009943,reminder,reminder,False
Probability Maximizing,txn_002192,payment_link,payment_link,False
Probability Maximizing,txn_001298,retry,retry,False
Probability Maximizing,txn_005045,payment_link,payment_link,False
Probability Maximizing,txn_001163,retry,payment_link,True
Probability Maximizing,txn_004255,payment_link,payment_link,False
Probability Maximizing,txn_006373,reminder,reminder,False
Probability Maximizing,txn_001528,retry,payment_link,True
Probability Maximizing,txn_004343,retry,retry,False
Probability Maximizing,txn_002031,reminder,reminder,False
Probability Maximizing,txn_003061,reminder,reminder,False
Probability Maximizing,txn_000059,retry,retry,False
Probability Maximizing,txn_002406,reminder,reminder,False
Probability Maximizing,txn_005007,retry,retry,False
Probability Maximizing,txn_006158,retry,retry,False
Probability Maximizing,txn_007376,retry,payment_link,True
Probability Maximizing,txn_004507,retry,retry,False
Probability Maximizing,txn_005215,reminder,reminder,False
Probability Maximizing,txn_006030,payment_link,payment_link,False
Probability Maximizing,txn_001781,retry,retry,False
Probability Maximizing,txn_005448,retry,retry,False
Probability Maximizing,txn_004607,payment_link,payment_link,False
Probability Maximizing,txn_006915,payment_link,payment_link,False
Probability Maximizing,txn_000677,retry,retry,False
Probability Maximizing,txn_003583,reminder,reminder,False
Probability Maximizing,txn_003654,reminder,reminder,False
Probability Maximizing,txn_007921,retry,retry,False
Probability Maximizing,txn_009500,retry,payment_link,True
Probability Maximizing,txn_002733,retry,payment_link,True
Probability Maximizing,txn_004788,retry,payment_link,True
Probability Maximizing,txn_002755,retry,payment_link,True
Probability Maximizing,txn_002338,retry,retry,False
Probability Maximizing,txn_003644,retry,retry,False
Probability Maximizing,txn_007738,retry,retry,False
Probability Maximizing,txn_005517,retry,payment_link,True
Probability Maximizing,txn_005247,retry,retry,False
Probability Maximizing,txn_000867,payment_link,payment_link,False
Probability Maximizing,txn_004448,retry,reminder,True
Probability Maximizing,txn_005072,retry,payment_link,True
Probability Maximizing,txn_004882,retry,retry,False
Probability Maximizing,txn_009511,payment_link,payment_link,False
Probability Maximizing,txn_003003,retry,retry,False
Probability Maximizing,txn_002226,reminder,reminder,False
Probability Maximizing,txn_009057,retry,payment_link,True
Probability Maximizing,txn_004827,retry,retry,False
Probability Maximizing,txn_007622,retry,retry,False
Probability Maximizing,txn_009690,retry,retry,False
Probability Maximizing,txn_005501,retry,payment_link,True
Probability Maximizing,txn_009701,reminder,reminder,False
Probability Maximizing,txn_008479,retry,payment_link,True
Probability Maximizing,txn_005503,retry,retry,False
Probability Maximizing,txn_001211,reminder,reminder,False
Probability Maximizing,txn_009084,retry,retry,False
Probability Maximizing,txn_002289,reminder,reminder,False
Probability Maximizing,txn_002184,payment_link,payment_link,False
Probability Maximizing,txn_002863,payment_link,payment_link,False
Probability Maximizing,txn_006862,retry,payment_link,True
Probability Maximizing,txn_002363,reminder,reminder,False
Probability Maximizing,txn_008464,payment_link,payment_link,False
Probability Maximizing,txn_006333,reminder,reminder,False
Probability Maximizing,txn_004065,retry,reminder,True
Probability Maximizing,txn_009547,retry,payment_link,True
Probability Maximizing,txn_000618,reminder,reminder,False
Probability Maximizing,txn_003282,retry,retry,False
Probability Maximizing,txn_005227,retry,payment_link,True
Probability Maximizing,txn_003398,payment_link,payment_link,False
Probability Maximizing,txn_003066,retry,reminder,True
Probability Maximizing,txn_000767,payment_link,reminder,True
Probability Maximizing,txn_007079,payment_link,payment_link,False
Probability Maximizing,txn_005280,payment_link,payment_link,False
Probability Maximizing,txn_004150,payment_link,payment_link,False
Probability Maximizing,txn_001145,retry,payment_link,True
Probability Maximizing,txn_004249,retry,payment_link,True
Probability Maximizing,txn_004111,retry,payment_link,True
Probability Maximizing,txn_000463,reminder,reminder,False
Probability Maximizing,txn_002933,retry,retry,False
Probability Maximizing,txn_004624,retry,payment_link,True
Probability Maximizing,txn_003814,retry,reminder,True
Probability Maximizing,txn_006309,retry,retry,False
Probability Maximizing,txn_004342,retry,retry,False
Probability Maximizing,txn_005301,retry,payment_link,True
Probability Maximizing,txn_006805,reminder,reminder,False
Probability Maximizing,txn_003283,payment_link,payment_link,False
Probability Maximizing,txn_002575,retry,retry,False
Probability Maximizing,txn_007962,reminder,reminder,False
Probability Maximizing,txn_007880,reminder,reminder,False
Probability Maximizing,txn_000829,payment_link,payment_link,False
Probability Maximizing,txn_006487,retry,retry,False
Probability Maximizing,txn_007600,retry,payment_link,True
Probability Maximizing,txn_002541,retry,retry,False
Probability Maximizing,txn_005747,retry,reminder,True
Probability Maximizing,txn_008527,retry,retry,False
Probability Maximizing,txn_009567,retry,retry,False
Probability Maximizing,txn_003743,payment_link,payment_link,False
Probability Maximizing,txn_007499,retry,retry,False
Probability Maximizing,txn_003525,retry,retry,False
Probability Maximizing,txn_000021,payment_link,payment_link,False
Probability Maximizing,txn_001916,retry,payment_link,True
Probability Maximizing,txn_006572,reminder,reminder,False
Probability Maximizing,txn_009019,payment_link,payment_link,False
Probability Maximizing,txn_002013,retry,reminder,True
Probability Maximizing,txn_005406,reminder,reminder,False
Probability Maximizing,txn_001296,reminder,reminder,False
Probability Maximizing,txn_003746,retry,payment_link,True
Probability Maximizing,txn_000592,payment_link,payment_link,False
Probability Maximizing,txn_001407,reminder,reminder,False
Probability Maximizing,txn_000222,retry,retry,False
Probability Maximizing,txn_005618,retry,retry,False
Probability Maximizing,txn_006249,payment_link,payment_link,False
Probability Maximizing,txn_004419,retry,retry,False
Probability Maximizing,txn_000859,retry,payment_link,True
Probability Maximizing,txn_001784,retry,retry,False
Probability Maximizing,txn_007260,retry,retry,False
Probability Maximizing,txn_006857,reminder,reminder,False
Probability Maximizing,txn_001955,retry,retry,False
Probability Maximizing,txn_001747,retry,payment_link,True
Probability Maximizing,txn_003133,retry,payment_link,True
Probability Maximizing,txn_008037,retry,retry,False
Probability Maximizing,txn_008851,retry,payment_link,True
Probability Maximizing,txn_000995,reminder,reminder,False
Probability Maximizing,txn_006109,payment_link,payment_link,False
Probability Maximizing,txn_000731,payment_link,payment_link,False
Probability Maximizing,txn_006975,retry,retry,False
Probability Maximizing,txn_006274,payment_link,reminder,True
Probability Maximizing,txn_006752,retry,payment_link,True
Probability Maximizing,txn_003510,retry,payment_link,True
Probability Maximizing,txn_003534,reminder,reminder,False
Probability Maximizing,txn_002514,retry,payment_link,True
Probability Maximizing,txn_005437,payment_link,reminder,True
Probability Maximizing,txn_003626,payment_link,payment_link,False
Probability Maximizing,txn_000466,reminder,reminder,False
Probability Maximizing,txn_006756,retry,payment_link,True
Probability Maximizing,txn_006760,retry,payment_link,True
Probability Maximizing,txn_007992,retry,payment_link,True
Probability Maximizing,txn_000158,reminder,reminder,False
Probability Maximizing,txn_003961,retry,payment_link,True
Probability Maximizing,txn_008833,retry,retry,False
Probability Maximizing,txn_005471,retry,reminder,True
Probability Maximizing,txn_000186,reminder,reminder,False
Probability Maximizing,txn_001003,retry,payment_link,True
Probability Maximizing,txn_009509,retry,retry,False
Probability Maximizing,txn_005624,retry,payment_link,True
Probability Maximizing,txn_000401,retry,retry,False
Probability Maximizing,txn_006241,payment_link,payment_link,False
Probability Maximizing,txn_008941,payment_link,reminder,True
Probability Maximizing,txn_009933,payment_link,payment_link,False
Probability Maximizing,txn_007343,retry,payment_link,True
Probability Maximizing,txn_009833,retry,retry,False
Probability Maximizing,txn_008467,retry,payment_link,True
Probability Maximizing,txn_008757,retry,reminder,True
Probability Maximizing,txn_007959,retry,retry,False
Probability Maximizing,txn_001251,reminder,reminder,False
Probability Maximizing,txn_003144,reminder,reminder,False
Probability Maximizing,txn_007431,retry,reminder,True
Probability Maximizing,txn_000060,retry,retry,False
Probability Maximizing,txn_007856,retry,payment_link,True
Probability Maximizing,txn_001114,reminder,reminder,False
Probability Maximizing,txn_003058,reminder,reminder,False
Probability Maximizing,txn_009570,retry,retry,False
Probability Maximizing,txn_001329,payment_link,payment_link,False
Probability Maximizing,txn_004996,reminder,reminder,False
Probability Maximizing,txn_006683,retry,retry,False
Probability Maximizing,txn_002073,retry,retry,False
Probability Maximizing,txn_004794,reminder,reminder,False
Probability Maximizing,txn_006830,retry,retry,False
Probability Maximizing,txn_009630,reminder,reminder,False
Probability Maximizing,txn_008219,retry,retry,False
Probability Maximizing,txn_007568,retry,retry,False
Probability Maximizing,txn_005923,retry,retry,False
Probability Maximizing,txn_001551,payment_link,payment_link,False
Probability Maximizing,txn_001010,retry,retry,False
Probability Maximizing,txn_003756,retry,retry,False
Probability Maximizing,txn_008682,retry,retry,False
Probability Maximizing,txn_009343,retry,payment_link,True
Probability Maximizing,txn_008010,retry,payment_link,True
Probability Maximizing,txn_003861,retry,retry,False
Probability Maximizing,txn_003149,retry,payment_link,True
Probability Maximizing,txn_002520,retry,retry,False
Probability Maximizing,txn_003128,reminder,reminder,False
Probability Maximizing,txn_009085,retry,retry,False
Probability Maximizing,txn_005317,retry,reminder,True
Probability Maximizing,txn_001196,retry,payment_link,True
Probability Maximizing,txn_009051,retry,reminder,True
Probability Maximizing,txn_000880,retry,retry,False
Probability Maximizing,txn_006990,payment_link,payment_link,False
Probability Maximizing,txn_002488,retry,retry,False
Probability Maximizing,txn_002841,retry,payment_link,True
Probability Maximizing,txn_004330,retry,reminder,True
Probability Maximizing,txn_002931,retry,payment_link,True
Probability Maximizing,txn_006425,retry,payment_link,True
Probability Maximizing,txn_002486,reminder,reminder,False
Probability Maximizing,txn_005748,payment_link,payment_link,False
Probability Maximizing,txn_000884,retry,payment_link,True
Probability Maximizing,txn_004915,payment_link,retry,True
Probability Maximizing,txn_006211,retry,retry,False
Probability Maximizing,txn_009579,retry,reminder,True
Probability Maximizing,txn_000212,payment_link,payment_link,False
Probability Maximizing,txn_002276,payment_link,payment_link,False
Probability Maximizing,txn_002329,reminder,reminder,False
Probability Maximizing,txn_004951,retry,payment_link,True
Probability Maximizing,txn_003320,retry,payment_link,True
Probability Maximizing,txn_009835,payment_link,payment_link,False
Probability Maximizing,txn_004608,retry,retry,False
Probability Maximizing,txn_001439,payment_link,payment_link,False
Probability Maximizing,txn_000468,reminder,reminder,False
Probability Maximizing,txn_005467,payment_link,payment_link,False
Probability Maximizing,txn_003330,payment_link,reminder,True
Probability Maximizing,txn_005829,retry,reminder,True
Probability Maximizing,txn_008608,payment_link,payment_link,False
Probability Maximizing,txn_000697,payment_link,reminder,True
Probability Maximizing,txn_007268,payment_link,payment_link,False
Probability Maximizing,txn_009145,payment_link,reminder,True
Probability Maximizing,txn_008181,retry,retry,False
Probability Maximizing,txn_009939,payment_link,payment_link,False
Probability Maximizing,txn_001315,retry,retry,False
Probability Maximizing,txn_002302,retry,retry,False
Probability Maximizing,txn_002040,retry,retry,False
Probability Maximizing,txn_007109,retry,retry,False
Probability Maximizing,txn_003667,reminder,reminder,False
Probability Maximizing,txn_000915,reminder,reminder,False
Probability Maximizing,txn_000013,payment_link,payment_link,False
Probability Maximizing,txn_008584,reminder,reminder,False
Probability Maximizing,txn_006428,reminder,reminder,False
Probability Maximizing,txn_001537,reminder,reminder,False
Probability Maximizing,txn_000737,reminder,reminder,False
Probability Maximizing,txn_008202,retry,retry,False
Probability Maximizing,txn_008653,retry,reminder,True
Probability Maximizing,txn_000454,retry,reminder,True
Probability Maximizing,txn_004346,reminder,reminder,False
Probability Maximizing,txn_000928,retry,payment_link,True
Probability Maximizing,txn_006292,retry,retry,False
Probability Maximizing,txn_008282,retry,retry,False
Probability Maximizing,txn_008723,retry,retry,False
Probability Maximizing,txn_006474,reminder,reminder,False
Probability Maximizing,txn_000038,retry,payment_link,True
Probability Maximizing,txn_005771,payment_link,payment_link,False
Probability Maximizing,txn_002555,payment_link,payment_link,False
Probability Maximizing,txn_007633,retry,payment_link,True
Probability Maximizing,txn_009999,payment_link,payment_link,False
Probability Maximizing,txn_006621,retry,payment_link,True
Probability Maximizing,txn_000941,retry,retry,False
Probability Maximizing,txn_007399,retry,payment_link,True
Probability Maximizing,txn_006129,retry,reminder,True
Probability Maximizing,txn_009830,retry,payment_link,True
Probability Maximizing,txn_002681,payment_link,payment_link,False
Probability Maximizing,txn_004355,reminder,reminder,False
Probability Maximizing,txn_003059,retry,payment_link,True
Probability Maximizing,txn_007881,payment_link,payment_link,False
Probability Maximizing,txn_000739,retry,retry,False
Probability Maximizing,txn_000539,reminder,reminder,False
Probability Maximizing,txn_003326,reminder,reminder,False
Probability Maximizing,txn_004240,reminder,reminder,False
Probability Maximizing,txn_001401,reminder,reminder,False
Probability Maximizing,txn_004047,retry,retry,False
Probability Maximizing,txn_005138,payment_link,payment_link,False
Probability Maximizing,txn_004230,retry,payment_link,True
Probability Maximizing,txn_004192,retry,retry,False
Probability Maximizing,txn_009143,reminder,reminder,False
Probability Maximizing,txn_005539,payment_link,payment_link,False
Probability Maximizing,txn_002693,retry,payment_link,True
Probability Maximizing,txn_005341,retry,payment_link,True
Probability Maximizing,txn_009918,payment_link,payment_link,False
Probability Maximizing,txn_007671,retry,payment_link,True
Probability Maximizing,txn_009174,reminder,reminder,False
Probability Maximizing,txn_001808,retry,retry,False
Probability Maximizing,txn_005112,retry,retry,False
Probability Maximizing,txn_003990,retry,payment_link,True
Probability Maximizing,txn_003456,reminder,reminder,False
Probability Maximizing,txn_002908,retry,retry,False
Probability Maximizing,txn_006652,payment_link,payment_link,False
Probability Maximizing,txn_008288,retry,retry,False
Probability Maximizing,txn_006245,reminder,reminder,False
Probability Maximizing,txn_002698,retry,retry,False
Probability Maximizing,txn_004017,payment_link,payment_link,False
Probability Maximizing,txn_004340,retry,retry,False
Probability Maximizing,txn_004646,retry,payment_link,True
Probability Maximizing,txn_007740,retry,payment_link,True
Probability Maximizing,txn_007092,retry,retry,False
Probability Maximizing,txn_004693,retry,retry,False
Probability Maximizing,txn_001740,reminder,reminder,False
Probability Maximizing,txn_005407,retry,retry,False
Probability Maximizing,txn_004589,retry,payment_link,True
Probability Maximizing,txn_003126,reminder,reminder,False
Probability Maximizing,txn_002158,retry,retry,False
Probability Maximizing,txn_005334,payment_link,reminder,True
Probability Maximizing,txn_008637,retry,payment_link,True
Probability Maximizing,txn_001826,retry,payment_link,True
Probability Maximizing,txn_004231,reminder,reminder,False
Probability Maximizing,txn_003488,retry,reminder,True
Probability Maximizing,txn_009054,reminder,reminder,False
Probability Maximizing,txn_009769,payment_link,payment_link,False
Probability Maximizing,txn_003648,retry,retry,False
Probability Maximizing,txn_005903,retry,payment_link,True
Probability Maximizing,txn_006386,retry,reminder,True
Probability Maximizing,txn_005639,retry,retry,False
Probability Maximizing,txn_006424,retry,reminder,True
Probability Maximizing,txn_007827,retry,retry,False
Probability Maximizing,txn_007744,retry,retry,False
Probability Maximizing,txn_003013,retry,retry,False
Probability Maximizing,txn_007672,reminder,reminder,False
Probability Maximizing,txn_009549,reminder,reminder,False
Probability Maximizing,txn_009978,retry,payment_link,True
Probability Maximizing,txn_003081,reminder,reminder,False
Probability Maximizing,txn_003521,reminder,reminder,False
Probability Maximizing,txn_004979,retry,retry,False
Probability Maximizing,txn_007620,payment_link,payment_link,False
Probability Maximizing,txn_004348,retry,reminder,True
Probability Maximizing,txn_008441,retry,retry,False
Probability Maximizing,txn_001347,payment_link,payment_link,False
Probability Maximizing,txn_007088,retry,retry,False
Probability Maximizing,txn_008948,retry,retry,False
Probability Maximizing,txn_005652,payment_link,payment_link,False
Probability Maximizing,txn_008082,retry,retry,False
Probability Maximizing,txn_001792,retry,retry,False
Probability Maximizing,txn_007429,retry,payment_link,True
Probability Maximizing,txn_009580,retry,reminder,True
Probability Maximizing,txn_009960,reminder,reminder,False
Probability Maximizing,txn_002271,payment_link,payment_link,False
Probability Maximizing,txn_009767,payment_link,payment_link,False
Probability Maximizing,txn_002956,payment_link,payment_link,False
Probability Maximizing,txn_003444,retry,retry,False
Probability Maximizing,txn_007736,retry,retry,False
Probability Maximizing,txn_000834,reminder,reminder,False
Probability Maximizing,txn_006499,retry,payment_link,True
Probability Maximizing,txn_002992,payment_link,payment_link,False
Probability Maximizing,txn_007793,reminder,reminder,False
Probability Maximizing,txn_002151,reminder,reminder,False
Probability Maximizing,txn_004023,retry,reminder,True
Probability Maximizing,txn_007615,payment_link,reminder,True
Probability Maximizing,txn_006124,retry,retry,False
Probability Maximizing,txn_003339,retry,retry,False
Probability Maximizing,txn_004344,retry,retry,False
Probability Maximizing,txn_004464,payment_link,payment_link,False
Probability Maximizing,txn_002376,retry,retry,False
Probability Maximizing,txn_009044,retry,retry,False
Probability Maximizing,txn_005571,retry,payment_link,True
Probability Maximizing,txn_008599,payment_link,reminder,True
Probability Maximizing,txn_008504,retry,retry,False
Probability Maximizing,txn_008880,retry,payment_link,True
Probability Maximizing,txn_001887,retry,payment_link,True
Probability Maximizing,txn_001198,reminder,reminder,False
Probability Maximizing,txn_006427,reminder,reminder,False
Probability Maximizing,txn_008911,retry,retry,False
Probability Maximizing,txn_002936,reminder,reminder,False
Probability Maximizing,txn_006342,retry,payment_link,True
Probability Maximizing,txn_001430,retry,payment_link,True
Probability Maximizing,txn_006307,retry,retry,False
Probability Maximizing,txn_003650,retry,payment_link,True
Probability Maximizing,txn_001938,payment_link,payment_link,False
Probability Maximizing,txn_005172,payment_link,payment_link,False
Probability Maximizing,txn_007764,retry,reminder,True
Probability Maximizing,txn_006393,reminder,reminder,False
Probability Maximizing,txn_001154,retry,reminder,True
Probability Maximizing,txn_006250,retry,retry,False
Probability Maximizing,txn_007037,retry,retry,False
Probability Maximizing,txn_004229,retry,retry,False
Probability Maximizing,txn_004975,payment_link,payment_link,False
Probability Maximizing,txn_006401,retry,retry,False
Probability Maximizing,txn_003640,payment_link,payment_link,False
Probability Maximizing,txn_003972,retry,payment_link,True
Probability Maximizing,txn_009594,retry,payment_link,True
Probability Maximizing,txn_003376,retry,reminder,True
Probability Maximizing,txn_002487,retry,retry,False
Probability Maximizing,txn_006954,retry,reminder,True
Probability Maximizing,txn_000606,retry,payment_link,True
Probability Maximizing,txn_007444,retry,retry,False
Probability Maximizing,txn_005928,payment_link,payment_link,False
Probability Maximizing,txn_002454,payment_link,payment_link,False
Probability Maximizing,txn_003609,retry,retry,False
Probability Maximizing,txn_001484,payment_link,payment_link,False
Probability Maximizing,txn_004519,payment_link,payment_link,False
Probability Maximizing,txn_003038,payment_link,payment_link,False
Probability Maximizing,txn_009352,reminder,reminder,False
Probability Maximizing,txn_007692,retry,retry,False
Probability Maximizing,txn_004116,retry,payment_link,True
Probability Maximizing,txn_001427,retry,retry,False
Probability Maximizing,txn_000497,retry,payment_link,True
Probability Maximizing,txn_003353,reminder,reminder,False
Probability Maximizing,txn_008794,reminder,reminder,False
Probability Maximizing,txn_000759,retry,retry,False
Probability Maximizing,txn_000838,retry,retry,False
Probability Maximizing,txn_004327,retry,retry,False
Probability Maximizing,txn_002128,payment_link,payment_link,False
Probability Maximizing,txn_001023,retry,reminder,True
Probability Maximizing,txn_008762,retry,payment_link,True
Probability Maximizing,txn_005614,retry,retry,False
Probability Maximizing,txn_005581,retry,retry,False
Probability Maximizing,txn_001058,retry,retry,False
Probability Maximizing,txn_009542,payment_link,reminder,True
Probability Maximizing,txn_006856,reminder,reminder,False
Probability Maximizing,txn_007349,payment_link,payment_link,False
Probability Maximizing,txn_009045,payment_link,payment_link,False
Probability Maximizing,txn_002129,payment_link,payment_link,False
Probability Maximizing,txn_002767,retry,payment_link,True
Probability Maximizing,txn_002109,reminder,reminder,False
Probability Maximizing,txn_003617,reminder,reminder,False
Probability Maximizing,txn_001545,payment_link,payment_link,False
Probability Maximizing,txn_006914,payment_link,reminder,True
Probability Maximizing,txn_001719,retry,payment_link,True
Probability Maximizing,txn_007435,retry,retry,False
Probability Maximizing,txn_007365,retry,payment_link,True
Probability Maximizing,txn_006235,retry,retry,False
Probability Maximizing,txn_000725,payment_link,reminder,True
Probability Maximizing,txn_006673,retry,payment_link,True
Probability Maximizing,txn_008029,payment_link,payment_link,False
Probability Maximizing,txn_005492,payment_link,payment_link,False
Probability Maximizing,txn_001128,retry,payment_link,True
Probability Maximizing,txn_002957,payment_link,payment_link,False
Probability Maximizing,txn_005156,retry,retry,False
Probability Maximizing,txn_004817,retry,retry,False
Probability Maximizing,txn_006202,payment_link,payment_link,False
Probability Maximizing,txn_006224,reminder,reminder,False
Probability Maximizing,txn_008686,retry,payment_link,True
Probability Maximizing,txn_007114,payment_link,reminder,True
Probability Maximizing,txn_005275,retry,payment_link,True
Probability Maximizing,txn_008536,reminder,reminder,False
Probability Maximizing,txn_003044,reminder,reminder,False
Probability Maximizing,txn_006912,payment_link,payment_link,False
Probability Maximizing,txn_000150,payment_link,payment_link,False
Probability Maximizing,txn_007574,retry,retry,False
Probability Maximizing,txn_004206,payment_link,payment_link,False
Probability Maximizing,txn_005493,retry,retry,False
Probability Maximizing,txn_002690,reminder,reminder,False
Probability Maximizing,txn_004221,payment_link,payment_link,False
Probability Maximizing,txn_009102,retry,payment_link,True
Probability Maximizing,txn_000842,retry,payment_link,True
Probability Maximizing,txn_008137,retry,payment_link,True
Probability Maximizing,txn_006438,retry,payment_link,True
Probability Maximizing,txn_009700,reminder,reminder,False
Probability Maximizing,txn_006200,retry,retry,False
Probability Maximizing,txn_002795,retry,retry,False
Probability Maximizing,txn_007626,retry,payment_link,True
Probability Maximizing,txn_008475,retry,payment_link,True
Probability Maximizing,txn_007890,payment_link,reminder,True
Probability Maximizing,txn_006608,payment_link,payment_link,False
Probability Maximizing,txn_009195,retry,payment_link,True
Probability Maximizing,txn_008248,reminder,reminder,False
Probability Maximizing,txn_001393,payment_link,reminder,True
Probability Maximizing,txn_001922,payment_link,payment_link,False
Probability Maximizing,txn_007019,reminder,reminder,False
Probability Maximizing,txn_003622,retry,retry,False
Probability Maximizing,txn_004849,retry,payment_link,True
Probability Maximizing,txn_002292,reminder,reminder,False
Probability Maximizing,txn_002134,retry,payment_link,True
Probability Maximizing,txn_000551,payment_link,retry,True
Probability Maximizing,txn_001741,payment_link,reminder,True
Probability Maximizing,txn_005290,retry,payment_link,True
Probability Maximizing,txn_001818,retry,retry,False
Probability Maximizing,txn_004699,reminder,reminder,False
Probability Maximizing,txn_005182,retry,payment_link,True
Probability Maximizing,txn_003019,reminder,reminder,False
Probability Maximizing,txn_000018,retry,reminder,True
Probability Maximizing,txn_001771,retry,reminder,True
Probability Maximizing,txn_001889,retry,retry,False
Probability Maximizing,txn_002153,retry,payment_link,True
Probability Maximizing,txn_001643,retry,retry,False
Probability Maximizing,txn_007847,payment_link,reminder,True
Probability Maximizing,txn_004194,payment_link,payment_link,False
Probability Maximizing,txn_009433,reminder,reminder,False
Probability Maximizing,txn_008899,reminder,reminder,False
Probability Maximizing,txn_000534,reminder,reminder,False
Probability Maximizing,txn_000133,retry,payment_link,True
Probability Maximizing,txn_007723,retry,retry,False
Probability Maximizing,txn_008459,retry,retry,False
Probability Maximizing,txn_000965,retry,reminder,True
Probability Maximizing,txn_008720,retry,payment_link,True
Probability Maximizing,txn_006413,payment_link,reminder,True
Probability Maximizing,txn_008286,retry,payment_link,True
Probability Maximizing,txn_007854,payment_link,payment_link,False
Probability Maximizing,txn_001096,payment_link,payment_link,False
Probability Maximizing,txn_006930,retry,retry,False
Low Cost,txn_006253,reminder,reminder,False
Low Cost,txn_004685,retry,retry,False
Low Cost,txn_001732,reminder,reminder,False
Low Cost,txn_004743,retry,payment_link,True
Low Cost,txn_004522,retry,retry,False
Low Cost,txn_006341,retry,retry,False
Low Cost,txn_000577,retry,retry,False
Low Cost,txn_005203,retry,payment_link,True
Low Cost,txn_006364,retry,retry,False
Low Cost,txn_000440,retry,retry,False
Low Cost,txn_002751,payment_link,payment_link,False
Low Cost,txn_007488,retry,payment_link,True
Low Cost,txn_005273,retry,payment_link,True
Low Cost,txn_005654,retry,payment_link,True
Low Cost,txn_004000,retry,payment_link,True
Low Cost,txn_006034,payment_link,payment_link,False
Low Cost,txn_000583,retry,retry,False
Low Cost,txn_009931,retry,retry,False
Low Cost,txn_007052,retry,payment_link,True
Low Cost,txn_008159,retry,payment_link,True
Low Cost,txn_009897,retry,retry,False
Low Cost,txn_002250,payment_link,payment_link,False
Low Cost,txn_004641,retry,payment_link,True
Low Cost,txn_009486,payment_link,payment_link,False
Low Cost,txn_004948,reminder,reminder,False
Low Cost,txn_009921,payment_link,payment_link,False
Low Cost,txn_001964,retry,retry,False
Low Cost,txn_008244,reminder,reminder,False
Low Cost,txn_006591,reminder,reminder,False
Low Cost,txn_008848,retry,retry,False
Low Cost,txn_000322,retry,reminder,True
Low Cost,txn_002679,payment_link,payment_link,False
Low Cost,txn_004626,retry,retry,False
Low Cost,txn_004950,reminder,reminder,False
Low Cost,txn_008329,reminder,reminder,False
Low Cost,txn_003338,retry,retry,False
Low Cost,txn_005590,retry,retry,False
Low Cost,txn_000252,retry,reminder,True
Low Cost,txn_003974,payment_link,payment_link,False
Low Cost,txn_006631,retry,retry,False
Low Cost,txn_005548,payment_link,payment_link,False
Low Cost,txn_000036,retry,payment_link,True
Low Cost,txn_008363,reminder,reminder,False
Low Cost,txn_001514,retry,reminder,True
Low Cost,txn_009318,payment_link,retry,True
Low Cost,txn_000040,retry,payment_link,True
Low Cost,txn_004820,retry,payment_link,True
Low Cost,txn_003466,retry,retry,False
Low Cost,txn_001761,payment_link,payment_link,False
Low Cost,txn_002305,retry,retry,False
Low Cost,txn_003724,payment_link,payment_link,False
Low Cost,txn_008285,payment_link,payment_link,False
Low Cost,txn_004994,retry,retry,False
Low Cost,txn_008128,retry,retry,False
Low Cost,txn_003033,payment_link,payment_link,False
Low Cost,txn_007939,payment_link,payment_link,False
Low Cost,txn_003040,reminder,reminder,False
Low Cost,txn_009656,retry,retry,False
Low Cost,txn_002546,retry,payment_link,True
Low Cost,txn_002593,payment_link,payment_link,False
Low Cost,txn_001189,retry,retry,False
Low Cost,txn_007967,retry,payment_link,True
Low Cost,txn_006078,retry,retry,False
Low Cost,txn_000108,reminder,reminder,False
Low Cost,txn_001316,retry,retry,False
Low Cost,txn_008188,retry,reminder,True
Low Cost,txn_002754,retry,retry,False
Low Cost,txn_009754,retry,payment_link,True
Low Cost,txn_006232,retry,payment_link,True
Low Cost,txn_002877,retry,payment_link,True
Low Cost,txn_005324,reminder,reminder,False
Low Cost,txn_000800,payment_link,payment_link,False
Low Cost,txn_003571,retry,retry,False
Low Cost,txn_002895,reminder,reminder,False
Low Cost,txn_002928,retry,payment_link,True
Low Cost,txn_008179,reminder,reminder,False
Low Cost,txn_000972,retry,retry,False
Low Cost,txn_006688,retry,reminder,True
Low Cost,txn_008576,reminder,reminder,False
Low Cost,txn_002021,reminder,reminder,False
Low Cost,txn_009055,reminder,reminder,False
Low Cost,txn_000953,payment_link,payment_link,False
Low Cost,txn_005360,retry,payment_link,True
Low Cost,txn_003858,retry,retry,False
Low Cost,txn_005862,retry,payment_link,True
Low Cost,txn_003146,payment_link,payment_link,False
Low Cost,txn_003306,retry,payment_link,True
Low Cost,txn_003007,retry,retry,False
Low Cost,txn_009002,retry,retry,False
Low Cost,txn_007771,payment_link,payment_link,False
Low Cost,txn_007439,retry,reminder,True
Low Cost,txn_007943,retry,payment_link,True
Low Cost,txn_009239,payment_link,payment_link,False
Low Cost,txn_001057,retry,retry,False
Low Cost,txn_003155,payment_link,payment_link,False
Low Cost,txn_003788,retry,reminder,True
Low Cost,txn_009190,reminder,reminder,False
Low Cost,txn_007826,retry,retry,False
Low Cost,txn_007540,payment_link,payment_link,False
Low Cost,txn_007232,payment_link,reminder,True
Low Cost,txn_000765,retry,retry,False
Low Cost,txn_005020,reminder,reminder,False
Low Cost,txn_004904,reminder,reminder,False
Low Cost,txn_008094,retry,payment_link,True
Low Cost,txn_006844,reminder,reminder,False
Low Cost,txn_002166,payment_link,reminder,True
Low Cost,txn_001863,reminder,reminder,False
Low Cost,txn_007851,payment_link,payment_link,False
Low Cost,txn_009124,reminder,reminder,False
Low Cost,txn_002341,retry,payment_link,True
Low Cost,txn_005528,payment_link,payment_link,False
Low Cost,txn_006744,retry,retry,False
Low Cost,txn_004004,retry,retry,False
Low Cost,txn_001124,payment_link,payment_link,False
Low Cost,txn_008710,retry,reminder,True
Low Cost,txn_004050,retry,payment_link,True
Low Cost,txn_007641,retry,payment_link,True
Low Cost,txn_000766,payment_link,payment_link,False
Low Cost,txn_002345,reminder,reminder,False
Low Cost,txn_004072,retry,payment_link,True
Low Cost,txn_007217,retry,payment_link,True
Low Cost,txn_004217,reminder,reminder,False
Low Cost,txn_007953,retry,retry,False
Low Cost,txn_005971,retry,retry,False
Low Cost,txn_003351,retry,retry,False
Low Cost,txn_004696,retry,payment_link,True
Low Cost,txn_003400,retry,retry,False
Low Cost,txn_004082,reminder,reminder,False
Low Cost,txn_009150,reminder,reminder,False
Low Cost,txn_001225,reminder,reminder,False
Low Cost,txn_006293,retry,retry,False
Low Cost,txn_003123,retry,retry,False
Low Cost,txn_000511,retry,reminder,True
Low Cost,txn_005795,retry,retry,False
Low Cost,txn_008182,retry,retry,False
Low Cost,txn_009418,reminder,reminder,False
Low Cost,txn_000097,retry,payment_link,True
Low Cost,txn_006682,reminder,reminder,False
Low Cost,txn_001513,retry,retry,False
Low Cost,txn_008792,retry,reminder,True
Low Cost,txn_000120,reminder,reminder,False
Low Cost,txn_007792,reminder,reminder,False
Low Cost,txn_006518,retry,retry,False
Low Cost,txn_000034,reminder,reminder,False
Low Cost,txn_007888,retry,retry,False
Low Cost,txn_006831,retry,payment_link,True
Low Cost,txn_005422,retry,payment_link,True
Low Cost,txn_001069,retry,payment_link,True
Low Cost,txn_001348,reminder,reminder,False
Low Cost,txn_004748,retry,retry,False
Low Cost,txn_006006,retry,payment_link,True
Low Cost,txn_006040,retry,payment_link,True
Low Cost,txn_003818,payment_link,payment_link,False
Low Cost,txn_008447,payment_link,payment_link,False
Low Cost,txn_005270,reminder,reminder,False
Low Cost,txn_006898,retry,payment_link,True
Low Cost,txn_005310,retry,reminder,True
Low Cost,txn_000032,payment_link,payment_link,False
Low Cost,txn_005675,retry,retry,False
Low Cost,txn_004387,retry,payment_link,True
Low Cost,txn_000030,retry,retry,False
Low Cost,txn_004203,retry,payment_link,True
Low Cost,txn_007508,reminder,reminder,False
Low Cost,txn_000736,reminder,reminder,False
Low Cost,txn_002068,reminder,reminder,False
Low Cost,txn_000107,reminder,reminder,False
Low Cost,txn_009645,payment_link,payment_link,False
Low Cost,txn_008895,payment_link,payment_link,False
Low Cost,txn_008021,retry,retry,False
Low Cost,txn_002233,payment_link,payment_link,False
Low Cost,txn_000994,reminder,reminder,False
Low Cost,txn_009413,retry,payment_link,True
Low Cost,txn_007059,retry,retry,False
Low Cost,txn_006790,reminder,reminder,False
Low Cost,txn_000361,payment_link,payment_link,False
Low Cost,txn_000305,payment_link,payment_link,False
Low Cost,txn_002628,retry,retry,False
Low Cost,txn_008966,retry,payment_link,True
Low Cost,txn_004514,retry,payment_link,True
Low Cost,txn_005911,reminder,reminder,False
Low Cost,txn_008314,reminder,reminder,False
Low Cost,txn_003101,payment_link,payment_link,False
Low Cost,txn_005704,reminder,reminder,False
Low Cost,txn_003899,retry,payment_link,True
Low Cost,txn_005441,retry,retry,False
Low Cost,txn_007931,reminder,reminder,False
Low Cost,txn_000622,reminder,reminder,False
Low Cost,txn_007236,reminder,reminder,False
Low Cost,txn_002499,payment_link,payment_link,False
Low Cost,txn_000714,reminder,reminder,False
Low Cost,txn_008404,retry,payment_link,True
Low Cost,txn_002856,reminder,reminder,False
Low Cost,txn_004270,reminder,reminder,False
Low Cost,txn_002909,reminder,reminder,False
Low Cost,txn_008081,retry,payment_link,True
Low Cost,txn_004517,reminder,reminder,False
Low Cost,txn_001262,retry,retry,False
Low Cost,txn_003161,retry,retry,False
Low Cost,txn_000971,retry,retry,False
Low Cost,txn_003913,payment_link,payment_link,False
Low Cost,txn_005199,retry,payment_link,True
Low Cost,txn_008847,retry,retry,False
Low Cost,txn_000260,payment_link,payment_link,False
Low Cost,txn_003791,retry,payment_link,True
Low Cost,txn_009203,payment_link,payment_link,False
Low Cost,txn_000488,reminder,reminder,False
Low Cost,txn_007908,payment_link,payment_link,False
Low Cost,txn_000519,retry,retry,False
Low Cost,txn_008343,retry,retry,False
Low Cost,txn_000312,retry,retry,False
Low Cost,txn_003232,retry,retry,False
Low Cost,txn_007933,retry,retry,False
Low Cost,txn_007458,reminder,reminder,False
Low Cost,txn_009784,retry,payment_link,True
Low Cost,txn_005184,retry,payment_link,True
Low Cost,txn_008077,retry,retry,False
Low Cost,txn_006502,retry,retry,False
Low Cost,txn_006791,retry,payment_link,True
Low Cost,txn_007773,retry,payment_link,True
Low Cost,txn_002738,reminder,retry,True
Low Cost,txn_007842,retry,payment_link,True
Low Cost,txn_006262,payment_link,payment_link,False
Low Cost,txn_008206,retry,retry,False
Low Cost,txn_001248,retry,retry,False
Low Cost,txn_009336,reminder,reminder,False
Low Cost,txn_004195,retry,payment_link,True
Low Cost,txn_008001,retry,payment_link,True
Low Cost,txn_007378,reminder,reminder,False
Low Cost,txn_003435,payment_link,payment_link,False
Low Cost,txn_005382,retry,retry,False
Low Cost,txn_000959,retry,payment_link,True
Low Cost,txn_000417,retry,payment_link,True
Low Cost,txn_005742,retry,retry,False
Low Cost,txn_006728,retry,retry,False
Low Cost,txn_004382,reminder,reminder,False
Low Cost,txn_005197,payment_link,payment_link,False
Low Cost,txn_001113,retry,retry,False
Low Cost,txn_002689,retry,retry,False
Low Cost,txn_006473,retry,reminder,True
Low Cost,txn_008820,reminder,reminder,False
Low Cost,txn_007808,reminder,reminder,False
Low Cost,txn_003411,reminder,reminder,False
Low Cost,txn_000081,retry,retry,False
Low Cost,txn_004614,retry,payment_link,True
Low Cost,txn_001374,retry,payment_link,True
Low Cost,txn_001510,retry,reminder,True
Low Cost,txn_006443,retry,retry,False
Low Cost,txn_003071,retry,retry,False
Low Cost,txn_003016,payment_link,payment_link,False
Low Cost,txn_004823,retry,retry,False
Low Cost,txn_007822,retry,payment_link,True
Low Cost,txn_000093,retry,payment_link,True
Low Cost,txn_009421,payment_link,reminder,True
Low Cost,txn_006600,reminder,reminder,False
Low Cost,txn_004443,retry,reminder,True
Low Cost,txn_007602,retry,retry,False
Low Cost,txn_003835,reminder,reminder,False
Low Cost,txn_009702,reminder,reminder,False
Low Cost,txn_004322,retry,payment_link,True
Low Cost,txn_003394,reminder,reminder,False
Low Cost,txn_004752,payment_link,payment_link,False
Low Cost,txn_007229,reminder,reminder,False
Low Cost,txn_009191,reminder,reminder,False
Low Cost,txn_002361,payment_link,reminder,True
Low Cost,txn_001148,retry,payment_link,True
Low Cost,txn_005666,payment_link,payment_link,False
Low Cost,txn_008075,payment_link,reminder,True
Low Cost,txn_004943,retry,retry,False
Low Cost,txn_003663,retry,retry,False
Low Cost,txn_001563,retry,retry,False
Low Cost,txn_004113,retry,payment_link,True
Low Cost,txn_009050,retry,reminder,True
Low Cost,txn_009276,payment_link,payment_link,False
Low Cost,txn_008538,retry,retry,False
Low Cost,txn_000795,retry,retry,False
Low Cost,txn_005854,retry,payment_link,True
Low Cost,txn_007619,retry,payment_link,True
Low Cost,txn_001594,retry,retry,False
Low Cost,txn_007418,retry,retry,False
Low Cost,txn_005267,reminder,reminder,False
Low Cost,txn_007147,payment_link,reminder,True
Low Cost,txn_000089,retry,payment_link,True
Low Cost,txn_008695,reminder,reminder,False
Low Cost,txn_009732,retry,payment_link,True
Low Cost,txn_009446,retry,retry,False
Low Cost,txn_006754,retry,payment_link,True
Low Cost,txn_003502,reminder,reminder,False
Low Cost,txn_002234,retry,payment_link,True
Low Cost,txn_002803,payment_link,reminder,True
Low Cost,txn_004424,retry,reminder,True
Low Cost,txn_005663,payment_link,payment_link,False
Low Cost,txn_007170,retry,payment_link,True
Low Cost,txn_008337,retry,retry,False
Low Cost,txn_002148,reminder,reminder,False
Low Cost,txn_007969,payment_link,payment_link,False
Low Cost,txn_006551,retry,retry,False
Low Cost,txn_007643,retry,payment_link,True
Low Cost,txn_006164,retry,payment_link,True
Low Cost,txn_001495,retry,retry,False
Low Cost,txn_007696,retry,payment_link,True
Low Cost,txn_007094,payment_link,payment_link,False
Low Cost,txn_001409,retry,retry,False
Low Cost,txn_006691,retry,payment_link,True
Low Cost,txn_003401,retry,retry,False
Low Cost,txn_000109,retry,retry,False
Low Cost,txn_005636,payment_link,reminder,True
Low Cost,txn_008482,retry,retry,False
Low Cost,txn_006604,payment_link,payment_link,False
Low Cost,txn_001091,retry,payment_link,True
Low Cost,txn_005560,retry,retry,False
Low Cost,txn_009412,retry,retry,False
Low Cost,txn_008143,retry,retry,False
Low Cost,txn_008664,retry,payment_link,True
Low Cost,txn_006596,retry,retry,False
Low Cost,txn_000624,payment_link,payment_link,False
Low Cost,txn_006871,payment_link,payment_link,False
Low Cost,txn_004814,retry,retry,False
Low Cost,txn_006553,retry,reminder,True
Low Cost,txn_007530,retry,payment_link,True
Low Cost,txn_005796,payment_link,payment_link,False
Low Cost,txn_007437,retry,payment_link,True
Low Cost,txn_004218,retry,payment_link,True
Low Cost,txn_005941,retry,retry,False
Low Cost,txn_008501,payment_link,payment_link,False
Low Cost,txn_006429,retry,payment_link,True
Low Cost,txn_006827,payment_link,payment_link,False
Low Cost,txn_004131,payment_link,reminder,True
Low Cost,txn_007802,retry,retry,False
Low Cost,txn_007754,retry,payment_link,True
Low Cost,txn_004722,retry,payment_link,True
Low Cost,txn_001651,retry,retry,False
Low Cost,txn_004141,reminder,reminder,False
Low Cost,txn_001618,reminder,reminder,False
Low Cost,txn_002030,retry,retry,False
Low Cost,txn_008518,reminder,reminder,False
Low Cost,txn_004576,payment_link,payment_link,False
Low Cost,txn_003993,retry,retry,False
Low Cost,txn_007377,retry,retry,False
Low Cost,txn_006150,retry,payment_link,True
Low Cost,txn_004909,retry,retry,False
Low Cost,txn_005027,retry,payment_link,True
Low Cost,txn_008261,payment_link,payment_link,False
Low Cost,txn_004732,payment_link,payment_link,False
Low Cost,txn_007549,payment_link,retry,True
Low Cost,txn_008135,retry,payment_link,True
Low Cost,txn_001607,retry,retry,False
Low Cost,txn_004774,payment_link,payment_link,False
Low Cost,txn_008110,retry,retry,False
Low Cost,txn_006952,reminder,reminder,False
Low Cost,txn_006005,retry,payment_link,True
Low Cost,txn_007729,retry,retry,False
Low Cost,txn_003542,retry,retry,False
Low Cost,txn_000389,retry,payment_link,True
Low Cost,txn_001795,retry,retry,False
Low Cost,txn_008732,retry,payment_link,True
Low Cost,txn_004920,reminder,reminder,False
Low Cost,txn_005538,payment_link,payment_link,False
Low Cost,txn_003873,retry,payment_link,True
Low Cost,txn_008869,retry,payment_link,True
Low Cost,txn_002255,retry,retry,False
Low Cost,txn_003413,reminder,reminder,False
Low Cost,txn_005460,retry,retry,False
Low Cost,txn_004956,retry,retry,False
Low Cost,txn_007397,reminder,reminder,False
Low Cost,txn_005415,retry,retry,False
Low Cost,txn_007400,payment_link,payment_link,False
Low Cost,txn_007415,payment_link,payment_link,False
Low Cost,txn_009101,payment_link,payment_link,False
Low Cost,txn_004852,payment_link,payment_link,False
Low Cost,txn_002026,reminder,reminder,False
Low Cost,txn_002616,reminder,reminder,False
Low Cost,txn_007389,reminder,reminder,False
Low Cost,txn_002927,retry,reminder,True
Low Cost,txn_001122,retry,retry,False
Low Cost,txn_002911,retry,retry,False
Low Cost,txn_008147,payment_link,payment_link,False
Low Cost,txn_007384,retry,payment_link,True
Low Cost,txn_003483,payment_link,payment_link,False
Low Cost,txn_000796,payment_link,payment_link,False
Low Cost,txn_001576,reminder,reminder,False
Low Cost,txn_006177,payment_link,payment_link,False
Low Cost,txn_006267,reminder,reminder,False
Low Cost,txn_002459,payment_link,payment_link,False
Low Cost,txn_003313,payment_link,payment_link,False
Low Cost,txn_001254,payment_link,payment_link,False
Low Cost,txn_006835,retry,payment_link,True
Low Cost,txn_008795,retry,payment_link,True
Low Cost,txn_003838,retry,payment_link,True
Low Cost,txn_004399,retry,retry,False
Low Cost,txn_003596,payment_link,payment_link,False
Low Cost,txn_006622,retry,payment_link,True
Low Cost,txn_008383,payment_link,payment_link,False
Low Cost,txn_002125,retry,retry,False
Low Cost,txn_003239,payment_link,payment_link,False
Low Cost,txn_005404,payment_link,payment_link,False
Low Cost,txn_005999,retry,payment_link,True
Low Cost,txn_005939,payment_link,payment_link,False
Low Cost,txn_002046,retry,retry,False
Low Cost,txn_001579,reminder,reminder,False
Low Cost,txn_000015,reminder,reminder,False
Low Cost,txn_002674,payment_link,payment_link,False
Low Cost,txn_007017,retry,retry,False
Low Cost,txn_008721,reminder,reminder,False
Low Cost,txn_008850,reminder,reminder,False
Low Cost,txn_004813,retry,retry,False
Low Cost,txn_001085,retry,payment_link,True
Low Cost,txn_004984,retry,retry,False
Low Cost,txn_007156,retry,payment_link,True
Low Cost,txn_002885,retry,retry,False
Low Cost,txn_000334,reminder,reminder,False
Low Cost,txn_007205,retry,retry,False
Low Cost,txn_004368,payment_link,payment_link,False
Low Cost,txn_003080,payment_link,payment_link,False
Low Cost,txn_007204,retry,reminder,True
Low Cost,txn_009910,reminder,reminder,False
Low Cost,txn_008865,retry,payment_link,True
Low Cost,txn_000264,reminder,reminder,False
Low Cost,txn_004338,retry,payment_link,True
Low Cost,txn_008896,retry,retry,False
Low Cost,txn_008448,reminder,reminder,False
Low Cost,txn_005904,payment_link,retry,True
Low Cost,txn_001499,retry,retry,False
Low Cost,txn_004191,retry,retry,False
Low Cost,txn_007486,retry,retry,False
Low Cost,txn_009644,reminder,reminder,False
Low Cost,txn_008311,retry,payment_link,True
Low Cost,txn_007591,retry,payment_link,True
Low Cost,txn_000501,retry,payment_link,True
Low Cost,txn_009156,retry,payment_link,True
Low Cost,txn_009415,retry,retry,False
Low Cost,txn_003096,payment_link,payment_link,False
Low Cost,txn_004632,payment_link,payment_link,False
Low Cost,txn_000368,reminder,reminder,False
Low Cost,txn_004059,payment_link,payment_link,False
Low Cost,txn_008175,retry,payment_link,True
Low Cost,txn_004631,retry,reminder,True
Low Cost,txn_006071,retry,payment_link,True
Low Cost,txn_002665,retry,payment_link,True
Low Cost,txn_001027,payment_link,payment_link,False
Low Cost,txn_005909,retry,retry,False
Low Cost,txn_005051,payment_link,payment_link,False
Low Cost,txn_006329,payment_link,payment_link,False
Low Cost,txn_009734,reminder,reminder,False
Low Cost,txn_001692,reminder,reminder,False
Low Cost,txn_000674,retry,retry,False
Low Cost,txn_005573,retry,retry,False
Low Cost,txn_005767,payment_link,payment_link,False
Low Cost,txn_005157,retry,reminder,True
Low Cost,txn_000734,retry,payment_link,True
Low Cost,txn_003527,retry,retry,False
Low Cost,txn_000569,reminder,reminder,False
Low Cost,txn_009188,retry,payment_link,True
Low Cost,txn_002923,retry,payment_link,True
Low Cost,txn_007912,retry,retry,False
Low Cost,txn_001559,payment_link,reminder,True
Low Cost,txn_000102,retry,payment_link,True
Low Cost,txn_003008,reminder,reminder,False
Low Cost,txn_007202,retry,payment_link,True
Low Cost,txn_000304,payment_link,payment_link,False
Low Cost,txn_000077,payment_link,payment_link,False
Low Cost,txn_006755,retry,payment_link,True
Low Cost,txn_008630,retry,retry,False
Low Cost,txn_001209,reminder,reminder,False
Low Cost,txn_007743,payment_link,payment_link,False
Low Cost,txn_008215,retry,retry,False
Low Cost,txn_008945,payment_link,reminder,True
Low Cost,txn_008414,retry,payment_link,True
Low Cost,txn_001776,retry,reminder,True
Low Cost,txn_003474,reminder,reminder,False
Low Cost,txn_000484,retry,retry,False
Low Cost,txn_002190,reminder,reminder,False
Low Cost,txn_000347,payment_link,payment_link,False
Low Cost,txn_005482,payment_link,payment_link,False
Low Cost,txn_008362,retry,retry,False
Low Cost,txn_001473,reminder,reminder,False
Low Cost,txn_005101,payment_link,payment_link,False
Low Cost,txn_006766,payment_link,payment_link,False
Low Cost,txn_008707,retry,payment_link,True
Low Cost,txn_004930,retry,retry,False
Low Cost,txn_006330,retry,payment_link,True
Low Cost,txn_002610,retry,payment_link,True
Low Cost,txn_000004,payment_link,payment_link,False
Low Cost,txn_002214,retry,retry,False
Low Cost,txn_004828,retry,payment_link,True
Low Cost,txn_000857,payment_link,payment_link,False
Low Cost,txn_006978,retry,retry,False
Low Cost,txn_005886,reminder,reminder,False
Low Cost,txn_000625,retry,retry,False
Low Cost,txn_000291,retry,retry,False
Low Cost,txn_002019,reminder,reminder,False
Low Cost,txn_000669,retry,payment_link,True
Low Cost,txn_008922,retry,payment_link,True
Low Cost,txn_008265,payment_link,payment_link,False
Low Cost,txn_009697,payment_link,payment_link,False
Low Cost,txn_001632,payment_link,payment_link,False
Low Cost,txn_005171,reminder,reminder,False
Low Cost,txn_007206,payment_link,payment_link,False
Low Cost,txn_002523,reminder,reminder,False
Low Cost,txn_002216,payment_link,payment_link,False
Low Cost,txn_006969,retry,payment_link,True
Low Cost,txn_006497,retry,payment_link,True
Low Cost,txn_006214,payment_link,reminder,True
Low Cost,txn_007033,reminder,reminder,False
Low Cost,txn_007421,payment_link,reminder,True
Low Cost,txn_001108,retry,retry,False
Low Cost,txn_000451,reminder,reminder,False
Low Cost,txn_006290,retry,payment_link,True
Low Cost,txn_009967,retry,retry,False
Low Cost,txn_000136,retry,payment_link,True
Low Cost,txn_001786,payment_link,reminder,True
Low Cost,txn_003405,retry,payment_link,True
Low Cost,txn_002907,payment_link,payment_link,False
Low Cost,txn_008305,retry,retry,False
Low Cost,txn_007493,retry,payment_link,True
Low Cost,txn_006101,retry,retry,False
Low Cost,txn_004505,reminder,reminder,False
Low Cost,txn_005054,payment_link,reminder,True
Low Cost,txn_005206,retry,retry,False
Low Cost,txn_004081,retry,reminder,True
Low Cost,txn_006919,payment_link,payment_link,False
Low Cost,txn_006803,payment_link,payment_link,False
Low Cost,txn_005207,payment_link,payment_link,False
Low Cost,txn_000533,payment_link,payment_link,False
Low Cost,txn_004831,retry,payment_link,True
Low Cost,txn_004039,reminder,reminder,False
Low Cost,txn_004085,retry,retry,False
Low Cost,txn_003205,payment_link,payment_link,False
Low Cost,txn_007111,retry,payment_link,True
Low Cost,txn_000331,payment_link,payment_link,False
Low Cost,txn_004958,retry,retry,False
Low Cost,txn_003034,retry,reminder,True
Low Cost,txn_007685,reminder,reminder,False
Low Cost,txn_001598,retry,retry,False
Low Cost,txn_009920,reminder,reminder,False
Low Cost,txn_003598,reminder,reminder,False
Low Cost,txn_009039,retry,payment_link,True
Low Cost,txn_008002,retry,payment_link,True
Low Cost,txn_000591,reminder,reminder,False
Low Cost,txn_000648,payment_link,payment_link,False
Low Cost,txn_009103,retry,payment_link,True
Low Cost,txn_008016,reminder,reminder,False
Low Cost,txn_003772,payment_link,payment_link,False
Low Cost,txn_009040,retry,retry,False
Low Cost,txn_005083,retry,payment_link,True
Low Cost,txn_007883,payment_link,payment_link,False
Low Cost,txn_009363,payment_link,payment_link,False
Low Cost,txn_004211,reminder,reminder,False
Low Cost,txn_008835,payment_link,payment_link,False
Low Cost,txn_008700,payment_link,reminder,True
Low Cost,txn_001796,retry,retry,False
Low Cost,txn_002587,reminder,reminder,False
Low Cost,txn_008356,payment_link,payment_link,False
Low Cost,txn_002317,payment_link,payment_link,False
Low Cost,txn_004186,payment_link,reminder,True
Low Cost,txn_008828,payment_link,reminder,True
Low Cost,txn_007073,retry,payment_link,True
Low Cost,txn_005235,retry,retry,False
Low Cost,txn_008744,retry,payment_link,True
Low Cost,txn_008671,retry,reminder,True
Low Cost,txn_004769,payment_link,reminder,True
Low Cost,txn_009973,reminder,reminder,False
Low Cost,txn_007145,retry,retry,False
Low Cost,txn_002914,payment_link,payment_link,False
Low Cost,txn_009872,retry,retry,False
Low Cost,txn_009894,retry,reminder,True
Low Cost,txn_002076,retry,retry,False
Low Cost,txn_004303,payment_link,reminder,True
Low Cost,txn_005823,payment_link,payment_link,False
Low Cost,txn_002150,reminder,reminder,False
Low Cost,txn_000145,retry,retry,False
Low Cost,txn_004964,retry,payment_link,True
Low Cost,txn_008160,reminder,reminder,False
Low Cost,txn_009031,payment_link,reminder,True
Low Cost,txn_004776,payment_link,payment_link,False
Low Cost,txn_008934,reminder,reminder,False
Low Cost,txn_007750,reminder,reminder,False
Low Cost,txn_009829,reminder,reminder,False
Low Cost,txn_009215,reminder,reminder,False
Low Cost,txn_006061,retry,retry,False
Low Cost,txn_009476,retry,retry,False
Low Cost,txn_006410,payment_link,payment_link,False
Low Cost,txn_003318,payment_link,retry,True
Low Cost,txn_007465,retry,retry,False
Low Cost,txn_003062,payment_link,payment_link,False
Low Cost,txn_001356,retry,payment_link,True
Low Cost,txn_004515,retry,payment_link,True
Low Cost,txn_005506,retry,retry,False
Low Cost,txn_005251,retry,retry,False
Low Cost,txn_004512,retry,payment_link,True
Low Cost,txn_001731,reminder,reminder,False
Low Cost,txn_001759,retry,payment_link,True
Low Cost,txn_006651,payment_link,payment_link,False
Low Cost,txn_006647,retry,payment_link,True
Low Cost,txn_009861,reminder,reminder,False
Low Cost,txn_004140,retry,retry,False
Low Cost,txn_009394,reminder,reminder,False
Low Cost,txn_005124,retry,payment_link,True
Low Cost,txn_000001,retry,payment_link,True
Low Cost,txn_001865,retry,payment_link,True
Low Cost,txn_000544,retry,payment_link,True
Low Cost,txn_000350,retry,retry,False
Low Cost,txn_006907,retry,retry,False
Low Cost,txn_009766,payment_link,payment_link,False
Low Cost,txn_002524,payment_link,payment_link,False
Low Cost,txn_003465,payment_link,payment_link,False
Low Cost,txn_000458,retry,retry,False
Low Cost,txn_003024,retry,reminder,True
Low Cost,txn_007262,retry,payment_link,True
Low Cost,txn_009516,retry,payment_link,True
Low Cost,txn_007873,payment_link,payment_link,False
Low Cost,txn_006626,retry,reminder,True
Low Cost,txn_002535,retry,retry,False
Low Cost,txn_000132,reminder,reminder,False
Low Cost,txn_003705,reminder,reminder,False
Low Cost,txn_001373,retry,payment_link,True
Low Cost,txn_006201,payment_link,payment_link,False
Low Cost,txn_004857,retry,reminder,True
Low Cost,txn_004713,retry,payment_link,True
Low Cost,txn_005545,retry,payment_link,True
Low Cost,txn_001414,retry,retry,False
Low Cost,txn_004114,reminder,reminder,False
Low Cost,txn_000656,retry,payment_link,True
Low Cost,txn_008138,retry,retry,False
Low Cost,txn_004099,retry,retry,False
Low Cost,txn_000593,reminder,reminder,False
Low Cost,txn_008709,retry,retry,False
Low Cost,txn_003124,retry,retry,False
Low Cost,txn_003048,retry,payment_link,True
Low Cost,txn_003888,retry,payment_link,True
Low Cost,txn_005736,payment_link,payment_link,False
Low Cost,txn_002185,retry,payment_link,True
Low Cost,txn_002146,reminder,reminder,False
Low Cost,txn_007048,payment_link,payment_link,False
Low Cost,txn_003106,retry,reminder,True
Low Cost,txn_009234,retry,payment_link,True
Low Cost,txn_009097,retry,payment_link,True
Low Cost,txn_002770,retry,payment_link,True
Low Cost,txn_005222,payment_link,reminder,True
Low Cost,txn_005834,retry,payment_link,True
Low Cost,txn_001733,retry,payment_link,True
Low Cost,txn_000266,retry,retry,False
Low Cost,txn_005145,retry,retry,False
Low Cost,txn_008268,retry,retry,False
Low Cost,txn_003938,retry,retry,False
Low Cost,txn_000762,retry,retry,False
Low Cost,txn_007221,retry,reminder,True
Low Cost,txn_008440,retry,retry,False
Low Cost,txn_003258,payment_link,payment_link,False
Low Cost,txn_004339,retry,retry,False
Low Cost,txn_004363,retry,payment_link,True
Low Cost,txn_000317,retry,retry,False
Low Cost,txn_008070,retry,retry,False
Low Cost,txn_001852,reminder,reminder,False
Low Cost,txn_002485,retry,retry,False
Low Cost,txn_009874,payment_link,payment_link,False
Low Cost,txn_009575,retry,retry,False
Low Cost,txn_001079,retry,payment_link,True
Low Cost,txn_008359,payment_link,payment_link,False
Low Cost,txn_007334,retry,payment_link,True
Low Cost,txn_001072,retry,retry,False
Low Cost,txn_000104,retry,retry,False
Low Cost,txn_005749,retry,retry,False
Low Cost,txn_001419,retry,retry,False
Low Cost,txn_001659,retry,reminder,True
Low Cost,txn_005285,retry,retry,False
Low Cost,txn_001150,retry,retry,False
Low Cost,txn_007151,reminder,reminder,False
Low Cost,txn_001569,retry,reminder,True
Low Cost,txn_001088,reminder,reminder,False
Low Cost,txn_006086,retry,reminder,True
Low Cost,txn_008675,reminder,reminder,False
Low Cost,txn_008342,retry,retry,False
Low Cost,txn_007812,retry,payment_link,True
Low Cost,txn_006085,retry,payment_link,True
Low Cost,txn_008774,retry,retry,False
Low Cost,txn_008758,retry,payment_link,True
Low Cost,txn_001693,reminder,reminder,False
Low Cost,txn_004735,payment_link,payment_link,False
Low Cost,txn_003388,retry,retry,False
Low Cost,txn_003647,retry,payment_link,True
Low Cost,txn_001684,payment_link,payment_link,False
Low Cost,txn_000009,retry,payment_link,True
Low Cost,txn_006063,reminder,reminder,False
Low Cost,txn_006517,retry,payment_link,True
Low Cost,txn_004124,retry,reminder,True
Low Cost,txn_008730,reminder,reminder,False
Low Cost,txn_006046,retry,payment_link,True
Low Cost,txn_000568,retry,retry,False
Low Cost,txn_009162,payment_link,payment_link,False
Low Cost,txn_001804,reminder,reminder,False
Low Cost,txn_008502,retry,payment_link,True
Low Cost,txn_004901,payment_link,payment_link,False
Low Cost,txn_001600,retry,payment_link,True
Low Cost,txn_007932,retry,retry,False
Low Cost,txn_009548,payment_link,payment_link,False
Low Cost,txn_002824,reminder,reminder,False
Low Cost,txn_005468,payment_link,reminder,True
Low Cost,txn_003530,retry,retry,False
Low Cost,txn_008684,reminder,reminder,False
Low Cost,txn_001156,payment_link,payment_link,False
Low Cost,txn_006548,retry,reminder,True
Low Cost,txn_009089,retry,payment_link,True
Low Cost,txn_007621,retry,payment_link,True
Low Cost,txn_008297,retry,retry,False
Low Cost,txn_004541,payment_link,payment_link,False
Low Cost,txn_009135,reminder,reminder,False
Low Cost,txn_006483,reminder,reminder,False
Low Cost,txn_005827,reminder,reminder,False
Low Cost,txn_001191,payment_link,payment_link,False
Low Cost,txn_007445,retry,retry,False
Low Cost,txn_008521,retry,payment_link,True
Low Cost,txn_000961,retry,payment_link,True
Low Cost,txn_007455,retry,payment_link,True
Low Cost,txn_000037,retry,retry,False
Low Cost,txn_007517,retry,retry,False
Low Cost,txn_007645,retry,retry,False
Low Cost,txn_004439,reminder,reminder,False
Low Cost,txn_006162,retry,payment_link,True
Low Cost,txn_007745,reminder,reminder,False
Low Cost,txn_009588,retry,retry,False
Low Cost,txn_008120,retry,retry,False
Low Cost,txn_006968,retry,payment_link,True
Low Cost,txn_005719,retry,payment_link,True
Low Cost,txn_000578,retry,reminder,True
Low Cost,txn_009834,payment_link,payment_link,False
Low Cost,txn_004103,retry,payment_link,True
Low Cost,txn_007647,retry,retry,False
Low Cost,txn_004152,retry,reminder,True
Low Cost,txn_003131,retry,payment_link,True
Low Cost,txn_004891,reminder,reminder,False
Low Cost,txn_009976,retry,payment_link,True
Low Cost,txn_007472,retry,retry,False
Low Cost,txn_001834,payment_link,payment_link,False
Low Cost,txn_009149,retry,payment_link,True
Low Cost,txn_004892,retry,retry,False
Low Cost,txn_002288,payment_link,reminder,True
Low Cost,txn_001331,payment_link,reminder,True
Low Cost,txn_002772,retry,payment_link,True
Low Cost,txn_003687,retry,payment_link,True
Low Cost,txn_008284,payment_link,payment_link,False
Low Cost,txn_005929,retry,payment_link,True
Low Cost,txn_000638,reminder,reminder,False
Low Cost,txn_000048,retry,retry,False
Low Cost,txn_002603,reminder,reminder,False
Low Cost,txn_001966,retry,payment_link,True
Low Cost,txn_002169,retry,reminder,True
Low Cost,txn_005050,retry,retry,False
Low Cost,txn_003335,retry,retry,False
Low Cost,txn_003020,reminder,reminder,False
Low Cost,txn_008765,retry,retry,False
Low Cost,txn_009177,retry,payment_link,True
Low Cost,txn_001361,retry,retry,False
Low Cost,txn_005799,retry,retry,False
Low Cost,txn_009401,retry,payment_link,True
Low Cost,txn_003252,reminder,reminder,False
Low Cost,txn_006301,retry,payment_link,True
Low Cost,txn_002252,payment_link,payment_link,False
Low Cost,txn_006028,reminder,reminder,False
Low Cost,txn_001176,payment_link,payment_link,False
Low Cost,txn_008800,retry,retry,False
Low Cost,txn_003280,payment_link,reminder,True
Low Cost,txn_002974,reminder,reminder,False
Low Cost,txn_003397,retry,retry,False
Low Cost,txn_006940,payment_link,payment_link,False
Low Cost,txn_000966,retry,payment_link,True
Low Cost,txn_008575,retry,payment_link,True
Low Cost,txn_000743,retry,payment_link,True
Low Cost,txn_007515,reminder,reminder,False
Low Cost,txn_003315,retry,payment_link,True
Low Cost,txn_004899,payment_link,payment_link,False
Low Cost,txn_009341,reminder,reminder,False
Low Cost,txn_004673,payment_link,reminder,True
Low Cost,txn_008619,reminder,reminder,False
Low Cost,txn_001218,retry,reminder,True
Low Cost,txn_004398,retry,payment_link,True
Low Cost,txn_006081,payment_link,reminder,True
Low Cost,txn_002615,retry,retry,False
Low Cost,txn_002621,retry,payment_link,True
Low Cost,txn_008715,retry,reminder,True
Low Cost,txn_007283,retry,retry,False
Low Cost,txn_003380,retry,retry,False
Low Cost,txn_007302,retry,retry,False
Low Cost,txn_009858,retry,payment_link,True
Low Cost,txn_005606,payment_link,payment_link,False
Low Cost,txn_009814,retry,payment_link,True
Low Cost,txn_005787,reminder,reminder,False
Low Cost,txn_008519,retry,retry,False
Low Cost,txn_006851,retry,payment_link,True
Low Cost,txn_001517,retry,retry,False
Low Cost,txn_005099,payment_link,payment_link,False
Low Cost,txn_007637,retry,payment_link,True
Low Cost,txn_009086,reminder,reminder,False
Low Cost,txn_008024,retry,retry,False
Low Cost,txn_002393,retry,retry,False
Low Cost,txn_000587,retry,payment_link,True
Low Cost,txn_003520,retry,payment_link,True
Low Cost,txn_007654,retry,retry,False
Low Cost,txn_008947,payment_link,reminder,True
Low Cost,txn_000851,retry,retry,False
Low Cost,txn_000336,retry,payment_link,True
Low Cost,txn_006635,retry,retry,False
Low Cost,txn_008973,payment_link,payment_link,False
Low Cost,txn_007494,reminder,reminder,False
Low Cost,txn_002869,retry,payment_link,True
Low Cost,txn_004873,retry,reminder,True
Low Cost,txn_003551,retry,retry,False
Low Cost,txn_003843,retry,reminder,True
Low Cost,txn_007263,payment_link,reminder,True
Low Cost,txn_005825,retry,retry,False
Low Cost,txn_000024,retry,retry,False
Low Cost,txn_001454,reminder,reminder,False
Low Cost,txn_001685,reminder,reminder,False
Low Cost,txn_002311,retry,payment_link,True
Low Cost,txn_009064,retry,retry,False
Low Cost,txn_009407,payment_link,reminder,True
Low Cost,txn_000382,retry,retry,False
Low Cost,txn_005815,retry,payment_link,True
Low Cost,txn_005551,payment_link,reminder,True
Low Cost,txn_009309,payment_link,payment_link,False
Low Cost,txn_001619,retry,retry,False
Low Cost,txn_000790,retry,payment_link,True
Low Cost,txn_005984,retry,payment_link,True
Low Cost,txn_008673,retry,retry,False
Low Cost,txn_004476,retry,retry,False
Low Cost,txn_005607,retry,retry,False
Low Cost,txn_009313,payment_link,payment_link,False
Low Cost,txn_005649,retry,payment_link,True
Low Cost,txn_006217,reminder,reminder,False
Low Cost,txn_002287,retry,payment_link,True
Low Cost,txn_009994,payment_link,payment_link,False
Low Cost,txn_007579,reminder,reminder,False
Low Cost,txn_001184,retry,reminder,True
Low Cost,txn_006002,retry,retry,False
Low Cost,txn_005091,payment_link,payment_link,False
Low Cost,txn_002517,retry,payment_link,True
Low Cost,txn_004123,retry,payment_link,True
Low Cost,txn_005522,retry,retry,False
Low Cost,txn_005628,reminder,reminder,False
Low Cost,txn_008361,reminder,reminder,False
Low Cost,txn_005873,reminder,reminder,False
Low Cost,txn_008613,retry,payment_link,True
Low Cost,txn_007728,reminder,reminder,False
Low Cost,txn_005969,retry,retry,False
Low Cost,txn_001181,retry,payment_link,True
Low Cost,txn_008763,retry,payment_link,True
Low Cost,txn_008236,payment_link,payment_link,False
Low Cost,txn_002819,retry,payment_link,True
Low Cost,txn_009965,payment_link,payment_link,False
Low Cost,txn_008704,payment_link,payment_link,False
Low Cost,txn_006609,payment_link,payment_link,False
Low Cost,txn_002821,retry,retry,False
Low Cost,txn_007536,retry,retry,False
Low Cost,txn_002261,reminder,reminder,False
Low Cost,txn_002240,reminder,reminder,False
Low Cost,txn_006022,payment_link,payment_link,False
Low Cost,txn_000783,payment_link,payment_link,False
Low Cost,txn_000933,retry,payment_link,True
Low Cost,txn_006203,retry,retry,False
Low Cost,txn_002413,payment_link,payment_link,False
Low Cost,txn_006998,retry,payment_link,True
Low Cost,txn_009116,payment_link,payment_link,False
Low Cost,txn_001157,retry,payment_link,True
Low Cost,txn_008108,retry,retry,False
Low Cost,txn_005806,payment_link,payment_link,False
Low Cost,txn_004880,reminder,reminder,False
Low Cost,txn_003310,payment_link,payment_link,False
Low Cost,txn_008962,retry,retry,False
Low Cost,txn_001703,retry,payment_link,True
Low Cost,txn_002493,retry,reminder,True
Low Cost,txn_003707,payment_link,payment_link,False
Low Cost,txn_008277,payment_link,payment_link,False
Low Cost,txn_000287,retry,payment_link,True
Low Cost,txn_001609,payment_link,payment_link,False
Low Cost,txn_006632,retry,payment_link,True
Low Cost,txn_008279,retry,reminder,True
Low Cost,txn_007316,retry,retry,False
Low Cost,txn_002253,retry,payment_link,True
Low Cost,txn_007416,payment_link,payment_link,False
Low Cost,txn_008366,payment_link,payment_link,False
Low Cost,txn_001892,retry,reminder,True
Low Cost,txn_005063,payment_link,reminder,True
Low Cost,txn_006121,payment_link,payment_link,False
Low Cost,txn_000564,retry,reminder,True
Low Cost,txn_000292,payment_link,payment_link,False
Low Cost,txn_004717,reminder,reminder,False
Low Cost,txn_007709,payment_link,payment_link,False
Low Cost,txn_006350,payment_link,payment_link,False
Low Cost,txn_000170,payment_link,payment_link,False
Low Cost,txn_000268,retry,retry,False
Low Cost,txn_004639,retry,retry,False
Low Cost,txn_007078,retry,payment_link,True
Low Cost,txn_003356,reminder,reminder,False
Low Cost,txn_008280,retry,retry,False
Low Cost,txn_000316,retry,reminder,True
Low Cost,txn_006729,retry,payment_link,True
Low Cost,txn_009496,payment_link,payment_link,False
Low Cost,txn_004068,reminder,reminder,False
Low Cost,txn_000246,payment_link,payment_link,False
Low Cost,txn_000253,retry,retry,False
Low Cost,txn_001112,payment_link,payment_link,False
Low Cost,txn_004802,retry,payment_link,True
Low Cost,txn_001714,retry,reminder,True
Low Cost,txn_000051,reminder,reminder,False
Low Cost,txn_001836,reminder,reminder,False
Low Cost,txn_007897,reminder,reminder,False
Low Cost,txn_003384,reminder,reminder,False
Low Cost,txn_006411,payment_link,payment_link,False
Low Cost,txn_004314,reminder,reminder,False
Low Cost,txn_000873,retry,retry,False
Low Cost,txn_001255,payment_link,payment_link,False
Low Cost,txn_008882,payment_link,payment_link,False
Low Cost,txn_005852,retry,retry,False
Low Cost,txn_005703,payment_link,payment_link,False
Low Cost,txn_008104,retry,payment_link,True
Low Cost,txn_002099,retry,retry,False
Low Cost,txn_005129,retry,payment_link,True
Low Cost,txn_000249,retry,retry,False
Low Cost,txn_006562,retry,payment_link,True
Low Cost,txn_001340,payment_link,payment_link,False
Low Cost,txn_007018,retry,payment_link,True
Low Cost,txn_002111,retry,retry,False
Low Cost,txn_001570,payment_link,payment_link,False
Low Cost,txn_001727,reminder,reminder,False
Low Cost,txn_008385,retry,retry,False
Low Cost,txn_006941,retry,retry,False
Low Cost,txn_004396,retry,retry,False
Low Cost,txn_002421,retry,reminder,True
Low Cost,txn_003046,retry,payment_link,True
Low Cost,txn_005504,retry,retry,False
Low Cost,txn_003704,payment_link,reminder,True
Low Cost,txn_008192,reminder,reminder,False
Low Cost,txn_005332,payment_link,payment_link,False
Low Cost,txn_009809,payment_link,payment_link,False
Low Cost,txn_000448,retry,retry,False
Low Cost,txn_007895,retry,payment_link,True
Low Cost,txn_008729,reminder,reminder,False
Low Cost,txn_007829,retry,retry,False
Low Cost,txn_001769,retry,payment_link,True
Low Cost,txn_006809,payment_link,reminder,True
Low Cost,txn_004705,reminder,reminder,False
Low Cost,txn_003870,payment_link,payment_link,False
Low Cost,txn_001656,reminder,reminder,False
Low Cost,txn_003188,payment_link,payment_link,False
Low Cost,txn_000684,payment_link,retry,True
Low Cost,txn_004171,retry,payment_link,True
Low Cost,txn_004478,reminder,reminder,False
Low Cost,txn_000462,retry,payment_link,True
Low Cost,txn_005765,reminder,reminder,False
Low Cost,txn_007523,payment_link,payment_link,False
Low Cost,txn_004503,reminder,reminder,False
Low Cost,txn_009710,reminder,reminder,False
Low Cost,txn_000319,retry,payment_link,True
Low Cost,txn_001146,retry,retry,False
Low Cost,txn_005095,retry,payment_link,True
Low Cost,txn_001394,retry,retry,False
Low Cost,txn_006624,retry,payment_link,True
Low Cost,txn_001502,retry,retry,False
Low Cost,txn_006409,retry,payment_link,True
Low Cost,txn_000377,reminder,reminder,False
Low Cost,txn_000411,retry,retry,False
Low Cost,txn_001661,payment_link,payment_link,False
Low Cost,txn_003152,retry,retry,False
Low Cost,txn_001624,retry,payment_link,True
Low Cost,txn_005610,retry,payment_link,True
Low Cost,txn_008533,payment_link,payment_link,False
Low Cost,txn_005803,payment_link,payment_link,False
Low Cost,txn_005307,reminder,reminder,False
Low Cost,txn_007087,retry,retry,False
Low Cost,txn_008898,retry,retry,False
Low Cost,txn_007489,payment_link,payment_link,False
Low Cost,txn_009616,retry,payment_link,True
Low Cost,txn_009218,retry,retry,False
Low Cost,txn_001673,retry,retry,False
Low Cost,txn_002359,retry,retry,False
Low Cost,txn_008468,reminder,reminder,False
Low Cost,txn_000275,retry,retry,False
Low Cost,txn_002474,reminder,reminder,False
Low Cost,txn_005490,payment_link,payment_link,False
Low Cost,txn_004772,payment_link,reminder,True
Low Cost,txn_002108,payment_link,reminder,True
Low Cost,txn_007501,retry,retry,False
Low Cost,txn_004415,retry,payment_link,True
Low Cost,txn_008139,retry,payment_link,True
Low Cost,txn_008661,retry,payment_link,True
Low Cost,txn_008240,retry,retry,False
Low Cost,txn_002418,retry,retry,False
Low Cost,txn_008772,payment_link,payment_link,False
Low Cost,txn_002237,retry,payment_link,True
Low Cost,txn_003768,reminder,reminder,False
Low Cost,txn_009792,reminder,reminder,False
Low Cost,txn_009990,payment_link,payment_link,False
Low Cost,txn_009966,payment_link,payment_link,False
Low Cost,txn_007324,retry,payment_link,True
Low Cost,txn_001384,retry,payment_link,True
Low Cost,txn_003102,reminder,reminder,False
Low Cost,txn_003922,reminder,reminder,False
Low Cost,txn_006686,retry,retry,False
Low Cost,txn_003195,retry,payment_link,True
Low Cost,txn_001942,retry,retry,False
Low Cost,txn_007714,reminder,reminder,False
Low Cost,txn_004897,retry,payment_link,True
Low Cost,txn_004783,payment_link,payment_link,False
Low Cost,txn_001497,reminder,reminder,False
Low Cost,txn_001958,retry,reminder,True
Low Cost,txn_009172,reminder,reminder,False
Low Cost,txn_009746,retry,reminder,True
Low Cost,txn_007333,retry,retry,False
Low Cost,txn_007950,reminder,reminder,False
Low Cost,txn_003018,payment_link,payment_link,False
Low Cost,txn_006747,retry,retry,False
Low Cost,txn_000514,reminder,reminder,False
Low Cost,txn_003935,reminder,reminder,False
Low Cost,txn_003026,retry,reminder,True
Low Cost,txn_001200,retry,retry,False
Low Cost,txn_005029,retry,payment_link,True
Low Cost,txn_009785,reminder,reminder,False
Low Cost,txn_000922,reminder,reminder,False
Low Cost,txn_004650,retry,payment_link,True
Low Cost,txn_005333,payment_link,reminder,True
Low Cost,txn_001077,retry,retry,False
Low Cost,txn_006769,reminder,reminder,False
Low Cost,txn_009411,retry,retry,False
Low Cost,txn_001672,payment_link,payment_link,False
Low Cost,txn_000475,payment_link,payment_link,False
Low Cost,txn_009187,payment_link,payment_link,False
Low Cost,txn_008840,retry,reminder,True
Low Cost,txn_005759,reminder,reminder,False
Low Cost,txn_006298,retry,retry,False
Low Cost,txn_002479,retry,retry,False
Low Cost,txn_005494,retry,retry,False
Low Cost,txn_003915,retry,retry,False
Low Cost,txn_002139,retry,payment_link,True
Low Cost,txn_005455,reminder,reminder,False
Low Cost,txn_005380,reminder,reminder,False
Low Cost,txn_008986,retry,payment_link,True
Low Cost,txn_004024,retry,payment_link,True
Low Cost,txn_003486,retry,payment_link,True
Low Cost,txn_002456,payment_link,payment_link,False
Low Cost,txn_002465,retry,reminder,True
Low Cost,txn_008697,retry,retry,False
Low Cost,txn_001370,payment_link,payment_link,False
Low Cost,txn_006689,retry,retry,False
Low Cost,txn_007457,retry,payment_link,True
Low Cost,txn_009975,payment_link,payment_link,False
Low Cost,txn_001902,retry,payment_link,True
Low Cost,txn_004872,payment_link,payment_link,False
Low Cost,txn_004711,retry,payment_link,True
Low Cost,txn_007887,reminder,reminder,False
Low Cost,txn_001794,reminder,reminder,False
Low Cost,txn_002875,reminder,reminder,False
Low Cost,txn_006218,payment_link,payment_link,False
Low Cost,txn_005214,retry,retry,False
Low Cost,txn_002246,retry,payment_link,True
Low Cost,txn_001742,retry,retry,False
Low Cost,txn_001021,payment_link,payment_link,False
Low Cost,txn_000706,payment_link,payment_link,False
Low Cost,txn_004295,reminder,reminder,False
Low Cost,txn_005577,retry,payment_link,True
Low Cost,txn_007167,payment_link,payment_link,False
Low Cost,txn_008178,retry,payment_link,True
Low Cost,txn_000909,retry,retry,False
Low Cost,txn_005194,reminder,reminder,False
Low Cost,txn_003078,reminder,reminder,False
Low Cost,txn_009367,retry,retry,False
Low Cost,txn_000595,retry,retry,False
Low Cost,txn_005305,payment_link,payment_link,False
Low Cost,txn_000441,retry,reminder,True
Low Cost,txn_007607,reminder,reminder,False
Low Cost,txn_004093,retry,retry,False
Low Cost,txn_006135,payment_link,payment_link,False
Low Cost,txn_000011,retry,retry,False
Low Cost,txn_003777,retry,payment_link,True
Low Cost,txn_009000,retry,retry,False
Low Cost,txn_003709,payment_link,reminder,True
Low Cost,txn_003781,payment_link,payment_link,False
Low Cost,txn_000094,reminder,reminder,False
Low Cost,txn_009240,reminder,reminder,False
Low Cost,txn_003950,retry,payment_link,True
Low Cost,txn_005786,retry,reminder,True
Low Cost,txn_004871,retry,retry,False
Low Cost,txn_004803,retry,payment_link,True
Low Cost,txn_004868,retry,retry,False
Low Cost,txn_000293,payment_link,payment_link,False
Low Cost,txn_007889,retry,payment_link,True
Low Cost,txn_007406,retry,reminder,True
Low Cost,txn_005596,payment_link,payment_link,False
Low Cost,txn_002887,reminder,reminder,False
Low Cost,txn_006455,payment_link,payment_link,False
Low Cost,txn_002543,retry,reminder,True
Low Cost,txn_001766,reminder,reminder,False
Low Cost,txn_006801,reminder,reminder,False
Low Cost,txn_001878,reminder,reminder,False
Low Cost,txn_001982,payment_link,payment_link,False
Low Cost,txn_009730,retry,retry,False
Low Cost,txn_009609,retry,retry,False
Low Cost,txn_002686,reminder,reminder,False
Low Cost,txn_008931,retry,retry,False
Low Cost,txn_003459,reminder,reminder,False
Low Cost,txn_004542,retry,payment_link,True
Low Cost,txn_002179,retry,payment_link,True
Low Cost,txn_004451,retry,reminder,True
Low Cost,txn_003860,payment_link,payment_link,False
Low Cost,txn_007624,retry,retry,False
Low Cost,txn_007655,reminder,reminder,False
Low Cost,txn_004520,reminder,reminder,False
Low Cost,txn_002518,retry,payment_link,True
Low Cost,txn_004837,retry,retry,False
Low Cost,txn_002886,retry,retry,False
Low Cost,txn_007282,retry,retry,False
Low Cost,txn_006256,retry,retry,False
Low Cost,txn_004540,retry,payment_link,True
Low Cost,txn_005640,retry,retry,False
Low Cost,txn_009460,retry,retry,False
Low Cost,txn_003482,reminder,reminder,False
Low Cost,txn_001278,reminder,reminder,False
Low Cost,txn_003147,payment_link,payment_link,False
Low Cost,txn_008263,payment_link,payment_link,False
Low Cost,txn_003206,reminder,reminder,False
Low Cost,txn_009893,retry,payment_link,True
Low Cost,txn_002743,retry,retry,False
Low Cost,txn_006077,retry,reminder,True
Low Cost,txn_004048,retry,payment_link,True
Low Cost,txn_005732,payment_link,payment_link,False
Low Cost,txn_002946,retry,payment_link,True
Low Cost,txn_005791,retry,retry,False
Low Cost,txn_006795,retry,retry,False
Low Cost,txn_006544,reminder,reminder,False
Low Cost,txn_000701,payment_link,payment_link,False
Low Cost,txn_003575,retry,payment_link,True
Low Cost,txn_007700,retry,retry,False
Low Cost,txn_002516,reminder,reminder,False
Low Cost,txn_003001,payment_link,payment_link,False
Low Cost,txn_005821,payment_link,payment_link,False
Low Cost,txn_008582,retry,retry,False
Low Cost,txn_003685,payment_link,payment_link,False
Low Cost,txn_002996,reminder,reminder,False
Low Cost,txn_004253,reminder,reminder,False
Low Cost,txn_003412,retry,retry,False
Low Cost,txn_007963,payment_link,payment_link,False
Low Cost,txn_006310,retry,retry,False
Low Cost,txn_008612,retry,payment_link,True
Low Cost,txn_005013,retry,reminder,True
Low Cost,txn_007751,retry,retry,False
Low Cost,txn_005980,retry,retry,False
Low Cost,txn_004049,payment_link,payment_link,False
Low Cost,txn_004900,reminder,reminder,False
Low Cost,txn_001319,retry,reminder,True
Low Cost,txn_009773,retry,retry,False
Low Cost,txn_009138,payment_link,payment_link,False
Low Cost,txn_007143,payment_link,payment_link,False
Low Cost,txn_001898,retry,payment_link,True
Low Cost,txn_007466,retry,retry,False
Low Cost,txn_000604,retry,retry,False
Low Cost,txn_002847,retry,retry,False
Low Cost,txn_008208,payment_link,payment_link,False
Low Cost,txn_000394,retry,retry,False
Low Cost,txn_004437,payment_link,payment_link,False
Low Cost,txn_009448,retry,reminder,True
Low Cost,txn_007235,retry,retry,False
Low Cost,txn_005399,retry,retry,False
Low Cost,txn_000096,retry,payment_link,True
Low Cost,txn_001663,reminder,reminder,False
Low Cost,txn_008971,retry,payment_link,True
Low Cost,txn_005131,payment_link,payment_link,False
Low Cost,txn_001489,retry,retry,False
Low Cost,txn_008317,retry,payment_link,True
Low Cost,txn_002708,reminder,reminder,False
Low Cost,txn_001596,payment_link,reminder,True
Low Cost,txn_009278,retry,retry,False
Low Cost,txn_002378,retry,payment_link,True
Low Cost,txn_005141,reminder,reminder,False
Low Cost,txn_006148,retry,retry,False
Low Cost,txn_008242,reminder,reminder,False
Low Cost,txn_003949,retry,payment_link,True
Low Cost,txn_003934,retry,payment_link,True
Low Cost,txn_004798,retry,retry,False
Low Cost,txn_004373,reminder,reminder,False
Low Cost,txn_009863,retry,retry,False
Low Cost,txn_008243,reminder,reminder,False
Low Cost,txn_003449,reminder,reminder,False
Low Cost,txn_002944,retry,payment_link,True
Low Cost,txn_002466,retry,payment_link,True
Low Cost,txn_008583,retry,retry,False
Low Cost,txn_005507,retry,retry,False
Low Cost,txn_002699,payment_link,payment_link,False
Low Cost,txn_002448,payment_link,payment_link,False
Low Cost,txn_000020,retry,reminder,True
Low Cost,txn_002749,retry,payment_link,True
Low Cost,txn_005400,retry,payment_link,True
Low Cost,txn_008079,payment_link,payment_link,False
Low Cost,txn_006872,retry,retry,False
Low Cost,txn_004709,retry,payment_link,True
Low Cost,txn_009477,reminder,reminder,False
Low Cost,txn_000810,retry,retry,False
Low Cost,txn_007478,payment_link,payment_link,False
Low Cost,txn_002274,payment_link,payment_link,False
Low Cost,txn_001924,retry,retry,False
Low Cost,txn_001471,retry,payment_link,True
Low Cost,txn_007935,payment_link,reminder,True
Low Cost,txn_007408,reminder,reminder,False
Low Cost,txn_002407,reminder,reminder,False
Low Cost,txn_001143,retry,payment_link,True
Low Cost,txn_001748,retry,payment_link,True
Low Cost,txn_005710,retry,retry,False
Low Cost,txn_004976,payment_link,payment_link,False
Low Cost,txn_007301,payment_link,payment_link,False
Low Cost,txn_008149,retry,payment_link,True
Low Cost,txn_002834,reminder,reminder,False
Low Cost,txn_003132,retry,payment_link,True
Low Cost,txn_001311,retry,retry,False
Low Cost,txn_008651,retry,retry,False
Low Cost,txn_006775,retry,retry,False
Low Cost,txn_006757,retry,retry,False
Low Cost,txn_000621,retry,reminder,True
Low Cost,txn_002702,retry,payment_link,True
Low Cost,txn_002200,payment_link,payment_link,False
Low Cost,txn_006197,payment_link,payment_link,False
Low Cost,txn_008825,retry,reminder,True
Low Cost,txn_001047,payment_link,payment_link,False
Low Cost,txn_005769,reminder,reminder,False
Low Cost,txn_009948,retry,payment_link,True
Low Cost,txn_009020,payment_link,payment_link,False
Low Cost,txn_000744,retry,retry,False
Low Cost,txn_000223,retry,payment_link,True
Low Cost,txn_003150,payment_link,payment_link,False
Low Cost,txn_000626,retry,payment_link,True
Low Cost,txn_009335,retry,reminder,True
Low Cost,txn_007567,payment_link,reminder,True
Low Cost,txn_004583,retry,retry,False
Low Cost,txn_005712,payment_link,reminder,True
Low Cost,txn_003285,reminder,reminder,False
Low Cost,txn_007586,reminder,reminder,False
Low Cost,txn_009647,payment_link,payment_link,False
Low Cost,txn_001531,payment_link,payment_link,False
Low Cost,txn_009686,retry,retry,False
Low Cost,txn_000354,payment_link,payment_link,False
Low Cost,txn_002475,payment_link,payment_link,False
Low Cost,txn_008014,payment_link,payment_link,False
Low Cost,txn_006476,payment_link,payment_link,False
Low Cost,txn_006450,retry,payment_link,True
Low Cost,txn_000240,retry,reminder,True
Low Cost,txn_002626,retry,retry,False
Low Cost,txn_009787,retry,retry,False
Low Cost,txn_007199,retry,retry,False
Low Cost,txn_007693,payment_link,reminder,True
Low Cost,txn_002998,payment_link,reminder,True
Low Cost,txn_006441,payment_link,payment_link,False
Low Cost,txn_004563,retry,payment_link,True
Low Cost,txn_008615,retry,payment_link,True
Low Cost,txn_001480,retry,payment_link,True
Low Cost,txn_001019,retry,payment_link,True
Low Cost,txn_003095,retry,retry,False
Low Cost,txn_006183,retry,payment_link,True
Low Cost,txn_004961,retry,payment_link,True
Low Cost,txn_008493,reminder,reminder,False
Low Cost,txn_001104,payment_link,payment_link,False
Low Cost,txn_006082,reminder,reminder,False
Low Cost,txn_009526,retry,payment_link,True
Low Cost,txn_005191,retry,payment_link,True
Low Cost,txn_004182,retry,retry,False
Low Cost,txn_004468,payment_link,payment_link,False
Low Cost,txn_001627,reminder,reminder,False
Low Cost,txn_006718,reminder,reminder,False
Low Cost,txn_003799,retry,retry,False
Low Cost,txn_003054,retry,payment_link,True
Low Cost,txn_002868,payment_link,payment_link,False
Low Cost,txn_001433,retry,retry,False
Low Cost,txn_007984,retry,payment_link,True
Low Cost,txn_009347,retry,payment_link,True
Low Cost,txn_009420,retry,retry,False
Low Cost,txn_004077,reminder,reminder,False
Low Cost,txn_000218,retry,retry,False
Low Cost,txn_003556,reminder,reminder,False
Low Cost,txn_007937,reminder,reminder,False
Low Cost,txn_008422,reminder,reminder,False
Low Cost,txn_001035,payment_link,payment_link,False
Low Cost,txn_003774,retry,retry,False
Low Cost,txn_004133,retry,retry,False
Low Cost,txn_002336,retry,retry,False
Low Cost,txn_006493,reminder,reminder,False
Low Cost,txn_001483,payment_link,payment_link,False
Low Cost,txn_000907,retry,reminder,True
Low Cost,txn_006089,payment_link,payment_link,False
Low Cost,txn_006467,reminder,reminder,False
Low Cost,txn_005677,retry,payment_link,True
Low Cost,txn_002771,retry,payment_link,True
Low Cost,txn_001806,retry,payment_link,True
Low Cost,txn_007375,retry,retry,False
Low Cost,txn_002115,retry,retry,False
Low Cost,txn_004535,retry,payment_link,True
Low Cost,txn_002532,retry,payment_link,True
Low Cost,txn_008526,reminder,reminder,False
Low Cost,txn_003471,reminder,reminder,False
Low Cost,txn_001403,retry,retry,False
Low Cost,txn_000853,retry,retry,False
Low Cost,txn_003083,reminder,reminder,False
Low Cost,txn_008025,retry,retry,False
Low Cost,txn_007566,retry,retry,False
Low Cost,txn_005530,retry,payment_link,True
Low Cost,txn_007855,retry,retry,False
Low Cost,txn_004933,payment_link,payment_link,False
Low Cost,txn_005160,retry,payment_link,True
Low Cost,txn_009716,payment_link,payment_link,False
Low Cost,txn_003847,retry,retry,False
Low Cost,txn_006484,retry,retry,False
Low Cost,txn_000748,payment_link,payment_link,False
Low Cost,txn_003035,retry,retry,False
Low Cost,txn_000348,payment_link,payment_link,False
Low Cost,txn_003352,retry,retry,False
Low Cost,txn_002865,retry,payment_link,True
Low Cost,txn_002168,retry,retry,False
Low Cost,txn_006955,payment_link,payment_link,False
Low Cost,txn_006210,payment_link,payment_link,False
Low Cost,txn_002778,payment_link,payment_link,False
Low Cost,txn_001442,payment_link,payment_link,False
Low Cost,txn_005658,payment_link,payment_link,False
Low Cost,txn_009658,reminder,reminder,False
Low Cost,txn_003028,payment_link,payment_link,False
Low Cost,txn_006118,retry,retry,False
Low Cost,txn_002484,retry,payment_link,True
Low Cost,txn_002883,retry,retry,False
Low Cost,txn_005562,retry,retry,False
Low Cost,txn_000764,retry,reminder,True
Low Cost,txn_006482,retry,payment_link,True
Low Cost,txn_001617,payment_link,payment_link,False
Low Cost,txn_001223,payment_link,payment_link,False
Low Cost,txn_008665,retry,payment_link,True
Low Cost,txn_006222,reminder,reminder,False
Low Cost,txn_001577,payment_link,payment_link,False
Low Cost,txn_009392,retry,payment_link,True
Low Cost,txn_006351,retry,retry,False
Low Cost,txn_003783,retry,payment_link,True
Low Cost,txn_004375,retry,retry,False
Low Cost,txn_000709,reminder,reminder,False
Low Cost,txn_000510,retry,payment_link,True
Low Cost,txn_002955,retry,payment_link,True
Low Cost,txn_007538,retry,retry,False
Low Cost,txn_006339,retry,retry,False
Low Cost,txn_008923,payment_link,payment_link,False
Low Cost,txn_007064,reminder,reminder,False
Low Cost,txn_007163,retry,payment_link,True
Low Cost,txn_007372,payment_link,payment_link,False
Low Cost,txn_006829,reminder,reminder,False
Low Cost,txn_003616,reminder,reminder,False
Low Cost,txn_004657,retry,retry,False
Low Cost,txn_006976,payment_link,payment_link,False
Low Cost,txn_004351,payment_link,payment_link,False
Low Cost,txn_000712,retry,payment_link,True
Low Cost,txn_006479,retry,retry,False
Low Cost,txn_009130,reminder,reminder,False
Low Cost,txn_008205,retry,retry,False
Low Cost,txn_009204,reminder,reminder,False
Low Cost,txn_000713,reminder,reminder,False
Low Cost,txn_009113,reminder,reminder,False
Low Cost,txn_001246,retry,reminder,True
Low Cost,txn_009786,reminder,reminder,False
Low Cost,txn_006849,retry,retry,False
Low Cost,txn_005134,payment_link,reminder,True
Low Cost,txn_000716,retry,retry,False
Low Cost,txn_003464,retry,retry,False
Low Cost,txn_004395,payment_link,payment_link,False
Low Cost,txn_004569,retry,retry,False
Low Cost,txn_008804,retry,payment_link,True
Low Cost,txn_008490,retry,retry,False
Low Cost,txn_007702,reminder,reminder,False
Low Cost,txn_000213,retry,payment_link,True
Low Cost,txn_009768,retry,reminder,True
Low Cost,txn_006839,retry,payment_link,True
Low Cost,txn_001011,retry,retry,False
Low Cost,txn_000324,payment_link,payment_link,False
Low Cost,txn_005397,retry,payment_link,True
Low Cost,txn_005991,payment_link,payment_link,False
Low Cost,txn_003173,payment_link,payment_link,False
Low Cost,txn_000335,reminder,reminder,False
Low Cost,txn_008306,reminder,reminder,False
Low Cost,txn_002211,retry,reminder,True
Low Cost,txn_004272,retry,retry,False
Low Cost,txn_006741,reminder,reminder,False
Low Cost,txn_000234,retry,retry,False
Low Cost,txn_005951,reminder,reminder,False
Low Cost,txn_005738,retry,retry,False
Low Cost,txn_007922,retry,reminder,True
Low Cost,txn_002349,retry,retry,False
Low Cost,txn_002037,reminder,reminder,False
Low Cost,txn_007485,retry,payment_link,True
Low Cost,txn_006007,reminder,reminder,False
Low Cost,txn_004554,payment_link,payment_link,False
Low Cost,txn_008073,retry,payment_link,True
Low Cost,txn_001459,retry,retry,False
Low Cost,txn_003289,payment_link,payment_link,False
Low Cost,txn_003065,payment_link,payment_link,False
Low Cost,txn_009437,payment_link,payment_link,False
Low Cost,txn_000775,reminder,reminder,False
Low Cost,txn_006833,retry,retry,False
Low Cost,txn_000872,retry,payment_link,True
Low Cost,txn_008750,payment_link,payment_link,False
Low Cost,txn_001264,payment_link,reminder,True
Low Cost,txn_004834,retry,retry,False
Low Cost,txn_003895,retry,retry,False
Low Cost,txn_006324,retry,retry,False
Low Cost,txn_009213,retry,reminder,True
Low Cost,txn_007020,payment_link,payment_link,False
Low Cost,txn_001221,reminder,reminder,False
Low Cost,txn_001447,retry,payment_link,True
Low Cost,txn_003185,reminder,reminder,False
Low Cost,txn_000409,reminder,reminder,False
Low Cost,txn_004345,retry,retry,False
Low Cost,txn_003022,retry,retry,False
Low Cost,txn_002304,retry,payment_link,True
Low Cost,txn_006272,retry,payment_link,True
Low Cost,txn_008281,retry,payment_link,True
Low Cost,txn_006642,reminder,reminder,False
Low Cost,txn_006956,retry,retry,False
Low Cost,txn_002110,retry,payment_link,True
Low Cost,txn_005352,payment_link,payment_link,False
Low Cost,txn_009684,retry,retry,False
Low Cost,txn_008344,retry,retry,False
Low Cost,txn_004550,payment_link,payment_link,False
Low Cost,txn_001881,retry,retry,False
Low Cost,txn_005946,reminder,reminder,False
Low Cost,txn_001738,retry,retry,False
Low Cost,txn_007794,reminder,reminder,False
Low Cost,txn_005213,payment_link,payment_link,False
Low Cost,txn_003209,retry,payment_link,True
Low Cost,txn_007083,payment_link,payment_link,False
Low Cost,txn_002056,reminder,reminder,False
Low Cost,txn_001689,retry,payment_link,True
Low Cost,txn_004780,retry,retry,False
Low Cost,txn_007476,payment_link,payment_link,False
Low Cost,txn_007877,retry,payment_link,True
Low Cost,txn_006750,retry,retry,False
Low Cost,txn_008556,reminder,reminder,False
Low Cost,txn_008123,retry,retry,False
Low Cost,txn_006991,payment_link,payment_link,False
Low Cost,txn_008267,payment_link,payment_link,False
Low Cost,txn_008540,payment_link,payment_link,False
Low Cost,txn_003393,retry,retry,False
Low Cost,txn_006326,payment_link,payment_link,False
Low Cost,txn_003529,retry,retry,False
Low Cost,txn_004605,payment_link,reminder,True
Low Cost,txn_007024,retry,payment_link,True
Low Cost,txn_006322,payment_link,payment_link,False
Low Cost,txn_000746,retry,reminder,True
Low Cost,txn_000711,payment_link,payment_link,False
Low Cost,txn_000380,reminder,reminder,False
Low Cost,txn_008783,payment_link,reminder,True
Low Cost,txn_003012,payment_link,payment_link,False
Low Cost,txn_008859,reminder,reminder,False
Low Cost,txn_007153,payment_link,reminder,True
Low Cost,txn_008567,retry,retry,False
Low Cost,txn_003498,reminder,reminder,False
Low Cost,txn_003890,reminder,reminder,False
Low Cost,txn_004485,retry,payment_link,True
Low Cost,txn_004012,retry,retry,False
Low Cost,txn_002620,reminder,reminder,False
Low Cost,txn_006671,payment_link,reminder,True
Low Cost,txn_006513,reminder,reminder,False
Low Cost,txn_003468,reminder,reminder,False
Low Cost,txn_001314,payment_link,payment_link,False
Low Cost,txn_008606,retry,retry,False
Low Cost,txn_002070,reminder,reminder,False
Low Cost,txn_002983,payment_link,payment_link,False
Low Cost,txn_005915,payment_link,payment_link,False
Low Cost,txn_009171,retry,retry,False
Low Cost,txn_001286,retry,retry,False
Low Cost,txn_008991,retry,payment_link,True
Low Cost,txn_008430,payment_link,payment_link,False
Low Cost,txn_001350,retry,retry,False
Low Cost,txn_002612,retry,retry,False
Low Cost,txn_009495,retry,retry,False
Low Cost,txn_003669,reminder,reminder,False
Low Cost,txn_002222,retry,retry,False
Low Cost,txn_000428,retry,payment_link,True
Low Cost,txn_000654,payment_link,payment_link,False
Low Cost,txn_009914,retry,retry,False
Low Cost,txn_003536,retry,retry,False
Low Cost,txn_007737,retry,payment_link,True
Low Cost,txn_003246,retry,retry,False
Low Cost,txn_004741,payment_link,payment_link,False
Low Cost,txn_009069,reminder,reminder,False
Low Cost,txn_004100,retry,retry,False
Low Cost,txn_004101,payment_link,payment_link,False
Low Cost,txn_006960,reminder,reminder,False
Low Cost,txn_000612,retry,payment_link,True
Low Cost,txn_004289,reminder,reminder,False
Low Cost,txn_008571,retry,payment_link,True
Low Cost,txn_009713,reminder,reminder,False
Low Cost,txn_001544,retry,retry,False
Low Cost,txn_009536,retry,payment_link,True
Low Cost,txn_003854,reminder,reminder,False
Low Cost,txn_000555,retry,retry,False
Low Cost,txn_006366,retry,payment_link,True
Low Cost,txn_000512,retry,payment_link,True
Low Cost,txn_003207,retry,payment_link,True
Low Cost,txn_008085,retry,payment_link,True
Low Cost,txn_000968,retry,retry,False
Low Cost,txn_006044,retry,retry,False
Low Cost,txn_006880,retry,reminder,True
Low Cost,txn_006776,retry,payment_link,True
Low Cost,txn_003296,retry,payment_link,True
Low Cost,txn_008702,retry,payment_link,True
Low Cost,txn_003430,reminder,reminder,False
Low Cost,txn_008871,retry,retry,False
Low Cost,txn_006963,reminder,reminder,False
Low Cost,txn_002089,retry,payment_link,True
Low Cost,txn_008500,retry,payment_link,True
Low Cost,txn_006163,payment_link,payment_link,False
Low Cost,txn_003211,payment_link,payment_link,False
Low Cost,txn_009201,retry,payment_link,True
Low Cost,txn_006606,reminder,reminder,False
Low Cost,txn_001110,payment_link,payment_link,False
Low Cost,txn_005729,retry,retry,False
Low Cost,txn_007830,reminder,reminder,False
Low Cost,txn_001039,retry,retry,False
Low Cost,txn_001195,payment_link,reminder,True
Low Cost,txn_004475,retry,payment_link,True
Low Cost,txn_009875,retry,retry,False
Low Cost,txn_002123,retry,retry,False
Low Cost,txn_004983,retry,retry,False
Low Cost,txn_008974,payment_link,payment_link,False
Low Cost,txn_005701,retry,retry,False
Low Cost,txn_000935,retry,reminder,True
Low Cost,txn_006102,reminder,reminder,False
Low Cost,txn_004690,retry,payment_link,True
Low Cost,txn_000395,payment_link,payment_link,False
Low Cost,txn_004686,retry,retry,False
Low Cost,txn_008777,payment_link,payment_link,False
Low Cost,txn_009166,reminder,reminder,False
Low Cost,txn_005981,retry,retry,False
Low Cost,txn_009943,reminder,reminder,False
Low Cost,txn_002192,payment_link,payment_link,False
Low Cost,txn_001298,retry,retry,False
Low Cost,txn_005045,payment_link,payment_link,False
Low Cost,txn_001163,retry,payment_link,True
Low Cost,txn_004255,payment_link,payment_link,False
Low Cost,txn_006373,reminder,reminder,False
Low Cost,txn_001528,retry,payment_link,True
Low Cost,txn_004343,retry,retry,False
Low Cost,txn_002031,reminder,reminder,False
Low Cost,txn_003061,reminder,reminder,False
Low Cost,txn_000059,retry,retry,False
Low Cost,txn_002406,reminder,reminder,False
Low Cost,txn_005007,retry,retry,False
Low Cost,txn_006158,retry,retry,False
Low Cost,txn_007376,retry,payment_link,True
Low Cost,txn_004507,retry,retry,False
Low Cost,txn_005215,reminder,reminder,False
Low Cost,txn_006030,payment_link,payment_link,False
Low Cost,txn_001781,retry,retry,False
Low Cost,txn_005448,retry,retry,False
Low Cost,txn_004607,payment_link,payment_link,False
Low Cost,txn_006915,payment_link,payment_link,False
Low Cost,txn_000677,retry,retry,False
Low Cost,txn_003583,reminder,reminder,False
Low Cost,txn_003654,reminder,reminder,False
Low Cost,txn_007921,retry,retry,False
Low Cost,txn_009500,retry,payment_link,True
Low Cost,txn_002733,retry,payment_link,True
Low Cost,txn_004788,retry,payment_link,True
Low Cost,txn_002755,retry,payment_link,True
Low Cost,txn_002338,retry,retry,False
Low Cost,txn_003644,retry,retry,False
Low Cost,txn_007738,retry,retry,False
Low Cost,txn_005517,retry,payment_link,True
Low Cost,txn_005247,retry,retry,False
Low Cost,txn_000867,payment_link,payment_link,False
Low Cost,txn_004448,retry,reminder,True
Low Cost,txn_005072,retry,payment_link,True
Low Cost,txn_004882,retry,retry,False
Low Cost,txn_009511,payment_link,payment_link,False
Low Cost,txn_003003,retry,retry,False
Low Cost,txn_002226,reminder,reminder,False
Low Cost,txn_009057,retry,payment_link,True
Low Cost,txn_004827,retry,retry,False
Low Cost,txn_007622,retry,retry,False
Low Cost,txn_009690,retry,retry,False
Low Cost,txn_005501,retry,payment_link,True
Low Cost,txn_009701,reminder,reminder,False
Low Cost,txn_008479,retry,payment_link,True
Low Cost,txn_005503,retry,retry,False
Low Cost,txn_001211,reminder,reminder,False
Low Cost,txn_009084,retry,retry,False
Low Cost,txn_002289,reminder,reminder,False
Low Cost,txn_002184,payment_link,payment_link,False
Low Cost,txn_002863,payment_link,payment_link,False
Low Cost,txn_006862,retry,payment_link,True
Low Cost,txn_002363,reminder,reminder,False
Low Cost,txn_008464,payment_link,payment_link,False
Low Cost,txn_006333,reminder,reminder,False
Low Cost,txn_004065,retry,reminder,True
Low Cost,txn_009547,retry,payment_link,True
Low Cost,txn_000618,reminder,reminder,False
Low Cost,txn_003282,retry,retry,False
Low Cost,txn_005227,retry,payment_link,True
Low Cost,txn_003398,payment_link,payment_link,False
Low Cost,txn_003066,retry,reminder,True
Low Cost,txn_000767,payment_link,reminder,True
Low Cost,txn_007079,payment_link,payment_link,False
Low Cost,txn_005280,payment_link,payment_link,False
Low Cost,txn_004150,payment_link,payment_link,False
Low Cost,txn_001145,retry,payment_link,True
Low Cost,txn_004249,retry,payment_link,True
Low Cost,txn_004111,retry,payment_link,True
Low Cost,txn_000463,reminder,reminder,False
Low Cost,txn_002933,retry,retry,False
Low Cost,txn_004624,retry,payment_link,True
Low Cost,txn_003814,retry,reminder,True
Low Cost,txn_006309,retry,retry,False
Low Cost,txn_004342,retry,retry,False
Low Cost,txn_005301,retry,payment_link,True
Low Cost,txn_006805,reminder,reminder,False
Low Cost,txn_003283,payment_link,payment_link,False
Low Cost,txn_002575,retry,retry,False
Low Cost,txn_007962,reminder,reminder,False
Low Cost,txn_007880,reminder,reminder,False
Low Cost,txn_000829,payment_link,payment_link,False
Low Cost,txn_006487,retry,retry,False
Low Cost,txn_007600,retry,payment_link,True
Low Cost,txn_002541,retry,retry,False
Low Cost,txn_005747,retry,reminder,True
Low Cost,txn_008527,retry,retry,False
Low Cost,txn_009567,retry,retry,False
Low Cost,txn_003743,payment_link,payment_link,False
Low Cost,txn_007499,retry,retry,False
Low Cost,txn_003525,retry,retry,False
Low Cost,txn_000021,payment_link,payment_link,False
Low Cost,txn_001916,retry,payment_link,True
Low Cost,txn_006572,reminder,reminder,False
Low Cost,txn_009019,payment_link,payment_link,False
Low Cost,txn_002013,retry,reminder,True
Low Cost,txn_005406,reminder,reminder,False
Low Cost,txn_001296,reminder,reminder,False
Low Cost,txn_003746,retry,payment_link,True
Low Cost,txn_000592,payment_link,payment_link,False
Low Cost,txn_001407,reminder,reminder,False
Low Cost,txn_000222,retry,retry,False
Low Cost,txn_005618,retry,retry,False
Low Cost,txn_006249,payment_link,payment_link,False
Low Cost,txn_004419,retry,retry,False
Low Cost,txn_000859,retry,payment_link,True
Low Cost,txn_001784,retry,retry,False
Low Cost,txn_007260,retry,retry,False
Low Cost,txn_006857,reminder,reminder,False
Low Cost,txn_001955,retry,retry,False
Low Cost,txn_001747,retry,payment_link,True
Low Cost,txn_003133,retry,payment_link,True
Low Cost,txn_008037,retry,retry,False
Low Cost,txn_008851,retry,payment_link,True
Low Cost,txn_000995,reminder,reminder,False
Low Cost,txn_006109,payment_link,payment_link,False
Low Cost,txn_000731,payment_link,payment_link,False
Low Cost,txn_006975,retry,retry,False
Low Cost,txn_006274,payment_link,reminder,True
Low Cost,txn_006752,retry,payment_link,True
Low Cost,txn_003510,retry,payment_link,True
Low Cost,txn_003534,reminder,reminder,False
Low Cost,txn_002514,retry,payment_link,True
Low Cost,txn_005437,payment_link,reminder,True
Low Cost,txn_003626,payment_link,payment_link,False
Low Cost,txn_000466,reminder,reminder,False
Low Cost,txn_006756,retry,payment_link,True
Low Cost,txn_006760,retry,payment_link,True
Low Cost,txn_007992,retry,payment_link,True
Low Cost,txn_000158,reminder,reminder,False
Low Cost,txn_003961,retry,payment_link,True
Low Cost,txn_008833,retry,retry,False
Low Cost,txn_005471,retry,reminder,True
Low Cost,txn_000186,reminder,reminder,False
Low Cost,txn_001003,retry,payment_link,True
Low Cost,txn_009509,retry,retry,False
Low Cost,txn_005624,retry,payment_link,True
Low Cost,txn_000401,retry,retry,False
Low Cost,txn_006241,payment_link,payment_link,False
Low Cost,txn_008941,payment_link,reminder,True
Low Cost,txn_009933,payment_link,payment_link,False
Low Cost,txn_007343,retry,payment_link,True
Low Cost,txn_009833,retry,retry,False
Low Cost,txn_008467,retry,payment_link,True
Low Cost,txn_008757,retry,reminder,True
Low Cost,txn_007959,retry,retry,False
Low Cost,txn_001251,reminder,reminder,False
Low Cost,txn_003144,reminder,reminder,False
Low Cost,txn_007431,retry,reminder,True
Low Cost,txn_000060,retry,retry,False
Low Cost,txn_007856,retry,payment_link,True
Low Cost,txn_001114,reminder,reminder,False
Low Cost,txn_003058,reminder,reminder,False
Low Cost,txn_009570,retry,retry,False
Low Cost,txn_001329,payment_link,payment_link,False
Low Cost,txn_004996,reminder,reminder,False
Low Cost,txn_006683,retry,retry,False
Low Cost,txn_002073,retry,retry,False
Low Cost,txn_004794,reminder,reminder,False
Low Cost,txn_006830,retry,retry,False
Low Cost,txn_009630,reminder,reminder,False
Low Cost,txn_008219,retry,retry,False
Low Cost,txn_007568,retry,retry,False
Low Cost,txn_005923,retry,retry,False
Low Cost,txn_001551,payment_link,payment_link,False
Low Cost,txn_001010,retry,retry,False
Low Cost,txn_003756,retry,retry,False
Low Cost,txn_008682,retry,retry,False
Low Cost,txn_009343,retry,payment_link,True
Low Cost,txn_008010,retry,payment_link,True
Low Cost,txn_003861,retry,retry,False
Low Cost,txn_003149,retry,payment_link,True
Low Cost,txn_002520,retry,retry,False
Low Cost,txn_003128,reminder,reminder,False
Low Cost,txn_009085,retry,retry,False
Low Cost,txn_005317,retry,reminder,True
Low Cost,txn_001196,retry,payment_link,True
Low Cost,txn_009051,retry,reminder,True
Low Cost,txn_000880,retry,retry,False
Low Cost,txn_006990,payment_link,payment_link,False
Low Cost,txn_002488,retry,retry,False
Low Cost,txn_002841,retry,payment_link,True
Low Cost,txn_004330,retry,reminder,True
Low Cost,txn_002931,retry,payment_link,True
Low Cost,txn_006425,retry,payment_link,True
Low Cost,txn_002486,reminder,reminder,False
Low Cost,txn_005748,payment_link,payment_link,False
Low Cost,txn_000884,retry,payment_link,True
Low Cost,txn_004915,payment_link,retry,True
Low Cost,txn_006211,retry,retry,False
Low Cost,txn_009579,retry,reminder,True
Low Cost,txn_000212,payment_link,payment_link,False
Low Cost,txn_002276,payment_link,payment_link,False
Low Cost,txn_002329,reminder,reminder,False
Low Cost,txn_004951,retry,payment_link,True
Low Cost,txn_003320,retry,payment_link,True
Low Cost,txn_009835,payment_link,payment_link,False
Low Cost,txn_004608,retry,retry,False
Low Cost,txn_001439,payment_link,payment_link,False
Low Cost,txn_000468,reminder,reminder,False
Low Cost,txn_005467,payment_link,payment_link,False
Low Cost,txn_003330,payment_link,reminder,True
Low Cost,txn_005829,retry,reminder,True
Low Cost,txn_008608,payment_link,payment_link,False
Low Cost,txn_000697,payment_link,reminder,True
Low Cost,txn_007268,payment_link,payment_link,False
Low Cost,txn_009145,payment_link,reminder,True
Low Cost,txn_008181,retry,retry,False
Low Cost,txn_009939,payment_link,payment_link,False
Low Cost,txn_001315,retry,retry,False
Low Cost,txn_002302,retry,retry,False
Low Cost,txn_002040,retry,retry,False
Low Cost,txn_007109,retry,retry,False
Low Cost,txn_003667,reminder,reminder,False
Low Cost,txn_000915,reminder,reminder,False
Low Cost,txn_000013,payment_link,payment_link,False
Low Cost,txn_008584,reminder,reminder,False
Low Cost,txn_006428,reminder,reminder,False
Low Cost,txn_001537,reminder,reminder,False
Low Cost,txn_000737,reminder,reminder,False
Low Cost,txn_008202,retry,retry,False
Low Cost,txn_008653,retry,reminder,True
Low Cost,txn_000454,retry,reminder,True
Low Cost,txn_004346,reminder,reminder,False
Low Cost,txn_000928,retry,payment_link,True
Low Cost,txn_006292,retry,retry,False
Low Cost,txn_008282,retry,retry,False
Low Cost,txn_008723,retry,retry,False
Low Cost,txn_006474,reminder,reminder,False
Low Cost,txn_000038,retry,payment_link,True
Low Cost,txn_005771,reminder,reminder,False
Low Cost,txn_002555,payment_link,payment_link,False
Low Cost,txn_007633,retry,payment_link,True
Low Cost,txn_009999,payment_link,payment_link,False
Low Cost,txn_006621,retry,payment_link,True
Low Cost,txn_000941,retry,retry,False
Low Cost,txn_007399,retry,payment_link,True
Low Cost,txn_006129,retry,reminder,True
Low Cost,txn_009830,retry,payment_link,True
Low Cost,txn_002681,payment_link,payment_link,False
Low Cost,txn_004355,reminder,reminder,False
Low Cost,txn_003059,retry,payment_link,True
Low Cost,txn_007881,payment_link,payment_link,False
Low Cost,txn_000739,retry,retry,False
Low Cost,txn_000539,reminder,reminder,False
Low Cost,txn_003326,reminder,reminder,False
Low Cost,txn_004240,reminder,reminder,False
Low Cost,txn_001401,reminder,reminder,False
Low Cost,txn_004047,retry,retry,False
Low Cost,txn_005138,payment_link,payment_link,False
Low Cost,txn_004230,retry,payment_link,True
Low Cost,txn_004192,retry,retry,False
Low Cost,txn_009143,reminder,reminder,False
Low Cost,txn_005539,payment_link,payment_link,False
Low Cost,txn_002693,retry,payment_link,True
Low Cost,txn_005341,retry,payment_link,True
Low Cost,txn_009918,payment_link,payment_link,False
Low Cost,txn_007671,retry,payment_link,True
Low Cost,txn_009174,reminder,reminder,False
Low Cost,txn_001808,retry,retry,False
Low Cost,txn_005112,retry,retry,False
Low Cost,txn_003990,retry,payment_link,True
Low Cost,txn_003456,reminder,reminder,False
Low Cost,txn_002908,retry,retry,False
Low Cost,txn_006652,payment_link,payment_link,False
Low Cost,txn_008288,retry,retry,False
Low Cost,txn_006245,reminder,reminder,False
Low Cost,txn_002698,retry,retry,False
Low Cost,txn_004017,payment_link,payment_link,False
Low Cost,txn_004340,retry,retry,False
Low Cost,txn_004646,retry,payment_link,True
Low Cost,txn_007740,retry,payment_link,True
Low Cost,txn_007092,retry,retry,False
Low Cost,txn_004693,retry,retry,False
Low Cost,txn_001740,reminder,reminder,False
Low Cost,txn_005407,reminder,reminder,False
Low Cost,txn_004589,retry,payment_link,True
Low Cost,txn_003126,reminder,reminder,False
Low Cost,txn_002158,retry,retry,False
Low Cost,txn_005334,payment_link,reminder,True
Low Cost,txn_008637,retry,payment_link,True
Low Cost,txn_001826,retry,payment_link,True
Low Cost,txn_004231,reminder,reminder,False
Low Cost,txn_003488,retry,reminder,True
Low Cost,txn_009054,reminder,reminder,False
Low Cost,txn_009769,payment_link,payment_link,False
Low Cost,txn_003648,retry,retry,False
Low Cost,txn_005903,retry,payment_link,True
Low Cost,txn_006386,retry,reminder,True
Low Cost,txn_005639,retry,retry,False
Low Cost,txn_006424,retry,reminder,True
Low Cost,txn_007827,retry,retry,False
Low Cost,txn_007744,retry,retry,False
Low Cost,txn_003013,retry,retry,False
Low Cost,txn_007672,reminder,reminder,False
Low Cost,txn_009549,reminder,reminder,False
Low Cost,txn_009978,retry,payment_link,True
Low Cost,txn_003081,reminder,reminder,False
Low Cost,txn_003521,reminder,reminder,False
Low Cost,txn_004979,retry,retry,False
Low Cost,txn_007620,payment_link,payment_link,False
Low Cost,txn_004348,retry,reminder,True
Low Cost,txn_008441,retry,retry,False
Low Cost,txn_001347,payment_link,payment_link,False
Low Cost,txn_007088,retry,retry,False
Low Cost,txn_008948,retry,retry,False
Low Cost,txn_005652,payment_link,payment_link,False
Low Cost,txn_008082,retry,retry,False
Low Cost,txn_001792,retry,retry,False
Low Cost,txn_007429,retry,payment_link,True
Low Cost,txn_009580,retry,reminder,True
Low Cost,txn_009960,reminder,reminder,False
Low Cost,txn_002271,payment_link,payment_link,False
Low Cost,txn_009767,payment_link,payment_link,False
Low Cost,txn_002956,payment_link,payment_link,False
Low Cost,txn_003444,retry,retry,False
Low Cost,txn_007736,retry,retry,False
Low Cost,txn_000834,reminder,reminder,False
Low Cost,txn_006499,retry,payment_link,True
Low Cost,txn_002992,payment_link,payment_link,False
Low Cost,txn_007793,reminder,reminder,False
Low Cost,txn_002151,reminder,reminder,False
Low Cost,txn_004023,retry,reminder,True
Low Cost,txn_007615,payment_link,reminder,True
Low Cost,txn_006124,retry,retry,False
Low Cost,txn_003339,retry,retry,False
Low Cost,txn_004344,retry,retry,False
Low Cost,txn_004464,payment_link,payment_link,False
Low Cost,txn_002376,retry,retry,False
Low Cost,txn_009044,retry,retry,False
Low Cost,txn_005571,retry,payment_link,True
Low Cost,txn_008599,payment_link,reminder,True
Low Cost,txn_008504,retry,retry,False
Low Cost,txn_008880,retry,payment_link,True
Low Cost,txn_001887,retry,payment_link,True
Low Cost,txn_001198,reminder,reminder,False
Low Cost,txn_006427,reminder,reminder,False
Low Cost,txn_008911,retry,retry,False
Low Cost,txn_002936,reminder,reminder,False
Low Cost,txn_006342,retry,payment_link,True
Low Cost,txn_001430,retry,payment_link,True
Low Cost,txn_006307,retry,retry,False
Low Cost,txn_003650,retry,payment_link,True
Low Cost,txn_001938,payment_link,payment_link,False
Low Cost,txn_005172,payment_link,payment_link,False
Low Cost,txn_007764,retry,reminder,True
Low Cost,txn_006393,reminder,reminder,False
Low Cost,txn_001154,retry,reminder,True
Low Cost,txn_006250,retry,retry,False
Low Cost,txn_007037,retry,retry,False
Low Cost,txn_004229,retry,retry,False
Low Cost,txn_004975,payment_link,payment_link,False
Low Cost,txn_006401,retry,retry,False
Low Cost,txn_003640,payment_link,payment_link,False
Low Cost,txn_003972,retry,payment_link,True
Low Cost,txn_009594,retry,payment_link,True
Low Cost,txn_003376,retry,reminder,True
Low Cost,txn_002487,retry,retry,False
Low Cost,txn_006954,retry,reminder,True
Low Cost,txn_000606,retry,payment_link,True
Low Cost,txn_007444,retry,retry,False
Low Cost,txn_005928,payment_link,payment_link,False
Low Cost,txn_002454,payment_link,payment_link,False
Low Cost,txn_003609,retry,retry,False
Low Cost,txn_001484,payment_link,payment_link,False
Low Cost,txn_004519,payment_link,payment_link,False
Low Cost,txn_003038,payment_link,payment_link,False
Low Cost,txn_009352,reminder,reminder,False
Low Cost,txn_007692,retry,retry,False
Low Cost,txn_004116,retry,payment_link,True
Low Cost,txn_001427,retry,retry,False
Low Cost,txn_000497,retry,payment_link,True
Low Cost,txn_003353,reminder,reminder,False
Low Cost,txn_008794,reminder,reminder,False
Low Cost,txn_000759,retry,retry,False
Low Cost,txn_000838,retry,retry,False
Low Cost,txn_004327,retry,retry,False
Low Cost,txn_002128,payment_link,payment_link,False
Low Cost,txn_001023,retry,reminder,True
Low Cost,txn_008762,retry,payment_link,True
Low Cost,txn_005614,retry,retry,False
Low Cost,txn_005581,retry,retry,False
Low Cost,txn_001058,retry,retry,False
Low Cost,txn_009542,payment_link,reminder,True
Low Cost,txn_006856,reminder,reminder,False
Low Cost,txn_007349,payment_link,payment_link,False
Low Cost,txn_009045,payment_link,payment_link,False
Low Cost,txn_002129,payment_link,payment_link,False
Low Cost,txn_002767,retry,payment_link,True
Low Cost,txn_002109,reminder,reminder,False
Low Cost,txn_003617,reminder,reminder,False
Low Cost,txn_001545,payment_link,payment_link,False
Low Cost,txn_006914,payment_link,reminder,True
Low Cost,txn_001719,retry,payment_link,True
Low Cost,txn_007435,retry,retry,False
Low Cost,txn_007365,retry,payment_link,True
Low Cost,txn_006235,retry,retry,False
Low Cost,txn_000725,payment_link,reminder,True
Low Cost,txn_006673,retry,payment_link,True
Low Cost,txn_008029,payment_link,payment_link,False
Low Cost,txn_005492,payment_link,payment_link,False
Low Cost,txn_001128,retry,payment_link,True
Low Cost,txn_002957,payment_link,payment_link,False
Low Cost,txn_005156,retry,retry,False
Low Cost,txn_004817,retry,retry,False
Low Cost,txn_006202,payment_link,payment_link,False
Low Cost,txn_006224,reminder,reminder,False
Low Cost,txn_008686,retry,payment_link,True
Low Cost,txn_007114,payment_link,reminder,True
Low Cost,txn_005275,retry,payment_link,True
Low Cost,txn_008536,reminder,reminder,False
Low Cost,txn_003044,reminder,reminder,False
Low Cost,txn_006912,payment_link,payment_link,False
Low Cost,txn_000150,payment_link,payment_link,False
Low Cost,txn_007574,retry,retry,False
Low Cost,txn_004206,payment_link,payment_link,False
Low Cost,txn_005493,retry,retry,False
Low Cost,txn_002690,reminder,reminder,False
Low Cost,txn_004221,payment_link,payment_link,False
Low Cost,txn_009102,retry,payment_link,True
Low Cost,txn_000842,retry,payment_link,True
Low Cost,txn_008137,retry,payment_link,True
Low Cost,txn_006438,retry,payment_link,True
Low Cost,txn_009700,reminder,reminder,False
Low Cost,txn_006200,retry,retry,False
Low Cost,txn_002795,retry,retry,False
Low Cost,txn_007626,retry,payment_link,True
Low Cost,txn_008475,retry,payment_link,True
Low Cost,txn_007890,payment_link,reminder,True
Low Cost,txn_006608,payment_link,payment_link,False
Low Cost,txn_009195,retry,payment_link,True
Low Cost,txn_008248,reminder,reminder,False
Low Cost,txn_001393,payment_link,reminder,True
Low Cost,txn_001922,payment_link,payment_link,False
Low Cost,txn_007019,reminder,reminder,False
Low Cost,txn_003622,retry,retry,False
Low Cost,txn_004849,retry,payment_link,True
Low Cost,txn_002292,reminder,reminder,False
Low Cost,txn_002134,retry,payment_link,True
Low Cost,txn_000551,payment_link,retry,True
Low Cost,txn_001741,payment_link,reminder,True
Low Cost,txn_005290,retry,payment_link,True
Low Cost,txn_001818,retry,retry,False
Low Cost,txn_004699,reminder,reminder,False
Low Cost,txn_005182,retry,payment_link,True
Low Cost,txn_003019,reminder,reminder,False
Low Cost,txn_000018,retry,reminder,True
Low Cost,txn_001771,retry,reminder,True
Low Cost,txn_001889,retry,retry,False
Low Cost,txn_002153,retry,payment_link,True
Low Cost,txn_001643,retry,retry,False
Low Cost,txn_007847,payment_link,reminder,True
Low Cost,txn_004194,payment_link,payment_link,False
Low Cost,txn_009433,reminder,reminder,False
Low Cost,txn_008899,reminder,reminder,False
Low Cost,txn_000534,reminder,reminder,False
Low Cost,txn_000133,retry,payment_link,True
Low Cost,txn_007723,retry,retry,False
Low Cost,txn_008459,retry,retry,False
Low Cost,txn_000965,retry,reminder,True
Low Cost,txn_008720,retry,payment_link,True
Low Cost,txn_006413,payment_link,reminder,True
Low Cost,txn_008286,retry,payment_link,True
Low Cost,txn_007854,payment_link,payment_link,False
Low Cost,txn_001096,payment_link,payment_link,False
Low Cost,txn_006930,retry,retry,False
Current,txn_006253,reminder,reminder,False
Current,txn_004685,retry,retry,False
Current,txn_001732,reminder,reminder,False
Current,txn_004743,retry,payment_link,True
Current,txn_004522,retry,retry,False
Current,txn_006341,retry,retry,False
Current,txn_000577,retry,retry,False
Current,txn_005203,retry,payment_link,True
Current,txn_006364,retry,retry,False
Current,txn_000440,retry,retry,False
Current,txn_002751,payment_link,payment_link,False
Current,txn_007488,retry,payment_link,True
Current,txn_005273,retry,payment_link,True
Current,txn_005654,retry,payment_link,True
Current,txn_004000,retry,payment_link,True
Current,txn_006034,payment_link,payment_link,False
Current,txn_000583,retry,retry,False
Current,txn_009931,retry,retry,False
Current,txn_007052,retry,payment_link,True
Current,txn_008159,retry,payment_link,True
Current,txn_009897,retry,retry,False
Current,txn_002250,payment_link,payment_link,False
Current,txn_004641,retry,payment_link,True
Current,txn_009486,payment_link,payment_link,False
Current,txn_004948,reminder,reminder,False
Current,txn_009921,payment_link,payment_link,False
Current,txn_001964,retry,retry,False
Current,txn_008244,reminder,reminder,False
Current,txn_006591,reminder,reminder,False
Current,txn_008848,retry,retry,False
Current,txn_000322,retry,reminder,True
Current,txn_002679,payment_link,payment_link,False
Current,txn_004626,retry,retry,False
Current,txn_004950,reminder,reminder,False
Current,txn_008329,reminder,reminder,False
Current,txn_003338,retry,retry,False
Current,txn_005590,retry,retry,False
Current,txn_000252,retry,reminder,True
Current,txn_003974,payment_link,payment_link,False
Current,txn_006631,retry,retry,False
Current,txn_005548,payment_link,payment_link,False
Current,txn_000036,retry,payment_link,True
Current,txn_008363,reminder,reminder,False
Current,txn_001514,retry,reminder,True
Current,txn_009318,payment_link,retry,True
Current,txn_000040,retry,payment_link,True
Current,txn_004820,retry,payment_link,True
Current,txn_003466,retry,retry,False
Current,txn_001761,payment_link,payment_link,False
Current,txn_002305,retry,retry,False
Current,txn_003724,payment_link,payment_link,False
Current,txn_008285,payment_link,payment_link,False
Current,txn_004994,retry,retry,False
Current,txn_008128,retry,retry,False
Current,txn_003033,payment_link,payment_link,False
Current,txn_007939,payment_link,payment_link,False
Current,txn_003040,reminder,reminder,False
Current,txn_009656,retry,retry,False
Current,txn_002546,retry,payment_link,True
Current,txn_002593,payment_link,payment_link,False
Current,txn_001189,retry,retry,False
Current,txn_007967,retry,payment_link,True
Current,txn_006078,retry,retry,False
Current,txn_000108,reminder,reminder,False
Current,txn_001316,retry,retry,False
Current,txn_008188,retry,reminder,True
Current,txn_002754,retry,retry,False
Current,txn_009754,retry,payment_link,True
Current,txn_006232,retry,payment_link,True
Current,txn_002877,retry,payment_link,True
Current,txn_005324,reminder,reminder,False
Current,txn_000800,payment_link,payment_link,False
Current,txn_003571,retry,retry,False
Current,txn_002895,reminder,reminder,False
Current,txn_002928,retry,payment_link,True
Current,txn_008179,reminder,reminder,False
Current,txn_000972,retry,retry,False
Current,txn_006688,retry,reminder,True
Current,txn_008576,reminder,reminder,False
Current,txn_002021,reminder,reminder,False
Current,txn_009055,reminder,reminder,False
Current,txn_000953,payment_link,payment_link,False
Current,txn_005360,retry,payment_link,True
Current,txn_003858,retry,retry,False
Current,txn_005862,retry,payment_link,True
Current,txn_003146,payment_link,payment_link,False
Current,txn_003306,retry,payment_link,True
Current,txn_003007,retry,retry,False
Current,txn_009002,retry,retry,False
Current,txn_007771,payment_link,payment_link,False
Current,txn_007439,retry,reminder,True
Current,txn_007943,retry,payment_link,True
Current,txn_009239,payment_link,payment_link,False
Current,txn_001057,retry,retry,False
Current,txn_003155,payment_link,payment_link,False
Current,txn_003788,retry,reminder,True
Current,txn_009190,reminder,reminder,False
Current,txn_007826,retry,retry,False
Current,txn_007540,payment_link,payment_link,False
Current,txn_007232,payment_link,reminder,True
Current,txn_000765,retry,retry,False
Current,txn_005020,reminder,reminder,False
Current,txn_004904,reminder,reminder,False
Current,txn_008094,retry,payment_link,True
Current,txn_006844,reminder,reminder,False
Current,txn_002166,payment_link,reminder,True
Current,txn_001863,reminder,reminder,False
Current,txn_007851,payment_link,payment_link,False
Current,txn_009124,reminder,reminder,False
Current,txn_002341,retry,payment_link,True
Current,txn_005528,payment_link,payment_link,False
Current,txn_006744,retry,retry,False
Current,txn_004004,retry,retry,False
Current,txn_001124,payment_link,payment_link,False
Current,txn_008710,retry,reminder,True
Current,txn_004050,retry,payment_link,True
Current,txn_007641,retry,payment_link,True
Current,txn_000766,payment_link,payment_link,False
Current,txn_002345,reminder,reminder,False
Current,txn_004072,retry,payment_link,True
Current,txn_007217,retry,payment_link,True
Current,txn_004217,reminder,reminder,False
Current,txn_007953,retry,retry,False
Current,txn_005971,retry,retry,False
Current,txn_003351,retry,retry,False
Current,txn_004696,retry,payment_link,True
Current,txn_003400,retry,retry,False
Current,txn_004082,reminder,reminder,False
Current,txn_009150,reminder,reminder,False
Current,txn_001225,reminder,reminder,False
Current,txn_006293,retry,retry,False
Current,txn_003123,retry,retry,False
Current,txn_000511,retry,reminder,True
Current,txn_005795,retry,retry,False
Current,txn_008182,retry,retry,False
Current,txn_009418,reminder,reminder,False
Current,txn_000097,retry,payment_link,True
Current,txn_006682,reminder,reminder,False
Current,txn_001513,retry,retry,False
Current,txn_008792,retry,reminder,True
Current,txn_000120,reminder,reminder,False
Current,txn_007792,reminder,reminder,False
Current,txn_006518,retry,retry,False
Current,txn_000034,reminder,reminder,False
Current,txn_007888,retry,retry,False
Current,txn_006831,retry,payment_link,True
Current,txn_005422,retry,payment_link,True
Current,txn_001069,retry,payment_link,True
Current,txn_001348,reminder,reminder,False
Current,txn_004748,retry,retry,False
Current,txn_006006,retry,payment_link,True
Current,txn_006040,retry,payment_link,True
Current,txn_003818,payment_link,payment_link,False
Current,txn_008447,payment_link,payment_link,False
Current,txn_005270,reminder,reminder,False
Current,txn_006898,retry,payment_link,True
Current,txn_005310,retry,reminder,True
Current,txn_000032,payment_link,payment_link,False
Current,txn_005675,retry,retry,False
Current,txn_004387,retry,payment_link,True
Current,txn_000030,retry,retry,False
Current,txn_004203,retry,payment_link,True
Current,txn_007508,reminder,reminder,False
Current,txn_000736,reminder,reminder,False
Current,txn_002068,reminder,reminder,False
Current,txn_000107,reminder,reminder,False
Current,txn_009645,payment_link,payment_link,False
Current,txn_008895,payment_link,payment_link,False
Current,txn_008021,retry,retry,False
Current,txn_002233,payment_link,payment_link,False
Current,txn_000994,reminder,reminder,False
Current,txn_009413,retry,payment_link,True
Current,txn_007059,retry,retry,False
Current,txn_006790,reminder,reminder,False
Current,txn_000361,payment_link,payment_link,False
Current,txn_000305,payment_link,payment_link,False
Current,txn_002628,retry,retry,False
Current,txn_008966,retry,payment_link,True
Current,txn_004514,retry,payment_link,True
Current,txn_005911,reminder,reminder,False
Current,txn_008314,reminder,reminder,False
Current,txn_003101,payment_link,payment_link,False
Current,txn_005704,reminder,reminder,False
Current,txn_003899,retry,payment_link,True
Current,txn_005441,retry,retry,False
Current,txn_007931,reminder,reminder,False
Current,txn_000622,reminder,reminder,False
Current,txn_007236,reminder,reminder,False
Current,txn_002499,payment_link,payment_link,False
Current,txn_000714,reminder,reminder,False
Current,txn_008404,retry,payment_link,True
Current,txn_002856,reminder,reminder,False
Current,txn_004270,reminder,reminder,False
Current,txn_002909,reminder,reminder,False
Current,txn_008081,retry,payment_link,True
Current,txn_004517,reminder,reminder,False
Current,txn_001262,retry,retry,False
Current,txn_003161,retry,retry,False
Current,txn_000971,retry,retry,False
Current,txn_003913,payment_link,payment_link,False
Current,txn_005199,retry,payment_link,True
Current,txn_008847,retry,retry,False
Current,txn_000260,payment_link,payment_link,False
Current,txn_003791,retry,payment_link,True
Current,txn_009203,payment_link,payment_link,False
Current,txn_000488,reminder,reminder,False
Current,txn_007908,payment_link,payment_link,False
Current,txn_000519,retry,retry,False
Current,txn_008343,retry,retry,False
Current,txn_000312,retry,retry,False
Current,txn_003232,retry,retry,False
Current,txn_007933,retry,retry,False
Current,txn_007458,reminder,reminder,False
Current,txn_009784,retry,payment_link,True
Current,txn_005184,retry,payment_link,True
Current,txn_008077,retry,retry,False
Current,txn_006502,retry,retry,False
Current,txn_006791,retry,payment_link,True
Current,txn_007773,retry,payment_link,True
Current,txn_002738,reminder,retry,True
Current,txn_007842,retry,payment_link,True
Current,txn_006262,reminder,reminder,False
Current,txn_008206,retry,retry,False
Current,txn_001248,retry,retry,False
Current,txn_009336,reminder,reminder,False
Current,txn_004195,retry,payment_link,True
Current,txn_008001,retry,payment_link,True
Current,txn_007378,reminder,reminder,False
Current,txn_003435,payment_link,payment_link,False
Current,txn_005382,retry,retry,False
Current,txn_000959,retry,payment_link,True
Current,txn_000417,retry,payment_link,True
Current,txn_005742,retry,retry,False
Current,txn_006728,retry,retry,False
Current,txn_004382,reminder,reminder,False
Current,txn_005197,payment_link,payment_link,False
Current,txn_001113,retry,retry,False
Current,txn_002689,retry,retry,False
Current,txn_006473,retry,reminder,True
Current,txn_008820,reminder,reminder,False
Current,txn_007808,reminder,reminder,False
Current,txn_003411,reminder,reminder,False
Current,txn_000081,retry,retry,False
Current,txn_004614,retry,payment_link,True
Current,txn_001374,retry,payment_link,True
Current,txn_001510,retry,reminder,True
Current,txn_006443,retry,retry,False
Current,txn_003071,retry,retry,False
Current,txn_003016,payment_link,payment_link,False
Current,txn_004823,retry,retry,False
Current,txn_007822,retry,payment_link,True
Current,txn_000093,retry,payment_link,True
Current,txn_009421,payment_link,reminder,True
Current,txn_006600,reminder,reminder,False
Current,txn_004443,retry,reminder,True
Current,txn_007602,retry,retry,False
Current,txn_003835,reminder,reminder,False
Current,txn_009702,reminder,reminder,False
Current,txn_004322,retry,payment_link,True
Current,txn_003394,reminder,reminder,False
Current,txn_004752,payment_link,payment_link,False
Current,txn_007229,reminder,reminder,False
Current,txn_009191,reminder,reminder,False
Current,txn_002361,payment_link,reminder,True
Current,txn_001148,retry,payment_link,True
Current,txn_005666,payment_link,payment_link,False
Current,txn_008075,payment_link,reminder,True
Current,txn_004943,retry,retry,False
Current,txn_003663,retry,retry,False
Current,txn_001563,retry,retry,False
Current,txn_004113,retry,payment_link,True
Current,txn_009050,retry,reminder,True
Current,txn_009276,payment_link,payment_link,False
Current,txn_008538,retry,retry,False
Current,txn_000795,retry,retry,False
Current,txn_005854,retry,payment_link,True
Current,txn_007619,retry,payment_link,True
Current,txn_001594,retry,retry,False
Current,txn_007418,retry,retry,False
Current,txn_005267,reminder,reminder,False
Current,txn_007147,payment_link,reminder,True
Current,txn_000089,retry,payment_link,True
Current,txn_008695,reminder,reminder,False
Current,txn_009732,retry,payment_link,True
Current,txn_009446,retry,retry,False
Current,txn_006754,retry,payment_link,True
Current,txn_003502,reminder,reminder,False
Current,txn_002234,retry,payment_link,True
Current,txn_002803,payment_link,reminder,True
Current,txn_004424,retry,reminder,True
Current,txn_005663,payment_link,payment_link,False
Current,txn_007170,retry,payment_link,True
Current,txn_008337,retry,retry,False
Current,txn_002148,reminder,reminder,False
Current,txn_007969,payment_link,payment_link,False
Current,txn_006551,retry,retry,False
Current,txn_007643,retry,payment_link,True
Current,txn_006164,retry,payment_link,True
Current,txn_001495,payment_link,payment_link,False
Current,txn_007696,retry,payment_link,True
Current,txn_007094,payment_link,payment_link,False
Current,txn_001409,retry,retry,False
Current,txn_006691,retry,payment_link,True
Current,txn_003401,retry,retry,False
Current,txn_000109,retry,retry,False
Current,txn_005636,payment_link,reminder,True
Current,txn_008482,retry,retry,False
Current,txn_006604,payment_link,payment_link,False
Current,txn_001091,retry,payment_link,True
Current,txn_005560,retry,retry,False
Current,txn_009412,retry,retry,False
Current,txn_008143,retry,retry,False
Current,txn_008664,retry,payment_link,True
Current,txn_006596,retry,retry,False
Current,txn_000624,payment_link,payment_link,False
Current,txn_006871,payment_link,payment_link,False
Current,txn_004814,retry,retry,False
Current,txn_006553,retry,reminder,True
Current,txn_007530,retry,payment_link,True
Current,txn_005796,payment_link,payment_link,False
Current,txn_007437,retry,payment_link,True
Current,txn_004218,retry,payment_link,True
Current,txn_005941,retry,retry,False
Current,txn_008501,payment_link,payment_link,False
Current,txn_006429,retry,payment_link,True
Current,txn_006827,payment_link,payment_link,False
Current,txn_004131,payment_link,reminder,True
Current,txn_007802,retry,retry,False
Current,txn_007754,retry,payment_link,True
Current,txn_004722,retry,payment_link,True
Current,txn_001651,retry,retry,False
Current,txn_004141,reminder,reminder,False
Current,txn_001618,reminder,reminder,False
Current,txn_002030,retry,retry,False
Current,txn_008518,reminder,reminder,False
Current,txn_004576,payment_link,payment_link,False
Current,txn_003993,retry,retry,False
Current,txn_007377,retry,retry,False
Current,txn_006150,retry,payment_link,True
Current,txn_004909,retry,retry,False
Current,txn_005027,retry,payment_link,True
Current,txn_008261,payment_link,payment_link,False
Current,txn_004732,payment_link,payment_link,False
Current,txn_007549,payment_link,retry,True
Current,txn_008135,retry,payment_link,True
Current,txn_001607,retry,retry,False
Current,txn_004774,payment_link,payment_link,False
Current,txn_008110,retry,retry,False
Current,txn_006952,reminder,reminder,False
Current,txn_006005,retry,payment_link,True
Current,txn_007729,retry,retry,False
Current,txn_003542,retry,retry,False
Current,txn_000389,retry,payment_link,True
Current,txn_001795,retry,retry,False
Current,txn_008732,retry,payment_link,True
Current,txn_004920,reminder,reminder,False
Current,txn_005538,payment_link,payment_link,False
Current,txn_003873,retry,payment_link,True
Current,txn_008869,retry,payment_link,True
Current,txn_002255,retry,retry,False
Current,txn_003413,reminder,reminder,False
Current,txn_005460,retry,retry,False
Current,txn_004956,retry,retry,False
Current,txn_007397,reminder,reminder,False
Current,txn_005415,retry,retry,False
Current,txn_007400,payment_link,payment_link,False
Current,txn_007415,payment_link,payment_link,False
Current,txn_009101,payment_link,payment_link,False
Current,txn_004852,payment_link,payment_link,False
Current,txn_002026,reminder,reminder,False
Current,txn_002616,reminder,reminder,False
Current,txn_007389,reminder,reminder,False
Current,txn_002927,retry,reminder,True
Current,txn_001122,retry,retry,False
Current,txn_002911,retry,retry,False
Current,txn_008147,payment_link,payment_link,False
Current,txn_007384,retry,payment_link,True
Current,txn_003483,payment_link,payment_link,False
Current,txn_000796,payment_link,payment_link,False
Current,txn_001576,reminder,reminder,False
Current,txn_006177,payment_link,payment_link,False
Current,txn_006267,reminder,reminder,False
Current,txn_002459,payment_link,payment_link,False
Current,txn_003313,payment_link,payment_link,False
Current,txn_001254,payment_link,payment_link,False
Current,txn_006835,retry,payment_link,True
Current,txn_008795,retry,payment_link,True
Current,txn_003838,retry,payment_link,True
Current,txn_004399,retry,retry,False
Current,txn_003596,payment_link,payment_link,False
Current,txn_006622,retry,payment_link,True
Current,txn_008383,payment_link,payment_link,False
Current,txn_002125,retry,retry,False
Current,txn_003239,payment_link,payment_link,False
Current,txn_005404,payment_link,payment_link,False
Current,txn_005999,retry,payment_link,True
Current,txn_005939,payment_link,payment_link,False
Current,txn_002046,retry,retry,False
Current,txn_001579,reminder,reminder,False
Current,txn_000015,reminder,reminder,False
Current,txn_002674,payment_link,payment_link,False
Current,txn_007017,retry,retry,False
Current,txn_008721,reminder,reminder,False
Current,txn_008850,reminder,reminder,False
Current,txn_004813,retry,retry,False
Current,txn_001085,retry,payment_link,True
Current,txn_004984,retry,retry,False
Current,txn_007156,retry,payment_link,True
Current,txn_002885,retry,retry,False
Current,txn_000334,reminder,reminder,False
Current,txn_007205,retry,retry,False
Current,txn_004368,payment_link,payment_link,False
Current,txn_003080,payment_link,payment_link,False
Current,txn_007204,retry,reminder,True
Current,txn_009910,reminder,reminder,False
Current,txn_008865,retry,payment_link,True
Current,txn_000264,reminder,reminder,False
Current,txn_004338,retry,payment_link,True
Current,txn_008896,retry,retry,False
Current,txn_008448,reminder,reminder,False
Current,txn_005904,payment_link,retry,True
Current,txn_001499,retry,retry,False
Current,txn_004191,retry,retry,False
Current,txn_007486,retry,retry,False
Current,txn_009644,reminder,reminder,False
Current,txn_008311,retry,payment_link,True
Current,txn_007591,retry,payment_link,True
Current,txn_000501,retry,payment_link,True
Current,txn_009156,retry,payment_link,True
Current,txn_009415,retry,retry,False
Current,txn_003096,payment_link,payment_link,False
Current,txn_004632,payment_link,payment_link,False
Current,txn_000368,reminder,reminder,False
Current,txn_004059,payment_link,payment_link,False
Current,txn_008175,retry,payment_link,True
Current,txn_004631,retry,reminder,True
Current,txn_006071,retry,payment_link,True
Current,txn_002665,retry,payment_link,True
Current,txn_001027,payment_link,payment_link,False
Current,txn_005909,retry,retry,False
Current,txn_005051,payment_link,payment_link,False
Current,txn_006329,payment_link,payment_link,False
Current,txn_009734,reminder,reminder,False
Current,txn_001692,reminder,reminder,False
Current,txn_000674,retry,retry,False
Current,txn_005573,retry,retry,False
Current,txn_005767,payment_link,payment_link,False
Current,txn_005157,retry,reminder,True
Current,txn_000734,retry,payment_link,True
Current,txn_003527,retry,retry,False
Current,txn_000569,reminder,reminder,False
Current,txn_009188,retry,payment_link,True
Current,txn_002923,retry,payment_link,True
Current,txn_007912,retry,retry,False
Current,txn_001559,payment_link,reminder,True
Current,txn_000102,retry,payment_link,True
Current,txn_003008,reminder,reminder,False
Current,txn_007202,retry,payment_link,True
Current,txn_000304,payment_link,payment_link,False
Current,txn_000077,payment_link,payment_link,False
Current,txn_006755,retry,payment_link,True
Current,txn_008630,retry,retry,False
Current,txn_001209,reminder,reminder,False
Current,txn_007743,payment_link,payment_link,False
Current,txn_008215,retry,retry,False
Current,txn_008945,payment_link,reminder,True
Current,txn_008414,retry,payment_link,True
Current,txn_001776,retry,reminder,True
Current,txn_003474,reminder,reminder,False
Current,txn_000484,retry,retry,False
Current,txn_002190,reminder,reminder,False
Current,txn_000347,payment_link,payment_link,False
Current,txn_005482,payment_link,payment_link,False
Current,txn_008362,retry,retry,False
Current,txn_001473,reminder,reminder,False
Current,txn_005101,payment_link,payment_link,False
Current,txn_006766,payment_link,payment_link,False
Current,txn_008707,retry,payment_link,True
Current,txn_004930,retry,retry,False
Current,txn_006330,retry,payment_link,True
Current,txn_002610,retry,payment_link,True
Current,txn_000004,payment_link,payment_link,False
Current,txn_002214,retry,retry,False
Current,txn_004828,retry,payment_link,True
Current,txn_000857,payment_link,payment_link,False
Current,txn_006978,retry,retry,False
Current,txn_005886,reminder,reminder,False
Current,txn_000625,retry,retry,False
Current,txn_000291,retry,retry,False
Current,txn_002019,reminder,reminder,False
Current,txn_000669,retry,payment_link,True
Current,txn_008922,retry,payment_link,True
Current,txn_008265,payment_link,payment_link,False
Current,txn_009697,payment_link,payment_link,False
Current,txn_001632,payment_link,payment_link,False
Current,txn_005171,reminder,reminder,False
Current,txn_007206,payment_link,payment_link,False
Current,txn_002523,reminder,reminder,False
Current,txn_002216,payment_link,payment_link,False
Current,txn_006969,retry,payment_link,True
Current,txn_006497,retry,payment_link,True
Current,txn_006214,payment_link,reminder,True
Current,txn_007033,reminder,reminder,False
Current,txn_007421,payment_link,reminder,True
Current,txn_001108,retry,retry,False
Current,txn_000451,reminder,reminder,False
Current,txn_006290,retry,payment_link,True
Current,txn_009967,retry,retry,False
Current,txn_000136,retry,payment_link,True
Current,txn_001786,payment_link,reminder,True
Current,txn_003405,retry,payment_link,True
Current,txn_002907,payment_link,payment_link,False
Current,txn_008305,retry,retry,False
Current,txn_007493,retry,payment_link,True
Current,txn_006101,retry,retry,False
Current,txn_004505,reminder,reminder,False
Current,txn_005054,payment_link,reminder,True
Current,txn_005206,retry,retry,False
Current,txn_004081,retry,reminder,True
Current,txn_006919,payment_link,payment_link,False
Current,txn_006803,payment_link,payment_link,False
Current,txn_005207,payment_link,payment_link,False
Current,txn_000533,payment_link,payment_link,False
Current,txn_004831,retry,payment_link,True
Current,txn_004039,reminder,reminder,False
Current,txn_004085,retry,retry,False
Current,txn_003205,payment_link,payment_link,False
Current,txn_007111,retry,payment_link,True
Current,txn_000331,payment_link,payment_link,False
Current,txn_004958,retry,retry,False
Current,txn_003034,retry,reminder,True
Current,txn_007685,reminder,reminder,False
Current,txn_001598,retry,retry,False
Current,txn_009920,reminder,reminder,False
Current,txn_003598,reminder,reminder,False
Current,txn_009039,retry,payment_link,True
Current,txn_008002,retry,payment_link,True
Current,txn_000591,reminder,reminder,False
Current,txn_000648,payment_link,payment_link,False
Current,txn_009103,retry,payment_link,True
Current,txn_008016,reminder,reminder,False
Current,txn_003772,payment_link,payment_link,False
Current,txn_009040,retry,retry,False
Current,txn_005083,retry,payment_link,True
Current,txn_007883,payment_link,payment_link,False
Current,txn_009363,payment_link,payment_link,False
Current,txn_004211,reminder,reminder,False
Current,txn_008835,payment_link,payment_link,False
Current,txn_008700,payment_link,reminder,True
Current,txn_001796,retry,retry,False
Current,txn_002587,reminder,reminder,False
Current,txn_008356,payment_link,payment_link,False
Current,txn_002317,payment_link,payment_link,False
Current,txn_004186,payment_link,reminder,True
Current,txn_008828,reminder,reminder,False
Current,txn_007073,retry,payment_link,True
Current,txn_005235,retry,retry,False
Current,txn_008744,retry,payment_link,True
Current,txn_008671,retry,reminder,True
Current,txn_004769,payment_link,reminder,True
Current,txn_009973,reminder,reminder,False
Current,txn_007145,retry,retry,False
Current,txn_002914,payment_link,payment_link,False
Current,txn_009872,retry,retry,False
Current,txn_009894,retry,reminder,True
Current,txn_002076,retry,retry,False
Current,txn_004303,payment_link,reminder,True
Current,txn_005823,payment_link,payment_link,False
Current,txn_002150,reminder,reminder,False
Current,txn_000145,retry,retry,False
Current,txn_004964,retry,payment_link,True
Current,txn_008160,reminder,reminder,False
Current,txn_009031,payment_link,reminder,True
Current,txn_004776,payment_link,payment_link,False
Current,txn_008934,reminder,reminder,False
Current,txn_007750,reminder,reminder,False
Current,txn_009829,reminder,reminder,False
Current,txn_009215,reminder,reminder,False
Current,txn_006061,retry,retry,False
Current,txn_009476,retry,retry,False
Current,txn_006410,payment_link,payment_link,False
Current,txn_003318,payment_link,retry,True
Current,txn_007465,retry,retry,False
Current,txn_003062,payment_link,payment_link,False
Current,txn_001356,retry,payment_link,True
Current,txn_004515,retry,payment_link,True
Current,txn_005506,retry,retry,False
Current,txn_005251,retry,retry,False
Current,txn_004512,retry,payment_link,True
Current,txn_001731,reminder,reminder,False
Current,txn_001759,retry,payment_link,True
Current,txn_006651,payment_link,payment_link,False
Current,txn_006647,retry,payment_link,True
Current,txn_009861,reminder,reminder,False
Current,txn_004140,payment_link,payment_link,False
Current,txn_009394,reminder,reminder,False
Current,txn_005124,retry,payment_link,True
Current,txn_000001,retry,payment_link,True
Current,txn_001865,retry,payment_link,True
Current,txn_000544,retry,payment_link,True
Current,txn_000350,retry,retry,False
Current,txn_006907,retry,retry,False
Current,txn_009766,payment_link,payment_link,False
Current,txn_002524,payment_link,payment_link,False
Current,txn_003465,payment_link,payment_link,False
Current,txn_000458,retry,retry,False
Current,txn_003024,retry,reminder,True
Current,txn_007262,retry,payment_link,True
Current,txn_009516,retry,payment_link,True
Current,txn_007873,payment_link,payment_link,False
Current,txn_006626,retry,reminder,True
Current,txn_002535,retry,retry,False
Current,txn_000132,reminder,reminder,False
Current,txn_003705,reminder,reminder,False
Current,txn_001373,retry,payment_link,True
Current,txn_006201,payment_link,payment_link,False
Current,txn_004857,retry,reminder,True
Current,txn_004713,retry,payment_link,True
Current,txn_005545,retry,payment_link,True
Current,txn_001414,retry,retry,False
Current,txn_004114,reminder,reminder,False
Current,txn_000656,retry,payment_link,True
Current,txn_008138,retry,retry,False
Current,txn_004099,retry,retry,False
Current,txn_000593,reminder,reminder,False
Current,txn_008709,retry,retry,False
Current,txn_003124,retry,retry,False
Current,txn_003048,retry,payment_link,True
Current,txn_003888,retry,payment_link,True
Current,txn_005736,payment_link,payment_link,False
Current,txn_002185,retry,payment_link,True
Current,txn_002146,reminder,reminder,False
Current,txn_007048,payment_link,payment_link,False
Current,txn_003106,retry,reminder,True
Current,txn_009234,retry,payment_link,True
Current,txn_009097,retry,payment_link,True
Current,txn_002770,retry,payment_link,True
Current,txn_005222,payment_link,reminder,True
Current,txn_005834,retry,payment_link,True
Current,txn_001733,retry,payment_link,True
Current,txn_000266,retry,retry,False
Current,txn_005145,retry,retry,False
Current,txn_008268,retry,retry,False
Current,txn_003938,retry,retry,False
Current,txn_000762,retry,retry,False
Current,txn_007221,retry,reminder,True
Current,txn_008440,retry,retry,False
Current,txn_003258,payment_link,payment_link,False
Current,txn_004339,retry,retry,False
Current,txn_004363,retry,payment_link,True
Current,txn_000317,retry,retry,False
Current,txn_008070,retry,retry,False
Current,txn_001852,reminder,reminder,False
Current,txn_002485,retry,retry,False
Current,txn_009874,payment_link,payment_link,False
Current,txn_009575,retry,retry,False
Current,txn_001079,retry,payment_link,True
Current,txn_008359,payment_link,payment_link,False
Current,txn_007334,retry,payment_link,True
Current,txn_001072,retry,retry,False
Current,txn_000104,retry,retry,False
Current,txn_005749,retry,retry,False
Current,txn_001419,retry,retry,False
Current,txn_001659,retry,reminder,True
Current,txn_005285,retry,retry,False
Current,txn_001150,retry,retry,False
Current,txn_007151,reminder,reminder,False
Current,txn_001569,retry,reminder,True
Current,txn_001088,reminder,reminder,False
Current,txn_006086,retry,reminder,True
Current,txn_008675,reminder,reminder,False
Current,txn_008342,retry,retry,False
Current,txn_007812,retry,payment_link,True
Current,txn_006085,retry,payment_link,True
Current,txn_008774,retry,retry,False
Current,txn_008758,retry,payment_link,True
Current,txn_001693,reminder,reminder,False
Current,txn_004735,payment_link,payment_link,False
Current,txn_003388,retry,retry,False
Current,txn_003647,retry,payment_link,True
Current,txn_001684,payment_link,payment_link,False
Current,txn_000009,retry,payment_link,True
Current,txn_006063,reminder,reminder,False
Current,txn_006517,retry,payment_link,True
Current,txn_004124,retry,reminder,True
Current,txn_008730,reminder,reminder,False
Current,txn_006046,retry,payment_link,True
Current,txn_000568,retry,retry,False
Current,txn_009162,payment_link,payment_link,False
Current,txn_001804,reminder,reminder,False
Current,txn_008502,retry,payment_link,True
Current,txn_004901,payment_link,payment_link,False
Current,txn_001600,retry,payment_link,True
Current,txn_007932,retry,retry,False
Current,txn_009548,payment_link,payment_link,False
Current,txn_002824,reminder,reminder,False
Current,txn_005468,payment_link,reminder,True
Current,txn_003530,retry,retry,False
Current,txn_008684,reminder,reminder,False
Current,txn_001156,payment_link,payment_link,False
Current,txn_006548,retry,reminder,True
Current,txn_009089,retry,payment_link,True
Current,txn_007621,retry,payment_link,True
Current,txn_008297,retry,retry,False
Current,txn_004541,payment_link,payment_link,False
Current,txn_009135,reminder,reminder,False
Current,txn_006483,reminder,reminder,False
Current,txn_005827,reminder,reminder,False
Current,txn_001191,payment_link,payment_link,False
Current,txn_007445,retry,retry,False
Current,txn_008521,retry,payment_link,True
Current,txn_000961,retry,payment_link,True
Current,txn_007455,retry,payment_link,True
Current,txn_000037,retry,retry,False
Current,txn_007517,retry,retry,False
Current,txn_007645,retry,retry,False
Current,txn_004439,reminder,reminder,False
Current,txn_006162,retry,payment_link,True
Current,txn_007745,reminder,reminder,False
Current,txn_009588,retry,retry,False
Current,txn_008120,retry,retry,False
Current,txn_006968,retry,payment_link,True
Current,txn_005719,retry,payment_link,True
Current,txn_000578,retry,reminder,True
Current,txn_009834,payment_link,payment_link,False
Current,txn_004103,retry,payment_link,True
Current,txn_007647,retry,retry,False
Current,txn_004152,retry,reminder,True
Current,txn_003131,retry,payment_link,True
Current,txn_004891,reminder,reminder,False
Current,txn_009976,retry,payment_link,True
Current,txn_007472,retry,retry,False
Current,txn_001834,payment_link,payment_link,False
Current,txn_009149,retry,payment_link,True
Current,txn_004892,retry,retry,False
Current,txn_002288,payment_link,reminder,True
Current,txn_001331,payment_link,reminder,True
Current,txn_002772,retry,payment_link,True
Current,txn_003687,retry,payment_link,True
Current,txn_008284,payment_link,payment_link,False
Current,txn_005929,retry,payment_link,True
Current,txn_000638,reminder,reminder,False
Current,txn_000048,retry,retry,False
Current,txn_002603,reminder,reminder,False
Current,txn_001966,retry,payment_link,True
Current,txn_002169,retry,reminder,True
Current,txn_005050,retry,retry,False
Current,txn_003335,retry,retry,False
Current,txn_003020,reminder,reminder,False
Current,txn_008765,retry,retry,False
Current,txn_009177,retry,payment_link,True
Current,txn_001361,retry,retry,False
Current,txn_005799,retry,retry,False
Current,txn_009401,retry,payment_link,True
Current,txn_003252,reminder,reminder,False
Current,txn_006301,retry,payment_link,True
Current,txn_002252,payment_link,payment_link,False
Current,txn_006028,reminder,reminder,False
Current,txn_001176,payment_link,payment_link,False
Current,txn_008800,retry,retry,False
Current,txn_003280,payment_link,reminder,True
Current,txn_002974,reminder,reminder,False
Current,txn_003397,retry,retry,False
Current,txn_006940,payment_link,payment_link,False
Current,txn_000966,retry,payment_link,True
Current,txn_008575,retry,payment_link,True
Current,txn_000743,retry,payment_link,True
Current,txn_007515,reminder,reminder,False
Current,txn_003315,retry,payment_link,True
Current,txn_004899,payment_link,payment_link,False
Current,txn_009341,reminder,reminder,False
Current,txn_004673,payment_link,reminder,True
Current,txn_008619,reminder,reminder,False
Current,txn_001218,retry,reminder,True
Current,txn_004398,retry,payment_link,True
Current,txn_006081,payment_link,reminder,True
Current,txn_002615,retry,retry,False
Current,txn_002621,retry,payment_link,True
Current,txn_008715,retry,reminder,True
Current,txn_007283,retry,retry,False
Current,txn_003380,retry,retry,False
Current,txn_007302,retry,retry,False
Current,txn_009858,retry,payment_link,True
Current,txn_005606,payment_link,payment_link,False
Current,txn_009814,retry,payment_link,True
Current,txn_005787,reminder,reminder,False
Current,txn_008519,retry,retry,False
Current,txn_006851,retry,payment_link,True
Current,txn_001517,retry,retry,False
Current,txn_005099,payment_link,payment_link,False
Current,txn_007637,retry,payment_link,True
Current,txn_009086,reminder,reminder,False
Current,txn_008024,retry,retry,False
Current,txn_002393,retry,retry,False
Current,txn_000587,retry,payment_link,True
Current,txn_003520,retry,payment_link,True
Current,txn_007654,retry,retry,False
Current,txn_008947,payment_link,reminder,True
Current,txn_000851,retry,retry,False
Current,txn_000336,retry,payment_link,True
Current,txn_006635,retry,retry,False
Current,txn_008973,payment_link,payment_link,False
Current,txn_007494,reminder,reminder,False
Current,txn_002869,retry,payment_link,True
Current,txn_004873,retry,reminder,True
Current,txn_003551,retry,retry,False
Current,txn_003843,retry,reminder,True
Current,txn_007263,payment_link,reminder,True
Current,txn_005825,retry,retry,False
Current,txn_000024,retry,retry,False
Current,txn_001454,reminder,reminder,False
Current,txn_001685,reminder,reminder,False
Current,txn_002311,retry,payment_link,True
Current,txn_009064,retry,retry,False
Current,txn_009407,payment_link,reminder,True
Current,txn_000382,retry,retry,False
Current,txn_005815,retry,payment_link,True
Current,txn_005551,payment_link,reminder,True
Current,txn_009309,payment_link,payment_link,False
Current,txn_001619,retry,retry,False
Current,txn_000790,retry,payment_link,True
Current,txn_005984,retry,payment_link,True
Current,txn_008673,retry,retry,False
Current,txn_004476,retry,retry,False
Current,txn_005607,retry,retry,False
Current,txn_009313,payment_link,payment_link,False
Current,txn_005649,retry,payment_link,True
Current,txn_006217,reminder,reminder,False
Current,txn_002287,retry,payment_link,True
Current,txn_009994,payment_link,payment_link,False
Current,txn_007579,reminder,reminder,False
Current,txn_001184,retry,reminder,True
Current,txn_006002,retry,retry,False
Current,txn_005091,payment_link,payment_link,False
Current,txn_002517,retry,payment_link,True
Current,txn_004123,retry,payment_link,True
Current,txn_005522,retry,retry,False
Current,txn_005628,reminder,reminder,False
Current,txn_008361,reminder,reminder,False
Current,txn_005873,reminder,reminder,False
Current,txn_008613,retry,payment_link,True
Current,txn_007728,reminder,reminder,False
Current,txn_005969,retry,retry,False
Current,txn_001181,retry,payment_link,True
Current,txn_008763,retry,payment_link,True
Current,txn_008236,payment_link,payment_link,False
Current,txn_002819,retry,payment_link,True
Current,txn_009965,payment_link,payment_link,False
Current,txn_008704,payment_link,payment_link,False
Current,txn_006609,payment_link,payment_link,False
Current,txn_002821,retry,retry,False
Current,txn_007536,retry,retry,False
Current,txn_002261,reminder,reminder,False
Current,txn_002240,reminder,reminder,False
Current,txn_006022,payment_link,payment_link,False
Current,txn_000783,payment_link,payment_link,False
Current,txn_000933,retry,payment_link,True
Current,txn_006203,retry,retry,False
Current,txn_002413,payment_link,payment_link,False
Current,txn_006998,retry,payment_link,True
Current,txn_009116,payment_link,payment_link,False
Current,txn_001157,retry,payment_link,True
Current,txn_008108,retry,retry,False
Current,txn_005806,payment_link,payment_link,False
Current,txn_004880,reminder,reminder,False
Current,txn_003310,payment_link,payment_link,False
Current,txn_008962,retry,retry,False
Current,txn_001703,retry,payment_link,True
Current,txn_002493,retry,reminder,True
Current,txn_003707,payment_link,payment_link,False
Current,txn_008277,payment_link,payment_link,False
Current,txn_000287,retry,payment_link,True
Current,txn_001609,payment_link,payment_link,False
Current,txn_006632,retry,payment_link,True
Current,txn_008279,retry,reminder,True
Current,txn_007316,retry,retry,False
Current,txn_002253,retry,payment_link,True
Current,txn_007416,payment_link,payment_link,False
Current,txn_008366,payment_link,payment_link,False
Current,txn_001892,retry,reminder,True
Current,txn_005063,payment_link,reminder,True
Current,txn_006121,payment_link,payment_link,False
Current,txn_000564,retry,reminder,True
Current,txn_000292,payment_link,payment_link,False
Current,txn_004717,reminder,reminder,False
Current,txn_007709,payment_link,payment_link,False
Current,txn_006350,payment_link,payment_link,False
Current,txn_000170,payment_link,payment_link,False
Current,txn_000268,retry,retry,False
Current,txn_004639,retry,retry,False
Current,txn_007078,retry,payment_link,True
Current,txn_003356,reminder,reminder,False
Current,txn_008280,retry,retry,False
Current,txn_000316,retry,reminder,True
Current,txn_006729,retry,payment_link,True
Current,txn_009496,payment_link,payment_link,False
Current,txn_004068,reminder,reminder,False
Current,txn_000246,payment_link,payment_link,False
Current,txn_000253,retry,retry,False
Current,txn_001112,payment_link,payment_link,False
Current,txn_004802,retry,payment_link,True
Current,txn_001714,retry,reminder,True
Current,txn_000051,reminder,reminder,False
Current,txn_001836,reminder,reminder,False
Current,txn_007897,reminder,reminder,False
Current,txn_003384,reminder,reminder,False
Current,txn_006411,payment_link,payment_link,False
Current,txn_004314,reminder,reminder,False
Current,txn_000873,retry,retry,False
Current,txn_001255,payment_link,payment_link,False
Current,txn_008882,payment_link,payment_link,False
Current,txn_005852,retry,retry,False
Current,txn_005703,payment_link,payment_link,False
Current,txn_008104,retry,payment_link,True
Current,txn_002099,retry,retry,False
Current,txn_005129,retry,payment_link,True
Current,txn_000249,retry,retry,False
Current,txn_006562,retry,payment_link,True
Current,txn_001340,payment_link,payment_link,False
Current,txn_007018,retry,payment_link,True
Current,txn_002111,retry,retry,False
Current,txn_001570,payment_link,payment_link,False
Current,txn_001727,reminder,reminder,False
Current,txn_008385,retry,retry,False
Current,txn_006941,retry,retry,False
Current,txn_004396,retry,retry,False
Current,txn_002421,retry,reminder,True
Current,txn_003046,retry,payment_link,True
Current,txn_005504,retry,retry,False
Current,txn_003704,payment_link,reminder,True
Current,txn_008192,reminder,reminder,False
Current,txn_005332,payment_link,payment_link,False
Current,txn_009809,payment_link,payment_link,False
Current,txn_000448,retry,retry,False
Current,txn_007895,retry,payment_link,True
Current,txn_008729,reminder,reminder,False
Current,txn_007829,retry,retry,False
Current,txn_001769,retry,payment_link,True
Current,txn_006809,payment_link,reminder,True
Current,txn_004705,reminder,reminder,False
Current,txn_003870,payment_link,payment_link,False
Current,txn_001656,reminder,reminder,False
Current,txn_003188,payment_link,payment_link,False
Current,txn_000684,payment_link,retry,True
Current,txn_004171,retry,payment_link,True
Current,txn_004478,reminder,reminder,False
Current,txn_000462,retry,payment_link,True
Current,txn_005765,reminder,reminder,False
Current,txn_007523,payment_link,payment_link,False
Current,txn_004503,reminder,reminder,False
Current,txn_009710,reminder,reminder,False
Current,txn_000319,retry,payment_link,True
Current,txn_001146,reminder,reminder,False
Current,txn_005095,retry,payment_link,True
Current,txn_001394,retry,retry,False
Current,txn_006624,retry,payment_link,True
Current,txn_001502,retry,retry,False
Current,txn_006409,retry,payment_link,True
Current,txn_000377,reminder,reminder,False
Current,txn_000411,retry,retry,False
Current,txn_001661,payment_link,payment_link,False
Current,txn_003152,retry,retry,False
Current,txn_001624,retry,payment_link,True
Current,txn_005610,retry,payment_link,True
Current,txn_008533,payment_link,payment_link,False
Current,txn_005803,payment_link,payment_link,False
Current,txn_005307,reminder,reminder,False
Current,txn_007087,retry,retry,False
Current,txn_008898,retry,retry,False
Current,txn_007489,payment_link,payment_link,False
Current,txn_009616,retry,payment_link,True
Current,txn_009218,retry,retry,False
Current,txn_001673,reminder,reminder,False
Current,txn_002359,retry,retry,False
Current,txn_008468,reminder,reminder,False
Current,txn_000275,retry,retry,False
Current,txn_002474,reminder,reminder,False
Current,txn_005490,payment_link,payment_link,False
Current,txn_004772,payment_link,reminder,True
Current,txn_002108,payment_link,reminder,True
Current,txn_007501,retry,retry,False
Current,txn_004415,retry,payment_link,True
Current,txn_008139,retry,payment_link,True
Current,txn_008661,retry,payment_link,True
Current,txn_008240,retry,retry,False
Current,txn_002418,retry,retry,False
Current,txn_008772,payment_link,payment_link,False
Current,txn_002237,retry,payment_link,True
Current,txn_003768,reminder,reminder,False
Current,txn_009792,reminder,reminder,False
Current,txn_009990,payment_link,payment_link,False
Current,txn_009966,payment_link,payment_link,False
Current,txn_007324,retry,payment_link,True
Current,txn_001384,retry,payment_link,True
Current,txn_003102,reminder,reminder,False
Current,txn_003922,reminder,reminder,False
Current,txn_006686,retry,retry,False
Current,txn_003195,retry,payment_link,True
Current,txn_001942,retry,retry,False
Current,txn_007714,reminder,reminder,False
Current,txn_004897,retry,payment_link,True
Current,txn_004783,payment_link,payment_link,False
Current,txn_001497,reminder,reminder,False
Current,txn_001958,retry,reminder,True
Current,txn_009172,reminder,reminder,False
Current,txn_009746,retry,reminder,True
Current,txn_007333,retry,retry,False
Current,txn_007950,reminder,reminder,False
Current,txn_003018,payment_link,payment_link,False
Current,txn_006747,retry,retry,False
Current,txn_000514,reminder,reminder,False
Current,txn_003935,reminder,reminder,False
Current,txn_003026,retry,reminder,True
Current,txn_001200,retry,retry,False
Current,txn_005029,retry,payment_link,True
Current,txn_009785,reminder,reminder,False
Current,txn_000922,reminder,reminder,False
Current,txn_004650,retry,payment_link,True
Current,txn_005333,payment_link,reminder,True
Current,txn_001077,retry,retry,False
Current,txn_006769,reminder,reminder,False
Current,txn_009411,retry,retry,False
Current,txn_001672,payment_link,payment_link,False
Current,txn_000475,payment_link,payment_link,False
Current,txn_009187,payment_link,payment_link,False
Current,txn_008840,retry,reminder,True
Current,txn_005759,reminder,reminder,False
Current,txn_006298,retry,retry,False
Current,txn_002479,retry,retry,False
Current,txn_005494,retry,retry,False
Current,txn_003915,retry,retry,False
Current,txn_002139,retry,payment_link,True
Current,txn_005455,reminder,reminder,False
Current,txn_005380,reminder,reminder,False
Current,txn_008986,retry,payment_link,True
Current,txn_004024,retry,payment_link,True
Current,txn_003486,retry,payment_link,True
Current,txn_002456,payment_link,payment_link,False
Current,txn_002465,retry,reminder,True
Current,txn_008697,retry,retry,False
Current,txn_001370,payment_link,payment_link,False
Current,txn_006689,retry,retry,False
Current,txn_007457,retry,payment_link,True
Current,txn_009975,payment_link,payment_link,False
Current,txn_001902,retry,payment_link,True
Current,txn_004872,payment_link,payment_link,False
Current,txn_004711,retry,payment_link,True
Current,txn_007887,reminder,reminder,False
Current,txn_001794,reminder,reminder,False
Current,txn_002875,reminder,reminder,False
Current,txn_006218,payment_link,payment_link,False
Current,txn_005214,retry,retry,False
Current,txn_002246,retry,payment_link,True
Current,txn_001742,retry,retry,False
Current,txn_001021,payment_link,payment_link,False
Current,txn_000706,payment_link,payment_link,False
Current,txn_004295,reminder,reminder,False
Current,txn_005577,retry,payment_link,True
Current,txn_007167,payment_link,payment_link,False
Current,txn_008178,retry,payment_link,True
Current,txn_000909,retry,retry,False
Current,txn_005194,reminder,reminder,False
Current,txn_003078,reminder,reminder,False
Current,txn_009367,retry,retry,False
Current,txn_000595,retry,retry,False
Current,txn_005305,payment_link,payment_link,False
Current,txn_000441,retry,reminder,True
Current,txn_007607,reminder,reminder,False
Current,txn_004093,retry,retry,False
Current,txn_006135,payment_link,payment_link,False
Current,txn_000011,retry,retry,False
Current,txn_003777,retry,payment_link,True
Current,txn_009000,retry,retry,False
Current,txn_003709,payment_link,reminder,True
Current,txn_003781,payment_link,payment_link,False
Current,txn_000094,reminder,reminder,False
Current,txn_009240,reminder,reminder,False
Current,txn_003950,retry,payment_link,True
Current,txn_005786,retry,reminder,True
Current,txn_004871,retry,retry,False
Current,txn_004803,retry,payment_link,True
Current,txn_004868,retry,retry,False
Current,txn_000293,payment_link,payment_link,False
Current,txn_007889,retry,payment_link,True
Current,txn_007406,retry,reminder,True
Current,txn_005596,payment_link,payment_link,False
Current,txn_002887,reminder,reminder,False
Current,txn_006455,payment_link,payment_link,False
Current,txn_002543,retry,reminder,True
Current,txn_001766,reminder,reminder,False
Current,txn_006801,reminder,reminder,False
Current,txn_001878,reminder,reminder,False
Current,txn_001982,payment_link,payment_link,False
Current,txn_009730,retry,retry,False
Current,txn_009609,retry,retry,False
Current,txn_002686,reminder,reminder,False
Current,txn_008931,retry,retry,False
Current,txn_003459,reminder,reminder,False
Current,txn_004542,retry,payment_link,True
Current,txn_002179,retry,payment_link,True
Current,txn_004451,retry,reminder,True
Current,txn_003860,payment_link,payment_link,False
Current,txn_007624,retry,retry,False
Current,txn_007655,reminder,reminder,False
Current,txn_004520,reminder,reminder,False
Current,txn_002518,retry,payment_link,True
Current,txn_004837,retry,retry,False
Current,txn_002886,retry,retry,False
Current,txn_007282,retry,retry,False
Current,txn_006256,retry,retry,False
Current,txn_004540,retry,payment_link,True
Current,txn_005640,retry,retry,False
Current,txn_009460,retry,retry,False
Current,txn_003482,reminder,reminder,False
Current,txn_001278,reminder,reminder,False
Current,txn_003147,payment_link,payment_link,False
Current,txn_008263,payment_link,payment_link,False
Current,txn_003206,reminder,reminder,False
Current,txn_009893,retry,payment_link,True
Current,txn_002743,retry,retry,False
Current,txn_006077,retry,reminder,True
Current,txn_004048,retry,payment_link,True
Current,txn_005732,payment_link,payment_link,False
Current,txn_002946,retry,payment_link,True
Current,txn_005791,retry,retry,False
Current,txn_006795,retry,retry,False
Current,txn_006544,reminder,reminder,False
Current,txn_000701,payment_link,payment_link,False
Current,txn_003575,retry,payment_link,True
Current,txn_007700,retry,retry,False
Current,txn_002516,reminder,reminder,False
Current,txn_003001,payment_link,payment_link,False
Current,txn_005821,payment_link,payment_link,False
Current,txn_008582,retry,retry,False
Current,txn_003685,payment_link,payment_link,False
Current,txn_002996,reminder,reminder,False
Current,txn_004253,reminder,reminder,False
Current,txn_003412,retry,retry,False
Current,txn_007963,payment_link,payment_link,False
Current,txn_006310,retry,retry,False
Current,txn_008612,retry,payment_link,True
Current,txn_005013,retry,reminder,True
Current,txn_007751,retry,retry,False
Current,txn_005980,retry,retry,False
Current,txn_004049,payment_link,payment_link,False
Current,txn_004900,reminder,reminder,False
Current,txn_001319,retry,reminder,True
Current,txn_009773,retry,retry,False
Current,txn_009138,payment_link,payment_link,False
Current,txn_007143,payment_link,payment_link,False
Current,txn_001898,retry,payment_link,True
Current,txn_007466,retry,retry,False
Current,txn_000604,retry,retry,False
Current,txn_002847,retry,retry,False
Current,txn_008208,payment_link,payment_link,False
Current,txn_000394,retry,retry,False
Current,txn_004437,payment_link,payment_link,False
Current,txn_009448,retry,reminder,True
Current,txn_007235,retry,retry,False
Current,txn_005399,retry,retry,False
Current,txn_000096,retry,payment_link,True
Current,txn_001663,reminder,reminder,False
Current,txn_008971,retry,payment_link,True
Current,txn_005131,payment_link,payment_link,False
Current,txn_001489,retry,retry,False
Current,txn_008317,retry,payment_link,True
Current,txn_002708,reminder,reminder,False
Current,txn_001596,payment_link,reminder,True
Current,txn_009278,retry,retry,False
Current,txn_002378,retry,payment_link,True
Current,txn_005141,reminder,reminder,False
Current,txn_006148,retry,retry,False
Current,txn_008242,reminder,reminder,False
Current,txn_003949,retry,payment_link,True
Current,txn_003934,retry,payment_link,True
Current,txn_004798,retry,retry,False
Current,txn_004373,reminder,reminder,False
Current,txn_009863,retry,retry,False
Current,txn_008243,reminder,reminder,False
Current,txn_003449,reminder,reminder,False
Current,txn_002944,retry,payment_link,True
Current,txn_002466,retry,payment_link,True
Current,txn_008583,retry,retry,False
Current,txn_005507,retry,retry,False
Current,txn_002699,payment_link,payment_link,False
Current,txn_002448,payment_link,payment_link,False
Current,txn_000020,retry,reminder,True
Current,txn_002749,retry,payment_link,True
Current,txn_005400,retry,payment_link,True
Current,txn_008079,payment_link,payment_link,False
Current,txn_006872,retry,retry,False
Current,txn_004709,retry,payment_link,True
Current,txn_009477,reminder,reminder,False
Current,txn_000810,retry,retry,False
Current,txn_007478,payment_link,payment_link,False
Current,txn_002274,payment_link,payment_link,False
Current,txn_001924,retry,retry,False
Current,txn_001471,retry,payment_link,True
Current,txn_007935,payment_link,reminder,True
Current,txn_007408,reminder,reminder,False
Current,txn_002407,reminder,reminder,False
Current,txn_001143,retry,payment_link,True
Current,txn_001748,retry,payment_link,True
Current,txn_005710,retry,retry,False
Current,txn_004976,payment_link,payment_link,False
Current,txn_007301,payment_link,payment_link,False
Current,txn_008149,retry,payment_link,True
Current,txn_002834,reminder,reminder,False
Current,txn_003132,retry,payment_link,True
Current,txn_001311,retry,retry,False
Current,txn_008651,retry,retry,False
Current,txn_006775,retry,retry,False
Current,txn_006757,retry,retry,False
Current,txn_000621,retry,reminder,True
Current,txn_002702,retry,payment_link,True
Current,txn_002200,payment_link,payment_link,False
Current,txn_006197,payment_link,payment_link,False
Current,txn_008825,retry,reminder,True
Current,txn_001047,payment_link,payment_link,False
Current,txn_005769,reminder,reminder,False
Current,txn_009948,retry,payment_link,True
Current,txn_009020,payment_link,payment_link,False
Current,txn_000744,retry,retry,False
Current,txn_000223,retry,payment_link,True
Current,txn_003150,payment_link,payment_link,False
Current,txn_000626,retry,payment_link,True
Current,txn_009335,retry,reminder,True
Current,txn_007567,payment_link,reminder,True
Current,txn_004583,retry,retry,False
Current,txn_005712,payment_link,reminder,True
Current,txn_003285,reminder,reminder,False
Current,txn_007586,reminder,reminder,False
Current,txn_009647,payment_link,payment_link,False
Current,txn_001531,payment_link,payment_link,False
Current,txn_009686,retry,retry,False
Current,txn_000354,payment_link,payment_link,False
Current,txn_002475,payment_link,payment_link,False
Current,txn_008014,payment_link,payment_link,False
Current,txn_006476,payment_link,payment_link,False
Current,txn_006450,retry,payment_link,True
Current,txn_000240,retry,reminder,True
Current,txn_002626,retry,retry,False
Current,txn_009787,retry,retry,False
Current,txn_007199,retry,retry,False
Current,txn_007693,payment_link,reminder,True
Current,txn_002998,payment_link,reminder,True
Current,txn_006441,payment_link,payment_link,False
Current,txn_004563,retry,payment_link,True
Current,txn_008615,retry,payment_link,True
Current,txn_001480,retry,payment_link,True
Current,txn_001019,retry,payment_link,True
Current,txn_003095,retry,retry,False
Current,txn_006183,retry,payment_link,True
Current,txn_004961,retry,payment_link,True
Current,txn_008493,reminder,reminder,False
Current,txn_001104,payment_link,payment_link,False
Current,txn_006082,reminder,reminder,False
Current,txn_009526,retry,payment_link,True
Current,txn_005191,retry,payment_link,True
Current,txn_004182,retry,retry,False
Current,txn_004468,payment_link,payment_link,False
Current,txn_001627,reminder,reminder,False
Current,txn_006718,reminder,reminder,False
Current,txn_003799,retry,retry,False
Current,txn_003054,retry,payment_link,True
Current,txn_002868,payment_link,payment_link,False
Current,txn_001433,retry,retry,False
Current,txn_007984,retry,payment_link,True
Current,txn_009347,retry,payment_link,True
Current,txn_009420,retry,retry,False
Current,txn_004077,reminder,reminder,False
Current,txn_000218,retry,retry,False
Current,txn_003556,reminder,reminder,False
Current,txn_007937,reminder,reminder,False
Current,txn_008422,reminder,reminder,False
Current,txn_001035,payment_link,payment_link,False
Current,txn_003774,retry,retry,False
Current,txn_004133,retry,retry,False
Current,txn_002336,retry,retry,False
Current,txn_006493,reminder,reminder,False
Current,txn_001483,payment_link,payment_link,False
Current,txn_000907,retry,reminder,True
Current,txn_006089,payment_link,payment_link,False
Current,txn_006467,reminder,reminder,False
Current,txn_005677,retry,payment_link,True
Current,txn_002771,retry,payment_link,True
Current,txn_001806,retry,payment_link,True
Current,txn_007375,retry,retry,False
Current,txn_002115,retry,retry,False
Current,txn_004535,retry,payment_link,True
Current,txn_002532,retry,payment_link,True
Current,txn_008526,reminder,reminder,False
Current,txn_003471,reminder,reminder,False
Current,txn_001403,retry,retry,False
Current,txn_000853,retry,retry,False
Current,txn_003083,reminder,reminder,False
Current,txn_008025,retry,retry,False
Current,txn_007566,retry,retry,False
Current,txn_005530,retry,payment_link,True
Current,txn_007855,retry,retry,False
Current,txn_004933,payment_link,payment_link,False
Current,txn_005160,retry,payment_link,True
Current,txn_009716,payment_link,payment_link,False
Current,txn_003847,retry,retry,False
Current,txn_006484,retry,retry,False
Current,txn_000748,payment_link,payment_link,False
Current,txn_003035,retry,retry,False
Current,txn_000348,payment_link,payment_link,False
Current,txn_003352,retry,retry,False
Current,txn_002865,retry,payment_link,True
Current,txn_002168,retry,retry,False
Current,txn_006955,payment_link,payment_link,False
Current,txn_006210,payment_link,payment_link,False
Current,txn_002778,payment_link,payment_link,False
Current,txn_001442,payment_link,payment_link,False
Current,txn_005658,payment_link,payment_link,False
Current,txn_009658,reminder,reminder,False
Current,txn_003028,payment_link,payment_link,False
Current,txn_006118,retry,retry,False
Current,txn_002484,retry,payment_link,True
Current,txn_002883,retry,retry,False
Current,txn_005562,retry,retry,False
Current,txn_000764,retry,reminder,True
Current,txn_006482,retry,payment_link,True
Current,txn_001617,payment_link,payment_link,False
Current,txn_001223,payment_link,payment_link,False
Current,txn_008665,retry,payment_link,True
Current,txn_006222,reminder,reminder,False
Current,txn_001577,payment_link,payment_link,False
Current,txn_009392,retry,payment_link,True
Current,txn_006351,retry,retry,False
Current,txn_003783,retry,payment_link,True
Current,txn_004375,retry,retry,False
Current,txn_000709,reminder,reminder,False
Current,txn_000510,retry,payment_link,True
Current,txn_002955,retry,payment_link,True
Current,txn_007538,retry,retry,False
Current,txn_006339,retry,retry,False
Current,txn_008923,payment_link,payment_link,False
Current,txn_007064,reminder,reminder,False
Current,txn_007163,retry,payment_link,True
Current,txn_007372,payment_link,payment_link,False
Current,txn_006829,reminder,reminder,False
Current,txn_003616,reminder,reminder,False
Current,txn_004657,retry,retry,False
Current,txn_006976,payment_link,payment_link,False
Current,txn_004351,payment_link,payment_link,False
Current,txn_000712,retry,payment_link,True
Current,txn_006479,retry,retry,False
Current,txn_009130,reminder,reminder,False
Current,txn_008205,retry,retry,False
Current,txn_009204,reminder,reminder,False
Current,txn_000713,reminder,reminder,False
Current,txn_009113,reminder,reminder,False
Current,txn_001246,retry,reminder,True
Current,txn_009786,reminder,reminder,False
Current,txn_006849,retry,retry,False
Current,txn_005134,payment_link,reminder,True
Current,txn_000716,retry,retry,False
Current,txn_003464,retry,retry,False
Current,txn_004395,payment_link,payment_link,False
Current,txn_004569,retry,retry,False
Current,txn_008804,retry,payment_link,True
Current,txn_008490,retry,retry,False
Current,txn_007702,reminder,reminder,False
Current,txn_000213,retry,payment_link,True
Current,txn_009768,retry,reminder,True
Current,txn_006839,retry,payment_link,True
Current,txn_001011,retry,retry,False
Current,txn_000324,payment_link,payment_link,False
Current,txn_005397,retry,payment_link,True
Current,txn_005991,payment_link,payment_link,False
Current,txn_003173,payment_link,payment_link,False
Current,txn_000335,reminder,reminder,False
Current,txn_008306,reminder,reminder,False
Current,txn_002211,retry,reminder,True
Current,txn_004272,retry,retry,False
Current,txn_006741,reminder,reminder,False
Current,txn_000234,retry,retry,False
Current,txn_005951,reminder,reminder,False
Current,txn_005738,retry,retry,False
Current,txn_007922,retry,reminder,True
Current,txn_002349,retry,retry,False
Current,txn_002037,reminder,reminder,False
Current,txn_007485,retry,payment_link,True
Current,txn_006007,reminder,reminder,False
Current,txn_004554,payment_link,payment_link,False
Current,txn_008073,retry,payment_link,True
Current,txn_001459,retry,retry,False
Current,txn_003289,payment_link,payment_link,False
Current,txn_003065,payment_link,payment_link,False
Current,txn_009437,payment_link,payment_link,False
Current,txn_000775,reminder,reminder,False
Current,txn_006833,retry,retry,False
Current,txn_000872,retry,payment_link,True
Current,txn_008750,payment_link,payment_link,False
Current,txn_001264,payment_link,reminder,True
Current,txn_004834,retry,retry,False
Current,txn_003895,retry,retry,False
Current,txn_006324,retry,retry,False
Current,txn_009213,retry,reminder,True
Current,txn_007020,payment_link,payment_link,False
Current,txn_001221,reminder,reminder,False
Current,txn_001447,retry,payment_link,True
Current,txn_003185,reminder,reminder,False
Current,txn_000409,reminder,reminder,False
Current,txn_004345,retry,retry,False
Current,txn_003022,retry,retry,False
Current,txn_002304,retry,payment_link,True
Current,txn_006272,retry,payment_link,True
Current,txn_008281,retry,payment_link,True
Current,txn_006642,reminder,reminder,False
Current,txn_006956,retry,retry,False
Current,txn_002110,retry,payment_link,True
Current,txn_005352,payment_link,payment_link,False
Current,txn_009684,retry,retry,False
Current,txn_008344,retry,retry,False
Current,txn_004550,payment_link,payment_link,False
Current,txn_001881,retry,retry,False
Current,txn_005946,reminder,reminder,False
Current,txn_001738,retry,retry,False
Current,txn_007794,reminder,reminder,False
Current,txn_005213,payment_link,payment_link,False
Current,txn_003209,retry,payment_link,True
Current,txn_007083,payment_link,payment_link,False
Current,txn_002056,reminder,reminder,False
Current,txn_001689,retry,payment_link,True
Current,txn_004780,retry,retry,False
Current,txn_007476,payment_link,payment_link,False
Current,txn_007877,retry,payment_link,True
Current,txn_006750,retry,retry,False
Current,txn_008556,reminder,reminder,False
Current,txn_008123,retry,retry,False
Current,txn_006991,payment_link,payment_link,False
Current,txn_008267,payment_link,payment_link,False
Current,txn_008540,payment_link,payment_link,False
Current,txn_003393,retry,retry,False
Current,txn_006326,payment_link,payment_link,False
Current,txn_003529,retry,retry,False
Current,txn_004605,payment_link,reminder,True
Current,txn_007024,retry,payment_link,True
Current,txn_006322,payment_link,payment_link,False
Current,txn_000746,retry,reminder,True
Current,txn_000711,payment_link,payment_link,False
Current,txn_000380,reminder,reminder,False
Current,txn_008783,payment_link,reminder,True
Current,txn_003012,payment_link,payment_link,False
Current,txn_008859,reminder,reminder,False
Current,txn_007153,payment_link,reminder,True
Current,txn_008567,retry,retry,False
Current,txn_003498,reminder,reminder,False
Current,txn_003890,reminder,reminder,False
Current,txn_004485,retry,payment_link,True
Current,txn_004012,retry,retry,False
Current,txn_002620,reminder,reminder,False
Current,txn_006671,payment_link,reminder,True
Current,txn_006513,reminder,reminder,False
Current,txn_003468,reminder,reminder,False
Current,txn_001314,payment_link,payment_link,False
Current,txn_008606,retry,retry,False
Current,txn_002070,reminder,reminder,False
Current,txn_002983,payment_link,payment_link,False
Current,txn_005915,payment_link,payment_link,False
Current,txn_009171,retry,retry,False
Current,txn_001286,retry,retry,False
Current,txn_008991,retry,payment_link,True
Current,txn_008430,payment_link,payment_link,False
Current,txn_001350,retry,retry,False
Current,txn_002612,retry,retry,False
Current,txn_009495,retry,retry,False
Current,txn_003669,reminder,reminder,False
Current,txn_002222,retry,retry,False
Current,txn_000428,retry,payment_link,True
Current,txn_000654,payment_link,payment_link,False
Current,txn_009914,retry,retry,False
Current,txn_003536,retry,retry,False
Current,txn_007737,retry,payment_link,True
Current,txn_003246,retry,retry,False
Current,txn_004741,payment_link,payment_link,False
Current,txn_009069,reminder,reminder,False
Current,txn_004100,retry,retry,False
Current,txn_004101,payment_link,payment_link,False
Current,txn_006960,reminder,reminder,False
Current,txn_000612,retry,payment_link,True
Current,txn_004289,reminder,reminder,False
Current,txn_008571,retry,payment_link,True
Current,txn_009713,reminder,reminder,False
Current,txn_001544,retry,retry,False
Current,txn_009536,retry,payment_link,True
Current,txn_003854,reminder,reminder,False
Current,txn_000555,retry,retry,False
Current,txn_006366,retry,payment_link,True
Current,txn_000512,retry,payment_link,True
Current,txn_003207,retry,payment_link,True
Current,txn_008085,retry,payment_link,True
Current,txn_000968,retry,retry,False
Current,txn_006044,retry,retry,False
Current,txn_006880,retry,reminder,True
Current,txn_006776,retry,payment_link,True
Current,txn_003296,retry,payment_link,True
Current,txn_008702,retry,payment_link,True
Current,txn_003430,reminder,reminder,False
Current,txn_008871,retry,retry,False
Current,txn_006963,reminder,reminder,False
Current,txn_002089,retry,payment_link,True
Current,txn_008500,retry,payment_link,True
Current,txn_006163,payment_link,payment_link,False
Current,txn_003211,payment_link,payment_link,False
Current,txn_009201,retry,payment_link,True
Current,txn_006606,reminder,reminder,False
Current,txn_001110,payment_link,payment_link,False
Current,txn_005729,retry,retry,False
Current,txn_007830,reminder,reminder,False
Current,txn_001039,retry,retry,False
Current,txn_001195,payment_link,reminder,True
Current,txn_004475,retry,payment_link,True
Current,txn_009875,retry,retry,False
Current,txn_002123,retry,retry,False
Current,txn_004983,retry,retry,False
Current,txn_008974,payment_link,payment_link,False
Current,txn_005701,retry,retry,False
Current,txn_000935,retry,reminder,True
Current,txn_006102,reminder,reminder,False
Current,txn_004690,retry,payment_link,True
Current,txn_000395,payment_link,payment_link,False
Current,txn_004686,retry,retry,False
Current,txn_008777,payment_link,payment_link,False
Current,txn_009166,reminder,reminder,False
Current,txn_005981,retry,retry,False
Current,txn_009943,reminder,reminder,False
Current,txn_002192,payment_link,payment_link,False
Current,txn_001298,retry,retry,False
Current,txn_005045,payment_link,payment_link,False
Current,txn_001163,retry,payment_link,True
Current,txn_004255,payment_link,payment_link,False
Current,txn_006373,reminder,reminder,False
Current,txn_001528,retry,payment_link,True
Current,txn_004343,retry,retry,False
Current,txn_002031,reminder,reminder,False
Current,txn_003061,reminder,reminder,False
Current,txn_000059,retry,retry,False
Current,txn_002406,reminder,reminder,False
Current,txn_005007,retry,retry,False
Current,txn_006158,retry,retry,False
Current,txn_007376,retry,payment_link,True
Current,txn_004507,retry,retry,False
Current,txn_005215,reminder,reminder,False
Current,txn_006030,payment_link,payment_link,False
Current,txn_001781,retry,retry,False
Current,txn_005448,retry,retry,False
Current,txn_004607,payment_link,payment_link,False
Current,txn_006915,payment_link,payment_link,False
Current,txn_000677,retry,retry,False
Current,txn_003583,reminder,reminder,False
Current,txn_003654,reminder,reminder,False
Current,txn_007921,retry,retry,False
Current,txn_009500,retry,payment_link,True
Current,txn_002733,retry,payment_link,True
Current,txn_004788,retry,payment_link,True
Current,txn_002755,retry,payment_link,True
Current,txn_002338,retry,retry,False
Current,txn_003644,retry,retry,False
Current,txn_007738,retry,retry,False
Current,txn_005517,retry,payment_link,True
Current,txn_005247,retry,retry,False
Current,txn_000867,payment_link,payment_link,False
Current,txn_004448,retry,reminder,True
Current,txn_005072,retry,payment_link,True
Current,txn_004882,retry,retry,False
Current,txn_009511,payment_link,payment_link,False
Current,txn_003003,retry,retry,False
Current,txn_002226,reminder,reminder,False
Current,txn_009057,retry,payment_link,True
Current,txn_004827,retry,retry,False
Current,txn_007622,retry,retry,False
Current,txn_009690,retry,retry,False
Current,txn_005501,retry,payment_link,True
Current,txn_009701,reminder,reminder,False
Current,txn_008479,retry,payment_link,True
Current,txn_005503,retry,retry,False
Current,txn_001211,reminder,reminder,False
Current,txn_009084,retry,retry,False
Current,txn_002289,reminder,reminder,False
Current,txn_002184,payment_link,payment_link,False
Current,txn_002863,payment_link,payment_link,False
Current,txn_006862,retry,payment_link,True
Current,txn_002363,reminder,reminder,False
Current,txn_008464,payment_link,payment_link,False
Current,txn_006333,reminder,reminder,False
Current,txn_004065,retry,reminder,True
Current,txn_009547,retry,payment_link,True
Current,txn_000618,reminder,reminder,False
Current,txn_003282,retry,retry,False
Current,txn_005227,retry,payment_link,True
Current,txn_003398,payment_link,payment_link,False
Current,txn_003066,retry,reminder,True
Current,txn_000767,payment_link,reminder,True
Current,txn_007079,payment_link,payment_link,False
Current,txn_005280,payment_link,payment_link,False
Current,txn_004150,payment_link,payment_link,False
Current,txn_001145,retry,payment_link,True
Current,txn_004249,retry,payment_link,True
Current,txn_004111,retry,payment_link,True
Current,txn_000463,reminder,reminder,False
Current,txn_002933,retry,retry,False
Current,txn_004624,retry,payment_link,True
Current,txn_003814,retry,reminder,True
Current,txn_006309,retry,retry,False
Current,txn_004342,retry,retry,False
Current,txn_005301,retry,payment_link,True
Current,txn_006805,reminder,reminder,False
Current,txn_003283,payment_link,payment_link,False
Current,txn_002575,retry,retry,False
Current,txn_007962,reminder,reminder,False
Current,txn_007880,reminder,reminder,False
Current,txn_000829,payment_link,payment_link,False
Current,txn_006487,retry,retry,False
Current,txn_007600,retry,reminder,True
Current,txn_002541,retry,retry,False
Current,txn_005747,retry,reminder,True
Current,txn_008527,retry,retry,False
Current,txn_009567,retry,retry,False
Current,txn_003743,payment_link,payment_link,False
Current,txn_007499,retry,retry,False
Current,txn_003525,retry,retry,False
Current,txn_000021,payment_link,payment_link,False
Current,txn_001916,retry,payment_link,True
Current,txn_006572,reminder,reminder,False
Current,txn_009019,payment_link,payment_link,False
Current,txn_002013,retry,reminder,True
Current,txn_005406,reminder,reminder,False
Current,txn_001296,reminder,reminder,False
Current,txn_003746,retry,payment_link,True
Current,txn_000592,payment_link,payment_link,False
Current,txn_001407,reminder,reminder,False
Current,txn_000222,retry,retry,False
Current,txn_005618,retry,retry,False
Current,txn_006249,payment_link,payment_link,False
Current,txn_004419,retry,retry,False
Current,txn_000859,retry,payment_link,True
Current,txn_001784,retry,retry,False
Current,txn_007260,retry,retry,False
Current,txn_006857,reminder,reminder,False
Current,txn_001955,retry,retry,False
Current,txn_001747,retry,payment_link,True
Current,txn_003133,retry,payment_link,True
Current,txn_008037,retry,retry,False
Current,txn_008851,retry,payment_link,True
Current,txn_000995,reminder,reminder,False
Current,txn_006109,payment_link,payment_link,False
Current,txn_000731,payment_link,payment_link,False
Current,txn_006975,retry,retry,False
Current,txn_006274,payment_link,reminder,True
Current,txn_006752,retry,payment_link,True
Current,txn_003510,retry,payment_link,True
Current,txn_003534,reminder,reminder,False
Current,txn_002514,retry,payment_link,True
Current,txn_005437,payment_link,reminder,True
Current,txn_003626,payment_link,payment_link,False
Current,txn_000466,reminder,reminder,False
Current,txn_006756,retry,payment_link,True
Current,txn_006760,retry,payment_link,True
Current,txn_007992,retry,payment_link,True
Current,txn_000158,reminder,reminder,False
Current,txn_003961,retry,payment_link,True
Current,txn_008833,retry,retry,False
Current,txn_005471,retry,reminder,True
Current,txn_000186,reminder,reminder,False
Current,txn_001003,retry,payment_link,True
Current,txn_009509,retry,retry,False
Current,txn_005624,retry,payment_link,True
Current,txn_000401,retry,retry,False
Current,txn_006241,payment_link,payment_link,False
Current,txn_008941,payment_link,reminder,True
Current,txn_009933,payment_link,payment_link,False
Current,txn_007343,retry,payment_link,True
Current,txn_009833,retry,retry,False
Current,txn_008467,retry,payment_link,True
Current,txn_008757,retry,reminder,True
Current,txn_007959,retry,retry,False
Current,txn_001251,reminder,reminder,False
Current,txn_003144,reminder,reminder,False
Current,txn_007431,retry,reminder,True
Current,txn_000060,retry,retry,False
Current,txn_007856,retry,payment_link,True
Current,txn_001114,reminder,reminder,False
Current,txn_003058,reminder,reminder,False
Current,txn_009570,retry,retry,False
Current,txn_001329,payment_link,payment_link,False
Current,txn_004996,reminder,reminder,False
Current,txn_006683,retry,retry,False
Current,txn_002073,retry,retry,False
Current,txn_004794,reminder,reminder,False
Current,txn_006830,retry,retry,False
Current,txn_009630,reminder,reminder,False
Current,txn_008219,retry,retry,False
Current,txn_007568,retry,retry,False
Current,txn_005923,retry,retry,False
Current,txn_001551,payment_link,payment_link,False
Current,txn_001010,retry,retry,False
Current,txn_003756,retry,retry,False
Current,txn_008682,retry,retry,False
Current,txn_009343,retry,payment_link,True
Current,txn_008010,retry,payment_link,True
Current,txn_003861,retry,retry,False
Current,txn_003149,retry,payment_link,True
Current,txn_002520,retry,retry,False
Current,txn_003128,reminder,reminder,False
Current,txn_009085,retry,retry,False
Current,txn_005317,retry,reminder,True
Current,txn_001196,retry,payment_link,True
Current,txn_009051,retry,reminder,True
Current,txn_000880,retry,retry,False
Current,txn_006990,payment_link,payment_link,False
Current,txn_002488,retry,retry,False
Current,txn_002841,retry,payment_link,True
Current,txn_004330,retry,reminder,True
Current,txn_002931,retry,payment_link,True
Current,txn_006425,retry,payment_link,True
Current,txn_002486,reminder,reminder,False
Current,txn_005748,payment_link,payment_link,False
Current,txn_000884,retry,payment_link,True
Current,txn_004915,payment_link,retry,True
Current,txn_006211,retry,retry,False
Current,txn_009579,retry,reminder,True
Current,txn_000212,payment_link,payment_link,False
Current,txn_002276,payment_link,payment_link,False
Current,txn_002329,reminder,reminder,False
Current,txn_004951,retry,payment_link,True
Current,txn_003320,retry,payment_link,True
Current,txn_009835,payment_link,payment_link,False
Current,txn_004608,retry,retry,False
Current,txn_001439,payment_link,payment_link,False
Current,txn_000468,reminder,reminder,False
Current,txn_005467,payment_link,payment_link,False
Current,txn_003330,payment_link,reminder,True
Current,txn_005829,retry,reminder,True
Current,txn_008608,payment_link,payment_link,False
Current,txn_000697,payment_link,reminder,True
Current,txn_007268,payment_link,payment_link,False
Current,txn_009145,payment_link,reminder,True
Current,txn_008181,retry,retry,False
Current,txn_009939,payment_link,payment_link,False
Current,txn_001315,retry,retry,False
Current,txn_002302,retry,retry,False
Current,txn_002040,retry,retry,False
Current,txn_007109,retry,retry,False
Current,txn_003667,reminder,reminder,False
Current,txn_000915,reminder,reminder,False
Current,txn_000013,payment_link,payment_link,False
Current,txn_008584,reminder,reminder,False
Current,txn_006428,reminder,reminder,False
Current,txn_001537,reminder,reminder,False
Current,txn_000737,reminder,reminder,False
Current,txn_008202,retry,retry,False
Current,txn_008653,retry,reminder,True
Current,txn_000454,retry,reminder,True
Current,txn_004346,reminder,reminder,False
Current,txn_000928,retry,payment_link,True
Current,txn_006292,retry,retry,False
Current,txn_008282,retry,retry,False
Current,txn_008723,retry,retry,False
Current,txn_006474,reminder,reminder,False
Current,txn_000038,retry,payment_link,True
Current,txn_005771,reminder,reminder,False
Current,txn_002555,payment_link,payment_link,False
Current,txn_007633,retry,payment_link,True
Current,txn_009999,payment_link,payment_link,False
Current,txn_006621,retry,payment_link,True
Current,txn_000941,retry,retry,False
Current,txn_007399,retry,payment_link,True
Current,txn_006129,retry,reminder,True
Current,txn_009830,retry,payment_link,True
Current,txn_002681,payment_link,payment_link,False
Current,txn_004355,reminder,reminder,False
Current,txn_003059,retry,payment_link,True
Current,txn_007881,payment_link,payment_link,False
Current,txn_000739,retry,retry,False
Current,txn_000539,reminder,reminder,False
Current,txn_003326,reminder,reminder,False
Current,txn_004240,reminder,reminder,False
Current,txn_001401,reminder,reminder,False
Current,txn_004047,retry,retry,False
Current,txn_005138,payment_link,payment_link,False
Current,txn_004230,retry,payment_link,True
Current,txn_004192,retry,retry,False
Current,txn_009143,reminder,reminder,False
Current,txn_005539,payment_link,payment_link,False
Current,txn_002693,retry,payment_link,True
Current,txn_005341,retry,payment_link,True
Current,txn_009918,payment_link,payment_link,False
Current,txn_007671,retry,payment_link,True
Current,txn_009174,reminder,reminder,False
Current,txn_001808,retry,retry,False
Current,txn_005112,retry,retry,False
Current,txn_003990,retry,payment_link,True
Current,txn_003456,reminder,reminder,False
Current,txn_002908,retry,retry,False
Current,txn_006652,payment_link,payment_link,False
Current,txn_008288,retry,retry,False
Current,txn_006245,reminder,reminder,False
Current,txn_002698,retry,retry,False
Current,txn_004017,payment_link,payment_link,False
Current,txn_004340,retry,retry,False
Current,txn_004646,retry,payment_link,True
Current,txn_007740,retry,payment_link,True
Current,txn_007092,retry,retry,False
Current,txn_004693,retry,retry,False
Current,txn_001740,reminder,reminder,False
Current,txn_005407,reminder,reminder,False
Current,txn_004589,retry,payment_link,True
Current,txn_003126,reminder,reminder,False
Current,txn_002158,retry,retry,False
Current,txn_005334,payment_link,reminder,True
Current,txn_008637,retry,payment_link,True
Current,txn_001826,retry,payment_link,True
Current,txn_004231,reminder,reminder,False
Current,txn_003488,retry,reminder,True
Current,txn_009054,reminder,reminder,False
Current,txn_009769,payment_link,payment_link,False
Current,txn_003648,retry,retry,False
Current,txn_005903,retry,payment_link,True
Current,txn_006386,retry,reminder,True
Current,txn_005639,retry,retry,False
Current,txn_006424,retry,reminder,True
Current,txn_007827,retry,retry,False
Current,txn_007744,retry,retry,False
Current,txn_003013,retry,retry,False
Current,txn_007672,reminder,reminder,False
Current,txn_009549,reminder,reminder,False
Current,txn_009978,retry,payment_link,True
Current,txn_003081,reminder,reminder,False
Current,txn_003521,reminder,reminder,False
Current,txn_004979,retry,retry,False
Current,txn_007620,payment_link,payment_link,False
Current,txn_004348,retry,reminder,True
Current,txn_008441,retry,retry,False
Current,txn_001347,payment_link,payment_link,False
Current,txn_007088,retry,retry,False
Current,txn_008948,retry,retry,False
Current,txn_005652,payment_link,payment_link,False
Current,txn_008082,retry,retry,False
Current,txn_001792,retry,retry,False
Current,txn_007429,retry,payment_link,True
Current,txn_009580,retry,reminder,True
Current,txn_009960,reminder,reminder,False
Current,txn_002271,payment_link,payment_link,False
Current,txn_009767,payment_link,payment_link,False
Current,txn_002956,payment_link,payment_link,False
Current,txn_003444,retry,retry,False
Current,txn_007736,retry,retry,False
Current,txn_000834,reminder,reminder,False
Current,txn_006499,retry,payment_link,True
Current,txn_002992,payment_link,payment_link,False
Current,txn_007793,reminder,reminder,False
Current,txn_002151,reminder,reminder,False
Current,txn_004023,retry,reminder,True
Current,txn_007615,payment_link,reminder,True
Current,txn_006124,retry,retry,False
Current,txn_003339,retry,retry,False
Current,txn_004344,retry,retry,False
Current,txn_004464,payment_link,payment_link,False
Current,txn_002376,retry,retry,False
Current,txn_009044,retry,retry,False
Current,txn_005571,retry,payment_link,True
Current,txn_008599,payment_link,reminder,True
Current,txn_008504,retry,retry,False
Current,txn_008880,retry,payment_link,True
Current,txn_001887,retry,payment_link,True
Current,txn_001198,reminder,reminder,False
Current,txn_006427,reminder,reminder,False
Current,txn_008911,retry,retry,False
Current,txn_002936,reminder,reminder,False
Current,txn_006342,retry,payment_link,True
Current,txn_001430,retry,payment_link,True
Current,txn_006307,retry,retry,False
Current,txn_003650,retry,payment_link,True
Current,txn_001938,payment_link,payment_link,False
Current,txn_005172,payment_link,payment_link,False
Current,txn_007764,retry,reminder,True
Current,txn_006393,reminder,reminder,False
Current,txn_001154,retry,reminder,True
Current,txn_006250,retry,retry,False
Current,txn_007037,retry,retry,False
Current,txn_004229,retry,retry,False
Current,txn_004975,payment_link,payment_link,False
Current,txn_006401,retry,retry,False
Current,txn_003640,payment_link,payment_link,False
Current,txn_003972,retry,payment_link,True
Current,txn_009594,retry,payment_link,True
Current,txn_003376,retry,reminder,True
Current,txn_002487,retry,retry,False
Current,txn_006954,retry,reminder,True
Current,txn_000606,retry,payment_link,True
Current,txn_007444,retry,retry,False
Current,txn_005928,payment_link,payment_link,False
Current,txn_002454,payment_link,payment_link,False
Current,txn_003609,retry,retry,False
Current,txn_001484,payment_link,payment_link,False
Current,txn_004519,payment_link,payment_link,False
Current,txn_003038,payment_link,payment_link,False
Current,txn_009352,reminder,reminder,False
Current,txn_007692,retry,retry,False
Current,txn_004116,retry,payment_link,True
Current,txn_001427,retry,retry,False
Current,txn_000497,retry,payment_link,True
Current,txn_003353,reminder,reminder,False
Current,txn_008794,reminder,reminder,False
Current,txn_000759,retry,retry,False
Current,txn_000838,retry,retry,False
Current,txn_004327,retry,retry,False
Current,txn_002128,payment_link,payment_link,False
Current,txn_001023,retry,reminder,True
Current,txn_008762,retry,payment_link,True
Current,txn_005614,retry,retry,False
Current,txn_005581,retry,retry,False
Current,txn_001058,retry,retry,False
Current,txn_009542,payment_link,reminder,True
Current,txn_006856,reminder,reminder,False
Current,txn_007349,payment_link,payment_link,False
Current,txn_009045,payment_link,payment_link,False
Current,txn_002129,payment_link,payment_link,False
Current,txn_002767,retry,payment_link,True
Current,txn_002109,reminder,reminder,False
Current,txn_003617,reminder,reminder,False
Current,txn_001545,payment_link,payment_link,False
Current,txn_006914,payment_link,reminder,True
Current,txn_001719,retry,payment_link,True
Current,txn_007435,retry,retry,False
Current,txn_007365,retry,payment_link,True
Current,txn_006235,retry,retry,False
Current,txn_000725,payment_link,reminder,True
Current,txn_006673,retry,payment_link,True
Current,txn_008029,payment_link,payment_link,False
Current,txn_005492,payment_link,payment_link,False
Current,txn_001128,retry,payment_link,True
Current,txn_002957,payment_link,payment_link,False
Current,txn_005156,retry,retry,False
Current,txn_004817,retry,retry,False
Current,txn_006202,payment_link,payment_link,False
Current,txn_006224,reminder,reminder,False
Current,txn_008686,retry,payment_link,True
Current,txn_007114,payment_link,reminder,True
Current,txn_005275,retry,payment_link,True
Current,txn_008536,reminder,reminder,False
Current,txn_003044,reminder,reminder,False
Current,txn_006912,payment_link,payment_link,False
Current,txn_000150,payment_link,payment_link,False
Current,txn_007574,retry,retry,False
Current,txn_004206,payment_link,payment_link,False
Current,txn_005493,retry,retry,False
Current,txn_002690,reminder,reminder,False
Current,txn_004221,payment_link,payment_link,False
Current,txn_009102,retry,payment_link,True
Current,txn_000842,retry,payment_link,True
Current,txn_008137,retry,payment_link,True
Current,txn_006438,retry,payment_link,True
Current,txn_009700,reminder,reminder,False
Current,txn_006200,retry,retry,False
Current,txn_002795,retry,retry,False
Current,txn_007626,retry,payment_link,True
Current,txn_008475,retry,payment_link,True
Current,txn_007890,payment_link,reminder,True
Current,txn_006608,payment_link,payment_link,False
Current,txn_009195,retry,payment_link,True
Current,txn_008248,reminder,reminder,False
Current,txn_001393,payment_link,reminder,True
Current,txn_001922,payment_link,payment_link,False
Current,txn_007019,reminder,reminder,False
Current,txn_003622,retry,retry,False
Current,txn_004849,retry,payment_link,True
Current,txn_002292,reminder,reminder,False
Current,txn_002134,retry,payment_link,True
Current,txn_000551,payment_link,retry,True
Current,txn_001741,payment_link,reminder,True
Current,txn_005290,retry,payment_link,True
Current,txn_001818,retry,retry,False
Current,txn_004699,reminder,reminder,False
Current,txn_005182,retry,payment_link,True
Current,txn_003019,reminder,reminder,False
Current,txn_000018,retry,reminder,True
Current,txn_001771,retry,reminder,True
Current,txn_001889,retry,retry,False
Current,txn_002153,retry,payment_link,True
Current,txn_001643,retry,retry,False
Current,txn_007847,payment_link,reminder,True
Current,txn_004194,payment_link,payment_link,False
Current,txn_009433,reminder,reminder,False
Current,txn_008899,reminder,reminder,False
Current,txn_000534,reminder,reminder,False
Current,txn_000133,retry,payment_link,True
Current,txn_007723,retry,retry,False
Current,txn_008459,retry,retry,False
Current,txn_000965,retry,reminder,True
Current,txn_008720,retry,payment_link,True
Current,txn_006413,payment_link,reminder,True
Current,txn_008286,retry,payment_link,True
Current,txn_007854,payment_link,payment_link,False
Current,txn_001096,payment_link,payment_link,False
Current,txn_006930,retry,retry,False
High Cost,txn_006253,reminder,reminder,False
High Cost,txn_004685,retry,retry,False
High Cost,txn_001732,reminder,reminder,False
High Cost,txn_004743,retry,payment_link,True
High Cost,txn_004522,retry,retry,False
High Cost,txn_006341,retry,retry,False
High Cost,txn_000577,retry,retry,False
High Cost,txn_005203,retry,payment_link,True
High Cost,txn_006364,retry,retry,False
High Cost,txn_000440,retry,retry,False
High Cost,txn_002751,payment_link,payment_link,False
High Cost,txn_007488,retry,payment_link,True
High Cost,txn_005273,retry,payment_link,True
High Cost,txn_005654,retry,payment_link,True
High Cost,txn_004000,retry,payment_link,True
High Cost,txn_006034,payment_link,payment_link,False
High Cost,txn_000583,retry,retry,False
High Cost,txn_009931,retry,retry,False
High Cost,txn_007052,retry,payment_link,True
High Cost,txn_008159,retry,payment_link,True
High Cost,txn_009897,retry,retry,False
High Cost,txn_002250,payment_link,payment_link,False
High Cost,txn_004641,retry,payment_link,True
High Cost,txn_009486,payment_link,payment_link,False
High Cost,txn_004948,reminder,reminder,False
High Cost,txn_009921,payment_link,payment_link,False
High Cost,txn_001964,retry,retry,False
High Cost,txn_008244,reminder,reminder,False
High Cost,txn_006591,reminder,reminder,False
High Cost,txn_008848,retry,retry,False
High Cost,txn_000322,retry,reminder,True
High Cost,txn_002679,payment_link,payment_link,False
High Cost,txn_004626,reminder,reminder,False
High Cost,txn_004950,reminder,reminder,False
High Cost,txn_008329,reminder,reminder,False
High Cost,txn_003338,retry,retry,False
High Cost,txn_005590,retry,retry,False
High Cost,txn_000252,retry,reminder,True
High Cost,txn_003974,payment_link,payment_link,False
High Cost,txn_006631,retry,retry,False
High Cost,txn_005548,payment_link,payment_link,False
High Cost,txn_000036,retry,payment_link,True
High Cost,txn_008363,reminder,reminder,False
High Cost,txn_001514,retry,reminder,True
High Cost,txn_009318,payment_link,retry,True
High Cost,txn_000040,retry,payment_link,True
High Cost,txn_004820,retry,payment_link,True
High Cost,txn_003466,retry,retry,False
High Cost,txn_001761,payment_link,payment_link,False
High Cost,txn_002305,retry,retry,False
High Cost,txn_003724,payment_link,payment_link,False
High Cost,txn_008285,payment_link,payment_link,False
High Cost,txn_004994,retry,retry,False
High Cost,txn_008128,retry,retry,False
High Cost,txn_003033,payment_link,payment_link,False
High Cost,txn_007939,payment_link,payment_link,False
High Cost,txn_003040,reminder,reminder,False
High Cost,txn_009656,retry,retry,False
High Cost,txn_002546,retry,payment_link,True
High Cost,txn_002593,payment_link,payment_link,False
High Cost,txn_001189,retry,retry,False
High Cost,txn_007967,retry,payment_link,True
High Cost,txn_006078,retry,retry,False
High Cost,txn_000108,reminder,reminder,False
High Cost,txn_001316,retry,retry,False
High Cost,txn_008188,retry,reminder,True
High Cost,txn_002754,retry,retry,False
High Cost,txn_009754,retry,payment_link,True
High Cost,txn_006232,retry,payment_link,True
High Cost,txn_002877,retry,payment_link,True
High Cost,txn_005324,reminder,reminder,False
High Cost,txn_000800,payment_link,payment_link,False
High Cost,txn_003571,retry,retry,False
High Cost,txn_002895,reminder,reminder,False
High Cost,txn_002928,retry,payment_link,True
High Cost,txn_008179,reminder,reminder,False
High Cost,txn_000972,retry,retry,False
High Cost,txn_006688,retry,reminder,True
High Cost,txn_008576,reminder,reminder,False
High Cost,txn_002021,reminder,reminder,False
High Cost,txn_009055,reminder,reminder,False
High Cost,txn_000953,payment_link,payment_link,False
High Cost,txn_005360,retry,payment_link,True
High Cost,txn_003858,retry,retry,False
High Cost,txn_005862,retry,payment_link,True
High Cost,txn_003146,payment_link,payment_link,False
High Cost,txn_003306,retry,payment_link,True
High Cost,txn_003007,retry,retry,False
High Cost,txn_009002,retry,retry,False
High Cost,txn_007771,payment_link,payment_link,False
High Cost,txn_007439,retry,reminder,True
High Cost,txn_007943,retry,payment_link,True
High Cost,txn_009239,payment_link,payment_link,False
High Cost,txn_001057,retry,retry,False
High Cost,txn_003155,payment_link,payment_link,False
High Cost,txn_003788,retry,reminder,True
High Cost,txn_009190,reminder,reminder,False
High Cost,txn_007826,retry,retry,False
High Cost,txn_007540,payment_link,payment_link,False
High Cost,txn_007232,payment_link,reminder,True
High Cost,txn_000765,retry,retry,False
High Cost,txn_005020,reminder,reminder,False
High Cost,txn_004904,reminder,reminder,False
High Cost,txn_008094,retry,payment_link,True
High Cost,txn_006844,reminder,reminder,False
High Cost,txn_002166,payment_link,reminder,True
High Cost,txn_001863,reminder,reminder,False
High Cost,txn_007851,payment_link,payment_link,False
High Cost,txn_009124,reminder,reminder,False
High Cost,txn_002341,retry,payment_link,True
High Cost,txn_005528,payment_link,payment_link,False
High Cost,txn_006744,retry,retry,False
High Cost,txn_004004,retry,retry,False
High Cost,txn_001124,payment_link,payment_link,False
High Cost,txn_008710,retry,reminder,True
High Cost,txn_004050,retry,payment_link,True
High Cost,txn_007641,retry,payment_link,True
High Cost,txn_000766,payment_link,payment_link,False
High Cost,txn_002345,reminder,reminder,False
High Cost,txn_004072,retry,payment_link,True
High Cost,txn_007217,retry,payment_link,True
High Cost,txn_004217,reminder,reminder,False
High Cost,txn_007953,retry,retry,False
High Cost,txn_005971,retry,retry,False
High Cost,txn_003351,retry,retry,False
High Cost,txn_004696,retry,payment_link,True
High Cost,txn_003400,retry,retry,False
High Cost,txn_004082,reminder,reminder,False
High Cost,txn_009150,reminder,reminder,False
High Cost,txn_001225,reminder,reminder,False
High Cost,txn_006293,retry,retry,False
High Cost,txn_003123,retry,retry,False
High Cost,txn_000511,retry,reminder,True
High Cost,txn_005795,retry,retry,False
High Cost,txn_008182,retry,retry,False
High Cost,txn_009418,reminder,reminder,False
High Cost,txn_000097,retry,payment_link,True
High Cost,txn_006682,reminder,reminder,False
High Cost,txn_001513,retry,retry,False
High Cost,txn_008792,retry,reminder,True
High Cost,txn_000120,reminder,reminder,False
High Cost,txn_007792,reminder,reminder,False
High Cost,txn_006518,retry,retry,False
High Cost,txn_000034,reminder,reminder,False
High Cost,txn_007888,retry,retry,False
High Cost,txn_006831,retry,payment_link,True
High Cost,txn_005422,retry,payment_link,True
High Cost,txn_001069,retry,payment_link,True
High Cost,txn_001348,reminder,reminder,False
High Cost,txn_004748,retry,retry,False
High Cost,txn_006006,retry,payment_link,True
High Cost,txn_006040,retry,payment_link,True
High Cost,txn_003818,payment_link,payment_link,False
High Cost,txn_008447,payment_link,payment_link,False
High Cost,txn_005270,reminder,reminder,False
High Cost,txn_006898,retry,payment_link,True
High Cost,txn_005310,retry,reminder,True
High Cost,txn_000032,payment_link,payment_link,False
High Cost,txn_005675,retry,retry,False
High Cost,txn_004387,retry,payment_link,True
High Cost,txn_000030,retry,retry,False
High Cost,txn_004203,retry,payment_link,True
High Cost,txn_007508,reminder,reminder,False
High Cost,txn_000736,reminder,reminder,False
High Cost,txn_002068,reminder,reminder,False
High Cost,txn_000107,reminder,reminder,False
High Cost,txn_009645,payment_link,payment_link,False
High Cost,txn_008895,payment_link,payment_link,False
High Cost,txn_008021,retry,retry,False
High Cost,txn_002233,payment_link,payment_link,False
High Cost,txn_000994,reminder,reminder,False
High Cost,txn_009413,retry,payment_link,True
High Cost,txn_007059,retry,retry,False
High Cost,txn_006790,reminder,reminder,False
High Cost,txn_000361,payment_link,payment_link,False
High Cost,txn_000305,payment_link,payment_link,False
High Cost,txn_002628,retry,retry,False
High Cost,txn_008966,retry,payment_link,True
High Cost,txn_004514,retry,payment_link,True
High Cost,txn_005911,reminder,reminder,False
High Cost,txn_008314,reminder,reminder,False
High Cost,txn_003101,payment_link,payment_link,False
High Cost,txn_005704,reminder,reminder,False
High Cost,txn_003899,retry,payment_link,True
High Cost,txn_005441,retry,retry,False
High Cost,txn_007931,reminder,reminder,False
High Cost,txn_000622,reminder,reminder,False
High Cost,txn_007236,reminder,reminder,False
High Cost,txn_002499,payment_link,payment_link,False
High Cost,txn_000714,reminder,reminder,False
High Cost,txn_008404,retry,payment_link,True
High Cost,txn_002856,reminder,reminder,False
High Cost,txn_004270,reminder,reminder,False
High Cost,txn_002909,reminder,reminder,False
High Cost,txn_008081,retry,payment_link,True
High Cost,txn_004517,reminder,reminder,False
High Cost,txn_001262,retry,retry,False
High Cost,txn_003161,retry,retry,False
High Cost,txn_000971,retry,retry,False
High Cost,txn_003913,payment_link,payment_link,False
High Cost,txn_005199,retry,payment_link,True
High Cost,txn_008847,retry,retry,False
High Cost,txn_000260,payment_link,payment_link,False
High Cost,txn_003791,retry,payment_link,True
High Cost,txn_009203,payment_link,payment_link,False
High Cost,txn_000488,reminder,reminder,False
High Cost,txn_007908,payment_link,payment_link,False
High Cost,txn_000519,retry,retry,False
High Cost,txn_008343,retry,retry,False
High Cost,txn_000312,retry,retry,False
High Cost,txn_003232,retry,retry,False
High Cost,txn_007933,retry,retry,False
High Cost,txn_007458,reminder,reminder,False
High Cost,txn_009784,retry,payment_link,True
High Cost,txn_005184,retry,payment_link,True
High Cost,txn_008077,retry,retry,False
High Cost,txn_006502,retry,retry,False
High Cost,txn_006791,retry,payment_link,True
High Cost,txn_007773,retry,payment_link,True
High Cost,txn_002738,reminder,retry,True
High Cost,txn_007842,retry,payment_link,True
High Cost,txn_006262,reminder,reminder,False
High Cost,txn_008206,retry,retry,False
High Cost,txn_001248,retry,retry,False
High Cost,txn_009336,reminder,reminder,False
High Cost,txn_004195,retry,payment_link,True
High Cost,txn_008001,retry,payment_link,True
High Cost,txn_007378,reminder,reminder,False
High Cost,txn_003435,payment_link,payment_link,False
High Cost,txn_005382,retry,retry,False
High Cost,txn_000959,retry,payment_link,True
High Cost,txn_000417,retry,payment_link,True
High Cost,txn_005742,retry,retry,False
High Cost,txn_006728,retry,retry,False
High Cost,txn_004382,reminder,reminder,False
High Cost,txn_005197,payment_link,payment_link,False
High Cost,txn_001113,retry,retry,False
High Cost,txn_002689,payment_link,payment_link,False
High Cost,txn_006473,retry,reminder,True
High Cost,txn_008820,reminder,reminder,False
High Cost,txn_007808,reminder,reminder,False
High Cost,txn_003411,reminder,reminder,False
High Cost,txn_000081,retry,retry,False
High Cost,txn_004614,retry,payment_link,True
High Cost,txn_001374,retry,payment_link,True
High Cost,txn_001510,retry,reminder,True
High Cost,txn_006443,retry,retry,False
High Cost,txn_003071,retry,retry,False
High Cost,txn_003016,payment_link,payment_link,False
High Cost,txn_004823,retry,retry,False
High Cost,txn_007822,retry,payment_link,True
High Cost,txn_000093,retry,payment_link,True
High Cost,txn_009421,payment_link,reminder,True
High Cost,txn_006600,reminder,reminder,False
High Cost,txn_004443,retry,reminder,True
High Cost,txn_007602,retry,retry,False
High Cost,txn_003835,reminder,reminder,False
High Cost,txn_009702,reminder,reminder,False
High Cost,txn_004322,retry,payment_link,True
High Cost,txn_003394,reminder,reminder,False
High Cost,txn_004752,payment_link,payment_link,False
High Cost,txn_007229,reminder,reminder,False
High Cost,txn_009191,reminder,reminder,False
High Cost,txn_002361,payment_link,reminder,True
High Cost,txn_001148,retry,payment_link,True
High Cost,txn_005666,payment_link,payment_link,False
High Cost,txn_008075,payment_link,reminder,True
High Cost,txn_004943,retry,retry,False
High Cost,txn_003663,retry,retry,False
High Cost,txn_001563,retry,retry,False
High Cost,txn_004113,retry,payment_link,True
High Cost,txn_009050,retry,reminder,True
High Cost,txn_009276,payment_link,payment_link,False
High Cost,txn_008538,retry,retry,False
High Cost,txn_000795,retry,retry,False
High Cost,txn_005854,retry,payment_link,True
High Cost,txn_007619,retry,payment_link,True
High Cost,txn_001594,retry,retry,False
High Cost,txn_007418,retry,retry,False
High Cost,txn_005267,reminder,reminder,False
High Cost,txn_007147,payment_link,reminder,True
High Cost,txn_000089,retry,payment_link,True
High Cost,txn_008695,reminder,reminder,False
High Cost,txn_009732,retry,reminder,True
High Cost,txn_009446,retry,retry,False
High Cost,txn_006754,retry,payment_link,True
High Cost,txn_003502,reminder,reminder,False
High Cost,txn_002234,retry,payment_link,True
High Cost,txn_002803,payment_link,reminder,True
High Cost,txn_004424,retry,reminder,True
High Cost,txn_005663,payment_link,payment_link,False
High Cost,txn_007170,retry,payment_link,True
High Cost,txn_008337,retry,retry,False
High Cost,txn_002148,reminder,reminder,False
High Cost,txn_007969,payment_link,payment_link,False
High Cost,txn_006551,retry,retry,False
High Cost,txn_007643,retry,payment_link,True
High Cost,txn_006164,retry,payment_link,True
High Cost,txn_001495,payment_link,payment_link,False
High Cost,txn_007696,retry,payment_link,True
High Cost,txn_007094,payment_link,payment_link,False
High Cost,txn_001409,retry,retry,False
High Cost,txn_006691,retry,payment_link,True
High Cost,txn_003401,retry,retry,False
High Cost,txn_000109,retry,retry,False
High Cost,txn_005636,payment_link,reminder,True
High Cost,txn_008482,retry,retry,False
High Cost,txn_006604,payment_link,payment_link,False
High Cost,txn_001091,retry,payment_link,True
High Cost,txn_005560,retry,retry,False
High Cost,txn_009412,retry,retry,False
High Cost,txn_008143,retry,retry,False
High Cost,txn_008664,retry,payment_link,True
High Cost,txn_006596,retry,retry,False
High Cost,txn_000624,payment_link,payment_link,False
High Cost,txn_006871,payment_link,payment_link,False
High Cost,txn_004814,retry,retry,False
High Cost,txn_006553,retry,reminder,True
High Cost,txn_007530,retry,payment_link,True
High Cost,txn_005796,payment_link,payment_link,False
High Cost,txn_007437,retry,payment_link,True
High Cost,txn_004218,retry,payment_link,True
High Cost,txn_005941,retry,retry,False
High Cost,txn_008501,payment_link,payment_link,False
High Cost,txn_006429,retry,payment_link,True
High Cost,txn_006827,payment_link,payment_link,False
High Cost,txn_004131,payment_link,reminder,True
High Cost,txn_007802,retry,retry,False
High Cost,txn_007754,retry,payment_link,True
High Cost,txn_004722,retry,payment_link,True
High Cost,txn_001651,retry,retry,False
High Cost,txn_004141,reminder,reminder,False
High Cost,txn_001618,reminder,reminder,False
High Cost,txn_002030,retry,retry,False
High Cost,txn_008518,reminder,reminder,False
High Cost,txn_004576,payment_link,payment_link,False
High Cost,txn_003993,retry,retry,False
High Cost,txn_007377,retry,retry,False
High Cost,txn_006150,retry,payment_link,True
High Cost,txn_004909,retry,retry,False
High Cost,txn_005027,retry,payment_link,True
High Cost,txn_008261,payment_link,payment_link,False
High Cost,txn_004732,payment_link,payment_link,False
High Cost,txn_007549,payment_link,retry,True
High Cost,txn_008135,retry,payment_link,True
High Cost,txn_001607,retry,retry,False
High Cost,txn_004774,payment_link,payment_link,False
High Cost,txn_008110,retry,retry,False
High Cost,txn_006952,reminder,reminder,False
High Cost,txn_006005,retry,payment_link,True
High Cost,txn_007729,retry,retry,False
High Cost,txn_003542,retry,retry,False
High Cost,txn_000389,retry,payment_link,True
High Cost,txn_001795,retry,retry,False
High Cost,txn_008732,retry,payment_link,True
High Cost,txn_004920,reminder,reminder,False
High Cost,txn_005538,payment_link,payment_link,False
High Cost,txn_003873,retry,payment_link,True
High Cost,txn_008869,retry,payment_link,True
High Cost,txn_002255,retry,retry,False
High Cost,txn_003413,reminder,reminder,False
High Cost,txn_005460,retry,retry,False
High Cost,txn_004956,retry,retry,False
High Cost,txn_007397,reminder,reminder,False
High Cost,txn_005415,retry,retry,False
High Cost,txn_007400,payment_link,payment_link,False
High Cost,txn_007415,payment_link,payment_link,False
High Cost,txn_009101,payment_link,payment_link,False
High Cost,txn_004852,payment_link,payment_link,False
High Cost,txn_002026,reminder,reminder,False
High Cost,txn_002616,reminder,reminder,False
High Cost,txn_007389,reminder,reminder,False
High Cost,txn_002927,retry,reminder,True
High Cost,txn_001122,retry,retry,False
High Cost,txn_002911,retry,retry,False
High Cost,txn_008147,payment_link,payment_link,False
High Cost,txn_007384,retry,payment_link,True
High Cost,txn_003483,payment_link,payment_link,False
High Cost,txn_000796,payment_link,payment_link,False
High Cost,txn_001576,reminder,reminder,False
High Cost,txn_006177,payment_link,payment_link,False
High Cost,txn_006267,reminder,reminder,False
High Cost,txn_002459,payment_link,payment_link,False
High Cost,txn_003313,payment_link,payment_link,False
High Cost,txn_001254,payment_link,payment_link,False
High Cost,txn_006835,retry,payment_link,True
High Cost,txn_008795,retry,payment_link,True
High Cost,txn_003838,retry,payment_link,True
High Cost,txn_004399,retry,retry,False
High Cost,txn_003596,payment_link,payment_link,False
High Cost,txn_006622,retry,payment_link,True
High Cost,txn_008383,payment_link,payment_link,False
High Cost,txn_002125,retry,retry,False
High Cost,txn_003239,payment_link,payment_link,False
High Cost,txn_005404,payment_link,payment_link,False
High Cost,txn_005999,retry,payment_link,True
High Cost,txn_005939,payment_link,payment_link,False
High Cost,txn_002046,retry,retry,False
High Cost,txn_001579,reminder,reminder,False
High Cost,txn_000015,reminder,reminder,False
High Cost,txn_002674,payment_link,payment_link,False
High Cost,txn_007017,retry,retry,False
High Cost,txn_008721,reminder,reminder,False
High Cost,txn_008850,reminder,reminder,False
High Cost,txn_004813,retry,retry,False
High Cost,txn_001085,retry,payment_link,True
High Cost,txn_004984,retry,retry,False
High Cost,txn_007156,retry,payment_link,True
High Cost,txn_002885,retry,retry,False
High Cost,txn_000334,reminder,reminder,False
High Cost,txn_007205,retry,retry,False
High Cost,txn_004368,payment_link,payment_link,False
High Cost,txn_003080,payment_link,payment_link,False
High Cost,txn_007204,retry,reminder,True
High Cost,txn_009910,reminder,reminder,False
High Cost,txn_008865,retry,payment_link,True
High Cost,txn_000264,reminder,reminder,False
High Cost,txn_004338,retry,payment_link,True
High Cost,txn_008896,retry,retry,False
High Cost,txn_008448,reminder,reminder,False
High Cost,txn_005904,payment_link,retry,True
High Cost,txn_001499,retry,retry,False
High Cost,txn_004191,retry,retry,False
High Cost,txn_007486,retry,retry,False
High Cost,txn_009644,reminder,reminder,False
High Cost,txn_008311,retry,payment_link,True
High Cost,txn_007591,retry,payment_link,True
High Cost,txn_000501,retry,payment_link,True
High Cost,txn_009156,retry,payment_link,True
High Cost,txn_009415,retry,retry,False
High Cost,txn_003096,payment_link,payment_link,False
High Cost,txn_004632,payment_link,payment_link,False
High Cost,txn_000368,reminder,reminder,False
High Cost,txn_004059,payment_link,payment_link,False
High Cost,txn_008175,retry,payment_link,True
High Cost,txn_004631,retry,reminder,True
High Cost,txn_006071,retry,payment_link,True
High Cost,txn_002665,retry,payment_link,True
High Cost,txn_001027,payment_link,payment_link,False
High Cost,txn_005909,retry,retry,False
High Cost,txn_005051,reminder,reminder,False
High Cost,txn_006329,payment_link,payment_link,False
High Cost,txn_009734,reminder,reminder,False
High Cost,txn_001692,reminder,reminder,False
High Cost,txn_000674,retry,retry,False
High Cost,txn_005573,retry,retry,False
High Cost,txn_005767,payment_link,payment_link,False
High Cost,txn_005157,retry,reminder,True
High Cost,txn_000734,retry,payment_link,True
High Cost,txn_003527,retry,retry,False
High Cost,txn_000569,reminder,reminder,False
High Cost,txn_009188,retry,payment_link,True
High Cost,txn_002923,retry,payment_link,True
High Cost,txn_007912,retry,retry,False
High Cost,txn_001559,payment_link,reminder,True
High Cost,txn_000102,retry,payment_link,True
High Cost,txn_003008,reminder,reminder,False
High Cost,txn_007202,retry,payment_link,True
High Cost,txn_000304,payment_link,payment_link,False
High Cost,txn_000077,payment_link,payment_link,False
High Cost,txn_006755,retry,payment_link,True
High Cost,txn_008630,retry,retry,False
High Cost,txn_001209,reminder,reminder,False
High Cost,txn_007743,payment_link,payment_link,False
High Cost,txn_008215,retry,retry,False
High Cost,txn_008945,payment_link,reminder,True
High Cost,txn_008414,retry,payment_link,True
High Cost,txn_001776,retry,reminder,True
High Cost,txn_003474,reminder,reminder,False
High Cost,txn_000484,retry,retry,False
High Cost,txn_002190,reminder,reminder,False
High Cost,txn_000347,payment_link,payment_link,False
High Cost,txn_005482,payment_link,payment_link,False
High Cost,txn_008362,retry,retry,False
High Cost,txn_001473,reminder,reminder,False
High Cost,txn_005101,payment_link,payment_link,False
High Cost,txn_006766,payment_link,payment_link,False
High Cost,txn_008707,retry,payment_link,True
High Cost,txn_004930,retry,retry,False
High Cost,txn_006330,retry,payment_link,True
High Cost,txn_002610,retry,payment_link,True
High Cost,txn_000004,payment_link,payment_link,False
High Cost,txn_002214,retry,retry,False
High Cost,txn_004828,retry,payment_link,True
High Cost,txn_000857,payment_link,payment_link,False
High Cost,txn_006978,retry,retry,False
High Cost,txn_005886,reminder,reminder,False
High Cost,txn_000625,retry,retry,False
High Cost,txn_000291,retry,retry,False
High Cost,txn_002019,reminder,reminder,False
High Cost,txn_000669,retry,payment_link,True
High Cost,txn_008922,retry,payment_link,True
High Cost,txn_008265,payment_link,payment_link,False
High Cost,txn_009697,payment_link,payment_link,False
High Cost,txn_001632,payment_link,payment_link,False
High Cost,txn_005171,reminder,reminder,False
High Cost,txn_007206,payment_link,payment_link,False
High Cost,txn_002523,reminder,reminder,False
High Cost,txn_002216,payment_link,payment_link,False
High Cost,txn_006969,retry,payment_link,True
High Cost,txn_006497,retry,payment_link,True
High Cost,txn_006214,payment_link,reminder,True
High Cost,txn_007033,reminder,reminder,False
High Cost,txn_007421,payment_link,reminder,True
High Cost,txn_001108,retry,retry,False
High Cost,txn_000451,reminder,reminder,False
High Cost,txn_006290,retry,payment_link,True
High Cost,txn_009967,retry,retry,False
High Cost,txn_000136,retry,payment_link,True
High Cost,txn_001786,payment_link,reminder,True
High Cost,txn_003405,retry,payment_link,True
High Cost,txn_002907,payment_link,payment_link,False
High Cost,txn_008305,retry,retry,False
High Cost,txn_007493,retry,payment_link,True
High Cost,txn_006101,retry,retry,False
High Cost,txn_004505,reminder,reminder,False
High Cost,txn_005054,payment_link,reminder,True
High Cost,txn_005206,retry,retry,False
High Cost,txn_004081,retry,reminder,True
High Cost,txn_006919,payment_link,payment_link,False
High Cost,txn_006803,payment_link,payment_link,False
High Cost,txn_005207,payment_link,payment_link,False
High Cost,txn_000533,payment_link,payment_link,False
High Cost,txn_004831,retry,payment_link,True
High Cost,txn_004039,reminder,reminder,False
High Cost,txn_004085,retry,retry,False
High Cost,txn_003205,payment_link,payment_link,False
High Cost,txn_007111,retry,payment_link,True
High Cost,txn_000331,payment_link,payment_link,False
High Cost,txn_004958,retry,retry,False
High Cost,txn_003034,retry,reminder,True
High Cost,txn_007685,reminder,reminder,False
High Cost,txn_001598,retry,retry,False
High Cost,txn_009920,reminder,reminder,False
High Cost,txn_003598,reminder,reminder,False
High Cost,txn_009039,retry,payment_link,True
High Cost,txn_008002,retry,payment_link,True
High Cost,txn_000591,reminder,reminder,False
High Cost,txn_000648,payment_link,payment_link,False
High Cost,txn_009103,retry,payment_link,True
High Cost,txn_008016,reminder,reminder,False
High Cost,txn_003772,payment_link,payment_link,False
High Cost,txn_009040,retry,retry,False
High Cost,txn_005083,retry,payment_link,True
High Cost,txn_007883,payment_link,payment_link,False
High Cost,txn_009363,payment_link,payment_link,False
High Cost,txn_004211,reminder,reminder,False
High Cost,txn_008835,payment_link,payment_link,False
High Cost,txn_008700,payment_link,reminder,True
High Cost,txn_001796,retry,retry,False
High Cost,txn_002587,reminder,reminder,False
High Cost,txn_008356,payment_link,payment_link,False
High Cost,txn_002317,payment_link,payment_link,False
High Cost,txn_004186,payment_link,reminder,True
High Cost,txn_008828,reminder,reminder,False
High Cost,txn_007073,retry,payment_link,True
High Cost,txn_005235,retry,retry,False
High Cost,txn_008744,retry,payment_link,True
High Cost,txn_008671,retry,reminder,True
High Cost,txn_004769,payment_link,reminder,True
High Cost,txn_009973,reminder,reminder,False
High Cost,txn_007145,retry,retry,False
High Cost,txn_002914,payment_link,payment_link,False
High Cost,txn_009872,retry,retry,False
High Cost,txn_009894,retry,reminder,True
High Cost,txn_002076,retry,retry,False
High Cost,txn_004303,payment_link,reminder,True
High Cost,txn_005823,payment_link,payment_link,False
High Cost,txn_002150,reminder,reminder,False
High Cost,txn_000145,retry,retry,False
High Cost,txn_004964,retry,payment_link,True
High Cost,txn_008160,reminder,reminder,False
High Cost,txn_009031,payment_link,reminder,True
High Cost,txn_004776,payment_link,payment_link,False
High Cost,txn_008934,reminder,reminder,False
High Cost,txn_007750,reminder,reminder,False
High Cost,txn_009829,reminder,reminder,False
High Cost,txn_009215,reminder,reminder,False
High Cost,txn_006061,retry,retry,False
High Cost,txn_009476,retry,retry,False
High Cost,txn_006410,payment_link,payment_link,False
High Cost,txn_003318,payment_link,retry,True
High Cost,txn_007465,retry,retry,False
High Cost,txn_003062,payment_link,payment_link,False
High Cost,txn_001356,retry,payment_link,True
High Cost,txn_004515,retry,payment_link,True
High Cost,txn_005506,retry,retry,False
High Cost,txn_005251,retry,retry,False
High Cost,txn_004512,retry,payment_link,True
High Cost,txn_001731,reminder,reminder,False
High Cost,txn_001759,retry,payment_link,True
High Cost,txn_006651,payment_link,payment_link,False
High Cost,txn_006647,retry,payment_link,True
High Cost,txn_009861,reminder,reminder,False
High Cost,txn_004140,payment_link,payment_link,False
High Cost,txn_009394,reminder,reminder,False
High Cost,txn_005124,retry,payment_link,True
High Cost,txn_000001,retry,payment_link,True
High Cost,txn_001865,retry,payment_link,True
High Cost,txn_000544,retry,payment_link,True
High Cost,txn_000350,retry,retry,False
High Cost,txn_006907,retry,retry,False
High Cost,txn_009766,payment_link,payment_link,False
High Cost,txn_002524,payment_link,payment_link,False
High Cost,txn_003465,payment_link,payment_link,False
High Cost,txn_000458,retry,retry,False
High Cost,txn_003024,retry,reminder,True
High Cost,txn_007262,retry,payment_link,True
High Cost,txn_009516,retry,payment_link,True
High Cost,txn_007873,payment_link,payment_link,False
High Cost,txn_006626,retry,reminder,True
High Cost,txn_002535,retry,retry,False
High Cost,txn_000132,reminder,reminder,False
High Cost,txn_003705,reminder,reminder,False
High Cost,txn_001373,retry,payment_link,True
High Cost,txn_006201,payment_link,payment_link,False
High Cost,txn_004857,retry,reminder,True
High Cost,txn_004713,retry,payment_link,True
High Cost,txn_005545,retry,payment_link,True
High Cost,txn_001414,retry,retry,False
High Cost,txn_004114,reminder,reminder,False
High Cost,txn_000656,retry,payment_link,True
High Cost,txn_008138,retry,retry,False
High Cost,txn_004099,retry,retry,False
High Cost,txn_000593,reminder,reminder,False
High Cost,txn_008709,retry,retry,False
High Cost,txn_003124,retry,retry,False
High Cost,txn_003048,retry,payment_link,True
High Cost,txn_003888,retry,payment_link,True
High Cost,txn_005736,payment_link,payment_link,False
High Cost,txn_002185,retry,payment_link,True
High Cost,txn_002146,reminder,reminder,False
High Cost,txn_007048,payment_link,payment_link,False
High Cost,txn_003106,retry,reminder,True
High Cost,txn_009234,retry,payment_link,True
High Cost,txn_009097,retry,payment_link,True
High Cost,txn_002770,retry,payment_link,True
High Cost,txn_005222,payment_link,reminder,True
High Cost,txn_005834,retry,payment_link,True
High Cost,txn_001733,retry,payment_link,True
High Cost,txn_000266,retry,retry,False
High Cost,txn_005145,retry,retry,False
High Cost,txn_008268,retry,retry,False
High Cost,txn_003938,retry,retry,False
High Cost,txn_000762,retry,retry,False
High Cost,txn_007221,retry,reminder,True
High Cost,txn_008440,retry,retry,False
High Cost,txn_003258,payment_link,payment_link,False
High Cost,txn_004339,retry,retry,False
High Cost,txn_004363,retry,payment_link,True
High Cost,txn_000317,retry,retry,False
High Cost,txn_008070,retry,retry,False
High Cost,txn_001852,reminder,reminder,False
High Cost,txn_002485,retry,retry,False
High Cost,txn_009874,payment_link,payment_link,False
High Cost,txn_009575,retry,retry,False
High Cost,txn_001079,retry,payment_link,True
High Cost,txn_008359,payment_link,payment_link,False
High Cost,txn_007334,retry,payment_link,True
High Cost,txn_001072,retry,retry,False
High Cost,txn_000104,retry,retry,False
High Cost,txn_005749,retry,retry,False
High Cost,txn_001419,retry,retry,False
High Cost,txn_001659,retry,reminder,True
High Cost,txn_005285,retry,retry,False
High Cost,txn_001150,retry,retry,False
High Cost,txn_007151,reminder,reminder,False
High Cost,txn_001569,retry,reminder,True
High Cost,txn_001088,reminder,reminder,False
High Cost,txn_006086,retry,reminder,True
High Cost,txn_008675,reminder,reminder,False
High Cost,txn_008342,retry,retry,False
High Cost,txn_007812,retry,payment_link,True
High Cost,txn_006085,retry,payment_link,True
High Cost,txn_008774,retry,retry,False
High Cost,txn_008758,retry,payment_link,True
High Cost,txn_001693,reminder,reminder,False
High Cost,txn_004735,payment_link,payment_link,False
High Cost,txn_003388,retry,retry,False
High Cost,txn_003647,retry,payment_link,True
High Cost,txn_001684,payment_link,payment_link,False
High Cost,txn_000009,retry,payment_link,True
High Cost,txn_006063,reminder,reminder,False
High Cost,txn_006517,retry,payment_link,True
High Cost,txn_004124,retry,reminder,True
High Cost,txn_008730,reminder,reminder,False
High Cost,txn_006046,retry,payment_link,True
High Cost,txn_000568,retry,retry,False
High Cost,txn_009162,payment_link,payment_link,False
High Cost,txn_001804,reminder,reminder,False
High Cost,txn_008502,retry,payment_link,True
High Cost,txn_004901,payment_link,payment_link,False
High Cost,txn_001600,retry,payment_link,True
High Cost,txn_007932,retry,retry,False
High Cost,txn_009548,payment_link,payment_link,False
High Cost,txn_002824,reminder,reminder,False
High Cost,txn_005468,payment_link,reminder,True
High Cost,txn_003530,retry,retry,False
High Cost,txn_008684,reminder,reminder,False
High Cost,txn_001156,payment_link,payment_link,False
High Cost,txn_006548,retry,reminder,True
High Cost,txn_009089,retry,payment_link,True
High Cost,txn_007621,retry,payment_link,True
High Cost,txn_008297,retry,retry,False
High Cost,txn_004541,payment_link,payment_link,False
High Cost,txn_009135,reminder,reminder,False
High Cost,txn_006483,reminder,reminder,False
High Cost,txn_005827,reminder,reminder,False
High Cost,txn_001191,payment_link,payment_link,False
High Cost,txn_007445,retry,retry,False
High Cost,txn_008521,retry,payment_link,True
High Cost,txn_000961,retry,payment_link,True
High Cost,txn_007455,retry,payment_link,True
High Cost,txn_000037,retry,retry,False
High Cost,txn_007517,retry,retry,False
High Cost,txn_007645,retry,retry,False
High Cost,txn_004439,reminder,reminder,False
High Cost,txn_006162,retry,payment_link,True
High Cost,txn_007745,reminder,reminder,False
High Cost,txn_009588,retry,retry,False
High Cost,txn_008120,retry,retry,False
High Cost,txn_006968,retry,payment_link,True
High Cost,txn_005719,retry,payment_link,True
High Cost,txn_000578,retry,reminder,True
High Cost,txn_009834,payment_link,payment_link,False
High Cost,txn_004103,retry,payment_link,True
High Cost,txn_007647,retry,retry,False
High Cost,txn_004152,retry,reminder,True
High Cost,txn_003131,retry,payment_link,True
High Cost,txn_004891,reminder,reminder,False
High Cost,txn_009976,retry,payment_link,True
High Cost,txn_007472,retry,retry,False
High Cost,txn_001834,payment_link,payment_link,False
High Cost,txn_009149,retry,payment_link,True
High Cost,txn_004892,retry,retry,False
High Cost,txn_002288,payment_link,reminder,True
High Cost,txn_001331,payment_link,reminder,True
High Cost,txn_002772,retry,payment_link,True
High Cost,txn_003687,retry,payment_link,True
High Cost,txn_008284,payment_link,payment_link,False
High Cost,txn_005929,retry,payment_link,True
High Cost,txn_000638,reminder,reminder,False
High Cost,txn_000048,retry,retry,False
High Cost,txn_002603,reminder,reminder,False
High Cost,txn_001966,retry,payment_link,True
High Cost,txn_002169,retry,reminder,True
High Cost,txn_005050,retry,retry,False
High Cost,txn_003335,retry,retry,False
High Cost,txn_003020,reminder,reminder,False
High Cost,txn_008765,retry,retry,False
High Cost,txn_009177,retry,payment_link,True
High Cost,txn_001361,retry,retry,False
High Cost,txn_005799,retry,retry,False
High Cost,txn_009401,retry,payment_link,True
High Cost,txn_003252,reminder,reminder,False
High Cost,txn_006301,retry,payment_link,True
High Cost,txn_002252,payment_link,payment_link,False
High Cost,txn_006028,reminder,reminder,False
High Cost,txn_001176,reminder,reminder,False
High Cost,txn_008800,retry,retry,False
High Cost,txn_003280,payment_link,reminder,True
High Cost,txn_002974,reminder,reminder,False
High Cost,txn_003397,retry,retry,False
High Cost,txn_006940,payment_link,payment_link,False
High Cost,txn_000966,retry,payment_link,True
High Cost,txn_008575,retry,payment_link,True
High Cost,txn_000743,retry,payment_link,True
High Cost,txn_007515,reminder,reminder,False
High Cost,txn_003315,retry,payment_link,True
High Cost,txn_004899,payment_link,payment_link,False
High Cost,txn_009341,reminder,reminder,False
High Cost,txn_004673,payment_link,reminder,True
High Cost,txn_008619,reminder,reminder,False
High Cost,txn_001218,retry,reminder,True
High Cost,txn_004398,retry,payment_link,True
High Cost,txn_006081,payment_link,reminder,True
High Cost,txn_002615,retry,retry,False
High Cost,txn_002621,retry,payment_link,True
High Cost,txn_008715,retry,reminder,True
High Cost,txn_007283,retry,retry,False
High Cost,txn_003380,retry,retry,False
High Cost,txn_007302,retry,retry,False
High Cost,txn_009858,retry,payment_link,True
High Cost,txn_005606,payment_link,payment_link,False
High Cost,txn_009814,retry,payment_link,True
High Cost,txn_005787,reminder,reminder,False
High Cost,txn_008519,retry,retry,False
High Cost,txn_006851,retry,payment_link,True
High Cost,txn_001517,retry,retry,False
High Cost,txn_005099,payment_link,payment_link,False
High Cost,txn_007637,retry,payment_link,True
High Cost,txn_009086,reminder,reminder,False
High Cost,txn_008024,retry,retry,False
High Cost,txn_002393,retry,retry,False
High Cost,txn_000587,retry,payment_link,True
High Cost,txn_003520,retry,payment_link,True
High Cost,txn_007654,retry,retry,False
High Cost,txn_008947,payment_link,reminder,True
High Cost,txn_000851,retry,retry,False
High Cost,txn_000336,retry,payment_link,True
High Cost,txn_006635,retry,retry,False
High Cost,txn_008973,payment_link,payment_link,False
High Cost,txn_007494,reminder,reminder,False
High Cost,txn_002869,retry,payment_link,True
High Cost,txn_004873,retry,reminder,True
High Cost,txn_003551,retry,retry,False
High Cost,txn_003843,retry,reminder,True
High Cost,txn_007263,payment_link,reminder,True
High Cost,txn_005825,retry,retry,False
High Cost,txn_000024,retry,retry,False
High Cost,txn_001454,reminder,reminder,False
High Cost,txn_001685,reminder,reminder,False
High Cost,txn_002311,retry,payment_link,True
High Cost,txn_009064,retry,retry,False
High Cost,txn_009407,payment_link,reminder,True
High Cost,txn_000382,retry,retry,False
High Cost,txn_005815,retry,payment_link,True
High Cost,txn_005551,payment_link,reminder,True
High Cost,txn_009309,payment_link,payment_link,False
High Cost,txn_001619,retry,retry,False
High Cost,txn_000790,retry,payment_link,True
High Cost,txn_005984,retry,payment_link,True
High Cost,txn_008673,retry,retry,False
High Cost,txn_004476,retry,retry,False
High Cost,txn_005607,retry,retry,False
High Cost,txn_009313,payment_link,payment_link,False
High Cost,txn_005649,retry,payment_link,True
High Cost,txn_006217,reminder,reminder,False
High Cost,txn_002287,retry,payment_link,True
High Cost,txn_009994,payment_link,payment_link,False
High Cost,txn_007579,reminder,reminder,False
High Cost,txn_001184,retry,reminder,True
High Cost,txn_006002,retry,retry,False
High Cost,txn_005091,payment_link,payment_link,False
High Cost,txn_002517,retry,payment_link,True
High Cost,txn_004123,retry,payment_link,True
High Cost,txn_005522,retry,retry,False
High Cost,txn_005628,reminder,reminder,False
High Cost,txn_008361,reminder,reminder,False
High Cost,txn_005873,reminder,reminder,False
High Cost,txn_008613,retry,payment_link,True
High Cost,txn_007728,reminder,reminder,False
High Cost,txn_005969,retry,retry,False
High Cost,txn_001181,retry,payment_link,True
High Cost,txn_008763,retry,payment_link,True
High Cost,txn_008236,payment_link,payment_link,False
High Cost,txn_002819,retry,payment_link,True
High Cost,txn_009965,payment_link,payment_link,False
High Cost,txn_008704,payment_link,payment_link,False
High Cost,txn_006609,payment_link,payment_link,False
High Cost,txn_002821,retry,retry,False
High Cost,txn_007536,retry,retry,False
High Cost,txn_002261,reminder,reminder,False
High Cost,txn_002240,reminder,reminder,False
High Cost,txn_006022,payment_link,payment_link,False
High Cost,txn_000783,payment_link,payment_link,False
High Cost,txn_000933,retry,payment_link,True
High Cost,txn_006203,retry,retry,False
High Cost,txn_002413,payment_link,payment_link,False
High Cost,txn_006998,retry,payment_link,True
High Cost,txn_009116,payment_link,payment_link,False
High Cost,txn_001157,retry,payment_link,True
High Cost,txn_008108,retry,retry,False
High Cost,txn_005806,payment_link,payment_link,False
High Cost,txn_004880,reminder,reminder,False
High Cost,txn_003310,payment_link,payment_link,False
High Cost,txn_008962,retry,retry,False
High Cost,txn_001703,retry,payment_link,True
High Cost,txn_002493,retry,reminder,True
High Cost,txn_003707,reminder,reminder,False
High Cost,txn_008277,payment_link,payment_link,False
High Cost,txn_000287,retry,payment_link,True
High Cost,txn_001609,payment_link,payment_link,False
High Cost,txn_006632,retry,payment_link,True
High Cost,txn_008279,retry,reminder,True
High Cost,txn_007316,retry,retry,False
High Cost,txn_002253,retry,payment_link,True
High Cost,txn_007416,payment_link,payment_link,False
High Cost,txn_008366,payment_link,payment_link,False
High Cost,txn_001892,retry,reminder,True
High Cost,txn_005063,payment_link,reminder,True
High Cost,txn_006121,payment_link,payment_link,False
High Cost,txn_000564,retry,reminder,True
High Cost,txn_000292,payment_link,payment_link,False
High Cost,txn_004717,reminder,reminder,False
High Cost,txn_007709,payment_link,payment_link,False
High Cost,txn_006350,payment_link,payment_link,False
High Cost,txn_000170,payment_link,payment_link,False
High Cost,txn_000268,retry,retry,False
High Cost,txn_004639,retry,retry,False
High Cost,txn_007078,retry,payment_link,True
High Cost,txn_003356,reminder,reminder,False
High Cost,txn_008280,retry,retry,False
High Cost,txn_000316,retry,reminder,True
High Cost,txn_006729,retry,payment_link,True
High Cost,txn_009496,payment_link,payment_link,False
High Cost,txn_004068,reminder,reminder,False
High Cost,txn_000246,payment_link,payment_link,False
High Cost,txn_000253,retry,retry,False
High Cost,txn_001112,payment_link,payment_link,False
High Cost,txn_004802,retry,payment_link,True
High Cost,txn_001714,retry,reminder,True
High Cost,txn_000051,reminder,reminder,False
High Cost,txn_001836,reminder,reminder,False
High Cost,txn_007897,reminder,reminder,False
High Cost,txn_003384,reminder,reminder,False
High Cost,txn_006411,payment_link,payment_link,False
High Cost,txn_004314,reminder,reminder,False
High Cost,txn_000873,retry,retry,False
High Cost,txn_001255,payment_link,payment_link,False
High Cost,txn_008882,payment_link,payment_link,False
High Cost,txn_005852,retry,retry,False
High Cost,txn_005703,payment_link,payment_link,False
High Cost,txn_008104,retry,payment_link,True
High Cost,txn_002099,retry,retry,False
High Cost,txn_005129,retry,payment_link,True
High Cost,txn_000249,retry,retry,False
High Cost,txn_006562,retry,payment_link,True
High Cost,txn_001340,payment_link,payment_link,False
High Cost,txn_007018,retry,payment_link,True
High Cost,txn_002111,retry,retry,False
High Cost,txn_001570,payment_link,payment_link,False
High Cost,txn_001727,reminder,reminder,False
High Cost,txn_008385,retry,retry,False
High Cost,txn_006941,retry,retry,False
High Cost,txn_004396,retry,retry,False
High Cost,txn_002421,retry,reminder,True
High Cost,txn_003046,retry,payment_link,True
High Cost,txn_005504,retry,retry,False
High Cost,txn_003704,payment_link,reminder,True
High Cost,txn_008192,reminder,reminder,False
High Cost,txn_005332,payment_link,payment_link,False
High Cost,txn_009809,payment_link,payment_link,False
High Cost,txn_000448,retry,retry,False
High Cost,txn_007895,retry,payment_link,True
High Cost,txn_008729,reminder,reminder,False
High Cost,txn_007829,retry,retry,False
High Cost,txn_001769,retry,payment_link,True
High Cost,txn_006809,payment_link,reminder,True
High Cost,txn_004705,reminder,reminder,False
High Cost,txn_003870,payment_link,payment_link,False
High Cost,txn_001656,reminder,reminder,False
High Cost,txn_003188,payment_link,payment_link,False
High Cost,txn_000684,payment_link,retry,True
High Cost,txn_004171,retry,payment_link,True
High Cost,txn_004478,reminder,reminder,False
High Cost,txn_000462,retry,payment_link,True
High Cost,txn_005765,reminder,reminder,False
High Cost,txn_007523,payment_link,payment_link,False
High Cost,txn_004503,reminder,reminder,False
High Cost,txn_009710,reminder,reminder,False
High Cost,txn_000319,retry,payment_link,True
High Cost,txn_001146,reminder,reminder,False
High Cost,txn_005095,retry,payment_link,True
High Cost,txn_001394,retry,retry,False
High Cost,txn_006624,retry,payment_link,True
High Cost,txn_001502,retry,retry,False
High Cost,txn_006409,retry,payment_link,True
High Cost,txn_000377,reminder,reminder,False
High Cost,txn_000411,retry,retry,False
High Cost,txn_001661,payment_link,payment_link,False
High Cost,txn_003152,retry,retry,False
High Cost,txn_001624,retry,payment_link,True
High Cost,txn_005610,retry,payment_link,True
High Cost,txn_008533,payment_link,payment_link,False
High Cost,txn_005803,payment_link,payment_link,False
High Cost,txn_005307,reminder,reminder,False
High Cost,txn_007087,retry,retry,False
High Cost,txn_008898,retry,retry,False
High Cost,txn_007489,payment_link,payment_link,False
High Cost,txn_009616,retry,payment_link,True
High Cost,txn_009218,retry,retry,False
High Cost,txn_001673,reminder,reminder,False
High Cost,txn_002359,retry,retry,False
High Cost,txn_008468,reminder,reminder,False
High Cost,txn_000275,retry,retry,False
High Cost,txn_002474,reminder,reminder,False
High Cost,txn_005490,payment_link,payment_link,False
High Cost,txn_004772,payment_link,reminder,True
High Cost,txn_002108,payment_link,reminder,True
High Cost,txn_007501,retry,retry,False
High Cost,txn_004415,retry,payment_link,True
High Cost,txn_008139,retry,payment_link,True
High Cost,txn_008661,retry,payment_link,True
High Cost,txn_008240,retry,retry,False
High Cost,txn_002418,retry,retry,False
High Cost,txn_008772,payment_link,payment_link,False
High Cost,txn_002237,retry,payment_link,True
High Cost,txn_003768,reminder,reminder,False
High Cost,txn_009792,reminder,reminder,False
High Cost,txn_009990,payment_link,payment_link,False
High Cost,txn_009966,payment_link,payment_link,False
High Cost,txn_007324,retry,payment_link,True
High Cost,txn_001384,retry,payment_link,True
High Cost,txn_003102,reminder,reminder,False
High Cost,txn_003922,reminder,reminder,False
High Cost,txn_006686,retry,retry,False
High Cost,txn_003195,retry,payment_link,True
High Cost,txn_001942,retry,retry,False
High Cost,txn_007714,reminder,reminder,False
High Cost,txn_004897,retry,payment_link,True
High Cost,txn_004783,payment_link,payment_link,False
High Cost,txn_001497,reminder,reminder,False
High Cost,txn_001958,retry,reminder,True
High Cost,txn_009172,reminder,reminder,False
High Cost,txn_009746,retry,reminder,True
High Cost,txn_007333,retry,retry,False
High Cost,txn_007950,reminder,reminder,False
High Cost,txn_003018,payment_link,payment_link,False
High Cost,txn_006747,retry,retry,False
High Cost,txn_000514,reminder,reminder,False
High Cost,txn_003935,reminder,reminder,False
High Cost,txn_003026,retry,reminder,True
High Cost,txn_001200,retry,retry,False
High Cost,txn_005029,retry,payment_link,True
High Cost,txn_009785,reminder,reminder,False
High Cost,txn_000922,reminder,reminder,False
High Cost,txn_004650,retry,payment_link,True
High Cost,txn_005333,payment_link,reminder,True
High Cost,txn_001077,retry,retry,False
High Cost,txn_006769,reminder,reminder,False
High Cost,txn_009411,retry,retry,False
High Cost,txn_001672,payment_link,payment_link,False
High Cost,txn_000475,payment_link,payment_link,False
High Cost,txn_009187,payment_link,payment_link,False
High Cost,txn_008840,retry,reminder,True
High Cost,txn_005759,reminder,reminder,False
High Cost,txn_006298,retry,retry,False
High Cost,txn_002479,retry,retry,False
High Cost,txn_005494,retry,retry,False
High Cost,txn_003915,retry,retry,False
High Cost,txn_002139,retry,payment_link,True
High Cost,txn_005455,reminder,reminder,False
High Cost,txn_005380,reminder,reminder,False
High Cost,txn_008986,retry,payment_link,True
High Cost,txn_004024,retry,payment_link,True
High Cost,txn_003486,retry,payment_link,True
High Cost,txn_002456,payment_link,payment_link,False
High Cost,txn_002465,retry,reminder,True
High Cost,txn_008697,retry,retry,False
High Cost,txn_001370,payment_link,payment_link,False
High Cost,txn_006689,retry,retry,False
High Cost,txn_007457,retry,payment_link,True
High Cost,txn_009975,payment_link,payment_link,False
High Cost,txn_001902,retry,payment_link,True
High Cost,txn_004872,payment_link,payment_link,False
High Cost,txn_004711,retry,payment_link,True
High Cost,txn_007887,reminder,reminder,False
High Cost,txn_001794,reminder,reminder,False
High Cost,txn_002875,reminder,reminder,False
High Cost,txn_006218,payment_link,payment_link,False
High Cost,txn_005214,retry,retry,False
High Cost,txn_002246,retry,payment_link,True
High Cost,txn_001742,retry,retry,False
High Cost,txn_001021,payment_link,payment_link,False
High Cost,txn_000706,payment_link,payment_link,False
High Cost,txn_004295,reminder,reminder,False
High Cost,txn_005577,retry,payment_link,True
High Cost,txn_007167,payment_link,payment_link,False
High Cost,txn_008178,retry,payment_link,True
High Cost,txn_000909,retry,retry,False
High Cost,txn_005194,reminder,reminder,False
High Cost,txn_003078,reminder,reminder,False
High Cost,txn_009367,retry,retry,False
High Cost,txn_000595,retry,retry,False
High Cost,txn_005305,payment_link,payment_link,False
High Cost,txn_000441,retry,reminder,True
High Cost,txn_007607,reminder,reminder,False
High Cost,txn_004093,retry,retry,False
High Cost,txn_006135,payment_link,payment_link,False
High Cost,txn_000011,retry,retry,False
High Cost,txn_003777,retry,payment_link,True
High Cost,txn_009000,retry,retry,False
High Cost,txn_003709,payment_link,reminder,True
High Cost,txn_003781,payment_link,payment_link,False
High Cost,txn_000094,reminder,reminder,False
High Cost,txn_009240,reminder,reminder,False
High Cost,txn_003950,retry,payment_link,True
High Cost,txn_005786,retry,reminder,True
High Cost,txn_004871,retry,retry,False
High Cost,txn_004803,retry,payment_link,True
High Cost,txn_004868,retry,retry,False
High Cost,txn_000293,payment_link,payment_link,False
High Cost,txn_007889,retry,payment_link,True
High Cost,txn_007406,retry,reminder,True
High Cost,txn_005596,payment_link,payment_link,False
High Cost,txn_002887,reminder,reminder,False
High Cost,txn_006455,payment_link,payment_link,False
High Cost,txn_002543,reminder,reminder,False
High Cost,txn_001766,reminder,reminder,False
High Cost,txn_006801,reminder,reminder,False
High Cost,txn_001878,reminder,reminder,False
High Cost,txn_001982,payment_link,payment_link,False
High Cost,txn_009730,retry,retry,False
High Cost,txn_009609,retry,retry,False
High Cost,txn_002686,reminder,reminder,False
High Cost,txn_008931,retry,retry,False
High Cost,txn_003459,reminder,reminder,False
High Cost,txn_004542,retry,payment_link,True
High Cost,txn_002179,retry,payment_link,True
High Cost,txn_004451,retry,reminder,True
High Cost,txn_003860,payment_link,payment_link,False
High Cost,txn_007624,retry,retry,False
High Cost,txn_007655,reminder,reminder,False
High Cost,txn_004520,reminder,reminder,False
High Cost,txn_002518,retry,payment_link,True
High Cost,txn_004837,retry,retry,False
High Cost,txn_002886,retry,retry,False
High Cost,txn_007282,retry,retry,False
High Cost,txn_006256,retry,retry,False
High Cost,txn_004540,retry,payment_link,True
High Cost,txn_005640,retry,retry,False
High Cost,txn_009460,retry,retry,False
High Cost,txn_003482,reminder,reminder,False
High Cost,txn_001278,reminder,reminder,False
High Cost,txn_003147,payment_link,payment_link,False
High Cost,txn_008263,payment_link,payment_link,False
High Cost,txn_003206,reminder,reminder,False
High Cost,txn_009893,retry,payment_link,True
High Cost,txn_002743,retry,retry,False
High Cost,txn_006077,retry,reminder,True
High Cost,txn_004048,retry,payment_link,True
High Cost,txn_005732,payment_link,payment_link,False
High Cost,txn_002946,retry,payment_link,True
High Cost,txn_005791,retry,retry,False
High Cost,txn_006795,retry,retry,False
High Cost,txn_006544,reminder,reminder,False
High Cost,txn_000701,payment_link,payment_link,False
High Cost,txn_003575,retry,payment_link,True
High Cost,txn_007700,retry,retry,False
High Cost,txn_002516,reminder,reminder,False
High Cost,txn_003001,payment_link,payment_link,False
High Cost,txn_005821,payment_link,payment_link,False
High Cost,txn_008582,retry,retry,False
High Cost,txn_003685,payment_link,payment_link,False
High Cost,txn_002996,reminder,reminder,False
High Cost,txn_004253,reminder,reminder,False
High Cost,txn_003412,retry,retry,False
High Cost,txn_007963,payment_link,payment_link,False
High Cost,txn_006310,retry,retry,False
High Cost,txn_008612,retry,payment_link,True
High Cost,txn_005013,retry,reminder,True
High Cost,txn_007751,retry,retry,False
High Cost,txn_005980,retry,retry,False
High Cost,txn_004049,payment_link,payment_link,False
High Cost,txn_004900,reminder,reminder,False
High Cost,txn_001319,retry,reminder,True
High Cost,txn_009773,retry,retry,False
High Cost,txn_009138,payment_link,payment_link,False
High Cost,txn_007143,payment_link,payment_link,False
High Cost,txn_001898,retry,payment_link,True
High Cost,txn_007466,retry,retry,False
High Cost,txn_000604,retry,retry,False
High Cost,txn_002847,retry,retry,False
High Cost,txn_008208,payment_link,payment_link,False
High Cost,txn_000394,retry,retry,False
High Cost,txn_004437,payment_link,payment_link,False
High Cost,txn_009448,retry,reminder,True
High Cost,txn_007235,retry,retry,False
High Cost,txn_005399,retry,retry,False
High Cost,txn_000096,retry,payment_link,True
High Cost,txn_001663,reminder,reminder,False
High Cost,txn_008971,retry,payment_link,True
High Cost,txn_005131,payment_link,payment_link,False
High Cost,txn_001489,retry,retry,False
High Cost,txn_008317,retry,payment_link,True
High Cost,txn_002708,reminder,reminder,False
High Cost,txn_001596,payment_link,reminder,True
High Cost,txn_009278,retry,retry,False
High Cost,txn_002378,retry,payment_link,True
High Cost,txn_005141,reminder,reminder,False
High Cost,txn_006148,retry,retry,False
High Cost,txn_008242,reminder,reminder,False
High Cost,txn_003949,retry,payment_link,True
High Cost,txn_003934,retry,payment_link,True
High Cost,txn_004798,retry,retry,False
High Cost,txn_004373,reminder,reminder,False
High Cost,txn_009863,retry,retry,False
High Cost,txn_008243,reminder,reminder,False
High Cost,txn_003449,reminder,reminder,False
High Cost,txn_002944,retry,payment_link,True
High Cost,txn_002466,retry,payment_link,True
High Cost,txn_008583,retry,retry,False
High Cost,txn_005507,retry,retry,False
High Cost,txn_002699,payment_link,payment_link,False
High Cost,txn_002448,payment_link,payment_link,False
High Cost,txn_000020,retry,reminder,True
High Cost,txn_002749,retry,payment_link,True
High Cost,txn_005400,retry,payment_link,True
High Cost,txn_008079,payment_link,payment_link,False
High Cost,txn_006872,retry,retry,False
High Cost,txn_004709,retry,payment_link,True
High Cost,txn_009477,reminder,reminder,False
High Cost,txn_000810,retry,retry,False
High Cost,txn_007478,payment_link,payment_link,False
High Cost,txn_002274,payment_link,payment_link,False
High Cost,txn_001924,retry,retry,False
High Cost,txn_001471,retry,payment_link,True
High Cost,txn_007935,payment_link,reminder,True
High Cost,txn_007408,reminder,reminder,False
High Cost,txn_002407,reminder,reminder,False
High Cost,txn_001143,retry,payment_link,True
High Cost,txn_001748,retry,payment_link,True
High Cost,txn_005710,retry,retry,False
High Cost,txn_004976,payment_link,payment_link,False
High Cost,txn_007301,payment_link,payment_link,False
High Cost,txn_008149,retry,payment_link,True
High Cost,txn_002834,reminder,reminder,False
High Cost,txn_003132,retry,payment_link,True
High Cost,txn_001311,retry,retry,False
High Cost,txn_008651,retry,retry,False
High Cost,txn_006775,retry,retry,False
High Cost,txn_006757,retry,retry,False
High Cost,txn_000621,retry,reminder,True
High Cost,txn_002702,retry,payment_link,True
High Cost,txn_002200,payment_link,payment_link,False
High Cost,txn_006197,payment_link,payment_link,False
High Cost,txn_008825,retry,reminder,True
High Cost,txn_001047,payment_link,payment_link,False
High Cost,txn_005769,reminder,reminder,False
High Cost,txn_009948,retry,payment_link,True
High Cost,txn_009020,payment_link,payment_link,False
High Cost,txn_000744,retry,retry,False
High Cost,txn_000223,retry,payment_link,True
High Cost,txn_003150,payment_link,payment_link,False
High Cost,txn_000626,retry,payment_link,True
High Cost,txn_009335,retry,reminder,True
High Cost,txn_007567,payment_link,reminder,True
High Cost,txn_004583,retry,retry,False
High Cost,txn_005712,payment_link,reminder,True
High Cost,txn_003285,reminder,reminder,False
High Cost,txn_007586,reminder,reminder,False
High Cost,txn_009647,payment_link,payment_link,False
High Cost,txn_001531,payment_link,payment_link,False
High Cost,txn_009686,retry,retry,False
High Cost,txn_000354,payment_link,payment_link,False
High Cost,txn_002475,payment_link,payment_link,False
High Cost,txn_008014,payment_link,payment_link,False
High Cost,txn_006476,payment_link,payment_link,False
High Cost,txn_006450,retry,payment_link,True
High Cost,txn_000240,retry,reminder,True
High Cost,txn_002626,retry,retry,False
High Cost,txn_009787,retry,retry,False
High Cost,txn_007199,retry,retry,False
High Cost,txn_007693,payment_link,reminder,True
High Cost,txn_002998,payment_link,reminder,True
High Cost,txn_006441,payment_link,payment_link,False
High Cost,txn_004563,retry,payment_link,True
High Cost,txn_008615,retry,payment_link,True
High Cost,txn_001480,retry,payment_link,True
High Cost,txn_001019,retry,payment_link,True
High Cost,txn_003095,retry,retry,False
High Cost,txn_006183,retry,payment_link,True
High Cost,txn_004961,retry,payment_link,True
High Cost,txn_008493,reminder,reminder,False
High Cost,txn_001104,payment_link,payment_link,False
High Cost,txn_006082,reminder,reminder,False
High Cost,txn_009526,retry,payment_link,True
High Cost,txn_005191,retry,payment_link,True
High Cost,txn_004182,retry,retry,False
High Cost,txn_004468,payment_link,payment_link,False
High Cost,txn_001627,reminder,reminder,False
High Cost,txn_006718,reminder,reminder,False
High Cost,txn_003799,retry,retry,False
High Cost,txn_003054,retry,payment_link,True
High Cost,txn_002868,payment_link,payment_link,False
High Cost,txn_001433,retry,retry,False
High Cost,txn_007984,retry,payment_link,True
High Cost,txn_009347,retry,payment_link,True
High Cost,txn_009420,retry,retry,False
High Cost,txn_004077,reminder,reminder,False
High Cost,txn_000218,retry,retry,False
High Cost,txn_003556,reminder,reminder,False
High Cost,txn_007937,reminder,reminder,False
High Cost,txn_008422,reminder,reminder,False
High Cost,txn_001035,payment_link,payment_link,False
High Cost,txn_003774,retry,retry,False
High Cost,txn_004133,retry,retry,False
High Cost,txn_002336,retry,retry,False
High Cost,txn_006493,reminder,reminder,False
High Cost,txn_001483,payment_link,payment_link,False
High Cost,txn_000907,retry,reminder,True
High Cost,txn_006089,payment_link,payment_link,False
High Cost,txn_006467,reminder,reminder,False
High Cost,txn_005677,retry,payment_link,True
High Cost,txn_002771,retry,payment_link,True
High Cost,txn_001806,retry,payment_link,True
High Cost,txn_007375,retry,retry,False
High Cost,txn_002115,retry,retry,False
High Cost,txn_004535,retry,payment_link,True
High Cost,txn_002532,retry,payment_link,True
High Cost,txn_008526,reminder,reminder,False
High Cost,txn_003471,reminder,reminder,False
High Cost,txn_001403,retry,retry,False
High Cost,txn_000853,retry,retry,False
High Cost,txn_003083,reminder,reminder,False
High Cost,txn_008025,retry,retry,False
High Cost,txn_007566,retry,retry,False
High Cost,txn_005530,retry,payment_link,True
High Cost,txn_007855,retry,retry,False
High Cost,txn_004933,payment_link,payment_link,False
High Cost,txn_005160,retry,payment_link,True
High Cost,txn_009716,payment_link,payment_link,False
High Cost,txn_003847,retry,retry,False
High Cost,txn_006484,retry,retry,False
High Cost,txn_000748,payment_link,payment_link,False
High Cost,txn_003035,retry,retry,False
High Cost,txn_000348,payment_link,payment_link,False
High Cost,txn_003352,retry,retry,False
High Cost,txn_002865,retry,payment_link,True
High Cost,txn_002168,retry,retry,False
High Cost,txn_006955,payment_link,payment_link,False
High Cost,txn_006210,payment_link,payment_link,False
High Cost,txn_002778,payment_link,payment_link,False
High Cost,txn_001442,payment_link,payment_link,False
High Cost,txn_005658,payment_link,payment_link,False
High Cost,txn_009658,reminder,reminder,False
High Cost,txn_003028,payment_link,payment_link,False
High Cost,txn_006118,retry,retry,False
High Cost,txn_002484,retry,payment_link,True
High Cost,txn_002883,retry,retry,False
High Cost,txn_005562,retry,retry,False
High Cost,txn_000764,retry,reminder,True
High Cost,txn_006482,retry,payment_link,True
High Cost,txn_001617,payment_link,payment_link,False
High Cost,txn_001223,payment_link,payment_link,False
High Cost,txn_008665,retry,payment_link,True
High Cost,txn_006222,reminder,reminder,False
High Cost,txn_001577,payment_link,payment_link,False
High Cost,txn_009392,retry,payment_link,True
High Cost,txn_006351,retry,retry,False
High Cost,txn_003783,retry,payment_link,True
High Cost,txn_004375,retry,retry,False
High Cost,txn_000709,reminder,reminder,False
High Cost,txn_000510,retry,payment_link,True
High Cost,txn_002955,retry,payment_link,True
High Cost,txn_007538,retry,retry,False
High Cost,txn_006339,retry,retry,False
High Cost,txn_008923,payment_link,payment_link,False
High Cost,txn_007064,reminder,reminder,False
High Cost,txn_007163,retry,payment_link,True
High Cost,txn_007372,payment_link,payment_link,False
High Cost,txn_006829,reminder,reminder,False
High Cost,txn_003616,reminder,reminder,False
High Cost,txn_004657,retry,retry,False
High Cost,txn_006976,payment_link,payment_link,False
High Cost,txn_004351,payment_link,payment_link,False
High Cost,txn_000712,retry,payment_link,True
High Cost,txn_006479,retry,retry,False
High Cost,txn_009130,reminder,reminder,False
High Cost,txn_008205,retry,retry,False
High Cost,txn_009204,reminder,reminder,False
High Cost,txn_000713,reminder,reminder,False
High Cost,txn_009113,reminder,reminder,False
High Cost,txn_001246,retry,reminder,True
High Cost,txn_009786,reminder,reminder,False
High Cost,txn_006849,retry,retry,False
High Cost,txn_005134,payment_link,reminder,True
High Cost,txn_000716,retry,retry,False
High Cost,txn_003464,retry,retry,False
High Cost,txn_004395,payment_link,payment_link,False
High Cost,txn_004569,retry,retry,False
High Cost,txn_008804,retry,payment_link,True
High Cost,txn_008490,retry,retry,False
High Cost,txn_007702,reminder,reminder,False
High Cost,txn_000213,retry,payment_link,True
High Cost,txn_009768,retry,reminder,True
High Cost,txn_006839,retry,payment_link,True
High Cost,txn_001011,retry,retry,False
High Cost,txn_000324,payment_link,payment_link,False
High Cost,txn_005397,retry,payment_link,True
High Cost,txn_005991,payment_link,payment_link,False
High Cost,txn_003173,payment_link,payment_link,False
High Cost,txn_000335,reminder,reminder,False
High Cost,txn_008306,reminder,reminder,False
High Cost,txn_002211,retry,reminder,True
High Cost,txn_004272,retry,retry,False
High Cost,txn_006741,reminder,reminder,False
High Cost,txn_000234,retry,retry,False
High Cost,txn_005951,reminder,reminder,False
High Cost,txn_005738,retry,retry,False
High Cost,txn_007922,retry,reminder,True
High Cost,txn_002349,retry,retry,False
High Cost,txn_002037,reminder,reminder,False
High Cost,txn_007485,retry,payment_link,True
High Cost,txn_006007,reminder,reminder,False
High Cost,txn_004554,payment_link,payment_link,False
High Cost,txn_008073,retry,payment_link,True
High Cost,txn_001459,retry,retry,False
High Cost,txn_003289,payment_link,payment_link,False
High Cost,txn_003065,payment_link,payment_link,False
High Cost,txn_009437,payment_link,payment_link,False
High Cost,txn_000775,reminder,reminder,False
High Cost,txn_006833,retry,retry,False
High Cost,txn_000872,retry,payment_link,True
High Cost,txn_008750,payment_link,payment_link,False
High Cost,txn_001264,payment_link,reminder,True
High Cost,txn_004834,retry,retry,False
High Cost,txn_003895,retry,retry,False
High Cost,txn_006324,retry,retry,False
High Cost,txn_009213,retry,reminder,True
High Cost,txn_007020,payment_link,payment_link,False
High Cost,txn_001221,reminder,reminder,False
High Cost,txn_001447,retry,payment_link,True
High Cost,txn_003185,reminder,reminder,False
High Cost,txn_000409,reminder,reminder,False
High Cost,txn_004345,retry,retry,False
High Cost,txn_003022,retry,retry,False
High Cost,txn_002304,retry,payment_link,True
High Cost,txn_006272,retry,payment_link,True
High Cost,txn_008281,retry,payment_link,True
High Cost,txn_006642,reminder,reminder,False
High Cost,txn_006956,retry,retry,False
High Cost,txn_002110,retry,payment_link,True
High Cost,txn_005352,payment_link,payment_link,False
High Cost,txn_009684,retry,retry,False
High Cost,txn_008344,retry,retry,False
High Cost,txn_004550,payment_link,payment_link,False
High Cost,txn_001881,retry,retry,False
High Cost,txn_005946,reminder,reminder,False
High Cost,txn_001738,retry,retry,False
High Cost,txn_007794,reminder,reminder,False
High Cost,txn_005213,payment_link,payment_link,False
High Cost,txn_003209,retry,payment_link,True
High Cost,txn_007083,payment_link,payment_link,False
High Cost,txn_002056,reminder,reminder,False
High Cost,txn_001689,retry,payment_link,True
High Cost,txn_004780,retry,retry,False
High Cost,txn_007476,payment_link,payment_link,False
High Cost,txn_007877,retry,payment_link,True
High Cost,txn_006750,retry,retry,False
High Cost,txn_008556,reminder,reminder,False
High Cost,txn_008123,retry,retry,False
High Cost,txn_006991,payment_link,payment_link,False
High Cost,txn_008267,payment_link,payment_link,False
High Cost,txn_008540,payment_link,payment_link,False
High Cost,txn_003393,retry,retry,False
High Cost,txn_006326,payment_link,payment_link,False
High Cost,txn_003529,retry,retry,False
High Cost,txn_004605,payment_link,reminder,True
High Cost,txn_007024,retry,payment_link,True
High Cost,txn_006322,payment_link,payment_link,False
High Cost,txn_000746,retry,reminder,True
High Cost,txn_000711,payment_link,payment_link,False
High Cost,txn_000380,reminder,reminder,False
High Cost,txn_008783,payment_link,reminder,True
High Cost,txn_003012,payment_link,payment_link,False
High Cost,txn_008859,reminder,reminder,False
High Cost,txn_007153,payment_link,reminder,True
High Cost,txn_008567,retry,retry,False
High Cost,txn_003498,reminder,reminder,False
High Cost,txn_003890,reminder,reminder,False
High Cost,txn_004485,retry,payment_link,True
High Cost,txn_004012,retry,retry,False
High Cost,txn_002620,reminder,reminder,False
High Cost,txn_006671,payment_link,reminder,True
High Cost,txn_006513,reminder,reminder,False
High Cost,txn_003468,reminder,reminder,False
High Cost,txn_001314,payment_link,payment_link,False
High Cost,txn_008606,retry,retry,False
High Cost,txn_002070,reminder,reminder,False
High Cost,txn_002983,payment_link,payment_link,False
High Cost,txn_005915,payment_link,payment_link,False
High Cost,txn_009171,retry,retry,False
High Cost,txn_001286,retry,retry,False
High Cost,txn_008991,retry,payment_link,True
High Cost,txn_008430,payment_link,payment_link,False
High Cost,txn_001350,retry,retry,False
High Cost,txn_002612,retry,retry,False
High Cost,txn_009495,retry,retry,False
High Cost,txn_003669,reminder,reminder,False
High Cost,txn_002222,retry,retry,False
High Cost,txn_000428,retry,payment_link,True
High Cost,txn_000654,payment_link,payment_link,False
High Cost,txn_009914,retry,retry,False
High Cost,txn_003536,retry,retry,False
High Cost,txn_007737,retry,payment_link,True
High Cost,txn_003246,retry,retry,False
High Cost,txn_004741,payment_link,payment_link,False
High Cost,txn_009069,reminder,reminder,False
High Cost,txn_004100,retry,retry,False
High Cost,txn_004101,payment_link,payment_link,False
High Cost,txn_006960,reminder,reminder,False
High Cost,txn_000612,retry,payment_link,True
High Cost,txn_004289,reminder,reminder,False
High Cost,txn_008571,retry,payment_link,True
High Cost,txn_009713,reminder,reminder,False
High Cost,txn_001544,retry,retry,False
High Cost,txn_009536,retry,payment_link,True
High Cost,txn_003854,reminder,reminder,False
High Cost,txn_000555,retry,retry,False
High Cost,txn_006366,retry,payment_link,True
High Cost,txn_000512,retry,payment_link,True
High Cost,txn_003207,retry,payment_link,True
High Cost,txn_008085,retry,payment_link,True
High Cost,txn_000968,retry,retry,False
High Cost,txn_006044,retry,retry,False
High Cost,txn_006880,retry,reminder,True
High Cost,txn_006776,retry,payment_link,True
High Cost,txn_003296,retry,payment_link,True
High Cost,txn_008702,retry,payment_link,True
High Cost,txn_003430,reminder,reminder,False
High Cost,txn_008871,retry,retry,False
High Cost,txn_006963,reminder,reminder,False
High Cost,txn_002089,retry,payment_link,True
High Cost,txn_008500,retry,payment_link,True
High Cost,txn_006163,payment_link,payment_link,False
High Cost,txn_003211,payment_link,payment_link,False
High Cost,txn_009201,retry,payment_link,True
High Cost,txn_006606,reminder,reminder,False
High Cost,txn_001110,reminder,reminder,False
High Cost,txn_005729,retry,retry,False
High Cost,txn_007830,reminder,reminder,False
High Cost,txn_001039,retry,retry,False
High Cost,txn_001195,payment_link,reminder,True
High Cost,txn_004475,retry,payment_link,True
High Cost,txn_009875,retry,retry,False
High Cost,txn_002123,retry,retry,False
High Cost,txn_004983,retry,retry,False
High Cost,txn_008974,payment_link,payment_link,False
High Cost,txn_005701,retry,retry,False
High Cost,txn_000935,retry,reminder,True
High Cost,txn_006102,reminder,reminder,False
High Cost,txn_004690,retry,payment_link,True
High Cost,txn_000395,payment_link,payment_link,False
High Cost,txn_004686,retry,retry,False
High Cost,txn_008777,payment_link,payment_link,False
High Cost,txn_009166,reminder,reminder,False
High Cost,txn_005981,retry,retry,False
High Cost,txn_009943,reminder,reminder,False
High Cost,txn_002192,payment_link,payment_link,False
High Cost,txn_001298,retry,retry,False
High Cost,txn_005045,payment_link,payment_link,False
High Cost,txn_001163,retry,payment_link,True
High Cost,txn_004255,payment_link,payment_link,False
High Cost,txn_006373,reminder,reminder,False
High Cost,txn_001528,retry,payment_link,True
High Cost,txn_004343,retry,retry,False
High Cost,txn_002031,reminder,reminder,False
High Cost,txn_003061,reminder,reminder,False
High Cost,txn_000059,retry,retry,False
High Cost,txn_002406,reminder,reminder,False
High Cost,txn_005007,retry,retry,False
High Cost,txn_006158,retry,retry,False
High Cost,txn_007376,retry,payment_link,True
High Cost,txn_004507,retry,retry,False
High Cost,txn_005215,reminder,reminder,False
High Cost,txn_006030,payment_link,payment_link,False
High Cost,txn_001781,retry,retry,False
High Cost,txn_005448,retry,retry,False
High Cost,txn_004607,payment_link,payment_link,False
High Cost,txn_006915,payment_link,payment_link,False
High Cost,txn_000677,retry,retry,False
High Cost,txn_003583,reminder,reminder,False
High Cost,txn_003654,reminder,reminder,False
High Cost,txn_007921,retry,retry,False
High Cost,txn_009500,retry,payment_link,True
High Cost,txn_002733,retry,payment_link,True
High Cost,txn_004788,retry,payment_link,True
High Cost,txn_002755,retry,payment_link,True
High Cost,txn_002338,retry,retry,False
High Cost,txn_003644,retry,retry,False
High Cost,txn_007738,retry,retry,False
High Cost,txn_005517,retry,payment_link,True
High Cost,txn_005247,retry,retry,False
High Cost,txn_000867,payment_link,payment_link,False
High Cost,txn_004448,retry,reminder,True
High Cost,txn_005072,retry,payment_link,True
High Cost,txn_004882,retry,retry,False
High Cost,txn_009511,payment_link,payment_link,False
High Cost,txn_003003,retry,retry,False
High Cost,txn_002226,reminder,reminder,False
High Cost,txn_009057,retry,payment_link,True
High Cost,txn_004827,retry,retry,False
High Cost,txn_007622,retry,retry,False
High Cost,txn_009690,retry,retry,False
High Cost,txn_005501,retry,payment_link,True
High Cost,txn_009701,reminder,reminder,False
High Cost,txn_008479,retry,payment_link,True
High Cost,txn_005503,retry,retry,False
High Cost,txn_001211,reminder,reminder,False
High Cost,txn_009084,retry,retry,False
High Cost,txn_002289,reminder,reminder,False
High Cost,txn_002184,payment_link,payment_link,False
High Cost,txn_002863,payment_link,payment_link,False
High Cost,txn_006862,retry,payment_link,True
High Cost,txn_002363,reminder,reminder,False
High Cost,txn_008464,payment_link,payment_link,False
High Cost,txn_006333,reminder,reminder,False
High Cost,txn_004065,retry,reminder,True
High Cost,txn_009547,retry,reminder,True
High Cost,txn_000618,reminder,reminder,False
High Cost,txn_003282,retry,retry,False
High Cost,txn_005227,retry,payment_link,True
High Cost,txn_003398,payment_link,payment_link,False
High Cost,txn_003066,retry,reminder,True
High Cost,txn_000767,payment_link,reminder,True
High Cost,txn_007079,payment_link,payment_link,False
High Cost,txn_005280,payment_link,payment_link,False
High Cost,txn_004150,payment_link,payment_link,False
High Cost,txn_001145,retry,payment_link,True
High Cost,txn_004249,retry,payment_link,True
High Cost,txn_004111,retry,payment_link,True
High Cost,txn_000463,reminder,reminder,False
High Cost,txn_002933,retry,retry,False
High Cost,txn_004624,retry,payment_link,True
High Cost,txn_003814,retry,reminder,True
High Cost,txn_006309,retry,retry,False
High Cost,txn_004342,retry,retry,False
High Cost,txn_005301,retry,payment_link,True
High Cost,txn_006805,reminder,reminder,False
High Cost,txn_003283,payment_link,payment_link,False
High Cost,txn_002575,retry,retry,False
High Cost,txn_007962,reminder,reminder,False
High Cost,txn_007880,reminder,reminder,False
High Cost,txn_000829,payment_link,payment_link,False
High Cost,txn_006487,retry,retry,False
High Cost,txn_007600,retry,reminder,True
High Cost,txn_002541,retry,retry,False
High Cost,txn_005747,retry,reminder,True
High Cost,txn_008527,retry,retry,False
High Cost,txn_009567,retry,retry,False
High Cost,txn_003743,payment_link,payment_link,False
High Cost,txn_007499,retry,retry,False
High Cost,txn_003525,retry,retry,False
High Cost,txn_000021,payment_link,payment_link,False
High Cost,txn_001916,retry,payment_link,True
High Cost,txn_006572,reminder,reminder,False
High Cost,txn_009019,payment_link,payment_link,False
High Cost,txn_002013,retry,reminder,True
High Cost,txn_005406,reminder,reminder,False
High Cost,txn_001296,reminder,reminder,False
High Cost,txn_003746,retry,payment_link,True
High Cost,txn_000592,payment_link,payment_link,False
High Cost,txn_001407,reminder,reminder,False
High Cost,txn_000222,retry,retry,False
High Cost,txn_005618,retry,retry,False
High Cost,txn_006249,payment_link,payment_link,False
High Cost,txn_004419,retry,retry,False
High Cost,txn_000859,retry,payment_link,True
High Cost,txn_001784,retry,retry,False
High Cost,txn_007260,retry,retry,False
High Cost,txn_006857,reminder,reminder,False
High Cost,txn_001955,retry,retry,False
High Cost,txn_001747,retry,payment_link,True
High Cost,txn_003133,retry,payment_link,True
High Cost,txn_008037,retry,retry,False
High Cost,txn_008851,retry,payment_link,True
High Cost,txn_000995,reminder,reminder,False
High Cost,txn_006109,payment_link,payment_link,False
High Cost,txn_000731,payment_link,payment_link,False
High Cost,txn_006975,retry,retry,False
High Cost,txn_006274,payment_link,reminder,True
High Cost,txn_006752,retry,payment_link,True
High Cost,txn_003510,retry,payment_link,True
High Cost,txn_003534,reminder,reminder,False
High Cost,txn_002514,retry,payment_link,True
High Cost,txn_005437,payment_link,reminder,True
High Cost,txn_003626,payment_link,payment_link,False
High Cost,txn_000466,reminder,reminder,False
High Cost,txn_006756,retry,payment_link,True
High Cost,txn_006760,retry,payment_link,True
High Cost,txn_007992,retry,payment_link,True
High Cost,txn_000158,reminder,reminder,False
High Cost,txn_003961,retry,payment_link,True
High Cost,txn_008833,retry,retry,False
High Cost,txn_005471,retry,reminder,True
High Cost,txn_000186,reminder,reminder,False
High Cost,txn_001003,retry,payment_link,True
High Cost,txn_009509,retry,retry,False
High Cost,txn_005624,retry,payment_link,True
High Cost,txn_000401,retry,retry,False
High Cost,txn_006241,payment_link,payment_link,False
High Cost,txn_008941,payment_link,reminder,True
High Cost,txn_009933,payment_link,payment_link,False
High Cost,txn_007343,retry,payment_link,True
High Cost,txn_009833,retry,retry,False
High Cost,txn_008467,retry,payment_link,True
High Cost,txn_008757,retry,reminder,True
High Cost,txn_007959,retry,retry,False
High Cost,txn_001251,reminder,reminder,False
High Cost,txn_003144,reminder,reminder,False
High Cost,txn_007431,retry,reminder,True
High Cost,txn_000060,retry,retry,False
High Cost,txn_007856,retry,payment_link,True
High Cost,txn_001114,reminder,reminder,False
High Cost,txn_003058,reminder,reminder,False
High Cost,txn_009570,retry,retry,False
High Cost,txn_001329,payment_link,payment_link,False
High Cost,txn_004996,reminder,reminder,False
High Cost,txn_006683,retry,retry,False
High Cost,txn_002073,retry,retry,False
High Cost,txn_004794,reminder,reminder,False
High Cost,txn_006830,retry,retry,False
High Cost,txn_009630,reminder,reminder,False
High Cost,txn_008219,retry,retry,False
High Cost,txn_007568,retry,retry,False
High Cost,txn_005923,retry,retry,False
High Cost,txn_001551,payment_link,payment_link,False
High Cost,txn_001010,retry,retry,False
High Cost,txn_003756,retry,retry,False
High Cost,txn_008682,retry,retry,False
High Cost,txn_009343,retry,payment_link,True
High Cost,txn_008010,retry,payment_link,True
High Cost,txn_003861,retry,retry,False
High Cost,txn_003149,retry,payment_link,True
High Cost,txn_002520,retry,retry,False
High Cost,txn_003128,reminder,reminder,False
High Cost,txn_009085,retry,retry,False
High Cost,txn_005317,retry,reminder,True
High Cost,txn_001196,retry,payment_link,True
High Cost,txn_009051,retry,reminder,True
High Cost,txn_000880,retry,retry,False
High Cost,txn_006990,payment_link,payment_link,False
High Cost,txn_002488,retry,retry,False
High Cost,txn_002841,retry,payment_link,True
High Cost,txn_004330,retry,reminder,True
High Cost,txn_002931,retry,payment_link,True
High Cost,txn_006425,retry,payment_link,True
High Cost,txn_002486,reminder,reminder,False
High Cost,txn_005748,payment_link,payment_link,False
High Cost,txn_000884,retry,payment_link,True
High Cost,txn_004915,payment_link,retry,True
High Cost,txn_006211,retry,retry,False
High Cost,txn_009579,retry,reminder,True
High Cost,txn_000212,payment_link,payment_link,False
High Cost,txn_002276,payment_link,payment_link,False
High Cost,txn_002329,reminder,reminder,False
High Cost,txn_004951,retry,payment_link,True
High Cost,txn_003320,retry,payment_link,True
High Cost,txn_009835,payment_link,payment_link,False
High Cost,txn_004608,retry,retry,False
High Cost,txn_001439,payment_link,payment_link,False
High Cost,txn_000468,reminder,reminder,False
High Cost,txn_005467,payment_link,payment_link,False
High Cost,txn_003330,payment_link,reminder,True
High Cost,txn_005829,retry,reminder,True
High Cost,txn_008608,payment_link,payment_link,False
High Cost,txn_000697,payment_link,reminder,True
High Cost,txn_007268,payment_link,payment_link,False
High Cost,txn_009145,payment_link,reminder,True
High Cost,txn_008181,retry,retry,False
High Cost,txn_009939,payment_link,payment_link,False
High Cost,txn_001315,retry,retry,False
High Cost,txn_002302,retry,retry,False
High Cost,txn_002040,retry,retry,False
High Cost,txn_007109,retry,retry,False
High Cost,txn_003667,reminder,reminder,False
High Cost,txn_000915,reminder,reminder,False
High Cost,txn_000013,payment_link,payment_link,False
High Cost,txn_008584,reminder,reminder,False
High Cost,txn_006428,reminder,reminder,False
High Cost,txn_001537,reminder,reminder,False
High Cost,txn_000737,reminder,reminder,False
High Cost,txn_008202,retry,retry,False
High Cost,txn_008653,retry,reminder,True
High Cost,txn_000454,retry,reminder,True
High Cost,txn_004346,reminder,reminder,False
High Cost,txn_000928,retry,payment_link,True
High Cost,txn_006292,retry,retry,False
High Cost,txn_008282,retry,retry,False
High Cost,txn_008723,retry,retry,False
High Cost,txn_006474,reminder,reminder,False
High Cost,txn_000038,retry,payment_link,True
High Cost,txn_005771,reminder,reminder,False
High Cost,txn_002555,payment_link,payment_link,False
High Cost,txn_007633,retry,payment_link,True
High Cost,txn_009999,payment_link,payment_link,False
High Cost,txn_006621,retry,payment_link,True
High Cost,txn_000941,retry,retry,False
High Cost,txn_007399,retry,payment_link,True
High Cost,txn_006129,retry,reminder,True
High Cost,txn_009830,retry,payment_link,True
High Cost,txn_002681,payment_link,payment_link,False
High Cost,txn_004355,reminder,reminder,False
High Cost,txn_003059,retry,payment_link,True
High Cost,txn_007881,payment_link,payment_link,False
High Cost,txn_000739,retry,retry,False
High Cost,txn_000539,reminder,reminder,False
High Cost,txn_003326,reminder,reminder,False
High Cost,txn_004240,reminder,reminder,False
High Cost,txn_001401,reminder,reminder,False
High Cost,txn_004047,retry,retry,False
High Cost,txn_005138,payment_link,payment_link,False
High Cost,txn_004230,retry,payment_link,True
High Cost,txn_004192,retry,retry,False
High Cost,txn_009143,reminder,reminder,False
High Cost,txn_005539,payment_link,payment_link,False
High Cost,txn_002693,retry,payment_link,True
High Cost,txn_005341,retry,payment_link,True
High Cost,txn_009918,payment_link,payment_link,False
High Cost,txn_007671,retry,payment_link,True
High Cost,txn_009174,reminder,reminder,False
High Cost,txn_001808,retry,retry,False
High Cost,txn_005112,retry,retry,False
High Cost,txn_003990,retry,payment_link,True
High Cost,txn_003456,reminder,reminder,False
High Cost,txn_002908,retry,retry,False
High Cost,txn_006652,payment_link,payment_link,False
High Cost,txn_008288,retry,retry,False
High Cost,txn_006245,reminder,reminder,False
High Cost,txn_002698,retry,retry,False
High Cost,txn_004017,payment_link,payment_link,False
High Cost,txn_004340,retry,retry,False
High Cost,txn_004646,retry,payment_link,True
High Cost,txn_007740,retry,payment_link,True
High Cost,txn_007092,retry,retry,False
High Cost,txn_004693,retry,retry,False
High Cost,txn_001740,reminder,reminder,False
High Cost,txn_005407,reminder,reminder,False
High Cost,txn_004589,retry,payment_link,True
High Cost,txn_003126,reminder,reminder,False
High Cost,txn_002158,retry,retry,False
High Cost,txn_005334,payment_link,reminder,True
High Cost,txn_008637,retry,payment_link,True
High Cost,txn_001826,retry,payment_link,True
High Cost,txn_004231,reminder,reminder,False
High Cost,txn_003488,retry,reminder,True
High Cost,txn_009054,reminder,reminder,False
High Cost,txn_009769,payment_link,payment_link,False
High Cost,txn_003648,retry,retry,False
High Cost,txn_005903,retry,payment_link,True
High Cost,txn_006386,retry,reminder,True
High Cost,txn_005639,retry,retry,False
High Cost,txn_006424,retry,reminder,True
High Cost,txn_007827,retry,retry,False
High Cost,txn_007744,retry,retry,False
High Cost,txn_003013,retry,retry,False
High Cost,txn_007672,reminder,reminder,False
High Cost,txn_009549,reminder,reminder,False
High Cost,txn_009978,retry,payment_link,True
High Cost,txn_003081,reminder,reminder,False
High Cost,txn_003521,reminder,reminder,False
High Cost,txn_004979,retry,retry,False
High Cost,txn_007620,payment_link,payment_link,False
High Cost,txn_004348,retry,reminder,True
High Cost,txn_008441,retry,retry,False
High Cost,txn_001347,payment_link,payment_link,False
High Cost,txn_007088,retry,retry,False
High Cost,txn_008948,retry,retry,False
High Cost,txn_005652,payment_link,payment_link,False
High Cost,txn_008082,retry,retry,False
High Cost,txn_001792,retry,retry,False
High Cost,txn_007429,retry,payment_link,True
High Cost,txn_009580,retry,reminder,True
High Cost,txn_009960,reminder,reminder,False
High Cost,txn_002271,payment_link,payment_link,False
High Cost,txn_009767,payment_link,payment_link,False
High Cost,txn_002956,payment_link,payment_link,False
High Cost,txn_003444,retry,retry,False
High Cost,txn_007736,retry,retry,False
High Cost,txn_000834,reminder,reminder,False
High Cost,txn_006499,retry,payment_link,True
High Cost,txn_002992,payment_link,payment_link,False
High Cost,txn_007793,reminder,reminder,False
High Cost,txn_002151,reminder,reminder,False
High Cost,txn_004023,retry,reminder,True
High Cost,txn_007615,payment_link,reminder,True
High Cost,txn_006124,retry,retry,False
High Cost,txn_003339,retry,retry,False
High Cost,txn_004344,retry,retry,False
High Cost,txn_004464,payment_link,payment_link,False
High Cost,txn_002376,retry,retry,False
High Cost,txn_009044,retry,retry,False
High Cost,txn_005571,retry,payment_link,True
High Cost,txn_008599,payment_link,reminder,True
High Cost,txn_008504,retry,retry,False
High Cost,txn_008880,retry,payment_link,True
High Cost,txn_001887,retry,payment_link,True
High Cost,txn_001198,reminder,reminder,False
High Cost,txn_006427,reminder,reminder,False
High Cost,txn_008911,retry,retry,False
High Cost,txn_002936,reminder,reminder,False
High Cost,txn_006342,retry,payment_link,True
High Cost,txn_001430,retry,payment_link,True
High Cost,txn_006307,retry,retry,False
High Cost,txn_003650,retry,payment_link,True
High Cost,txn_001938,payment_link,payment_link,False
High Cost,txn_005172,payment_link,payment_link,False
High Cost,txn_007764,retry,reminder,True
High Cost,txn_006393,reminder,reminder,False
High Cost,txn_001154,retry,reminder,True
High Cost,txn_006250,retry,retry,False
High Cost,txn_007037,retry,retry,False
High Cost,txn_004229,retry,retry,False
High Cost,txn_004975,reminder,reminder,False
High Cost,txn_006401,retry,retry,False
High Cost,txn_003640,payment_link,payment_link,False
High Cost,txn_003972,retry,payment_link,True
High Cost,txn_009594,retry,payment_link,True
High Cost,txn_003376,retry,reminder,True
High Cost,txn_002487,retry,retry,False
High Cost,txn_006954,retry,reminder,True
High Cost,txn_000606,retry,payment_link,True
High Cost,txn_007444,retry,retry,False
High Cost,txn_005928,payment_link,payment_link,False
High Cost,txn_002454,payment_link,payment_link,False
High Cost,txn_003609,retry,retry,False
High Cost,txn_001484,payment_link,payment_link,False
High Cost,txn_004519,payment_link,payment_link,False
High Cost,txn_003038,payment_link,payment_link,False
High Cost,txn_009352,reminder,reminder,False
High Cost,txn_007692,retry,retry,False
High Cost,txn_004116,retry,payment_link,True
High Cost,txn_001427,retry,retry,False
High Cost,txn_000497,retry,payment_link,True
High Cost,txn_003353,reminder,reminder,False
High Cost,txn_008794,reminder,reminder,False
High Cost,txn_000759,retry,retry,False
High Cost,txn_000838,retry,retry,False
High Cost,txn_004327,retry,retry,False
High Cost,txn_002128,payment_link,payment_link,False
High Cost,txn_001023,retry,reminder,True
High Cost,txn_008762,retry,payment_link,True
High Cost,txn_005614,retry,retry,False
High Cost,txn_005581,retry,retry,False
High Cost,txn_001058,retry,retry,False
High Cost,txn_009542,payment_link,reminder,True
High Cost,txn_006856,reminder,reminder,False
High Cost,txn_007349,payment_link,payment_link,False
High Cost,txn_009045,payment_link,payment_link,False
High Cost,txn_002129,payment_link,payment_link,False
High Cost,txn_002767,retry,payment_link,True
High Cost,txn_002109,reminder,reminder,False
High Cost,txn_003617,reminder,reminder,False
High Cost,txn_001545,payment_link,payment_link,False
High Cost,txn_006914,payment_link,reminder,True
High Cost,txn_001719,retry,payment_link,True
High Cost,txn_007435,retry,retry,False
High Cost,txn_007365,retry,payment_link,True
High Cost,txn_006235,retry,retry,False
High Cost,txn_000725,payment_link,reminder,True
High Cost,txn_006673,retry,payment_link,True
High Cost,txn_008029,payment_link,payment_link,False
High Cost,txn_005492,payment_link,payment_link,False
High Cost,txn_001128,retry,payment_link,True
High Cost,txn_002957,payment_link,payment_link,False
High Cost,txn_005156,retry,retry,False
High Cost,txn_004817,reminder,retry,True
High Cost,txn_006202,payment_link,payment_link,False
High Cost,txn_006224,reminder,reminder,False
High Cost,txn_008686,retry,payment_link,True
High Cost,txn_007114,payment_link,reminder,True
High Cost,txn_005275,retry,payment_link,True
High Cost,txn_008536,reminder,reminder,False
High Cost,txn_003044,reminder,reminder,False
High Cost,txn_006912,payment_link,payment_link,False
High Cost,txn_000150,payment_link,payment_link,False
High Cost,txn_007574,retry,retry,False
High Cost,txn_004206,payment_link,payment_link,False
High Cost,txn_005493,retry,retry,False
High Cost,txn_002690,reminder,reminder,False
High Cost,txn_004221,payment_link,payment_link,False
High Cost,txn_009102,retry,payment_link,True
High Cost,txn_000842,retry,payment_link,True
High Cost,txn_008137,retry,payment_link,True
High Cost,txn_006438,retry,payment_link,True
High Cost,txn_009700,reminder,reminder,False
High Cost,txn_006200,retry,retry,False
High Cost,txn_002795,retry,retry,False
High Cost,txn_007626,retry,payment_link,True
High Cost,txn_008475,retry,payment_link,True
High Cost,txn_007890,payment_link,reminder,True
High Cost,txn_006608,payment_link,payment_link,False
High Cost,txn_009195,retry,payment_link,True
High Cost,txn_008248,reminder,reminder,False
High Cost,txn_001393,payment_link,reminder,True
High Cost,txn_001922,payment_link,payment_link,False
High Cost,txn_007019,reminder,reminder,False
High Cost,txn_003622,retry,retry,False
High Cost,txn_004849,retry,payment_link,True
High Cost,txn_002292,reminder,reminder,False
High Cost,txn_002134,retry,payment_link,True
High Cost,txn_000551,payment_link,retry,True
High Cost,txn_001741,payment_link,reminder,True
High Cost,txn_005290,retry,payment_link,True
High Cost,txn_001818,retry,retry,False
High Cost,txn_004699,reminder,reminder,False
High Cost,txn_005182,retry,payment_link,True
High Cost,txn_003019,reminder,reminder,False
High Cost,txn_000018,retry,reminder,True
High Cost,txn_001771,retry,reminder,True
High Cost,txn_001889,retry,retry,False
High Cost,txn_002153,retry,payment_link,True
High Cost,txn_001643,retry,retry,False
High Cost,txn_007847,payment_link,reminder,True
High Cost,txn_004194,payment_link,payment_link,False
High Cost,txn_009433,reminder,reminder,False
High Cost,txn_008899,reminder,reminder,False
High Cost,txn_000534,reminder,reminder,False
High Cost,txn_000133,retry,payment_link,True
High Cost,txn_007723,retry,retry,False
High Cost,txn_008459,retry,retry,False
High Cost,txn_000965,retry,reminder,True
High Cost,txn_008720,retry,payment_link,True
High Cost,txn_006413,payment_link,reminder,True
High Cost,txn_008286,retry,payment_link,True
High Cost,txn_007854,payment_link,payment_link,False
High Cost,txn_001096,payment_link,payment_link,False
High Cost,txn_006930,retry,retry,False
Recovery Focused,txn_006253,reminder,reminder,False
Recovery Focused,txn_004685,retry,retry,False
Recovery Focused,txn_001732,reminder,reminder,False
Recovery Focused,txn_004743,retry,payment_link,True
Recovery Focused,txn_004522,retry,retry,False
Recovery Focused,txn_006341,retry,retry,False
Recovery Focused,txn_000577,retry,retry,False
Recovery Focused,txn_005203,retry,payment_link,True
Recovery Focused,txn_006364,retry,retry,False
Recovery Focused,txn_000440,retry,retry,False
Recovery Focused,txn_002751,payment_link,payment_link,False
Recovery Focused,txn_007488,retry,payment_link,True
Recovery Focused,txn_005273,retry,payment_link,True
Recovery Focused,txn_005654,retry,payment_link,True
Recovery Focused,txn_004000,retry,payment_link,True
Recovery Focused,txn_006034,payment_link,payment_link,False
Recovery Focused,txn_000583,retry,retry,False
Recovery Focused,txn_009931,retry,retry,False
Recovery Focused,txn_007052,retry,payment_link,True
Recovery Focused,txn_008159,retry,payment_link,True
Recovery Focused,txn_009897,retry,retry,False
Recovery Focused,txn_002250,payment_link,payment_link,False
Recovery Focused,txn_004641,retry,payment_link,True
Recovery Focused,txn_009486,payment_link,payment_link,False
Recovery Focused,txn_004948,reminder,reminder,False
Recovery Focused,txn_009921,payment_link,payment_link,False
Recovery Focused,txn_001964,retry,retry,False
Recovery Focused,txn_008244,reminder,reminder,False
Recovery Focused,txn_006591,reminder,reminder,False
Recovery Focused,txn_008848,retry,retry,False
Recovery Focused,txn_000322,retry,reminder,True
Recovery Focused,txn_002679,payment_link,payment_link,False
Recovery Focused,txn_004626,retry,retry,False
Recovery Focused,txn_004950,reminder,reminder,False
Recovery Focused,txn_008329,reminder,reminder,False
Recovery Focused,txn_003338,retry,retry,False
Recovery Focused,txn_005590,retry,retry,False
Recovery Focused,txn_000252,retry,reminder,True
Recovery Focused,txn_003974,payment_link,payment_link,False
Recovery Focused,txn_006631,retry,retry,False
Recovery Focused,txn_005548,payment_link,payment_link,False
Recovery Focused,txn_000036,retry,payment_link,True
Recovery Focused,txn_008363,reminder,reminder,False
Recovery Focused,txn_001514,retry,reminder,True
Recovery Focused,txn_009318,payment_link,retry,True
Recovery Focused,txn_000040,retry,payment_link,True
Recovery Focused,txn_004820,retry,payment_link,True
Recovery Focused,txn_003466,retry,retry,False
Recovery Focused,txn_001761,payment_link,payment_link,False
Recovery Focused,txn_002305,retry,retry,False
Recovery Focused,txn_003724,payment_link,payment_link,False
Recovery Focused,txn_008285,payment_link,payment_link,False
Recovery Focused,txn_004994,retry,retry,False
Recovery Focused,txn_008128,retry,retry,False
Recovery Focused,txn_003033,payment_link,payment_link,False
Recovery Focused,txn_007939,payment_link,payment_link,False
Recovery Focused,txn_003040,reminder,reminder,False
Recovery Focused,txn_009656,retry,retry,False
Recovery Focused,txn_002546,retry,payment_link,True
Recovery Focused,txn_002593,payment_link,payment_link,False
Recovery Focused,txn_001189,retry,retry,False
Recovery Focused,txn_007967,retry,payment_link,True
Recovery Focused,txn_006078,retry,retry,False
Recovery Focused,txn_000108,reminder,reminder,False
Recovery Focused,txn_001316,retry,retry,False
Recovery Focused,txn_008188,retry,reminder,True
Recovery Focused,txn_002754,retry,retry,False
Recovery Focused,txn_009754,retry,payment_link,True
Recovery Focused,txn_006232,retry,payment_link,True
Recovery Focused,txn_002877,retry,payment_link,True
Recovery Focused,txn_005324,reminder,reminder,False
Recovery Focused,txn_000800,payment_link,payment_link,False
Recovery Focused,txn_003571,retry,retry,False
Recovery Focused,txn_002895,reminder,reminder,False
Recovery Focused,txn_002928,retry,payment_link,True
Recovery Focused,txn_008179,reminder,reminder,False
Recovery Focused,txn_000972,retry,retry,False
Recovery Focused,txn_006688,retry,reminder,True
Recovery Focused,txn_008576,reminder,reminder,False
Recovery Focused,txn_002021,reminder,reminder,False
Recovery Focused,txn_009055,reminder,reminder,False
Recovery Focused,txn_000953,payment_link,payment_link,False
Recovery Focused,txn_005360,retry,payment_link,True
Recovery Focused,txn_003858,retry,retry,False
Recovery Focused,txn_005862,retry,payment_link,True
Recovery Focused,txn_003146,payment_link,payment_link,False
Recovery Focused,txn_003306,retry,payment_link,True
Recovery Focused,txn_003007,retry,retry,False
Recovery Focused,txn_009002,retry,retry,False
Recovery Focused,txn_007771,payment_link,payment_link,False
Recovery Focused,txn_007439,retry,reminder,True
Recovery Focused,txn_007943,retry,payment_link,True
Recovery Focused,txn_009239,payment_link,payment_link,False
Recovery Focused,txn_001057,retry,retry,False
Recovery Focused,txn_003155,payment_link,payment_link,False
Recovery Focused,txn_003788,retry,reminder,True
Recovery Focused,txn_009190,reminder,reminder,False
Recovery Focused,txn_007826,retry,retry,False
Recovery Focused,txn_007540,payment_link,payment_link,False
Recovery Focused,txn_007232,payment_link,reminder,True
Recovery Focused,txn_000765,retry,retry,False
Recovery Focused,txn_005020,reminder,reminder,False
Recovery Focused,txn_004904,reminder,reminder,False
Recovery Focused,txn_008094,retry,payment_link,True
Recovery Focused,txn_006844,reminder,reminder,False
Recovery Focused,txn_002166,payment_link,reminder,True
Recovery Focused,txn_001863,reminder,reminder,False
Recovery Focused,txn_007851,payment_link,payment_link,False
Recovery Focused,txn_009124,reminder,reminder,False
Recovery Focused,txn_002341,retry,payment_link,True
Recovery Focused,txn_005528,payment_link,payment_link,False
Recovery Focused,txn_006744,retry,retry,False
Recovery Focused,txn_004004,retry,retry,False
Recovery Focused,txn_001124,payment_link,payment_link,False
Recovery Focused,txn_008710,retry,reminder,True
Recovery Focused,txn_004050,retry,payment_link,True
Recovery Focused,txn_007641,retry,payment_link,True
Recovery Focused,txn_000766,payment_link,payment_link,False
Recovery Focused,txn_002345,reminder,reminder,False
Recovery Focused,txn_004072,retry,payment_link,True
Recovery Focused,txn_007217,retry,payment_link,True
Recovery Focused,txn_004217,reminder,reminder,False
Recovery Focused,txn_007953,retry,retry,False
Recovery Focused,txn_005971,retry,retry,False
Recovery Focused,txn_003351,retry,retry,False
Recovery Focused,txn_004696,retry,payment_link,True
Recovery Focused,txn_003400,retry,retry,False
Recovery Focused,txn_004082,reminder,reminder,False
Recovery Focused,txn_009150,reminder,reminder,False
Recovery Focused,txn_001225,reminder,reminder,False
Recovery Focused,txn_006293,retry,retry,False
Recovery Focused,txn_003123,retry,retry,False
Recovery Focused,txn_000511,retry,reminder,True
Recovery Focused,txn_005795,retry,retry,False
Recovery Focused,txn_008182,retry,retry,False
Recovery Focused,txn_009418,reminder,reminder,False
Recovery Focused,txn_000097,retry,payment_link,True
Recovery Focused,txn_006682,reminder,reminder,False
Recovery Focused,txn_001513,retry,retry,False
Recovery Focused,txn_008792,retry,reminder,True
Recovery Focused,txn_000120,reminder,reminder,False
Recovery Focused,txn_007792,reminder,reminder,False
Recovery Focused,txn_006518,retry,retry,False
Recovery Focused,txn_000034,reminder,reminder,False
Recovery Focused,txn_007888,retry,retry,False
Recovery Focused,txn_006831,retry,payment_link,True
Recovery Focused,txn_005422,retry,payment_link,True
Recovery Focused,txn_001069,retry,payment_link,True
Recovery Focused,txn_001348,reminder,reminder,False
Recovery Focused,txn_004748,retry,retry,False
Recovery Focused,txn_006006,retry,payment_link,True
Recovery Focused,txn_006040,retry,payment_link,True
Recovery Focused,txn_003818,payment_link,payment_link,False
Recovery Focused,txn_008447,payment_link,payment_link,False
Recovery Focused,txn_005270,reminder,reminder,False
Recovery Focused,txn_006898,retry,payment_link,True
Recovery Focused,txn_005310,retry,reminder,True
Recovery Focused,txn_000032,payment_link,payment_link,False
Recovery Focused,txn_005675,retry,retry,False
Recovery Focused,txn_004387,retry,payment_link,True
Recovery Focused,txn_000030,retry,retry,False
Recovery Focused,txn_004203,retry,payment_link,True
Recovery Focused,txn_007508,reminder,reminder,False
Recovery Focused,txn_000736,reminder,reminder,False
Recovery Focused,txn_002068,reminder,reminder,False
Recovery Focused,txn_000107,reminder,reminder,False
Recovery Focused,txn_009645,payment_link,payment_link,False
Recovery Focused,txn_008895,payment_link,payment_link,False
Recovery Focused,txn_008021,retry,retry,False
Recovery Focused,txn_002233,payment_link,payment_link,False
Recovery Focused,txn_000994,reminder,reminder,False
Recovery Focused,txn_009413,retry,payment_link,True
Recovery Focused,txn_007059,retry,retry,False
Recovery Focused,txn_006790,reminder,reminder,False
Recovery Focused,txn_000361,payment_link,payment_link,False
Recovery Focused,txn_000305,payment_link,payment_link,False
Recovery Focused,txn_002628,retry,retry,False
Recovery Focused,txn_008966,retry,payment_link,True
Recovery Focused,txn_004514,retry,payment_link,True
Recovery Focused,txn_005911,reminder,reminder,False
Recovery Focused,txn_008314,reminder,reminder,False
Recovery Focused,txn_003101,payment_link,payment_link,False
Recovery Focused,txn_005704,reminder,reminder,False
Recovery Focused,txn_003899,retry,payment_link,True
Recovery Focused,txn_005441,retry,retry,False
Recovery Focused,txn_007931,reminder,reminder,False
Recovery Focused,txn_000622,reminder,reminder,False
Recovery Focused,txn_007236,reminder,reminder,False
Recovery Focused,txn_002499,payment_link,payment_link,False
Recovery Focused,txn_000714,reminder,reminder,False
Recovery Focused,txn_008404,retry,payment_link,True
Recovery Focused,txn_002856,reminder,reminder,False
Recovery Focused,txn_004270,reminder,reminder,False
Recovery Focused,txn_002909,reminder,reminder,False
Recovery Focused,txn_008081,retry,payment_link,True
Recovery Focused,txn_004517,reminder,reminder,False
Recovery Focused,txn_001262,retry,retry,False
Recovery Focused,txn_003161,retry,retry,False
Recovery Focused,txn_000971,retry,retry,False
Recovery Focused,txn_003913,payment_link,payment_link,False
Recovery Focused,txn_005199,retry,payment_link,True
Recovery Focused,txn_008847,retry,retry,False
Recovery Focused,txn_000260,payment_link,payment_link,False
Recovery Focused,txn_003791,retry,payment_link,True
Recovery Focused,txn_009203,payment_link,payment_link,False
Recovery Focused,txn_000488,reminder,reminder,False
Recovery Focused,txn_007908,payment_link,payment_link,False
Recovery Focused,txn_000519,retry,retry,False
Recovery Focused,txn_008343,retry,retry,False
Recovery Focused,txn_000312,retry,retry,False
Recovery Focused,txn_003232,retry,retry,False
Recovery Focused,txn_007933,retry,retry,False
Recovery Focused,txn_007458,reminder,reminder,False
Recovery Focused,txn_009784,retry,payment_link,True
Recovery Focused,txn_005184,retry,payment_link,True
Recovery Focused,txn_008077,retry,retry,False
Recovery Focused,txn_006502,retry,retry,False
Recovery Focused,txn_006791,retry,payment_link,True
Recovery Focused,txn_007773,retry,payment_link,True
Recovery Focused,txn_002738,reminder,retry,True
Recovery Focused,txn_007842,retry,payment_link,True
Recovery Focused,txn_006262,payment_link,payment_link,False
Recovery Focused,txn_008206,retry,retry,False
Recovery Focused,txn_001248,retry,retry,False
Recovery Focused,txn_009336,reminder,reminder,False
Recovery Focused,txn_004195,retry,payment_link,True
Recovery Focused,txn_008001,retry,payment_link,True
Recovery Focused,txn_007378,reminder,reminder,False
Recovery Focused,txn_003435,payment_link,payment_link,False
Recovery Focused,txn_005382,retry,retry,False
Recovery Focused,txn_000959,retry,payment_link,True
Recovery Focused,txn_000417,retry,payment_link,True
Recovery Focused,txn_005742,retry,retry,False
Recovery Focused,txn_006728,retry,retry,False
Recovery Focused,txn_004382,reminder,reminder,False
Recovery Focused,txn_005197,payment_link,payment_link,False
Recovery Focused,txn_001113,retry,retry,False
Recovery Focused,txn_002689,retry,retry,False
Recovery Focused,txn_006473,retry,reminder,True
Recovery Focused,txn_008820,reminder,reminder,False
Recovery Focused,txn_007808,reminder,reminder,False
Recovery Focused,txn_003411,reminder,reminder,False
Recovery Focused,txn_000081,retry,retry,False
Recovery Focused,txn_004614,retry,payment_link,True
Recovery Focused,txn_001374,retry,payment_link,True
Recovery Focused,txn_001510,retry,reminder,True
Recovery Focused,txn_006443,retry,retry,False
Recovery Focused,txn_003071,retry,retry,False
Recovery Focused,txn_003016,payment_link,payment_link,False
Recovery Focused,txn_004823,retry,retry,False
Recovery Focused,txn_007822,retry,payment_link,True
Recovery Focused,txn_000093,retry,payment_link,True
Recovery Focused,txn_009421,payment_link,reminder,True
Recovery Focused,txn_006600,reminder,reminder,False
Recovery Focused,txn_004443,retry,reminder,True
Recovery Focused,txn_007602,retry,retry,False
Recovery Focused,txn_003835,reminder,reminder,False
Recovery Focused,txn_009702,reminder,reminder,False
Recovery Focused,txn_004322,retry,payment_link,True
Recovery Focused,txn_003394,reminder,reminder,False
Recovery Focused,txn_004752,payment_link,payment_link,False
Recovery Focused,txn_007229,reminder,reminder,False
Recovery Focused,txn_009191,reminder,reminder,False
Recovery Focused,txn_002361,payment_link,reminder,True
Recovery Focused,txn_001148,retry,payment_link,True
Recovery Focused,txn_005666,payment_link,payment_link,False
Recovery Focused,txn_008075,payment_link,reminder,True
Recovery Focused,txn_004943,retry,retry,False
Recovery Focused,txn_003663,retry,retry,False
Recovery Focused,txn_001563,retry,retry,False
Recovery Focused,txn_004113,retry,payment_link,True
Recovery Focused,txn_009050,retry,reminder,True
Recovery Focused,txn_009276,payment_link,payment_link,False
Recovery Focused,txn_008538,retry,retry,False
Recovery Focused,txn_000795,retry,retry,False
Recovery Focused,txn_005854,retry,payment_link,True
Recovery Focused,txn_007619,retry,payment_link,True
Recovery Focused,txn_001594,retry,retry,False
Recovery Focused,txn_007418,retry,retry,False
Recovery Focused,txn_005267,reminder,reminder,False
Recovery Focused,txn_007147,payment_link,reminder,True
Recovery Focused,txn_000089,retry,payment_link,True
Recovery Focused,txn_008695,reminder,reminder,False
Recovery Focused,txn_009732,retry,payment_link,True
Recovery Focused,txn_009446,retry,retry,False
Recovery Focused,txn_006754,retry,payment_link,True
Recovery Focused,txn_003502,reminder,reminder,False
Recovery Focused,txn_002234,retry,payment_link,True
Recovery Focused,txn_002803,payment_link,reminder,True
Recovery Focused,txn_004424,retry,reminder,True
Recovery Focused,txn_005663,payment_link,payment_link,False
Recovery Focused,txn_007170,retry,payment_link,True
Recovery Focused,txn_008337,retry,retry,False
Recovery Focused,txn_002148,reminder,reminder,False
Recovery Focused,txn_007969,payment_link,payment_link,False
Recovery Focused,txn_006551,retry,retry,False
Recovery Focused,txn_007643,retry,payment_link,True
Recovery Focused,txn_006164,retry,payment_link,True
Recovery Focused,txn_001495,retry,retry,False
Recovery Focused,txn_007696,retry,payment_link,True
Recovery Focused,txn_007094,payment_link,payment_link,False
Recovery Focused,txn_001409,retry,retry,False
Recovery Focused,txn_006691,retry,payment_link,True
Recovery Focused,txn_003401,retry,retry,False
Recovery Focused,txn_000109,retry,retry,False
Recovery Focused,txn_005636,payment_link,reminder,True
Recovery Focused,txn_008482,retry,retry,False
Recovery Focused,txn_006604,payment_link,payment_link,False
Recovery Focused,txn_001091,retry,payment_link,True
Recovery Focused,txn_005560,retry,retry,False
Recovery Focused,txn_009412,retry,retry,False
Recovery Focused,txn_008143,retry,retry,False
Recovery Focused,txn_008664,retry,payment_link,True
Recovery Focused,txn_006596,retry,retry,False
Recovery Focused,txn_000624,payment_link,payment_link,False
Recovery Focused,txn_006871,payment_link,payment_link,False
Recovery Focused,txn_004814,retry,retry,False
Recovery Focused,txn_006553,retry,reminder,True
Recovery Focused,txn_007530,retry,payment_link,True
Recovery Focused,txn_005796,payment_link,payment_link,False
Recovery Focused,txn_007437,retry,payment_link,True
Recovery Focused,txn_004218,retry,payment_link,True
Recovery Focused,txn_005941,retry,retry,False
Recovery Focused,txn_008501,payment_link,payment_link,False
Recovery Focused,txn_006429,retry,payment_link,True
Recovery Focused,txn_006827,payment_link,payment_link,False
Recovery Focused,txn_004131,payment_link,reminder,True
Recovery Focused,txn_007802,retry,retry,False
Recovery Focused,txn_007754,retry,payment_link,True
Recovery Focused,txn_004722,retry,payment_link,True
Recovery Focused,txn_001651,retry,retry,False
Recovery Focused,txn_004141,reminder,reminder,False
Recovery Focused,txn_001618,reminder,reminder,False
Recovery Focused,txn_002030,retry,retry,False
Recovery Focused,txn_008518,reminder,reminder,False
Recovery Focused,txn_004576,payment_link,payment_link,False
Recovery Focused,txn_003993,retry,retry,False
Recovery Focused,txn_007377,retry,retry,False
Recovery Focused,txn_006150,retry,payment_link,True
Recovery Focused,txn_004909,retry,retry,False
Recovery Focused,txn_005027,retry,payment_link,True
Recovery Focused,txn_008261,payment_link,payment_link,False
Recovery Focused,txn_004732,payment_link,payment_link,False
Recovery Focused,txn_007549,payment_link,retry,True
Recovery Focused,txn_008135,retry,payment_link,True
Recovery Focused,txn_001607,retry,retry,False
Recovery Focused,txn_004774,payment_link,payment_link,False
Recovery Focused,txn_008110,retry,retry,False
Recovery Focused,txn_006952,reminder,reminder,False
Recovery Focused,txn_006005,retry,payment_link,True
Recovery Focused,txn_007729,retry,retry,False
Recovery Focused,txn_003542,retry,retry,False
Recovery Focused,txn_000389,retry,payment_link,True
Recovery Focused,txn_001795,retry,retry,False
Recovery Focused,txn_008732,retry,payment_link,True
Recovery Focused,txn_004920,reminder,reminder,False
Recovery Focused,txn_005538,payment_link,payment_link,False
Recovery Focused,txn_003873,retry,payment_link,True
Recovery Focused,txn_008869,retry,payment_link,True
Recovery Focused,txn_002255,retry,retry,False
Recovery Focused,txn_003413,reminder,reminder,False
Recovery Focused,txn_005460,retry,retry,False
Recovery Focused,txn_004956,retry,retry,False
Recovery Focused,txn_007397,reminder,reminder,False
Recovery Focused,txn_005415,retry,retry,False
Recovery Focused,txn_007400,payment_link,payment_link,False
Recovery Focused,txn_007415,payment_link,payment_link,False
Recovery Focused,txn_009101,payment_link,payment_link,False
Recovery Focused,txn_004852,payment_link,payment_link,False
Recovery Focused,txn_002026,reminder,reminder,False
Recovery Focused,txn_002616,reminder,reminder,False
Recovery Focused,txn_007389,reminder,reminder,False
Recovery Focused,txn_002927,retry,reminder,True
Recovery Focused,txn_001122,retry,retry,False
Recovery Focused,txn_002911,retry,retry,False
Recovery Focused,txn_008147,payment_link,payment_link,False
Recovery Focused,txn_007384,retry,payment_link,True
Recovery Focused,txn_003483,payment_link,payment_link,False
Recovery Focused,txn_000796,payment_link,payment_link,False
Recovery Focused,txn_001576,reminder,reminder,False
Recovery Focused,txn_006177,payment_link,payment_link,False
Recovery Focused,txn_006267,reminder,reminder,False
Recovery Focused,txn_002459,payment_link,payment_link,False
Recovery Focused,txn_003313,payment_link,payment_link,False
Recovery Focused,txn_001254,payment_link,payment_link,False
Recovery Focused,txn_006835,retry,payment_link,True
Recovery Focused,txn_008795,retry,payment_link,True
Recovery Focused,txn_003838,retry,payment_link,True
Recovery Focused,txn_004399,retry,retry,False
Recovery Focused,txn_003596,payment_link,payment_link,False
Recovery Focused,txn_006622,retry,payment_link,True
Recovery Focused,txn_008383,payment_link,payment_link,False
Recovery Focused,txn_002125,retry,retry,False
Recovery Focused,txn_003239,payment_link,payment_link,False
Recovery Focused,txn_005404,payment_link,payment_link,False
Recovery Focused,txn_005999,retry,payment_link,True
Recovery Focused,txn_005939,payment_link,payment_link,False
Recovery Focused,txn_002046,retry,retry,False
Recovery Focused,txn_001579,reminder,reminder,False
Recovery Focused,txn_000015,reminder,reminder,False
Recovery Focused,txn_002674,payment_link,payment_link,False
Recovery Focused,txn_007017,retry,retry,False
Recovery Focused,txn_008721,reminder,reminder,False
Recovery Focused,txn_008850,reminder,reminder,False
Recovery Focused,txn_004813,retry,retry,False
Recovery Focused,txn_001085,retry,payment_link,True
Recovery Focused,txn_004984,retry,retry,False
Recovery Focused,txn_007156,retry,payment_link,True
Recovery Focused,txn_002885,retry,retry,False
Recovery Focused,txn_000334,reminder,reminder,False
Recovery Focused,txn_007205,retry,retry,False
Recovery Focused,txn_004368,payment_link,payment_link,False
Recovery Focused,txn_003080,payment_link,payment_link,False
Recovery Focused,txn_007204,retry,reminder,True
Recovery Focused,txn_009910,reminder,reminder,False
Recovery Focused,txn_008865,retry,payment_link,True
Recovery Focused,txn_000264,reminder,reminder,False
Recovery Focused,txn_004338,retry,payment_link,True
Recovery Focused,txn_008896,retry,retry,False
Recovery Focused,txn_008448,reminder,reminder,False
Recovery Focused,txn_005904,payment_link,retry,True
Recovery Focused,txn_001499,retry,retry,False
Recovery Focused,txn_004191,retry,retry,False
Recovery Focused,txn_007486,retry,retry,False
Recovery Focused,txn_009644,reminder,reminder,False
Recovery Focused,txn_008311,retry,payment_link,True
Recovery Focused,txn_007591,retry,payment_link,True
Recovery Focused,txn_000501,retry,payment_link,True
Recovery Focused,txn_009156,retry,payment_link,True
Recovery Focused,txn_009415,retry,retry,False
Recovery Focused,txn_003096,payment_link,payment_link,False
Recovery Focused,txn_004632,payment_link,payment_link,False
Recovery Focused,txn_000368,reminder,reminder,False
Recovery Focused,txn_004059,payment_link,payment_link,False
Recovery Focused,txn_008175,retry,payment_link,True
Recovery Focused,txn_004631,retry,reminder,True
Recovery Focused,txn_006071,retry,payment_link,True
Recovery Focused,txn_002665,retry,payment_link,True
Recovery Focused,txn_001027,payment_link,payment_link,False
Recovery Focused,txn_005909,retry,retry,False
Recovery Focused,txn_005051,payment_link,payment_link,False
Recovery Focused,txn_006329,payment_link,payment_link,False
Recovery Focused,txn_009734,reminder,reminder,False
Recovery Focused,txn_001692,reminder,reminder,False
Recovery Focused,txn_000674,retry,retry,False
Recovery Focused,txn_005573,retry,retry,False
Recovery Focused,txn_005767,payment_link,payment_link,False
Recovery Focused,txn_005157,retry,reminder,True
Recovery Focused,txn_000734,retry,payment_link,True
Recovery Focused,txn_003527,retry,retry,False
Recovery Focused,txn_000569,reminder,reminder,False
Recovery Focused,txn_009188,retry,payment_link,True
Recovery Focused,txn_002923,retry,payment_link,True
Recovery Focused,txn_007912,retry,retry,False
Recovery Focused,txn_001559,payment_link,reminder,True
Recovery Focused,txn_000102,retry,payment_link,True
Recovery Focused,txn_003008,reminder,reminder,False
Recovery Focused,txn_007202,retry,payment_link,True
Recovery Focused,txn_000304,payment_link,payment_link,False
Recovery Focused,txn_000077,payment_link,payment_link,False
Recovery Focused,txn_006755,retry,payment_link,True
Recovery Focused,txn_008630,retry,retry,False
Recovery Focused,txn_001209,reminder,reminder,False
Recovery Focused,txn_007743,payment_link,payment_link,False
Recovery Focused,txn_008215,retry,retry,False
Recovery Focused,txn_008945,payment_link,reminder,True
Recovery Focused,txn_008414,retry,payment_link,True
Recovery Focused,txn_001776,retry,reminder,True
Recovery Focused,txn_003474,reminder,reminder,False
Recovery Focused,txn_000484,retry,retry,False
Recovery Focused,txn_002190,reminder,reminder,False
Recovery Focused,txn_000347,payment_link,payment_link,False
Recovery Focused,txn_005482,payment_link,payment_link,False
Recovery Focused,txn_008362,retry,retry,False
Recovery Focused,txn_001473,reminder,reminder,False
Recovery Focused,txn_005101,payment_link,payment_link,False
Recovery Focused,txn_006766,payment_link,payment_link,False
Recovery Focused,txn_008707,retry,payment_link,True
Recovery Focused,txn_004930,retry,retry,False
Recovery Focused,txn_006330,retry,payment_link,True
Recovery Focused,txn_002610,retry,payment_link,True
Recovery Focused,txn_000004,payment_link,payment_link,False
Recovery Focused,txn_002214,retry,retry,False
Recovery Focused,txn_004828,retry,payment_link,True
Recovery Focused,txn_000857,payment_link,payment_link,False
Recovery Focused,txn_006978,retry,retry,False
Recovery Focused,txn_005886,reminder,reminder,False
Recovery Focused,txn_000625,retry,retry,False
Recovery Focused,txn_000291,retry,retry,False
Recovery Focused,txn_002019,reminder,reminder,False
Recovery Focused,txn_000669,retry,payment_link,True
Recovery Focused,txn_008922,retry,payment_link,True
Recovery Focused,txn_008265,payment_link,payment_link,False
Recovery Focused,txn_009697,payment_link,payment_link,False
Recovery Focused,txn_001632,payment_link,payment_link,False
Recovery Focused,txn_005171,reminder,reminder,False
Recovery Focused,txn_007206,payment_link,payment_link,False
Recovery Focused,txn_002523,reminder,reminder,False
Recovery Focused,txn_002216,payment_link,payment_link,False
Recovery Focused,txn_006969,retry,payment_link,True
Recovery Focused,txn_006497,retry,payment_link,True
Recovery Focused,txn_006214,payment_link,reminder,True
Recovery Focused,txn_007033,reminder,reminder,False
Recovery Focused,txn_007421,payment_link,reminder,True
Recovery Focused,txn_001108,retry,retry,False
Recovery Focused,txn_000451,reminder,reminder,False
Recovery Focused,txn_006290,retry,payment_link,True
Recovery Focused,txn_009967,retry,retry,False
Recovery Focused,txn_000136,retry,payment_link,True
Recovery Focused,txn_001786,payment_link,reminder,True
Recovery Focused,txn_003405,retry,payment_link,True
Recovery Focused,txn_002907,payment_link,payment_link,False
Recovery Focused,txn_008305,retry,retry,False
Recovery Focused,txn_007493,retry,payment_link,True
Recovery Focused,txn_006101,retry,retry,False
Recovery Focused,txn_004505,reminder,reminder,False
Recovery Focused,txn_005054,payment_link,reminder,True
Recovery Focused,txn_005206,retry,retry,False
Recovery Focused,txn_004081,retry,reminder,True
Recovery Focused,txn_006919,payment_link,payment_link,False
Recovery Focused,txn_006803,payment_link,payment_link,False
Recovery Focused,txn_005207,payment_link,payment_link,False
Recovery Focused,txn_000533,payment_link,payment_link,False
Recovery Focused,txn_004831,retry,payment_link,True
Recovery Focused,txn_004039,reminder,reminder,False
Recovery Focused,txn_004085,retry,retry,False
Recovery Focused,txn_003205,payment_link,payment_link,False
Recovery Focused,txn_007111,retry,payment_link,True
Recovery Focused,txn_000331,payment_link,payment_link,False
Recovery Focused,txn_004958,retry,retry,False
Recovery Focused,txn_003034,retry,reminder,True
Recovery Focused,txn_007685,reminder,reminder,False
Recovery Focused,txn_001598,retry,retry,False
Recovery Focused,txn_009920,reminder,reminder,False
Recovery Focused,txn_003598,reminder,reminder,False
Recovery Focused,txn_009039,retry,payment_link,True
Recovery Focused,txn_008002,retry,payment_link,True
Recovery Focused,txn_000591,reminder,reminder,False
Recovery Focused,txn_000648,payment_link,payment_link,False
Recovery Focused,txn_009103,retry,payment_link,True
Recovery Focused,txn_008016,reminder,reminder,False
Recovery Focused,txn_003772,payment_link,payment_link,False
Recovery Focused,txn_009040,retry,retry,False
Recovery Focused,txn_005083,retry,payment_link,True
Recovery Focused,txn_007883,payment_link,payment_link,False
Recovery Focused,txn_009363,payment_link,payment_link,False
Recovery Focused,txn_004211,reminder,reminder,False
Recovery Focused,txn_008835,payment_link,payment_link,False
Recovery Focused,txn_008700,payment_link,reminder,True
Recovery Focused,txn_001796,retry,retry,False
Recovery Focused,txn_002587,reminder,reminder,False
Recovery Focused,txn_008356,payment_link,payment_link,False
Recovery Focused,txn_002317,payment_link,payment_link,False
Recovery Focused,txn_004186,payment_link,reminder,True
Recovery Focused,txn_008828,payment_link,reminder,True
Recovery Focused,txn_007073,retry,payment_link,True
Recovery Focused,txn_005235,retry,retry,False
Recovery Focused,txn_008744,retry,payment_link,True
Recovery Focused,txn_008671,retry,reminder,True
Recovery Focused,txn_004769,payment_link,reminder,True
Recovery Focused,txn_009973,reminder,reminder,False
Recovery Focused,txn_007145,retry,retry,False
Recovery Focused,txn_002914,payment_link,payment_link,False
Recovery Focused,txn_009872,retry,retry,False
Recovery Focused,txn_009894,retry,reminder,True
Recovery Focused,txn_002076,retry,retry,False
Recovery Focused,txn_004303,payment_link,reminder,True
Recovery Focused,txn_005823,payment_link,payment_link,False
Recovery Focused,txn_002150,reminder,reminder,False
Recovery Focused,txn_000145,retry,retry,False
Recovery Focused,txn_004964,retry,payment_link,True
Recovery Focused,txn_008160,reminder,reminder,False
Recovery Focused,txn_009031,payment_link,reminder,True
Recovery Focused,txn_004776,payment_link,payment_link,False
Recovery Focused,txn_008934,reminder,reminder,False
Recovery Focused,txn_007750,reminder,reminder,False
Recovery Focused,txn_009829,reminder,reminder,False
Recovery Focused,txn_009215,reminder,reminder,False
Recovery Focused,txn_006061,retry,retry,False
Recovery Focused,txn_009476,retry,retry,False
Recovery Focused,txn_006410,payment_link,payment_link,False
Recovery Focused,txn_003318,payment_link,retry,True
Recovery Focused,txn_007465,retry,retry,False
Recovery Focused,txn_003062,payment_link,payment_link,False
Recovery Focused,txn_001356,retry,payment_link,True
Recovery Focused,txn_004515,retry,payment_link,True
Recovery Focused,txn_005506,retry,retry,False
Recovery Focused,txn_005251,retry,retry,False
Recovery Focused,txn_004512,retry,payment_link,True
Recovery Focused,txn_001731,reminder,reminder,False
Recovery Focused,txn_001759,retry,payment_link,True
Recovery Focused,txn_006651,payment_link,payment_link,False
Recovery Focused,txn_006647,retry,payment_link,True
Recovery Focused,txn_009861,reminder,reminder,False
Recovery Focused,txn_004140,retry,retry,False
Recovery Focused,txn_009394,reminder,reminder,False
Recovery Focused,txn_005124,retry,payment_link,True
Recovery Focused,txn_000001,retry,payment_link,True
Recovery Focused,txn_001865,retry,payment_link,True
Recovery Focused,txn_000544,retry,payment_link,True
Recovery Focused,txn_000350,retry,retry,False
Recovery Focused,txn_006907,retry,retry,False
Recovery Focused,txn_009766,payment_link,payment_link,False
Recovery Focused,txn_002524,payment_link,payment_link,False
Recovery Focused,txn_003465,payment_link,payment_link,False
Recovery Focused,txn_000458,retry,retry,False
Recovery Focused,txn_003024,retry,reminder,True
Recovery Focused,txn_007262,retry,payment_link,True
Recovery Focused,txn_009516,retry,payment_link,True
Recovery Focused,txn_007873,payment_link,payment_link,False
Recovery Focused,txn_006626,retry,reminder,True
Recovery Focused,txn_002535,retry,retry,False
Recovery Focused,txn_000132,reminder,reminder,False
Recovery Focused,txn_003705,reminder,reminder,False
Recovery Focused,txn_001373,retry,payment_link,True
Recovery Focused,txn_006201,payment_link,payment_link,False
Recovery Focused,txn_004857,retry,reminder,True
Recovery Focused,txn_004713,retry,payment_link,True
Recovery Focused,txn_005545,retry,payment_link,True
Recovery Focused,txn_001414,retry,retry,False
Recovery Focused,txn_004114,reminder,reminder,False
Recovery Focused,txn_000656,retry,payment_link,True
Recovery Focused,txn_008138,retry,retry,False
Recovery Focused,txn_004099,retry,retry,False
Recovery Focused,txn_000593,reminder,reminder,False
Recovery Focused,txn_008709,retry,retry,False
Recovery Focused,txn_003124,retry,retry,False
Recovery Focused,txn_003048,retry,payment_link,True
Recovery Focused,txn_003888,retry,payment_link,True
Recovery Focused,txn_005736,payment_link,payment_link,False
Recovery Focused,txn_002185,retry,payment_link,True
Recovery Focused,txn_002146,reminder,reminder,False
Recovery Focused,txn_007048,payment_link,payment_link,False
Recovery Focused,txn_003106,retry,reminder,True
Recovery Focused,txn_009234,retry,payment_link,True
Recovery Focused,txn_009097,retry,payment_link,True
Recovery Focused,txn_002770,retry,payment_link,True
Recovery Focused,txn_005222,payment_link,reminder,True
Recovery Focused,txn_005834,retry,payment_link,True
Recovery Focused,txn_001733,retry,payment_link,True
Recovery Focused,txn_000266,retry,retry,False
Recovery Focused,txn_005145,retry,retry,False
Recovery Focused,txn_008268,retry,retry,False
Recovery Focused,txn_003938,retry,retry,False
Recovery Focused,txn_000762,retry,retry,False
Recovery Focused,txn_007221,retry,reminder,True
Recovery Focused,txn_008440,retry,retry,False
Recovery Focused,txn_003258,payment_link,payment_link,False
Recovery Focused,txn_004339,retry,retry,False
Recovery Focused,txn_004363,retry,payment_link,True
Recovery Focused,txn_000317,retry,retry,False
Recovery Focused,txn_008070,retry,retry,False
Recovery Focused,txn_001852,reminder,reminder,False
Recovery Focused,txn_002485,retry,retry,False
Recovery Focused,txn_009874,payment_link,payment_link,False
Recovery Focused,txn_009575,retry,retry,False
Recovery Focused,txn_001079,retry,payment_link,True
Recovery Focused,txn_008359,payment_link,payment_link,False
Recovery Focused,txn_007334,retry,payment_link,True
Recovery Focused,txn_001072,retry,retry,False
Recovery Focused,txn_000104,retry,retry,False
Recovery Focused,txn_005749,retry,retry,False
Recovery Focused,txn_001419,retry,retry,False
Recovery Focused,txn_001659,retry,reminder,True
Recovery Focused,txn_005285,retry,retry,False
Recovery Focused,txn_001150,retry,retry,False
Recovery Focused,txn_007151,reminder,reminder,False
Recovery Focused,txn_001569,retry,reminder,True
Recovery Focused,txn_001088,reminder,reminder,False
Recovery Focused,txn_006086,retry,reminder,True
Recovery Focused,txn_008675,reminder,reminder,False
Recovery Focused,txn_008342,retry,retry,False
Recovery Focused,txn_007812,retry,payment_link,True
Recovery Focused,txn_006085,retry,payment_link,True
Recovery Focused,txn_008774,retry,retry,False
Recovery Focused,txn_008758,retry,payment_link,True
Recovery Focused,txn_001693,reminder,reminder,False
Recovery Focused,txn_004735,payment_link,payment_link,False
Recovery Focused,txn_003388,retry,retry,False
Recovery Focused,txn_003647,retry,payment_link,True
Recovery Focused,txn_001684,payment_link,payment_link,False
Recovery Focused,txn_000009,retry,payment_link,True
Recovery Focused,txn_006063,reminder,reminder,False
Recovery Focused,txn_006517,retry,payment_link,True
Recovery Focused,txn_004124,retry,reminder,True
Recovery Focused,txn_008730,reminder,reminder,False
Recovery Focused,txn_006046,retry,payment_link,True
Recovery Focused,txn_000568,retry,retry,False
Recovery Focused,txn_009162,payment_link,payment_link,False
Recovery Focused,txn_001804,reminder,reminder,False
Recovery Focused,txn_008502,retry,payment_link,True
Recovery Focused,txn_004901,payment_link,payment_link,False
Recovery Focused,txn_001600,retry,payment_link,True
Recovery Focused,txn_007932,retry,retry,False
Recovery Focused,txn_009548,payment_link,payment_link,False
Recovery Focused,txn_002824,reminder,reminder,False
Recovery Focused,txn_005468,payment_link,reminder,True
Recovery Focused,txn_003530,retry,retry,False
Recovery Focused,txn_008684,reminder,reminder,False
Recovery Focused,txn_001156,payment_link,payment_link,False
Recovery Focused,txn_006548,retry,reminder,True
Recovery Focused,txn_009089,retry,payment_link,True
Recovery Focused,txn_007621,retry,payment_link,True
Recovery Focused,txn_008297,retry,retry,False
Recovery Focused,txn_004541,payment_link,payment_link,False
Recovery Focused,txn_009135,reminder,reminder,False
Recovery Focused,txn_006483,reminder,reminder,False
Recovery Focused,txn_005827,reminder,reminder,False
Recovery Focused,txn_001191,payment_link,payment_link,False
Recovery Focused,txn_007445,retry,retry,False
Recovery Focused,txn_008521,retry,payment_link,True
Recovery Focused,txn_000961,retry,payment_link,True
Recovery Focused,txn_007455,retry,payment_link,True
Recovery Focused,txn_000037,retry,retry,False
Recovery Focused,txn_007517,retry,retry,False
Recovery Focused,txn_007645,retry,retry,False
Recovery Focused,txn_004439,reminder,reminder,False
Recovery Focused,txn_006162,retry,payment_link,True
Recovery Focused,txn_007745,reminder,reminder,False
Recovery Focused,txn_009588,retry,retry,False
Recovery Focused,txn_008120,retry,retry,False
Recovery Focused,txn_006968,retry,payment_link,True
Recovery Focused,txn_005719,retry,payment_link,True
Recovery Focused,txn_000578,retry,reminder,True
Recovery Focused,txn_009834,payment_link,payment_link,False
Recovery Focused,txn_004103,retry,payment_link,True
Recovery Focused,txn_007647,retry,retry,False
Recovery Focused,txn_004152,retry,reminder,True
Recovery Focused,txn_003131,retry,payment_link,True
Recovery Focused,txn_004891,reminder,reminder,False
Recovery Focused,txn_009976,retry,payment_link,True
Recovery Focused,txn_007472,retry,retry,False
Recovery Focused,txn_001834,payment_link,payment_link,False
Recovery Focused,txn_009149,retry,payment_link,True
Recovery Focused,txn_004892,retry,retry,False
Recovery Focused,txn_002288,payment_link,reminder,True
Recovery Focused,txn_001331,payment_link,reminder,True
Recovery Focused,txn_002772,retry,payment_link,True
Recovery Focused,txn_003687,retry,payment_link,True
Recovery Focused,txn_008284,payment_link,payment_link,False
Recovery Focused,txn_005929,retry,payment_link,True
Recovery Focused,txn_000638,reminder,reminder,False
Recovery Focused,txn_000048,retry,retry,False
Recovery Focused,txn_002603,reminder,reminder,False
Recovery Focused,txn_001966,retry,payment_link,True
Recovery Focused,txn_002169,retry,reminder,True
Recovery Focused,txn_005050,retry,retry,False
Recovery Focused,txn_003335,retry,retry,False
Recovery Focused,txn_003020,reminder,reminder,False
Recovery Focused,txn_008765,retry,retry,False
Recovery Focused,txn_009177,retry,payment_link,True
Recovery Focused,txn_001361,retry,retry,False
Recovery Focused,txn_005799,retry,retry,False
Recovery Focused,txn_009401,retry,payment_link,True
Recovery Focused,txn_003252,reminder,reminder,False
Recovery Focused,txn_006301,retry,payment_link,True
Recovery Focused,txn_002252,payment_link,payment_link,False
Recovery Focused,txn_006028,reminder,reminder,False
Recovery Focused,txn_001176,payment_link,payment_link,False
Recovery Focused,txn_008800,retry,retry,False
Recovery Focused,txn_003280,payment_link,reminder,True
Recovery Focused,txn_002974,reminder,reminder,False
Recovery Focused,txn_003397,retry,retry,False
Recovery Focused,txn_006940,payment_link,payment_link,False
Recovery Focused,txn_000966,retry,payment_link,True
Recovery Focused,txn_008575,retry,payment_link,True
Recovery Focused,txn_000743,retry,payment_link,True
Recovery Focused,txn_007515,reminder,reminder,False
Recovery Focused,txn_003315,retry,payment_link,True
Recovery Focused,txn_004899,payment_link,payment_link,False
Recovery Focused,txn_009341,reminder,reminder,False
Recovery Focused,txn_004673,payment_link,reminder,True
Recovery Focused,txn_008619,reminder,reminder,False
Recovery Focused,txn_001218,retry,reminder,True
Recovery Focused,txn_004398,retry,payment_link,True
Recovery Focused,txn_006081,payment_link,reminder,True
Recovery Focused,txn_002615,retry,retry,False
Recovery Focused,txn_002621,retry,payment_link,True
Recovery Focused,txn_008715,retry,reminder,True
Recovery Focused,txn_007283,retry,retry,False
Recovery Focused,txn_003380,retry,retry,False
Recovery Focused,txn_007302,retry,retry,False
Recovery Focused,txn_009858,retry,payment_link,True
Recovery Focused,txn_005606,payment_link,payment_link,False
Recovery Focused,txn_009814,retry,payment_link,True
Recovery Focused,txn_005787,reminder,reminder,False
Recovery Focused,txn_008519,retry,retry,False
Recovery Focused,txn_006851,retry,payment_link,True
Recovery Focused,txn_001517,retry,retry,False
Recovery Focused,txn_005099,payment_link,payment_link,False
Recovery Focused,txn_007637,retry,payment_link,True
Recovery Focused,txn_009086,reminder,reminder,False
Recovery Focused,txn_008024,retry,retry,False
Recovery Focused,txn_002393,retry,retry,False
Recovery Focused,txn_000587,retry,payment_link,True
Recovery Focused,txn_003520,retry,payment_link,True
Recovery Focused,txn_007654,retry,retry,False
Recovery Focused,txn_008947,payment_link,reminder,True
Recovery Focused,txn_000851,retry,retry,False
Recovery Focused,txn_000336,retry,payment_link,True
Recovery Focused,txn_006635,retry,retry,False
Recovery Focused,txn_008973,payment_link,payment_link,False
Recovery Focused,txn_007494,reminder,reminder,False
Recovery Focused,txn_002869,retry,payment_link,True
Recovery Focused,txn_004873,retry,reminder,True
Recovery Focused,txn_003551,retry,retry,False
Recovery Focused,txn_003843,retry,reminder,True
Recovery Focused,txn_007263,payment_link,reminder,True
Recovery Focused,txn_005825,retry,retry,False
Recovery Focused,txn_000024,retry,retry,False
Recovery Focused,txn_001454,reminder,reminder,False
Recovery Focused,txn_001685,reminder,reminder,False
Recovery Focused,txn_002311,retry,payment_link,True
Recovery Focused,txn_009064,retry,retry,False
Recovery Focused,txn_009407,payment_link,reminder,True
Recovery Focused,txn_000382,retry,retry,False
Recovery Focused,txn_005815,retry,payment_link,True
Recovery Focused,txn_005551,payment_link,reminder,True
Recovery Focused,txn_009309,payment_link,payment_link,False
Recovery Focused,txn_001619,retry,retry,False
Recovery Focused,txn_000790,retry,payment_link,True
Recovery Focused,txn_005984,retry,payment_link,True
Recovery Focused,txn_008673,retry,retry,False
Recovery Focused,txn_004476,retry,retry,False
Recovery Focused,txn_005607,retry,retry,False
Recovery Focused,txn_009313,payment_link,payment_link,False
Recovery Focused,txn_005649,retry,payment_link,True
Recovery Focused,txn_006217,reminder,reminder,False
Recovery Focused,txn_002287,retry,payment_link,True
Recovery Focused,txn_009994,payment_link,payment_link,False
Recovery Focused,txn_007579,reminder,reminder,False
Recovery Focused,txn_001184,retry,reminder,True
Recovery Focused,txn_006002,retry,retry,False
Recovery Focused,txn_005091,payment_link,payment_link,False
Recovery Focused,txn_002517,retry,payment_link,True
Recovery Focused,txn_004123,retry,payment_link,True
Recovery Focused,txn_005522,retry,retry,False
Recovery Focused,txn_005628,reminder,reminder,False
Recovery Focused,txn_008361,reminder,reminder,False
Recovery Focused,txn_005873,reminder,reminder,False
Recovery Focused,txn_008613,retry,payment_link,True
Recovery Focused,txn_007728,reminder,reminder,False
Recovery Focused,txn_005969,retry,retry,False
Recovery Focused,txn_001181,retry,payment_link,True
Recovery Focused,txn_008763,retry,payment_link,True
Recovery Focused,txn_008236,payment_link,payment_link,False
Recovery Focused,txn_002819,retry,payment_link,True
Recovery Focused,txn_009965,payment_link,payment_link,False
Recovery Focused,txn_008704,payment_link,payment_link,False
Recovery Focused,txn_006609,payment_link,payment_link,False
Recovery Focused,txn_002821,retry,retry,False
Recovery Focused,txn_007536,retry,retry,False
Recovery Focused,txn_002261,reminder,reminder,False
Recovery Focused,txn_002240,reminder,reminder,False
Recovery Focused,txn_006022,payment_link,payment_link,False
Recovery Focused,txn_000783,payment_link,payment_link,False
Recovery Focused,txn_000933,retry,payment_link,True
Recovery Focused,txn_006203,retry,retry,False
Recovery Focused,txn_002413,payment_link,payment_link,False
Recovery Focused,txn_006998,retry,payment_link,True
Recovery Focused,txn_009116,payment_link,payment_link,False
Recovery Focused,txn_001157,retry,payment_link,True
Recovery Focused,txn_008108,retry,retry,False
Recovery Focused,txn_005806,payment_link,payment_link,False
Recovery Focused,txn_004880,reminder,reminder,False
Recovery Focused,txn_003310,payment_link,payment_link,False
Recovery Focused,txn_008962,retry,retry,False
Recovery Focused,txn_001703,retry,payment_link,True
Recovery Focused,txn_002493,retry,reminder,True
Recovery Focused,txn_003707,payment_link,payment_link,False
Recovery Focused,txn_008277,payment_link,payment_link,False
Recovery Focused,txn_000287,retry,payment_link,True
Recovery Focused,txn_001609,payment_link,payment_link,False
Recovery Focused,txn_006632,retry,payment_link,True
Recovery Focused,txn_008279,retry,reminder,True
Recovery Focused,txn_007316,retry,retry,False
Recovery Focused,txn_002253,retry,payment_link,True
Recovery Focused,txn_007416,payment_link,payment_link,False
Recovery Focused,txn_008366,payment_link,payment_link,False
Recovery Focused,txn_001892,retry,reminder,True
Recovery Focused,txn_005063,payment_link,reminder,True
Recovery Focused,txn_006121,payment_link,payment_link,False
Recovery Focused,txn_000564,retry,reminder,True
Recovery Focused,txn_000292,payment_link,payment_link,False
Recovery Focused,txn_004717,reminder,reminder,False
Recovery Focused,txn_007709,payment_link,payment_link,False
Recovery Focused,txn_006350,payment_link,payment_link,False
Recovery Focused,txn_000170,payment_link,payment_link,False
Recovery Focused,txn_000268,retry,retry,False
Recovery Focused,txn_004639,retry,retry,False
Recovery Focused,txn_007078,retry,payment_link,True
Recovery Focused,txn_003356,reminder,reminder,False
Recovery Focused,txn_008280,retry,retry,False
Recovery Focused,txn_000316,retry,reminder,True
Recovery Focused,txn_006729,retry,payment_link,True
Recovery Focused,txn_009496,payment_link,payment_link,False
Recovery Focused,txn_004068,reminder,reminder,False
Recovery Focused,txn_000246,payment_link,payment_link,False
Recovery Focused,txn_000253,retry,retry,False
Recovery Focused,txn_001112,payment_link,payment_link,False
Recovery Focused,txn_004802,retry,payment_link,True
Recovery Focused,txn_001714,retry,reminder,True
Recovery Focused,txn_000051,reminder,reminder,False
Recovery Focused,txn_001836,reminder,reminder,False
Recovery Focused,txn_007897,reminder,reminder,False
Recovery Focused,txn_003384,reminder,reminder,False
Recovery Focused,txn_006411,payment_link,payment_link,False
Recovery Focused,txn_004314,reminder,reminder,False
Recovery Focused,txn_000873,retry,retry,False
Recovery Focused,txn_001255,payment_link,payment_link,False
Recovery Focused,txn_008882,payment_link,payment_link,False
Recovery Focused,txn_005852,retry,retry,False
Recovery Focused,txn_005703,payment_link,payment_link,False
Recovery Focused,txn_008104,retry,payment_link,True
Recovery Focused,txn_002099,retry,retry,False
Recovery Focused,txn_005129,retry,payment_link,True
Recovery Focused,txn_000249,retry,retry,False
Recovery Focused,txn_006562,retry,payment_link,True
Recovery Focused,txn_001340,payment_link,payment_link,False
Recovery Focused,txn_007018,retry,payment_link,True
Recovery Focused,txn_002111,retry,retry,False
Recovery Focused,txn_001570,payment_link,payment_link,False
Recovery Focused,txn_001727,reminder,reminder,False
Recovery Focused,txn_008385,retry,retry,False
Recovery Focused,txn_006941,retry,retry,False
Recovery Focused,txn_004396,retry,retry,False
Recovery Focused,txn_002421,retry,reminder,True
Recovery Focused,txn_003046,retry,payment_link,True
Recovery Focused,txn_005504,retry,retry,False
Recovery Focused,txn_003704,payment_link,reminder,True
Recovery Focused,txn_008192,reminder,reminder,False
Recovery Focused,txn_005332,payment_link,payment_link,False
Recovery Focused,txn_009809,payment_link,payment_link,False
Recovery Focused,txn_000448,retry,retry,False
Recovery Focused,txn_007895,retry,payment_link,True
Recovery Focused,txn_008729,reminder,reminder,False
Recovery Focused,txn_007829,retry,retry,False
Recovery Focused,txn_001769,retry,payment_link,True
Recovery Focused,txn_006809,payment_link,reminder,True
Recovery Focused,txn_004705,reminder,reminder,False
Recovery Focused,txn_003870,payment_link,payment_link,False
Recovery Focused,txn_001656,reminder,reminder,False
Recovery Focused,txn_003188,payment_link,payment_link,False
Recovery Focused,txn_000684,payment_link,retry,True
Recovery Focused,txn_004171,retry,payment_link,True
Recovery Focused,txn_004478,reminder,reminder,False
Recovery Focused,txn_000462,retry,payment_link,True
Recovery Focused,txn_005765,reminder,reminder,False
Recovery Focused,txn_007523,payment_link,payment_link,False
Recovery Focused,txn_004503,reminder,reminder,False
Recovery Focused,txn_009710,reminder,reminder,False
Recovery Focused,txn_000319,retry,payment_link,True
Recovery Focused,txn_001146,retry,retry,False
Recovery Focused,txn_005095,retry,payment_link,True
Recovery Focused,txn_001394,retry,retry,False
Recovery Focused,txn_006624,retry,payment_link,True
Recovery Focused,txn_001502,retry,retry,False
Recovery Focused,txn_006409,retry,payment_link,True
Recovery Focused,txn_000377,reminder,reminder,False
Recovery Focused,txn_000411,retry,retry,False
Recovery Focused,txn_001661,payment_link,payment_link,False
Recovery Focused,txn_003152,retry,retry,False
Recovery Focused,txn_001624,retry,payment_link,True
Recovery Focused,txn_005610,retry,payment_link,True
Recovery Focused,txn_008533,payment_link,payment_link,False
Recovery Focused,txn_005803,payment_link,payment_link,False
Recovery Focused,txn_005307,reminder,reminder,False
Recovery Focused,txn_007087,retry,retry,False
Recovery Focused,txn_008898,retry,retry,False
Recovery Focused,txn_007489,payment_link,payment_link,False
Recovery Focused,txn_009616,retry,payment_link,True
Recovery Focused,txn_009218,retry,retry,False
Recovery Focused,txn_001673,retry,retry,False
Recovery Focused,txn_002359,retry,retry,False
Recovery Focused,txn_008468,reminder,reminder,False
Recovery Focused,txn_000275,retry,retry,False
Recovery Focused,txn_002474,reminder,reminder,False
Recovery Focused,txn_005490,payment_link,payment_link,False
Recovery Focused,txn_004772,payment_link,reminder,True
Recovery Focused,txn_002108,payment_link,reminder,True
Recovery Focused,txn_007501,retry,retry,False
Recovery Focused,txn_004415,retry,payment_link,True
Recovery Focused,txn_008139,retry,payment_link,True
Recovery Focused,txn_008661,retry,payment_link,True
Recovery Focused,txn_008240,retry,retry,False
Recovery Focused,txn_002418,retry,retry,False
Recovery Focused,txn_008772,payment_link,payment_link,False
Recovery Focused,txn_002237,retry,payment_link,True
Recovery Focused,txn_003768,reminder,reminder,False
Recovery Focused,txn_009792,reminder,reminder,False
Recovery Focused,txn_009990,payment_link,payment_link,False
Recovery Focused,txn_009966,payment_link,payment_link,False
Recovery Focused,txn_007324,retry,payment_link,True
Recovery Focused,txn_001384,retry,payment_link,True
Recovery Focused,txn_003102,reminder,reminder,False
Recovery Focused,txn_003922,reminder,reminder,False
Recovery Focused,txn_006686,retry,retry,False
Recovery Focused,txn_003195,retry,payment_link,True
Recovery Focused,txn_001942,retry,retry,False
Recovery Focused,txn_007714,reminder,reminder,False
Recovery Focused,txn_004897,retry,payment_link,True
Recovery Focused,txn_004783,payment_link,payment_link,False
Recovery Focused,txn_001497,reminder,reminder,False
Recovery Focused,txn_001958,retry,reminder,True
Recovery Focused,txn_009172,reminder,reminder,False
Recovery Focused,txn_009746,retry,reminder,True
Recovery Focused,txn_007333,retry,retry,False
Recovery Focused,txn_007950,reminder,reminder,False
Recovery Focused,txn_003018,payment_link,payment_link,False
Recovery Focused,txn_006747,retry,retry,False
Recovery Focused,txn_000514,reminder,reminder,False
Recovery Focused,txn_003935,reminder,reminder,False
Recovery Focused,txn_003026,retry,reminder,True
Recovery Focused,txn_001200,retry,retry,False
Recovery Focused,txn_005029,retry,payment_link,True
Recovery Focused,txn_009785,reminder,reminder,False
Recovery Focused,txn_000922,reminder,reminder,False
Recovery Focused,txn_004650,retry,payment_link,True
Recovery Focused,txn_005333,payment_link,reminder,True
Recovery Focused,txn_001077,retry,retry,False
Recovery Focused,txn_006769,reminder,reminder,False
Recovery Focused,txn_009411,retry,retry,False
Recovery Focused,txn_001672,payment_link,payment_link,False
Recovery Focused,txn_000475,payment_link,payment_link,False
Recovery Focused,txn_009187,payment_link,payment_link,False
Recovery Focused,txn_008840,retry,reminder,True
Recovery Focused,txn_005759,reminder,reminder,False
Recovery Focused,txn_006298,retry,retry,False
Recovery Focused,txn_002479,retry,retry,False
Recovery Focused,txn_005494,retry,retry,False
Recovery Focused,txn_003915,retry,retry,False
Recovery Focused,txn_002139,retry,payment_link,True
Recovery Focused,txn_005455,reminder,reminder,False
Recovery Focused,txn_005380,reminder,reminder,False
Recovery Focused,txn_008986,retry,payment_link,True
Recovery Focused,txn_004024,retry,payment_link,True
Recovery Focused,txn_003486,retry,payment_link,True
Recovery Focused,txn_002456,payment_link,payment_link,False
Recovery Focused,txn_002465,retry,reminder,True
Recovery Focused,txn_008697,retry,retry,False
Recovery Focused,txn_001370,payment_link,payment_link,False
Recovery Focused,txn_006689,retry,retry,False
Recovery Focused,txn_007457,retry,payment_link,True
Recovery Focused,txn_009975,payment_link,payment_link,False
Recovery Focused,txn_001902,retry,payment_link,True
Recovery Focused,txn_004872,payment_link,payment_link,False
Recovery Focused,txn_004711,retry,payment_link,True
Recovery Focused,txn_007887,payment_link,payment_link,False
Recovery Focused,txn_001794,reminder,reminder,False
Recovery Focused,txn_002875,reminder,reminder,False
Recovery Focused,txn_006218,payment_link,payment_link,False
Recovery Focused,txn_005214,retry,retry,False
Recovery Focused,txn_002246,retry,payment_link,True
Recovery Focused,txn_001742,retry,retry,False
Recovery Focused,txn_001021,payment_link,payment_link,False
Recovery Focused,txn_000706,payment_link,payment_link,False
Recovery Focused,txn_004295,reminder,reminder,False
Recovery Focused,txn_005577,retry,payment_link,True
Recovery Focused,txn_007167,payment_link,payment_link,False
Recovery Focused,txn_008178,retry,payment_link,True
Recovery Focused,txn_000909,retry,retry,False
Recovery Focused,txn_005194,reminder,reminder,False
Recovery Focused,txn_003078,reminder,reminder,False
Recovery Focused,txn_009367,retry,retry,False
Recovery Focused,txn_000595,retry,retry,False
Recovery Focused,txn_005305,payment_link,payment_link,False
Recovery Focused,txn_000441,retry,reminder,True
Recovery Focused,txn_007607,reminder,reminder,False
Recovery Focused,txn_004093,retry,retry,False
Recovery Focused,txn_006135,payment_link,payment_link,False
Recovery Focused,txn_000011,retry,retry,False
Recovery Focused,txn_003777,retry,payment_link,True
Recovery Focused,txn_009000,retry,retry,False
Recovery Focused,txn_003709,payment_link,reminder,True
Recovery Focused,txn_003781,payment_link,payment_link,False
Recovery Focused,txn_000094,reminder,reminder,False
Recovery Focused,txn_009240,reminder,reminder,False
Recovery Focused,txn_003950,retry,payment_link,True
Recovery Focused,txn_005786,retry,reminder,True
Recovery Focused,txn_004871,retry,retry,False
Recovery Focused,txn_004803,retry,payment_link,True
Recovery Focused,txn_004868,retry,retry,False
Recovery Focused,txn_000293,payment_link,payment_link,False
Recovery Focused,txn_007889,retry,payment_link,True
Recovery Focused,txn_007406,retry,reminder,True
Recovery Focused,txn_005596,payment_link,payment_link,False
Recovery Focused,txn_002887,reminder,reminder,False
Recovery Focused,txn_006455,payment_link,payment_link,False
Recovery Focused,txn_002543,retry,reminder,True
Recovery Focused,txn_001766,reminder,reminder,False
Recovery Focused,txn_006801,reminder,reminder,False
Recovery Focused,txn_001878,reminder,reminder,False
Recovery Focused,txn_001982,payment_link,payment_link,False
Recovery Focused,txn_009730,retry,retry,False
Recovery Focused,txn_009609,retry,retry,False
Recovery Focused,txn_002686,reminder,reminder,False
Recovery Focused,txn_008931,retry,retry,False
Recovery Focused,txn_003459,reminder,reminder,False
Recovery Focused,txn_004542,retry,payment_link,True
Recovery Focused,txn_002179,retry,payment_link,True
Recovery Focused,txn_004451,retry,reminder,True
Recovery Focused,txn_003860,payment_link,payment_link,False
Recovery Focused,txn_007624,retry,retry,False
Recovery Focused,txn_007655,reminder,reminder,False
Recovery Focused,txn_004520,reminder,reminder,False
Recovery Focused,txn_002518,retry,payment_link,True
Recovery Focused,txn_004837,retry,retry,False
Recovery Focused,txn_002886,retry,retry,False
Recovery Focused,txn_007282,retry,retry,False
Recovery Focused,txn_006256,retry,retry,False
Recovery Focused,txn_004540,retry,payment_link,True
Recovery Focused,txn_005640,retry,retry,False
Recovery Focused,txn_009460,retry,retry,False
Recovery Focused,txn_003482,reminder,reminder,False
Recovery Focused,txn_001278,reminder,reminder,False
Recovery Focused,txn_003147,payment_link,payment_link,False
Recovery Focused,txn_008263,payment_link,payment_link,False
Recovery Focused,txn_003206,reminder,reminder,False
Recovery Focused,txn_009893,retry,payment_link,True
Recovery Focused,txn_002743,retry,retry,False
Recovery Focused,txn_006077,retry,reminder,True
Recovery Focused,txn_004048,retry,payment_link,True
Recovery Focused,txn_005732,payment_link,payment_link,False
Recovery Focused,txn_002946,retry,payment_link,True
Recovery Focused,txn_005791,retry,retry,False
Recovery Focused,txn_006795,retry,retry,False
Recovery Focused,txn_006544,reminder,reminder,False
Recovery Focused,txn_000701,payment_link,payment_link,False
Recovery Focused,txn_003575,retry,payment_link,True
Recovery Focused,txn_007700,retry,retry,False
Recovery Focused,txn_002516,reminder,reminder,False
Recovery Focused,txn_003001,payment_link,payment_link,False
Recovery Focused,txn_005821,payment_link,payment_link,False
Recovery Focused,txn_008582,retry,retry,False
Recovery Focused,txn_003685,payment_link,payment_link,False
Recovery Focused,txn_002996,reminder,reminder,False
Recovery Focused,txn_004253,reminder,reminder,False
Recovery Focused,txn_003412,retry,retry,False
Recovery Focused,txn_007963,payment_link,payment_link,False
Recovery Focused,txn_006310,retry,retry,False
Recovery Focused,txn_008612,retry,payment_link,True
Recovery Focused,txn_005013,retry,reminder,True
Recovery Focused,txn_007751,retry,retry,False
Recovery Focused,txn_005980,retry,retry,False
Recovery Focused,txn_004049,payment_link,payment_link,False
Recovery Focused,txn_004900,reminder,reminder,False
Recovery Focused,txn_001319,retry,reminder,True
Recovery Focused,txn_009773,retry,retry,False
Recovery Focused,txn_009138,payment_link,payment_link,False
Recovery Focused,txn_007143,payment_link,payment_link,False
Recovery Focused,txn_001898,retry,payment_link,True
Recovery Focused,txn_007466,retry,retry,False
Recovery Focused,txn_000604,retry,retry,False
Recovery Focused,txn_002847,retry,retry,False
Recovery Focused,txn_008208,payment_link,payment_link,False
Recovery Focused,txn_000394,retry,retry,False
Recovery Focused,txn_004437,payment_link,payment_link,False
Recovery Focused,txn_009448,retry,reminder,True
Recovery Focused,txn_007235,retry,retry,False
Recovery Focused,txn_005399,retry,retry,False
Recovery Focused,txn_000096,retry,payment_link,True
Recovery Focused,txn_001663,reminder,reminder,False
Recovery Focused,txn_008971,retry,payment_link,True
Recovery Focused,txn_005131,payment_link,payment_link,False
Recovery Focused,txn_001489,retry,retry,False
Recovery Focused,txn_008317,retry,payment_link,True
Recovery Focused,txn_002708,reminder,reminder,False
Recovery Focused,txn_001596,payment_link,reminder,True
Recovery Focused,txn_009278,retry,retry,False
Recovery Focused,txn_002378,retry,payment_link,True
Recovery Focused,txn_005141,reminder,reminder,False
Recovery Focused,txn_006148,retry,retry,False
Recovery Focused,txn_008242,reminder,reminder,False
Recovery Focused,txn_003949,retry,payment_link,True
Recovery Focused,txn_003934,retry,payment_link,True
Recovery Focused,txn_004798,retry,retry,False
Recovery Focused,txn_004373,reminder,reminder,False
Recovery Focused,txn_009863,retry,retry,False
Recovery Focused,txn_008243,reminder,reminder,False
Recovery Focused,txn_003449,reminder,reminder,False
Recovery Focused,txn_002944,retry,payment_link,True
Recovery Focused,txn_002466,retry,payment_link,True
Recovery Focused,txn_008583,retry,retry,False
Recovery Focused,txn_005507,retry,retry,False
Recovery Focused,txn_002699,payment_link,payment_link,False
Recovery Focused,txn_002448,payment_link,payment_link,False
Recovery Focused,txn_000020,retry,reminder,True
Recovery Focused,txn_002749,retry,payment_link,True
Recovery Focused,txn_005400,retry,payment_link,True
Recovery Focused,txn_008079,payment_link,payment_link,False
Recovery Focused,txn_006872,retry,retry,False
Recovery Focused,txn_004709,retry,payment_link,True
Recovery Focused,txn_009477,reminder,reminder,False
Recovery Focused,txn_000810,retry,retry,False
Recovery Focused,txn_007478,payment_link,payment_link,False
Recovery Focused,txn_002274,payment_link,payment_link,False
Recovery Focused,txn_001924,retry,retry,False
Recovery Focused,txn_001471,retry,payment_link,True
Recovery Focused,txn_007935,payment_link,reminder,True
Recovery Focused,txn_007408,reminder,reminder,False
Recovery Focused,txn_002407,reminder,reminder,False
Recovery Focused,txn_001143,retry,payment_link,True
Recovery Focused,txn_001748,retry,payment_link,True
Recovery Focused,txn_005710,retry,retry,False
Recovery Focused,txn_004976,payment_link,payment_link,False
Recovery Focused,txn_007301,payment_link,payment_link,False
Recovery Focused,txn_008149,retry,payment_link,True
Recovery Focused,txn_002834,reminder,reminder,False
Recovery Focused,txn_003132,retry,payment_link,True
Recovery Focused,txn_001311,retry,retry,False
Recovery Focused,txn_008651,retry,retry,False
Recovery Focused,txn_006775,retry,retry,False
Recovery Focused,txn_006757,retry,retry,False
Recovery Focused,txn_000621,retry,reminder,True
Recovery Focused,txn_002702,retry,payment_link,True
Recovery Focused,txn_002200,payment_link,payment_link,False
Recovery Focused,txn_006197,payment_link,payment_link,False
Recovery Focused,txn_008825,retry,reminder,True
Recovery Focused,txn_001047,payment_link,payment_link,False
Recovery Focused,txn_005769,reminder,reminder,False
Recovery Focused,txn_009948,retry,payment_link,True
Recovery Focused,txn_009020,payment_link,payment_link,False
Recovery Focused,txn_000744,retry,retry,False
Recovery Focused,txn_000223,retry,payment_link,True
Recovery Focused,txn_003150,payment_link,payment_link,False
Recovery Focused,txn_000626,retry,payment_link,True
Recovery Focused,txn_009335,retry,reminder,True
Recovery Focused,txn_007567,payment_link,reminder,True
Recovery Focused,txn_004583,retry,retry,False
Recovery Focused,txn_005712,payment_link,reminder,True
Recovery Focused,txn_003285,reminder,reminder,False
Recovery Focused,txn_007586,reminder,reminder,False
Recovery Focused,txn_009647,payment_link,payment_link,False
Recovery Focused,txn_001531,payment_link,payment_link,False
Recovery Focused,txn_009686,retry,retry,False
Recovery Focused,txn_000354,payment_link,payment_link,False
Recovery Focused,txn_002475,payment_link,payment_link,False
Recovery Focused,txn_008014,payment_link,payment_link,False
Recovery Focused,txn_006476,payment_link,payment_link,False
Recovery Focused,txn_006450,retry,payment_link,True
Recovery Focused,txn_000240,retry,reminder,True
Recovery Focused,txn_002626,retry,retry,False
Recovery Focused,txn_009787,retry,retry,False
Recovery Focused,txn_007199,retry,retry,False
Recovery Focused,txn_007693,payment_link,reminder,True
Recovery Focused,txn_002998,payment_link,reminder,True
Recovery Focused,txn_006441,payment_link,payment_link,False
Recovery Focused,txn_004563,retry,payment_link,True
Recovery Focused,txn_008615,retry,payment_link,True
Recovery Focused,txn_001480,retry,payment_link,True
Recovery Focused,txn_001019,retry,payment_link,True
Recovery Focused,txn_003095,retry,retry,False
Recovery Focused,txn_006183,retry,payment_link,True
Recovery Focused,txn_004961,retry,payment_link,True
Recovery Focused,txn_008493,reminder,reminder,False
Recovery Focused,txn_001104,payment_link,payment_link,False
Recovery Focused,txn_006082,reminder,reminder,False
Recovery Focused,txn_009526,retry,payment_link,True
Recovery Focused,txn_005191,retry,payment_link,True
Recovery Focused,txn_004182,retry,retry,False
Recovery Focused,txn_004468,payment_link,payment_link,False
Recovery Focused,txn_001627,reminder,reminder,False
Recovery Focused,txn_006718,reminder,reminder,False
Recovery Focused,txn_003799,retry,retry,False
Recovery Focused,txn_003054,retry,payment_link,True
Recovery Focused,txn_002868,payment_link,payment_link,False
Recovery Focused,txn_001433,retry,retry,False
Recovery Focused,txn_007984,retry,payment_link,True
Recovery Focused,txn_009347,retry,payment_link,True
Recovery Focused,txn_009420,retry,retry,False
Recovery Focused,txn_004077,reminder,reminder,False
Recovery Focused,txn_000218,retry,retry,False
Recovery Focused,txn_003556,reminder,reminder,False
Recovery Focused,txn_007937,reminder,reminder,False
Recovery Focused,txn_008422,reminder,reminder,False
Recovery Focused,txn_001035,payment_link,payment_link,False
Recovery Focused,txn_003774,retry,retry,False
Recovery Focused,txn_004133,retry,retry,False
Recovery Focused,txn_002336,retry,retry,False
Recovery Focused,txn_006493,reminder,reminder,False
Recovery Focused,txn_001483,payment_link,payment_link,False
Recovery Focused,txn_000907,retry,reminder,True
Recovery Focused,txn_006089,payment_link,payment_link,False
Recovery Focused,txn_006467,reminder,reminder,False
Recovery Focused,txn_005677,retry,payment_link,True
Recovery Focused,txn_002771,retry,payment_link,True
Recovery Focused,txn_001806,retry,payment_link,True
Recovery Focused,txn_007375,retry,retry,False
Recovery Focused,txn_002115,retry,retry,False
Recovery Focused,txn_004535,retry,payment_link,True
Recovery Focused,txn_002532,retry,payment_link,True
Recovery Focused,txn_008526,reminder,reminder,False
Recovery Focused,txn_003471,reminder,reminder,False
Recovery Focused,txn_001403,retry,retry,False
Recovery Focused,txn_000853,retry,retry,False
Recovery Focused,txn_003083,reminder,reminder,False
Recovery Focused,txn_008025,retry,retry,False
Recovery Focused,txn_007566,retry,retry,False
Recovery Focused,txn_005530,retry,payment_link,True
Recovery Focused,txn_007855,retry,retry,False
Recovery Focused,txn_004933,payment_link,payment_link,False
Recovery Focused,txn_005160,retry,payment_link,True
Recovery Focused,txn_009716,payment_link,payment_link,False
Recovery Focused,txn_003847,retry,retry,False
Recovery Focused,txn_006484,retry,retry,False
Recovery Focused,txn_000748,payment_link,payment_link,False
Recovery Focused,txn_003035,retry,retry,False
Recovery Focused,txn_000348,payment_link,payment_link,False
Recovery Focused,txn_003352,retry,retry,False
Recovery Focused,txn_002865,retry,payment_link,True
Recovery Focused,txn_002168,retry,retry,False
Recovery Focused,txn_006955,payment_link,payment_link,False
Recovery Focused,txn_006210,payment_link,payment_link,False
Recovery Focused,txn_002778,payment_link,payment_link,False
Recovery Focused,txn_001442,payment_link,payment_link,False
Recovery Focused,txn_005658,payment_link,payment_link,False
Recovery Focused,txn_009658,reminder,reminder,False
Recovery Focused,txn_003028,payment_link,payment_link,False
Recovery Focused,txn_006118,retry,retry,False
Recovery Focused,txn_002484,retry,payment_link,True
Recovery Focused,txn_002883,retry,retry,False
Recovery Focused,txn_005562,retry,retry,False
Recovery Focused,txn_000764,retry,reminder,True
Recovery Focused,txn_006482,retry,payment_link,True
Recovery Focused,txn_001617,payment_link,payment_link,False
Recovery Focused,txn_001223,payment_link,payment_link,False
Recovery Focused,txn_008665,retry,payment_link,True
Recovery Focused,txn_006222,reminder,reminder,False
Recovery Focused,txn_001577,payment_link,payment_link,False
Recovery Focused,txn_009392,retry,payment_link,True
Recovery Focused,txn_006351,retry,retry,False
Recovery Focused,txn_003783,retry,payment_link,True
Recovery Focused,txn_004375,retry,retry,False
Recovery Focused,txn_000709,reminder,reminder,False
Recovery Focused,txn_000510,retry,payment_link,True
Recovery Focused,txn_002955,retry,payment_link,True
Recovery Focused,txn_007538,retry,retry,False
Recovery Focused,txn_006339,retry,retry,False
Recovery Focused,txn_008923,payment_link,payment_link,False
Recovery Focused,txn_007064,reminder,reminder,False
Recovery Focused,txn_007163,retry,payment_link,True
Recovery Focused,txn_007372,payment_link,payment_link,False
Recovery Focused,txn_006829,reminder,reminder,False
Recovery Focused,txn_003616,reminder,reminder,False
Recovery Focused,txn_004657,retry,retry,False
Recovery Focused,txn_006976,payment_link,payment_link,False
Recovery Focused,txn_004351,payment_link,payment_link,False
Recovery Focused,txn_000712,retry,payment_link,True
Recovery Focused,txn_006479,retry,retry,False
Recovery Focused,txn_009130,reminder,reminder,False
Recovery Focused,txn_008205,retry,retry,False
Recovery Focused,txn_009204,reminder,reminder,False
Recovery Focused,txn_000713,reminder,reminder,False
Recovery Focused,txn_009113,reminder,reminder,False
Recovery Focused,txn_001246,retry,reminder,True
Recovery Focused,txn_009786,reminder,reminder,False
Recovery Focused,txn_006849,retry,retry,False
Recovery Focused,txn_005134,payment_link,reminder,True
Recovery Focused,txn_000716,retry,retry,False
Recovery Focused,txn_003464,retry,retry,False
Recovery Focused,txn_004395,payment_link,payment_link,False
Recovery Focused,txn_004569,retry,retry,False
Recovery Focused,txn_008804,retry,payment_link,True
Recovery Focused,txn_008490,retry,retry,False
Recovery Focused,txn_007702,reminder,reminder,False
Recovery Focused,txn_000213,retry,payment_link,True
Recovery Focused,txn_009768,retry,reminder,True
Recovery Focused,txn_006839,retry,payment_link,True
Recovery Focused,txn_001011,retry,retry,False
Recovery Focused,txn_000324,payment_link,payment_link,False
Recovery Focused,txn_005397,retry,payment_link,True
Recovery Focused,txn_005991,payment_link,payment_link,False
Recovery Focused,txn_003173,payment_link,payment_link,False
Recovery Focused,txn_000335,reminder,reminder,False
Recovery Focused,txn_008306,reminder,reminder,False
Recovery Focused,txn_002211,retry,reminder,True
Recovery Focused,txn_004272,retry,retry,False
Recovery Focused,txn_006741,reminder,reminder,False
Recovery Focused,txn_000234,retry,retry,False
Recovery Focused,txn_005951,reminder,reminder,False
Recovery Focused,txn_005738,retry,retry,False
Recovery Focused,txn_007922,retry,reminder,True
Recovery Focused,txn_002349,retry,retry,False
Recovery Focused,txn_002037,reminder,reminder,False
Recovery Focused,txn_007485,retry,payment_link,True
Recovery Focused,txn_006007,reminder,reminder,False
Recovery Focused,txn_004554,payment_link,payment_link,False
Recovery Focused,txn_008073,retry,payment_link,True
Recovery Focused,txn_001459,retry,retry,False
Recovery Focused,txn_003289,payment_link,payment_link,False
Recovery Focused,txn_003065,payment_link,payment_link,False
Recovery Focused,txn_009437,payment_link,payment_link,False
Recovery Focused,txn_000775,reminder,reminder,False
Recovery Focused,txn_006833,retry,retry,False
Recovery Focused,txn_000872,retry,payment_link,True
Recovery Focused,txn_008750,payment_link,payment_link,False
Recovery Focused,txn_001264,payment_link,reminder,True
Recovery Focused,txn_004834,retry,retry,False
Recovery Focused,txn_003895,retry,retry,False
Recovery Focused,txn_006324,retry,retry,False
Recovery Focused,txn_009213,retry,reminder,True
Recovery Focused,txn_007020,payment_link,payment_link,False
Recovery Focused,txn_001221,reminder,reminder,False
Recovery Focused,txn_001447,retry,payment_link,True
Recovery Focused,txn_003185,reminder,reminder,False
Recovery Focused,txn_000409,reminder,reminder,False
Recovery Focused,txn_004345,retry,retry,False
Recovery Focused,txn_003022,retry,retry,False
Recovery Focused,txn_002304,retry,payment_link,True
Recovery Focused,txn_006272,retry,payment_link,True
Recovery Focused,txn_008281,retry,payment_link,True
Recovery Focused,txn_006642,reminder,reminder,False
Recovery Focused,txn_006956,retry,retry,False
Recovery Focused,txn_002110,retry,payment_link,True
Recovery Focused,txn_005352,payment_link,payment_link,False
Recovery Focused,txn_009684,retry,retry,False
Recovery Focused,txn_008344,retry,retry,False
Recovery Focused,txn_004550,payment_link,payment_link,False
Recovery Focused,txn_001881,retry,retry,False
Recovery Focused,txn_005946,reminder,reminder,False
Recovery Focused,txn_001738,retry,retry,False
Recovery Focused,txn_007794,reminder,reminder,False
Recovery Focused,txn_005213,payment_link,payment_link,False
Recovery Focused,txn_003209,retry,payment_link,True
Recovery Focused,txn_007083,payment_link,payment_link,False
Recovery Focused,txn_002056,reminder,reminder,False
Recovery Focused,txn_001689,retry,payment_link,True
Recovery Focused,txn_004780,retry,retry,False
Recovery Focused,txn_007476,payment_link,payment_link,False
Recovery Focused,txn_007877,retry,payment_link,True
Recovery Focused,txn_006750,retry,retry,False
Recovery Focused,txn_008556,reminder,reminder,False
Recovery Focused,txn_008123,retry,retry,False
Recovery Focused,txn_006991,payment_link,payment_link,False
Recovery Focused,txn_008267,payment_link,payment_link,False
Recovery Focused,txn_008540,payment_link,payment_link,False
Recovery Focused,txn_003393,retry,retry,False
Recovery Focused,txn_006326,payment_link,payment_link,False
Recovery Focused,txn_003529,retry,retry,False
Recovery Focused,txn_004605,payment_link,reminder,True
Recovery Focused,txn_007024,retry,payment_link,True
Recovery Focused,txn_006322,payment_link,payment_link,False
Recovery Focused,txn_000746,retry,reminder,True
Recovery Focused,txn_000711,payment_link,payment_link,False
Recovery Focused,txn_000380,reminder,reminder,False
Recovery Focused,txn_008783,payment_link,reminder,True
Recovery Focused,txn_003012,payment_link,payment_link,False
Recovery Focused,txn_008859,reminder,reminder,False
Recovery Focused,txn_007153,payment_link,reminder,True
Recovery Focused,txn_008567,retry,retry,False
Recovery Focused,txn_003498,reminder,reminder,False
Recovery Focused,txn_003890,reminder,reminder,False
Recovery Focused,txn_004485,retry,payment_link,True
Recovery Focused,txn_004012,retry,retry,False
Recovery Focused,txn_002620,reminder,reminder,False
Recovery Focused,txn_006671,payment_link,reminder,True
Recovery Focused,txn_006513,reminder,reminder,False
Recovery Focused,txn_003468,reminder,reminder,False
Recovery Focused,txn_001314,payment_link,payment_link,False
Recovery Focused,txn_008606,retry,retry,False
Recovery Focused,txn_002070,reminder,reminder,False
Recovery Focused,txn_002983,payment_link,payment_link,False
Recovery Focused,txn_005915,payment_link,payment_link,False
Recovery Focused,txn_009171,retry,retry,False
Recovery Focused,txn_001286,retry,retry,False
Recovery Focused,txn_008991,retry,payment_link,True
Recovery Focused,txn_008430,payment_link,payment_link,False
Recovery Focused,txn_001350,retry,retry,False
Recovery Focused,txn_002612,retry,retry,False
Recovery Focused,txn_009495,retry,retry,False
Recovery Focused,txn_003669,reminder,reminder,False
Recovery Focused,txn_002222,retry,retry,False
Recovery Focused,txn_000428,retry,payment_link,True
Recovery Focused,txn_000654,payment_link,payment_link,False
Recovery Focused,txn_009914,retry,retry,False
Recovery Focused,txn_003536,retry,retry,False
Recovery Focused,txn_007737,retry,payment_link,True
Recovery Focused,txn_003246,retry,retry,False
Recovery Focused,txn_004741,payment_link,payment_link,False
Recovery Focused,txn_009069,reminder,reminder,False
Recovery Focused,txn_004100,retry,retry,False
Recovery Focused,txn_004101,payment_link,payment_link,False
Recovery Focused,txn_006960,reminder,reminder,False
Recovery Focused,txn_000612,retry,payment_link,True
Recovery Focused,txn_004289,payment_link,payment_link,False
Recovery Focused,txn_008571,retry,payment_link,True
Recovery Focused,txn_009713,reminder,reminder,False
Recovery Focused,txn_001544,retry,retry,False
Recovery Focused,txn_009536,retry,payment_link,True
Recovery Focused,txn_003854,reminder,reminder,False
Recovery Focused,txn_000555,retry,retry,False
Recovery Focused,txn_006366,retry,payment_link,True
Recovery Focused,txn_000512,retry,payment_link,True
Recovery Focused,txn_003207,retry,payment_link,True
Recovery Focused,txn_008085,retry,payment_link,True
Recovery Focused,txn_000968,retry,retry,False
Recovery Focused,txn_006044,retry,retry,False
Recovery Focused,txn_006880,retry,reminder,True
Recovery Focused,txn_006776,retry,payment_link,True
Recovery Focused,txn_003296,retry,payment_link,True
Recovery Focused,txn_008702,retry,payment_link,True
Recovery Focused,txn_003430,reminder,reminder,False
Recovery Focused,txn_008871,retry,retry,False
Recovery Focused,txn_006963,reminder,reminder,False
Recovery Focused,txn_002089,retry,payment_link,True
Recovery Focused,txn_008500,retry,payment_link,True
Recovery Focused,txn_006163,payment_link,payment_link,False
Recovery Focused,txn_003211,payment_link,payment_link,False
Recovery Focused,txn_009201,retry,payment_link,True
Recovery Focused,txn_006606,reminder,reminder,False
Recovery Focused,txn_001110,payment_link,payment_link,False
Recovery Focused,txn_005729,retry,retry,False
Recovery Focused,txn_007830,reminder,reminder,False
Recovery Focused,txn_001039,retry,retry,False
Recovery Focused,txn_001195,payment_link,reminder,True
Recovery Focused,txn_004475,retry,payment_link,True
Recovery Focused,txn_009875,retry,retry,False
Recovery Focused,txn_002123,retry,retry,False
Recovery Focused,txn_004983,retry,retry,False
Recovery Focused,txn_008974,payment_link,payment_link,False
Recovery Focused,txn_005701,retry,retry,False
Recovery Focused,txn_000935,retry,reminder,True
Recovery Focused,txn_006102,reminder,reminder,False
Recovery Focused,txn_004690,retry,payment_link,True
Recovery Focused,txn_000395,payment_link,payment_link,False
Recovery Focused,txn_004686,retry,retry,False
Recovery Focused,txn_008777,payment_link,payment_link,False
Recovery Focused,txn_009166,reminder,reminder,False
Recovery Focused,txn_005981,retry,retry,False
Recovery Focused,txn_009943,reminder,reminder,False
Recovery Focused,txn_002192,payment_link,payment_link,False
Recovery Focused,txn_001298,retry,retry,False
Recovery Focused,txn_005045,payment_link,payment_link,False
Recovery Focused,txn_001163,retry,payment_link,True
Recovery Focused,txn_004255,payment_link,payment_link,False
Recovery Focused,txn_006373,reminder,reminder,False
Recovery Focused,txn_001528,retry,payment_link,True
Recovery Focused,txn_004343,retry,retry,False
Recovery Focused,txn_002031,reminder,reminder,False
Recovery Focused,txn_003061,reminder,reminder,False
Recovery Focused,txn_000059,retry,retry,False
Recovery Focused,txn_002406,reminder,reminder,False
Recovery Focused,txn_005007,retry,retry,False
Recovery Focused,txn_006158,retry,retry,False
Recovery Focused,txn_007376,retry,payment_link,True
Recovery Focused,txn_004507,retry,retry,False
Recovery Focused,txn_005215,reminder,reminder,False
Recovery Focused,txn_006030,payment_link,payment_link,False
Recovery Focused,txn_001781,retry,retry,False
Recovery Focused,txn_005448,retry,retry,False
Recovery Focused,txn_004607,payment_link,payment_link,False
Recovery Focused,txn_006915,payment_link,payment_link,False
Recovery Focused,txn_000677,retry,retry,False
Recovery Focused,txn_003583,reminder,reminder,False
Recovery Focused,txn_003654,reminder,reminder,False
Recovery Focused,txn_007921,retry,retry,False
Recovery Focused,txn_009500,retry,payment_link,True
Recovery Focused,txn_002733,retry,payment_link,True
Recovery Focused,txn_004788,retry,payment_link,True
Recovery Focused,txn_002755,retry,payment_link,True
Recovery Focused,txn_002338,retry,retry,False
Recovery Focused,txn_003644,retry,retry,False
Recovery Focused,txn_007738,retry,retry,False
Recovery Focused,txn_005517,retry,payment_link,True
Recovery Focused,txn_005247,retry,retry,False
Recovery Focused,txn_000867,payment_link,payment_link,False
Recovery Focused,txn_004448,retry,reminder,True
Recovery Focused,txn_005072,retry,payment_link,True
Recovery Focused,txn_004882,retry,retry,False
Recovery Focused,txn_009511,payment_link,payment_link,False
Recovery Focused,txn_003003,retry,retry,False
Recovery Focused,txn_002226,reminder,reminder,False
Recovery Focused,txn_009057,retry,payment_link,True
Recovery Focused,txn_004827,retry,retry,False
Recovery Focused,txn_007622,retry,retry,False
Recovery Focused,txn_009690,retry,retry,False
Recovery Focused,txn_005501,retry,payment_link,True
Recovery Focused,txn_009701,reminder,reminder,False
Recovery Focused,txn_008479,retry,payment_link,True
Recovery Focused,txn_005503,retry,retry,False
Recovery Focused,txn_001211,reminder,reminder,False
Recovery Focused,txn_009084,retry,retry,False
Recovery Focused,txn_002289,reminder,reminder,False
Recovery Focused,txn_002184,payment_link,payment_link,False
Recovery Focused,txn_002863,payment_link,payment_link,False
Recovery Focused,txn_006862,retry,payment_link,True
Recovery Focused,txn_002363,reminder,reminder,False
Recovery Focused,txn_008464,payment_link,payment_link,False
Recovery Focused,txn_006333,reminder,reminder,False
Recovery Focused,txn_004065,retry,reminder,True
Recovery Focused,txn_009547,retry,payment_link,True
Recovery Focused,txn_000618,reminder,reminder,False
Recovery Focused,txn_003282,retry,retry,False
Recovery Focused,txn_005227,retry,payment_link,True
Recovery Focused,txn_003398,payment_link,payment_link,False
Recovery Focused,txn_003066,retry,reminder,True
Recovery Focused,txn_000767,payment_link,reminder,True
Recovery Focused,txn_007079,payment_link,payment_link,False
Recovery Focused,txn_005280,payment_link,payment_link,False
Recovery Focused,txn_004150,payment_link,payment_link,False
Recovery Focused,txn_001145,retry,payment_link,True
Recovery Focused,txn_004249,retry,payment_link,True
Recovery Focused,txn_004111,retry,payment_link,True
Recovery Focused,txn_000463,reminder,reminder,False
Recovery Focused,txn_002933,retry,retry,False
Recovery Focused,txn_004624,retry,payment_link,True
Recovery Focused,txn_003814,retry,reminder,True
Recovery Focused,txn_006309,retry,retry,False
Recovery Focused,txn_004342,retry,retry,False
Recovery Focused,txn_005301,retry,payment_link,True
Recovery Focused,txn_006805,reminder,reminder,False
Recovery Focused,txn_003283,payment_link,payment_link,False
Recovery Focused,txn_002575,retry,retry,False
Recovery Focused,txn_007962,reminder,reminder,False
Recovery Focused,txn_007880,reminder,reminder,False
Recovery Focused,txn_000829,payment_link,payment_link,False
Recovery Focused,txn_006487,retry,retry,False
Recovery Focused,txn_007600,retry,payment_link,True
Recovery Focused,txn_002541,retry,retry,False
Recovery Focused,txn_005747,retry,reminder,True
Recovery Focused,txn_008527,retry,retry,False
Recovery Focused,txn_009567,retry,retry,False
Recovery Focused,txn_003743,payment_link,payment_link,False
Recovery Focused,txn_007499,retry,retry,False
Recovery Focused,txn_003525,retry,retry,False
Recovery Focused,txn_000021,payment_link,payment_link,False
Recovery Focused,txn_001916,retry,payment_link,True
Recovery Focused,txn_006572,reminder,reminder,False
Recovery Focused,txn_009019,payment_link,payment_link,False
Recovery Focused,txn_002013,retry,reminder,True
Recovery Focused,txn_005406,reminder,reminder,False
Recovery Focused,txn_001296,reminder,reminder,False
Recovery Focused,txn_003746,retry,payment_link,True
Recovery Focused,txn_000592,payment_link,payment_link,False
Recovery Focused,txn_001407,reminder,reminder,False
Recovery Focused,txn_000222,retry,retry,False
Recovery Focused,txn_005618,retry,retry,False
Recovery Focused,txn_006249,payment_link,payment_link,False
Recovery Focused,txn_004419,retry,retry,False
Recovery Focused,txn_000859,retry,payment_link,True
Recovery Focused,txn_001784,retry,retry,False
Recovery Focused,txn_007260,retry,retry,False
Recovery Focused,txn_006857,reminder,reminder,False
Recovery Focused,txn_001955,retry,retry,False
Recovery Focused,txn_001747,retry,payment_link,True
Recovery Focused,txn_003133,retry,payment_link,True
Recovery Focused,txn_008037,retry,retry,False
Recovery Focused,txn_008851,retry,payment_link,True
Recovery Focused,txn_000995,reminder,reminder,False
Recovery Focused,txn_006109,payment_link,payment_link,False
Recovery Focused,txn_000731,payment_link,payment_link,False
Recovery Focused,txn_006975,retry,retry,False
Recovery Focused,txn_006274,payment_link,reminder,True
Recovery Focused,txn_006752,retry,payment_link,True
Recovery Focused,txn_003510,retry,payment_link,True
Recovery Focused,txn_003534,reminder,reminder,False
Recovery Focused,txn_002514,retry,payment_link,True
Recovery Focused,txn_005437,payment_link,reminder,True
Recovery Focused,txn_003626,payment_link,payment_link,False
Recovery Focused,txn_000466,reminder,reminder,False
Recovery Focused,txn_006756,retry,payment_link,True
Recovery Focused,txn_006760,retry,payment_link,True
Recovery Focused,txn_007992,retry,payment_link,True
Recovery Focused,txn_000158,reminder,reminder,False
Recovery Focused,txn_003961,retry,payment_link,True
Recovery Focused,txn_008833,retry,retry,False
Recovery Focused,txn_005471,retry,reminder,True
Recovery Focused,txn_000186,reminder,reminder,False
Recovery Focused,txn_001003,retry,payment_link,True
Recovery Focused,txn_009509,retry,retry,False
Recovery Focused,txn_005624,retry,payment_link,True
Recovery Focused,txn_000401,retry,retry,False
Recovery Focused,txn_006241,payment_link,payment_link,False
Recovery Focused,txn_008941,payment_link,reminder,True
Recovery Focused,txn_009933,payment_link,payment_link,False
Recovery Focused,txn_007343,retry,payment_link,True
Recovery Focused,txn_009833,retry,retry,False
Recovery Focused,txn_008467,retry,payment_link,True
Recovery Focused,txn_008757,retry,reminder,True
Recovery Focused,txn_007959,retry,retry,False
Recovery Focused,txn_001251,reminder,reminder,False
Recovery Focused,txn_003144,reminder,reminder,False
Recovery Focused,txn_007431,retry,reminder,True
Recovery Focused,txn_000060,retry,retry,False
Recovery Focused,txn_007856,retry,payment_link,True
Recovery Focused,txn_001114,reminder,reminder,False
Recovery Focused,txn_003058,reminder,reminder,False
Recovery Focused,txn_009570,retry,retry,False
Recovery Focused,txn_001329,payment_link,payment_link,False
Recovery Focused,txn_004996,reminder,reminder,False
Recovery Focused,txn_006683,retry,retry,False
Recovery Focused,txn_002073,retry,retry,False
Recovery Focused,txn_004794,reminder,reminder,False
Recovery Focused,txn_006830,retry,retry,False
Recovery Focused,txn_009630,reminder,reminder,False
Recovery Focused,txn_008219,retry,retry,False
Recovery Focused,txn_007568,retry,retry,False
Recovery Focused,txn_005923,retry,retry,False
Recovery Focused,txn_001551,payment_link,payment_link,False
Recovery Focused,txn_001010,retry,retry,False
Recovery Focused,txn_003756,retry,retry,False
Recovery Focused,txn_008682,retry,retry,False
Recovery Focused,txn_009343,retry,payment_link,True
Recovery Focused,txn_008010,retry,payment_link,True
Recovery Focused,txn_003861,retry,retry,False
Recovery Focused,txn_003149,retry,payment_link,True
Recovery Focused,txn_002520,retry,retry,False
Recovery Focused,txn_003128,reminder,reminder,False
Recovery Focused,txn_009085,retry,retry,False
Recovery Focused,txn_005317,retry,reminder,True
Recovery Focused,txn_001196,retry,payment_link,True
Recovery Focused,txn_009051,retry,reminder,True
Recovery Focused,txn_000880,retry,retry,False
Recovery Focused,txn_006990,payment_link,payment_link,False
Recovery Focused,txn_002488,retry,retry,False
Recovery Focused,txn_002841,retry,payment_link,True
Recovery Focused,txn_004330,retry,reminder,True
Recovery Focused,txn_002931,retry,payment_link,True
Recovery Focused,txn_006425,retry,payment_link,True
Recovery Focused,txn_002486,reminder,reminder,False
Recovery Focused,txn_005748,payment_link,payment_link,False
Recovery Focused,txn_000884,retry,payment_link,True
Recovery Focused,txn_004915,payment_link,retry,True
Recovery Focused,txn_006211,retry,retry,False
Recovery Focused,txn_009579,retry,reminder,True
Recovery Focused,txn_000212,payment_link,payment_link,False
Recovery Focused,txn_002276,payment_link,payment_link,False
Recovery Focused,txn_002329,reminder,reminder,False
Recovery Focused,txn_004951,retry,payment_link,True
Recovery Focused,txn_003320,retry,payment_link,True
Recovery Focused,txn_009835,payment_link,payment_link,False
Recovery Focused,txn_004608,retry,retry,False
Recovery Focused,txn_001439,payment_link,payment_link,False
Recovery Focused,txn_000468,reminder,reminder,False
Recovery Focused,txn_005467,payment_link,payment_link,False
Recovery Focused,txn_003330,payment_link,reminder,True
Recovery Focused,txn_005829,retry,reminder,True
Recovery Focused,txn_008608,payment_link,payment_link,False
Recovery Focused,txn_000697,payment_link,reminder,True
Recovery Focused,txn_007268,payment_link,payment_link,False
Recovery Focused,txn_009145,payment_link,reminder,True
Recovery Focused,txn_008181,retry,retry,False
Recovery Focused,txn_009939,payment_link,payment_link,False
Recovery Focused,txn_001315,retry,retry,False
Recovery Focused,txn_002302,retry,retry,False
Recovery Focused,txn_002040,retry,retry,False
Recovery Focused,txn_007109,retry,retry,False
Recovery Focused,txn_003667,reminder,reminder,False
Recovery Focused,txn_000915,reminder,reminder,False
Recovery Focused,txn_000013,payment_link,payment_link,False
Recovery Focused,txn_008584,reminder,reminder,False
Recovery Focused,txn_006428,reminder,reminder,False
Recovery Focused,txn_001537,reminder,reminder,False
Recovery Focused,txn_000737,reminder,reminder,False
Recovery Focused,txn_008202,retry,retry,False
Recovery Focused,txn_008653,retry,reminder,True
Recovery Focused,txn_000454,retry,reminder,True
Recovery Focused,txn_004346,reminder,reminder,False
Recovery Focused,txn_000928,retry,payment_link,True
Recovery Focused,txn_006292,retry,retry,False
Recovery Focused,txn_008282,retry,retry,False
Recovery Focused,txn_008723,retry,retry,False
Recovery Focused,txn_006474,reminder,reminder,False
Recovery Focused,txn_000038,retry,payment_link,True
Recovery Focused,txn_005771,payment_link,payment_link,False
Recovery Focused,txn_002555,payment_link,payment_link,False
Recovery Focused,txn_007633,retry,payment_link,True
Recovery Focused,txn_009999,payment_link,payment_link,False
Recovery Focused,txn_006621,retry,payment_link,True
Recovery Focused,txn_000941,retry,retry,False
Recovery Focused,txn_007399,retry,payment_link,True
Recovery Focused,txn_006129,retry,reminder,True
Recovery Focused,txn_009830,retry,payment_link,True
Recovery Focused,txn_002681,payment_link,payment_link,False
Recovery Focused,txn_004355,reminder,reminder,False
Recovery Focused,txn_003059,retry,payment_link,True
Recovery Focused,txn_007881,payment_link,payment_link,False
Recovery Focused,txn_000739,retry,retry,False
Recovery Focused,txn_000539,reminder,reminder,False
Recovery Focused,txn_003326,reminder,reminder,False
Recovery Focused,txn_004240,reminder,reminder,False
Recovery Focused,txn_001401,reminder,reminder,False
Recovery Focused,txn_004047,retry,retry,False
Recovery Focused,txn_005138,payment_link,payment_link,False
Recovery Focused,txn_004230,retry,payment_link,True
Recovery Focused,txn_004192,retry,retry,False
Recovery Focused,txn_009143,reminder,reminder,False
Recovery Focused,txn_005539,payment_link,payment_link,False
Recovery Focused,txn_002693,retry,payment_link,True
Recovery Focused,txn_005341,retry,payment_link,True
Recovery Focused,txn_009918,payment_link,payment_link,False
Recovery Focused,txn_007671,retry,payment_link,True
Recovery Focused,txn_009174,reminder,reminder,False
Recovery Focused,txn_001808,retry,retry,False
Recovery Focused,txn_005112,retry,retry,False
Recovery Focused,txn_003990,retry,payment_link,True
Recovery Focused,txn_003456,reminder,reminder,False
Recovery Focused,txn_002908,retry,retry,False
Recovery Focused,txn_006652,payment_link,payment_link,False
Recovery Focused,txn_008288,retry,retry,False
Recovery Focused,txn_006245,reminder,reminder,False
Recovery Focused,txn_002698,retry,retry,False
Recovery Focused,txn_004017,payment_link,payment_link,False
Recovery Focused,txn_004340,retry,retry,False
Recovery Focused,txn_004646,retry,payment_link,True
Recovery Focused,txn_007740,retry,payment_link,True
Recovery Focused,txn_007092,retry,retry,False
Recovery Focused,txn_004693,retry,retry,False
Recovery Focused,txn_001740,reminder,reminder,False
Recovery Focused,txn_005407,retry,retry,False
Recovery Focused,txn_004589,retry,payment_link,True
Recovery Focused,txn_003126,reminder,reminder,False
Recovery Focused,txn_002158,retry,retry,False
Recovery Focused,txn_005334,payment_link,reminder,True
Recovery Focused,txn_008637,retry,payment_link,True
Recovery Focused,txn_001826,retry,payment_link,True
Recovery Focused,txn_004231,reminder,reminder,False
Recovery Focused,txn_003488,retry,reminder,True
Recovery Focused,txn_009054,reminder,reminder,False
Recovery Focused,txn_009769,payment_link,payment_link,False
Recovery Focused,txn_003648,retry,retry,False
Recovery Focused,txn_005903,retry,payment_link,True
Recovery Focused,txn_006386,retry,reminder,True
Recovery Focused,txn_005639,retry,retry,False
Recovery Focused,txn_006424,retry,reminder,True
Recovery Focused,txn_007827,retry,retry,False
Recovery Focused,txn_007744,retry,retry,False
Recovery Focused,txn_003013,retry,retry,False
Recovery Focused,txn_007672,reminder,reminder,False
Recovery Focused,txn_009549,reminder,reminder,False
Recovery Focused,txn_009978,retry,payment_link,True
Recovery Focused,txn_003081,reminder,reminder,False
Recovery Focused,txn_003521,reminder,reminder,False
Recovery Focused,txn_004979,retry,retry,False
Recovery Focused,txn_007620,payment_link,payment_link,False
Recovery Focused,txn_004348,retry,reminder,True
Recovery Focused,txn_008441,retry,retry,False
Recovery Focused,txn_001347,payment_link,payment_link,False
Recovery Focused,txn_007088,retry,retry,False
Recovery Focused,txn_008948,retry,retry,False
Recovery Focused,txn_005652,payment_link,payment_link,False
Recovery Focused,txn_008082,retry,retry,False
Recovery Focused,txn_001792,retry,retry,False
Recovery Focused,txn_007429,retry,payment_link,True
Recovery Focused,txn_009580,retry,reminder,True
Recovery Focused,txn_009960,reminder,reminder,False
Recovery Focused,txn_002271,payment_link,payment_link,False
Recovery Focused,txn_009767,payment_link,payment_link,False
Recovery Focused,txn_002956,payment_link,payment_link,False
Recovery Focused,txn_003444,retry,retry,False
Recovery Focused,txn_007736,retry,retry,False
Recovery Focused,txn_000834,reminder,reminder,False
Recovery Focused,txn_006499,retry,payment_link,True
Recovery Focused,txn_002992,payment_link,payment_link,False
Recovery Focused,txn_007793,reminder,reminder,False
Recovery Focused,txn_002151,reminder,reminder,False
Recovery Focused,txn_004023,retry,reminder,True
Recovery Focused,txn_007615,payment_link,reminder,True
Recovery Focused,txn_006124,retry,retry,False
Recovery Focused,txn_003339,retry,retry,False
Recovery Focused,txn_004344,retry,retry,False
Recovery Focused,txn_004464,payment_link,payment_link,False
Recovery Focused,txn_002376,retry,retry,False
Recovery Focused,txn_009044,retry,retry,False
Recovery Focused,txn_005571,retry,payment_link,True
Recovery Focused,txn_008599,payment_link,reminder,True
Recovery Focused,txn_008504,retry,retry,False
Recovery Focused,txn_008880,retry,payment_link,True
Recovery Focused,txn_001887,retry,payment_link,True
Recovery Focused,txn_001198,reminder,reminder,False
Recovery Focused,txn_006427,reminder,reminder,False
Recovery Focused,txn_008911,retry,retry,False
Recovery Focused,txn_002936,reminder,reminder,False
Recovery Focused,txn_006342,retry,payment_link,True
Recovery Focused,txn_001430,retry,payment_link,True
Recovery Focused,txn_006307,retry,retry,False
Recovery Focused,txn_003650,retry,payment_link,True
Recovery Focused,txn_001938,payment_link,payment_link,False
Recovery Focused,txn_005172,payment_link,payment_link,False
Recovery Focused,txn_007764,retry,reminder,True
Recovery Focused,txn_006393,reminder,reminder,False
Recovery Focused,txn_001154,retry,reminder,True
Recovery Focused,txn_006250,retry,retry,False
Recovery Focused,txn_007037,retry,retry,False
Recovery Focused,txn_004229,retry,retry,False
Recovery Focused,txn_004975,payment_link,payment_link,False
Recovery Focused,txn_006401,retry,retry,False
Recovery Focused,txn_003640,payment_link,payment_link,False
Recovery Focused,txn_003972,retry,payment_link,True
Recovery Focused,txn_009594,retry,payment_link,True
Recovery Focused,txn_003376,retry,reminder,True
Recovery Focused,txn_002487,retry,retry,False
Recovery Focused,txn_006954,retry,reminder,True
Recovery Focused,txn_000606,retry,payment_link,True
Recovery Focused,txn_007444,retry,retry,False
Recovery Focused,txn_005928,payment_link,payment_link,False
Recovery Focused,txn_002454,payment_link,payment_link,False
Recovery Focused,txn_003609,retry,retry,False
Recovery Focused,txn_001484,payment_link,payment_link,False
Recovery Focused,txn_004519,payment_link,payment_link,False
Recovery Focused,txn_003038,payment_link,payment_link,False
Recovery Focused,txn_009352,reminder,reminder,False
Recovery Focused,txn_007692,retry,retry,False
Recovery Focused,txn_004116,retry,payment_link,True
Recovery Focused,txn_001427,retry,retry,False
Recovery Focused,txn_000497,retry,payment_link,True
Recovery Focused,txn_003353,reminder,reminder,False
Recovery Focused,txn_008794,reminder,reminder,False
Recovery Focused,txn_000759,retry,retry,False
Recovery Focused,txn_000838,retry,retry,False
Recovery Focused,txn_004327,retry,retry,False
Recovery Focused,txn_002128,payment_link,payment_link,False
Recovery Focused,txn_001023,retry,reminder,True
Recovery Focused,txn_008762,retry,payment_link,True
Recovery Focused,txn_005614,retry,retry,False
Recovery Focused,txn_005581,retry,retry,False
Recovery Focused,txn_001058,retry,retry,False
Recovery Focused,txn_009542,payment_link,reminder,True
Recovery Focused,txn_006856,reminder,reminder,False
Recovery Focused,txn_007349,payment_link,payment_link,False
Recovery Focused,txn_009045,payment_link,payment_link,False
Recovery Focused,txn_002129,payment_link,payment_link,False
Recovery Focused,txn_002767,retry,payment_link,True
Recovery Focused,txn_002109,reminder,reminder,False
Recovery Focused,txn_003617,reminder,reminder,False
Recovery Focused,txn_001545,payment_link,payment_link,False
Recovery Focused,txn_006914,payment_link,reminder,True
Recovery Focused,txn_001719,retry,payment_link,True
Recovery Focused,txn_007435,retry,retry,False
Recovery Focused,txn_007365,retry,payment_link,True
Recovery Focused,txn_006235,retry,retry,False
Recovery Focused,txn_000725,payment_link,reminder,True
Recovery Focused,txn_006673,retry,payment_link,True
Recovery Focused,txn_008029,payment_link,payment_link,False
Recovery Focused,txn_005492,payment_link,payment_link,False
Recovery Focused,txn_001128,retry,payment_link,True
Recovery Focused,txn_002957,payment_link,payment_link,False
Recovery Focused,txn_005156,retry,retry,False
Recovery Focused,txn_004817,retry,retry,False
Recovery Focused,txn_006202,payment_link,payment_link,False
Recovery Focused,txn_006224,reminder,reminder,False
Recovery Focused,txn_008686,retry,payment_link,True
Recovery Focused,txn_007114,payment_link,reminder,True
Recovery Focused,txn_005275,retry,payment_link,True
Recovery Focused,txn_008536,reminder,reminder,False
Recovery Focused,txn_003044,reminder,reminder,False
Recovery Focused,txn_006912,payment_link,payment_link,False
Recovery Focused,txn_000150,payment_link,payment_link,False
Recovery Focused,txn_007574,retry,retry,False
Recovery Focused,txn_004206,payment_link,payment_link,False
Recovery Focused,txn_005493,retry,retry,False
Recovery Focused,txn_002690,reminder,reminder,False
Recovery Focused,txn_004221,payment_link,payment_link,False
Recovery Focused,txn_009102,retry,payment_link,True
Recovery Focused,txn_000842,retry,payment_link,True
Recovery Focused,txn_008137,retry,payment_link,True
Recovery Focused,txn_006438,retry,payment_link,True
Recovery Focused,txn_009700,reminder,reminder,False
Recovery Focused,txn_006200,retry,retry,False
Recovery Focused,txn_002795,retry,retry,False
Recovery Focused,txn_007626,retry,payment_link,True
Recovery Focused,txn_008475,retry,payment_link,True
Recovery Focused,txn_007890,payment_link,reminder,True
Recovery Focused,txn_006608,payment_link,payment_link,False
Recovery Focused,txn_009195,retry,payment_link,True
Recovery Focused,txn_008248,reminder,reminder,False
Recovery Focused,txn_001393,payment_link,reminder,True
Recovery Focused,txn_001922,payment_link,payment_link,False
Recovery Focused,txn_007019,reminder,reminder,False
Recovery Focused,txn_003622,retry,retry,False
Recovery Focused,txn_004849,retry,payment_link,True
Recovery Focused,txn_002292,reminder,reminder,False
Recovery Focused,txn_002134,retry,payment_link,True
Recovery Focused,txn_000551,payment_link,retry,True
Recovery Focused,txn_001741,payment_link,reminder,True
Recovery Focused,txn_005290,retry,payment_link,True
Recovery Focused,txn_001818,retry,retry,False
Recovery Focused,txn_004699,reminder,reminder,False
Recovery Focused,txn_005182,retry,payment_link,True
Recovery Focused,txn_003019,reminder,reminder,False
Recovery Focused,txn_000018,retry,reminder,True
Recovery Focused,txn_001771,retry,reminder,True
Recovery Focused,txn_001889,retry,retry,False
Recovery Focused,txn_002153,retry,payment_link,True
Recovery Focused,txn_001643,retry,retry,False
Recovery Focused,txn_007847,payment_link,reminder,True
Recovery Focused,txn_004194,payment_link,payment_link,False
Recovery Focused,txn_009433,reminder,reminder,False
Recovery Focused,txn_008899,reminder,reminder,False
Recovery Focused,txn_000534,reminder,reminder,False
Recovery Focused,txn_000133,retry,payment_link,True
Recovery Focused,txn_007723,retry,retry,False
Recovery Focused,txn_008459,retry,retry,False
Recovery Focused,txn_000965,retry,reminder,True
Recovery Focused,txn_008720,retry,payment_link,True
Recovery Focused,txn_006413,payment_link,reminder,True
Recovery Focused,txn_008286,retry,payment_link,True
Recovery Focused,txn_007854,payment_link,payment_link,False
Recovery Focused,txn_001096,payment_link,payment_link,False
Recovery Focused,txn_006930,retry,retry,False
